solid OpenSCAD_Model
  facet normal 0.942645 0.333796 0
    outer loop
      vertex 50.406 16.3779 0
      vertex 49.4798 18.9935 -30
      vertex 49.4798 18.9935 0
    endloop
  endfacet
  facet normal 0.942645 0.333796 0
    outer loop
      vertex 49.4798 18.9935 -30
      vertex 50.406 16.3779 0
      vertex 50.406 16.3779 -30
    endloop
  endfacet
  facet normal 0.996917 0.0784574 0
    outer loop
      vertex 52.9274 2.77381 -28.01
      vertex 52.7097 5.54001 -30
      vertex 52.7097 5.54001 -28.01
    endloop
  endfacet
  facet normal 0.996917 0.0784574 0
    outer loop
      vertex 52.7097 5.54001 -30
      vertex 52.9274 2.77381 -28.01
      vertex 52.9274 2.77381 -30
    endloop
  endfacet
  facet normal 0.996917 0.0784574 0
    outer loop
      vertex 52.9274 2.77381 0
      vertex 52.7097 5.54001 -18.01
      vertex 52.7097 5.54001 0
    endloop
  endfacet
  facet normal 0.996917 0.0784574 0
    outer loop
      vertex 52.7097 5.54001 -18.01
      vertex 52.9274 2.77381 0
      vertex 52.9274 2.77381 -18.01
    endloop
  endfacet
  facet normal 0.999658 0.0261644 0
    outer loop
      vertex 53 0 -28.01
      vertex 52.9274 2.77381 -30
      vertex 52.9274 2.77381 -28.01
    endloop
  endfacet
  facet normal 0.999658 0.0261644 0
    outer loop
      vertex 52.9274 2.77381 -30
      vertex 53 0 -28.01
      vertex 53 0 -30
    endloop
  endfacet
  facet normal 0.999658 0.0261644 0
    outer loop
      vertex 53 0 0
      vertex 52.9274 2.77381 -18.01
      vertex 52.9274 2.77381 0
    endloop
  endfacet
  facet normal 0.999658 0.0261644 0
    outer loop
      vertex 52.9274 2.77381 -18.01
      vertex 53 0 0
      vertex 53 0 -18.01
    endloop
  endfacet
  facet normal 0.991446 0.130518 0
    outer loop
      vertex 52.3475 8.29103 0
      vertex 52.6491 6 -18.01
      vertex 52.3475 8.29103 -30
    endloop
  endfacet
  facet normal 0.991444 0.130534 -2.06978e-06
    outer loop
      vertex 52.7097 5.54001 0
      vertex 52.6491 6 -18.01
      vertex 52.3475 8.29103 0
    endloop
  endfacet
  facet normal 0.991433 0.130613 0
    outer loop
      vertex 52.6491 6 -18.01
      vertex 52.7097 5.54001 0
      vertex 52.7097 5.54001 -18.01
    endloop
  endfacet
  facet normal 0.991446 0.130518 -0
    outer loop
      vertex 52.6491 6 -28.01
      vertex 52.3475 8.29103 -30
      vertex 52.6491 6 -18.01
    endloop
  endfacet
  facet normal 0.991433 0.130613 -0
    outer loop
      vertex 52.7097 5.54001 -30
      vertex 52.6491 6 -28.01
      vertex 52.7097 5.54001 -28.01
    endloop
  endfacet
  facet normal 0.991444 0.130534 1.8732e-05
    outer loop
      vertex 52.6491 6 -28.01
      vertex 52.7097 5.54001 -30
      vertex 52.3475 8.29103 -30
    endloop
  endfacet
  facet normal 0.566405 -0.824127 0
    outer loop
      vertex 28.8659 -44.4495 -30
      vertex 31.1526 -42.8779 0
      vertex 28.8659 -44.4495 0
    endloop
  endfacet
  facet normal 0.566405 -0.824127 0
    outer loop
      vertex 31.1526 -42.8779 0
      vertex 28.8659 -44.4495 -30
      vertex 31.1526 -42.8779 -30
    endloop
  endfacet
  facet normal -0.793352 -0.608763 0
    outer loop
      vertex -41.1887 -33.354 -30
      vertex -42.8779 -31.1526 0
      vertex -42.8779 -31.1526 -30
    endloop
  endfacet
  facet normal -0.793352 -0.608763 0
    outer loop
      vertex -42.8779 -31.1526 0
      vertex -41.1887 -33.354 -30
      vertex -41.1887 -33.354 0
    endloop
  endfacet
  facet normal 0.0784574 -0.996917 0
    outer loop
      vertex 2.77381 -52.9274 -30
      vertex 5.54001 -52.7097 0
      vertex 2.77381 -52.9274 0
    endloop
  endfacet
  facet normal 0.0784574 -0.996917 0
    outer loop
      vertex 5.54001 -52.7097 0
      vertex 2.77381 -52.9274 -30
      vertex 5.54001 -52.7097 -30
    endloop
  endfacet
  facet normal 0.958817 0.284023 0
    outer loop
      vertex 51.1941 13.7174 0
      vertex 50.406 16.3779 -30
      vertex 50.406 16.3779 0
    endloop
  endfacet
  facet normal 0.958817 0.284023 0
    outer loop
      vertex 50.406 16.3779 -30
      vertex 51.1941 13.7174 0
      vertex 51.1941 13.7174 -30
    endloop
  endfacet
  facet normal 0.852644 0.522492 0
    outer loop
      vertex 45.8993 26.5 0
      vertex 44.4495 28.8659 -30
      vertex 44.4495 28.8659 0
    endloop
  endfacet
  facet normal 0.852644 0.522492 0
    outer loop
      vertex 44.4495 28.8659 -30
      vertex 45.8993 26.5 0
      vertex 45.8993 26.5 -30
    endloop
  endfacet
  facet normal -0.566405 0.824127 0
    outer loop
      vertex -28.8659 44.4495 -30
      vertex -31.1526 42.8779 0
      vertex -28.8659 44.4495 0
    endloop
  endfacet
  facet normal -0.566405 0.824127 0
    outer loop
      vertex -31.1526 42.8779 0
      vertex -28.8659 44.4495 -30
      vertex -31.1526 42.8779 -30
    endloop
  endfacet
  facet normal 0.333796 -0.942645 0
    outer loop
      vertex 16.3779 -50.406 -30
      vertex 18.9935 -49.4798 0
      vertex 16.3779 -50.406 0
    endloop
  endfacet
  facet normal 0.333796 -0.942645 0
    outer loop
      vertex 18.9935 -49.4798 0
      vertex 16.3779 -50.406 -30
      vertex 18.9935 -49.4798 -30
    endloop
  endfacet
  facet normal -0.725388 0.68834 0
    outer loop
      vertex -39.3867 35.4639 -30
      vertex -37.4767 37.4767 0
      vertex -37.4767 37.4767 -30
    endloop
  endfacet
  facet normal -0.725388 0.68834 0
    outer loop
      vertex -37.4767 37.4767 0
      vertex -39.3867 35.4639 -30
      vertex -39.3867 35.4639 0
    endloop
  endfacet
  facet normal 0.942645 -0.333796 0
    outer loop
      vertex 49.4798 -18.9935 0
      vertex 50.406 -16.3779 -30
      vertex 50.406 -16.3779 0
    endloop
  endfacet
  facet normal 0.942645 -0.333796 0
    outer loop
      vertex 50.406 -16.3779 -30
      vertex 49.4798 -18.9935 0
      vertex 49.4798 -18.9935 -30
    endloop
  endfacet
  facet normal 0.972375 -0.233426 0
    outer loop
      vertex 51.1941 -13.7174 0
      vertex 51.8418 -11.0193 -30
      vertex 51.8418 -11.0193 0
    endloop
  endfacet
  facet normal 0.972375 -0.233426 0
    outer loop
      vertex 51.8418 -11.0193 -30
      vertex 51.1941 -13.7174 0
      vertex 51.1941 -13.7174 -30
    endloop
  endfacet
  facet normal 0.68834 -0.725388 0
    outer loop
      vertex 35.4639 -39.3867 -30
      vertex 37.4767 -37.4767 0
      vertex 35.4639 -39.3867 0
    endloop
  endfacet
  facet normal 0.68834 -0.725388 0
    outer loop
      vertex 37.4767 -37.4767 0
      vertex 35.4639 -39.3867 -30
      vertex 37.4767 -37.4767 -30
    endloop
  endfacet
  facet normal -0.76041 0.649443 0
    outer loop
      vertex -41.1887 33.354 -30
      vertex -39.3867 35.4639 0
      vertex -39.3867 35.4639 -30
    endloop
  endfacet
  facet normal -0.76041 0.649443 0
    outer loop
      vertex -39.3867 35.4639 0
      vertex -41.1887 33.354 -30
      vertex -41.1887 33.354 0
    endloop
  endfacet
  facet normal 0.983252 0.182251 0
    outer loop
      vertex 52.3475 8.29103 0
      vertex 51.8418 11.0193 -30
      vertex 51.8418 11.0193 0
    endloop
  endfacet
  facet normal 0.983252 0.182251 0
    outer loop
      vertex 51.8418 11.0193 -30
      vertex 52.3475 8.29103 0
      vertex 52.3475 8.29103 -30
    endloop
  endfacet
  facet normal 0.130534 -0.991444 0
    outer loop
      vertex 5.54001 -52.7097 -30
      vertex 8.29103 -52.3475 0
      vertex 5.54001 -52.7097 0
    endloop
  endfacet
  facet normal 0.130534 -0.991444 0
    outer loop
      vertex 8.29103 -52.3475 0
      vertex 5.54001 -52.7097 -30
      vertex 8.29103 -52.3475 -30
    endloop
  endfacet
  facet normal -0.0784574 0.996917 0
    outer loop
      vertex -2.77381 52.9274 -30
      vertex -5.54001 52.7097 0
      vertex -2.77381 52.9274 0
    endloop
  endfacet
  facet normal -0.0784574 0.996917 0
    outer loop
      vertex -5.54001 52.7097 0
      vertex -2.77381 52.9274 -30
      vertex -5.54001 52.7097 -30
    endloop
  endfacet
  facet normal 0.902583 0.430515 0
    outer loop
      vertex 48.4179 21.557 0
      vertex 47.2233 24.0615 -30
      vertex 47.2233 24.0615 0
    endloop
  endfacet
  facet normal 0.902583 0.430515 0
    outer loop
      vertex 47.2233 24.0615 -30
      vertex 48.4179 21.557 0
      vertex 48.4179 21.557 -30
    endloop
  endfacet
  facet normal 0.878817 -0.477159 0
    outer loop
      vertex 45.8993 -26.5 0
      vertex 47.2233 -24.0615 -30
      vertex 47.2233 -24.0615 0
    endloop
  endfacet
  facet normal 0.878817 -0.477159 0
    outer loop
      vertex 47.2233 -24.0615 -30
      vertex 45.8993 -26.5 0
      vertex 45.8993 -26.5 -30
    endloop
  endfacet
  facet normal 0.725388 0.68834 0
    outer loop
      vertex 39.3867 35.4639 0
      vertex 37.4767 37.4767 -30
      vertex 37.4767 37.4767 0
    endloop
  endfacet
  facet normal 0.725388 0.68834 0
    outer loop
      vertex 37.4767 37.4767 -30
      vertex 39.3867 35.4639 0
      vertex 39.3867 35.4639 -30
    endloop
  endfacet
  facet normal -0.130534 0.991444 0
    outer loop
      vertex -5.54001 52.7097 -30
      vertex -8.29103 52.3475 0
      vertex -5.54001 52.7097 0
    endloop
  endfacet
  facet normal -0.130534 0.991444 0
    outer loop
      vertex -8.29103 52.3475 0
      vertex -5.54001 52.7097 -30
      vertex -8.29103 52.3475 -30
    endloop
  endfacet
  facet normal 0.76041 -0.649443 0
    outer loop
      vertex 39.3867 -35.4639 0
      vertex 41.1887 -33.354 -30
      vertex 41.1887 -33.354 0
    endloop
  endfacet
  facet normal 0.76041 -0.649443 0
    outer loop
      vertex 41.1887 -33.354 -30
      vertex 39.3867 -35.4639 0
      vertex 39.3867 -35.4639 -30
    endloop
  endfacet
  facet normal 0.182251 -0.983252 0
    outer loop
      vertex 8.29103 -52.3475 -30
      vertex 11.0193 -51.8418 0
      vertex 8.29103 -52.3475 0
    endloop
  endfacet
  facet normal 0.182251 -0.983252 0
    outer loop
      vertex 11.0193 -51.8418 0
      vertex 8.29103 -52.3475 -30
      vertex 11.0193 -51.8418 -30
    endloop
  endfacet
  facet normal 0.0261644 -0.999658 0
    outer loop
      vertex 0 -53 -30
      vertex 2.77381 -52.9274 0
      vertex 0 -53 0
    endloop
  endfacet
  facet normal 0.0261644 -0.999658 0
    outer loop
      vertex 2.77381 -52.9274 0
      vertex 0 -53 -30
      vertex 2.77381 -52.9274 -30
    endloop
  endfacet
  facet normal 0.793352 0.608763 0
    outer loop
      vertex 42.8779 31.1526 0
      vertex 41.1887 33.354 -30
      vertex 41.1887 33.354 0
    endloop
  endfacet
  facet normal 0.793352 0.608763 0
    outer loop
      vertex 41.1887 33.354 -30
      vertex 42.8779 31.1526 0
      vertex 42.8779 31.1526 -30
    endloop
  endfacet
  facet normal -0.76041 -0.649443 0
    outer loop
      vertex -39.3867 -35.4639 -30
      vertex -41.1887 -33.354 0
      vertex -41.1887 -33.354 -30
    endloop
  endfacet
  facet normal -0.76041 -0.649443 0
    outer loop
      vertex -41.1887 -33.354 0
      vertex -39.3867 -35.4639 -30
      vertex -39.3867 -35.4639 0
    endloop
  endfacet
  facet normal -0.991444 -0.130534 0
    outer loop
      vertex -52.3475 -8.29103 -30
      vertex -52.7097 -5.54001 0
      vertex -52.7097 -5.54001 -30
    endloop
  endfacet
  facet normal -0.991444 -0.130534 0
    outer loop
      vertex -52.7097 -5.54001 0
      vertex -52.3475 -8.29103 -30
      vertex -52.3475 -8.29103 0
    endloop
  endfacet
  facet normal 0.999658 -0.0261644 0
    outer loop
      vertex 52.9274 -2.77381 0
      vertex 53 0 -18.01
      vertex 53 0 0
    endloop
  endfacet
  facet normal 0.999658 -0.0261644 0
    outer loop
      vertex 53 0 -18.01
      vertex 52.9274 -2.77381 0
      vertex 52.9274 -2.77381 -18.01
    endloop
  endfacet
  facet normal 0.999658 -0.0261644 0
    outer loop
      vertex 52.9274 -2.77381 -28.01
      vertex 53 0 -30
      vertex 53 0 -28.01
    endloop
  endfacet
  facet normal 0.999658 -0.0261644 0
    outer loop
      vertex 53 0 -30
      vertex 52.9274 -2.77381 -28.01
      vertex 52.9274 -2.77381 -30
    endloop
  endfacet
  facet normal 0.649443 -0.76041 0
    outer loop
      vertex 33.354 -41.1887 -30
      vertex 35.4639 -39.3867 0
      vertex 33.354 -41.1887 0
    endloop
  endfacet
  facet normal 0.649443 -0.76041 0
    outer loop
      vertex 35.4639 -39.3867 0
      vertex 33.354 -41.1887 -30
      vertex 35.4639 -39.3867 -30
    endloop
  endfacet
  facet normal -0.649443 -0.76041 0
    outer loop
      vertex -35.4639 -39.3867 -30
      vertex -33.354 -41.1887 0
      vertex -35.4639 -39.3867 0
    endloop
  endfacet
  facet normal -0.649443 -0.76041 -0
    outer loop
      vertex -33.354 -41.1887 0
      vertex -35.4639 -39.3867 -30
      vertex -33.354 -41.1887 -30
    endloop
  endfacet
  facet normal -0.608763 0.793352 0
    outer loop
      vertex -31.1526 42.8779 -30
      vertex -33.354 41.1887 0
      vertex -31.1526 42.8779 0
    endloop
  endfacet
  facet normal -0.608763 0.793352 0
    outer loop
      vertex -33.354 41.1887 0
      vertex -31.1526 42.8779 -30
      vertex -33.354 41.1887 -30
    endloop
  endfacet
  facet normal -0.649443 0.76041 0
    outer loop
      vertex -33.354 41.1887 -30
      vertex -35.4639 39.3867 0
      vertex -33.354 41.1887 0
    endloop
  endfacet
  facet normal -0.649443 0.76041 0
    outer loop
      vertex -35.4639 39.3867 0
      vertex -33.354 41.1887 -30
      vertex -35.4639 39.3867 -30
    endloop
  endfacet
  facet normal -0.942645 -0.333796 0
    outer loop
      vertex -49.4798 -18.9935 -30
      vertex -50.406 -16.3779 0
      vertex -50.406 -16.3779 -30
    endloop
  endfacet
  facet normal -0.942645 -0.333796 0
    outer loop
      vertex -50.406 -16.3779 0
      vertex -49.4798 -18.9935 -30
      vertex -49.4798 -18.9935 0
    endloop
  endfacet
  facet normal 0.68834 0.725388 -0
    outer loop
      vertex 37.4767 37.4767 -30
      vertex 35.4639 39.3867 0
      vertex 37.4767 37.4767 0
    endloop
  endfacet
  facet normal 0.68834 0.725388 0
    outer loop
      vertex 35.4639 39.3867 0
      vertex 37.4767 37.4767 -30
      vertex 35.4639 39.3867 -30
    endloop
  endfacet
  facet normal 0.130534 0.991444 -0
    outer loop
      vertex 8.29103 52.3475 -30
      vertex 5.54001 52.7097 0
      vertex 8.29103 52.3475 0
    endloop
  endfacet
  facet normal 0.130534 0.991444 0
    outer loop
      vertex 5.54001 52.7097 0
      vertex 8.29103 52.3475 -30
      vertex 5.54001 52.7097 -30
    endloop
  endfacet
  facet normal -0.878817 -0.477159 0
    outer loop
      vertex -45.8993 -26.5 -30
      vertex -47.2233 -24.0615 0
      vertex -47.2233 -24.0615 -30
    endloop
  endfacet
  facet normal -0.878817 -0.477159 0
    outer loop
      vertex -47.2233 -24.0615 0
      vertex -45.8993 -26.5 -30
      vertex -45.8993 -26.5 0
    endloop
  endfacet
  facet normal -0.233426 0.972375 0
    outer loop
      vertex -11.0193 51.8418 -30
      vertex -13.7174 51.1941 0
      vertex -11.0193 51.8418 0
    endloop
  endfacet
  facet normal -0.233426 0.972375 0
    outer loop
      vertex -13.7174 51.1941 0
      vertex -11.0193 51.8418 -30
      vertex -13.7174 51.1941 -30
    endloop
  endfacet
  facet normal 0.477159 -0.878817 0
    outer loop
      vertex 24.0615 -47.2233 -30
      vertex 26.5 -45.8993 0
      vertex 24.0615 -47.2233 0
    endloop
  endfacet
  facet normal 0.477159 -0.878817 0
    outer loop
      vertex 26.5 -45.8993 0
      vertex 24.0615 -47.2233 -30
      vertex 26.5 -45.8993 -30
    endloop
  endfacet
  facet normal 0.991433 -0.130613 0
    outer loop
      vertex 52.7097 -5.54001 0
      vertex 52.6491 -6 -18.01
      vertex 52.7097 -5.54001 -18.01
    endloop
  endfacet
  facet normal 0.991446 -0.130518 0
    outer loop
      vertex 52.3475 -8.29103 -30
      vertex 52.6491 -6 -18.01
      vertex 52.3475 -8.29103 0
    endloop
  endfacet
  facet normal 0.991444 -0.130534 -2.06978e-06
    outer loop
      vertex 52.3475 -8.29103 0
      vertex 52.6491 -6 -18.01
      vertex 52.7097 -5.54001 0
    endloop
  endfacet
  facet normal 0.991433 -0.130613 0
    outer loop
      vertex 52.6491 -6 -28.01
      vertex 52.7097 -5.54001 -30
      vertex 52.7097 -5.54001 -28.01
    endloop
  endfacet
  facet normal 0.991444 -0.130534 1.8732e-05
    outer loop
      vertex 52.6491 -6 -28.01
      vertex 52.3475 -8.29103 -30
      vertex 52.7097 -5.54001 -30
    endloop
  endfacet
  facet normal 0.991446 -0.130518 0
    outer loop
      vertex 52.6491 -6 -18.01
      vertex 52.3475 -8.29103 -30
      vertex 52.6491 -6 -28.01
    endloop
  endfacet
  facet normal 0.793352 -0.608763 0
    outer loop
      vertex 41.1887 -33.354 0
      vertex 42.8779 -31.1526 -30
      vertex 42.8779 -31.1526 0
    endloop
  endfacet
  facet normal 0.793352 -0.608763 0
    outer loop
      vertex 42.8779 -31.1526 -30
      vertex 41.1887 -33.354 0
      vertex 41.1887 -33.354 -30
    endloop
  endfacet
  facet normal 0.725388 -0.68834 0
    outer loop
      vertex 37.4767 -37.4767 0
      vertex 39.3867 -35.4639 -30
      vertex 39.3867 -35.4639 0
    endloop
  endfacet
  facet normal 0.725388 -0.68834 0
    outer loop
      vertex 39.3867 -35.4639 -30
      vertex 37.4767 -37.4767 0
      vertex 37.4767 -37.4767 -30
    endloop
  endfacet
  facet normal 0.852644 -0.522492 0
    outer loop
      vertex 44.4495 -28.8659 0
      vertex 45.8993 -26.5 -30
      vertex 45.8993 -26.5 0
    endloop
  endfacet
  facet normal 0.852644 -0.522492 0
    outer loop
      vertex 45.8993 -26.5 -30
      vertex 44.4495 -28.8659 0
      vertex 44.4495 -28.8659 -30
    endloop
  endfacet
  facet normal -0.999658 -0.0261644 0
    outer loop
      vertex -52.9274 -2.77381 -30
      vertex -53 0 0
      vertex -53 0 -30
    endloop
  endfacet
  facet normal -0.999658 -0.0261644 0
    outer loop
      vertex -53 0 0
      vertex -52.9274 -2.77381 -30
      vertex -52.9274 -2.77381 0
    endloop
  endfacet
  facet normal -0.923871 0.382703 0
    outer loop
      vertex -49.4798 18.9935 -30
      vertex -48.4179 21.557 0
      vertex -48.4179 21.557 -30
    endloop
  endfacet
  facet normal -0.923871 0.382703 0
    outer loop
      vertex -48.4179 21.557 0
      vertex -49.4798 18.9935 -30
      vertex -49.4798 18.9935 0
    endloop
  endfacet
  facet normal -0.902583 0.430515 0
    outer loop
      vertex -48.4179 21.557 -30
      vertex -47.2233 24.0615 0
      vertex -47.2233 24.0615 -30
    endloop
  endfacet
  facet normal -0.902583 0.430515 0
    outer loop
      vertex -47.2233 24.0615 0
      vertex -48.4179 21.557 -30
      vertex -48.4179 21.557 0
    endloop
  endfacet
  facet normal -0.996917 0.0784574 0
    outer loop
      vertex -52.9274 2.77381 -30
      vertex -52.7097 5.54001 0
      vertex -52.7097 5.54001 -30
    endloop
  endfacet
  facet normal -0.996917 0.0784574 0
    outer loop
      vertex -52.7097 5.54001 0
      vertex -52.9274 2.77381 -30
      vertex -52.9274 2.77381 0
    endloop
  endfacet
  facet normal 0.284023 0.958817 -0
    outer loop
      vertex 16.3779 50.406 -30
      vertex 13.7174 51.1941 0
      vertex 16.3779 50.406 0
    endloop
  endfacet
  facet normal 0.284023 0.958817 0
    outer loop
      vertex 13.7174 51.1941 0
      vertex 16.3779 50.406 -30
      vertex 13.7174 51.1941 -30
    endloop
  endfacet
  facet normal 0.649443 0.76041 -0
    outer loop
      vertex 35.4639 39.3867 -30
      vertex 33.354 41.1887 0
      vertex 35.4639 39.3867 0
    endloop
  endfacet
  facet normal 0.649443 0.76041 0
    outer loop
      vertex 33.354 41.1887 0
      vertex 35.4639 39.3867 -30
      vertex 33.354 41.1887 -30
    endloop
  endfacet
  facet normal -0.522492 -0.852644 0
    outer loop
      vertex -28.8659 -44.4495 -30
      vertex -26.5 -45.8993 0
      vertex -28.8659 -44.4495 0
    endloop
  endfacet
  facet normal -0.522492 -0.852644 -0
    outer loop
      vertex -26.5 -45.8993 0
      vertex -28.8659 -44.4495 -30
      vertex -26.5 -45.8993 -30
    endloop
  endfacet
  facet normal -0.0261644 0.999658 0
    outer loop
      vertex 0 53 -30
      vertex -2.77381 52.9274 0
      vertex 0 53 0
    endloop
  endfacet
  facet normal -0.0261644 0.999658 0
    outer loop
      vertex -2.77381 52.9274 0
      vertex 0 53 -30
      vertex -2.77381 52.9274 -30
    endloop
  endfacet
  facet normal 0.608763 -0.793352 0
    outer loop
      vertex 31.1526 -42.8779 -30
      vertex 33.354 -41.1887 0
      vertex 31.1526 -42.8779 0
    endloop
  endfacet
  facet normal 0.608763 -0.793352 0
    outer loop
      vertex 33.354 -41.1887 0
      vertex 31.1526 -42.8779 -30
      vertex 33.354 -41.1887 -30
    endloop
  endfacet
  facet normal -0.182251 -0.983252 0
    outer loop
      vertex -11.0193 -51.8418 -30
      vertex -8.29103 -52.3475 0
      vertex -11.0193 -51.8418 0
    endloop
  endfacet
  facet normal -0.182251 -0.983252 -0
    outer loop
      vertex -8.29103 -52.3475 0
      vertex -11.0193 -51.8418 -30
      vertex -8.29103 -52.3475 -30
    endloop
  endfacet
  facet normal 0.923871 -0.382703 0
    outer loop
      vertex 48.4179 -21.557 0
      vertex 49.4798 -18.9935 -30
      vertex 49.4798 -18.9935 0
    endloop
  endfacet
  facet normal 0.923871 -0.382703 0
    outer loop
      vertex 49.4798 -18.9935 -30
      vertex 48.4179 -21.557 0
      vertex 48.4179 -21.557 -30
    endloop
  endfacet
  facet normal 0.996917 -0.0784574 0
    outer loop
      vertex 52.7097 -5.54001 -28.01
      vertex 52.9274 -2.77381 -30
      vertex 52.9274 -2.77381 -28.01
    endloop
  endfacet
  facet normal 0.996917 -0.0784574 0
    outer loop
      vertex 52.9274 -2.77381 -30
      vertex 52.7097 -5.54001 -28.01
      vertex 52.7097 -5.54001 -30
    endloop
  endfacet
  facet normal 0.996917 -0.0784574 0
    outer loop
      vertex 52.7097 -5.54001 0
      vertex 52.9274 -2.77381 -18.01
      vertex 52.9274 -2.77381 0
    endloop
  endfacet
  facet normal 0.996917 -0.0784574 0
    outer loop
      vertex 52.9274 -2.77381 -18.01
      vertex 52.7097 -5.54001 0
      vertex 52.7097 -5.54001 -18.01
    endloop
  endfacet
  facet normal 0.382703 -0.923871 0
    outer loop
      vertex 18.9935 -49.4798 -30
      vertex 21.557 -48.4179 0
      vertex 18.9935 -49.4798 0
    endloop
  endfacet
  facet normal 0.382703 -0.923871 0
    outer loop
      vertex 21.557 -48.4179 0
      vertex 18.9935 -49.4798 -30
      vertex 21.557 -48.4179 -30
    endloop
  endfacet
  facet normal 0.430515 0.902583 -0
    outer loop
      vertex 24.0615 47.2233 -30
      vertex 21.557 48.4179 0
      vertex 24.0615 47.2233 0
    endloop
  endfacet
  facet normal 0.430515 0.902583 0
    outer loop
      vertex 21.557 48.4179 0
      vertex 24.0615 47.2233 -30
      vertex 21.557 48.4179 -30
    endloop
  endfacet
  facet normal -0.991444 0.130534 0
    outer loop
      vertex -52.7097 5.54001 -30
      vertex -52.3475 8.29103 0
      vertex -52.3475 8.29103 -30
    endloop
  endfacet
  facet normal -0.991444 0.130534 0
    outer loop
      vertex -52.3475 8.29103 0
      vertex -52.7097 5.54001 -30
      vertex -52.7097 5.54001 0
    endloop
  endfacet
  facet normal -0.430515 -0.902583 0
    outer loop
      vertex -24.0615 -47.2233 -30
      vertex -21.557 -48.4179 0
      vertex -24.0615 -47.2233 0
    endloop
  endfacet
  facet normal -0.430515 -0.902583 -0
    outer loop
      vertex -21.557 -48.4179 0
      vertex -24.0615 -47.2233 -30
      vertex -21.557 -48.4179 -30
    endloop
  endfacet
  facet normal -0.725388 -0.68834 0
    outer loop
      vertex -37.4767 -37.4767 -30
      vertex -39.3867 -35.4639 0
      vertex -39.3867 -35.4639 -30
    endloop
  endfacet
  facet normal -0.725388 -0.68834 0
    outer loop
      vertex -39.3867 -35.4639 0
      vertex -37.4767 -37.4767 -30
      vertex -37.4767 -37.4767 0
    endloop
  endfacet
  facet normal 0.182251 0.983252 -0
    outer loop
      vertex 11.0193 51.8418 -30
      vertex 8.29103 52.3475 0
      vertex 11.0193 51.8418 0
    endloop
  endfacet
  facet normal 0.182251 0.983252 0
    outer loop
      vertex 8.29103 52.3475 0
      vertex 11.0193 51.8418 -30
      vertex 8.29103 52.3475 -30
    endloop
  endfacet
  facet normal -0.68834 -0.725388 0
    outer loop
      vertex -37.4767 -37.4767 -30
      vertex -35.4639 -39.3867 0
      vertex -37.4767 -37.4767 0
    endloop
  endfacet
  facet normal -0.68834 -0.725388 -0
    outer loop
      vertex -35.4639 -39.3867 0
      vertex -37.4767 -37.4767 -30
      vertex -35.4639 -39.3867 -30
    endloop
  endfacet
  facet normal -0.878817 0.477159 0
    outer loop
      vertex -47.2233 24.0615 -30
      vertex -45.8993 26.5 0
      vertex -45.8993 26.5 -30
    endloop
  endfacet
  facet normal -0.878817 0.477159 0
    outer loop
      vertex -45.8993 26.5 0
      vertex -47.2233 24.0615 -30
      vertex -47.2233 24.0615 0
    endloop
  endfacet
  facet normal -0.999658 0.0261644 0
    outer loop
      vertex -53 0 -30
      vertex -52.9274 2.77381 0
      vertex -52.9274 2.77381 -30
    endloop
  endfacet
  facet normal -0.999658 0.0261644 0
    outer loop
      vertex -52.9274 2.77381 0
      vertex -53 0 -30
      vertex -53 0 0
    endloop
  endfacet
  facet normal -0.333796 0.942645 0
    outer loop
      vertex -16.3779 50.406 -30
      vertex -18.9935 49.4798 0
      vertex -16.3779 50.406 0
    endloop
  endfacet
  facet normal -0.333796 0.942645 0
    outer loop
      vertex -18.9935 49.4798 0
      vertex -16.3779 50.406 -30
      vertex -18.9935 49.4798 -30
    endloop
  endfacet
  facet normal -0.958817 -0.284023 0
    outer loop
      vertex -50.406 -16.3779 -30
      vertex -51.1941 -13.7174 0
      vertex -51.1941 -13.7174 -30
    endloop
  endfacet
  facet normal -0.958817 -0.284023 0
    outer loop
      vertex -51.1941 -13.7174 0
      vertex -50.406 -16.3779 -30
      vertex -50.406 -16.3779 0
    endloop
  endfacet
  facet normal 0.522492 0.852644 -0
    outer loop
      vertex 28.8659 44.4495 -30
      vertex 26.5 45.8993 0
      vertex 28.8659 44.4495 0
    endloop
  endfacet
  facet normal 0.522492 0.852644 0
    outer loop
      vertex 26.5 45.8993 0
      vertex 28.8659 44.4495 -30
      vertex 26.5 45.8993 -30
    endloop
  endfacet
  facet normal 0.477159 0.878817 -0
    outer loop
      vertex 26.5 45.8993 -30
      vertex 24.0615 47.2233 0
      vertex 26.5 45.8993 0
    endloop
  endfacet
  facet normal 0.477159 0.878817 0
    outer loop
      vertex 24.0615 47.2233 0
      vertex 26.5 45.8993 -30
      vertex 24.0615 47.2233 -30
    endloop
  endfacet
  facet normal -0.972375 -0.233426 0
    outer loop
      vertex -51.1941 -13.7174 -30
      vertex -51.8418 -11.0193 0
      vertex -51.8418 -11.0193 -30
    endloop
  endfacet
  facet normal -0.972375 -0.233426 0
    outer loop
      vertex -51.8418 -11.0193 0
      vertex -51.1941 -13.7174 -30
      vertex -51.1941 -13.7174 0
    endloop
  endfacet
  facet normal 0.958817 -0.284023 0
    outer loop
      vertex 50.406 -16.3779 0
      vertex 51.1941 -13.7174 -30
      vertex 51.1941 -13.7174 0
    endloop
  endfacet
  facet normal 0.958817 -0.284023 0
    outer loop
      vertex 51.1941 -13.7174 -30
      vertex 50.406 -16.3779 0
      vertex 50.406 -16.3779 -30
    endloop
  endfacet
  facet normal -0.852644 0.522492 0
    outer loop
      vertex -45.8993 26.5 -30
      vertex -44.4495 28.8659 0
      vertex -44.4495 28.8659 -30
    endloop
  endfacet
  facet normal -0.852644 0.522492 0
    outer loop
      vertex -44.4495 28.8659 0
      vertex -45.8993 26.5 -30
      vertex -45.8993 26.5 0
    endloop
  endfacet
  facet normal 0.972375 0.233426 0
    outer loop
      vertex 51.8418 11.0193 0
      vertex 51.1941 13.7174 -30
      vertex 51.1941 13.7174 0
    endloop
  endfacet
  facet normal 0.972375 0.233426 0
    outer loop
      vertex 51.1941 13.7174 -30
      vertex 51.8418 11.0193 0
      vertex 51.8418 11.0193 -30
    endloop
  endfacet
  facet normal 0.233426 -0.972375 0
    outer loop
      vertex 11.0193 -51.8418 -30
      vertex 13.7174 -51.1941 0
      vertex 11.0193 -51.8418 0
    endloop
  endfacet
  facet normal 0.233426 -0.972375 0
    outer loop
      vertex 13.7174 -51.1941 0
      vertex 11.0193 -51.8418 -30
      vertex 13.7174 -51.1941 -30
    endloop
  endfacet
  facet normal 0.522492 -0.852644 0
    outer loop
      vertex 26.5 -45.8993 -30
      vertex 28.8659 -44.4495 0
      vertex 26.5 -45.8993 0
    endloop
  endfacet
  facet normal 0.522492 -0.852644 0
    outer loop
      vertex 28.8659 -44.4495 0
      vertex 26.5 -45.8993 -30
      vertex 28.8659 -44.4495 -30
    endloop
  endfacet
  facet normal 0.902583 -0.430515 0
    outer loop
      vertex 47.2233 -24.0615 0
      vertex 48.4179 -21.557 -30
      vertex 48.4179 -21.557 0
    endloop
  endfacet
  facet normal 0.902583 -0.430515 0
    outer loop
      vertex 48.4179 -21.557 -30
      vertex 47.2233 -24.0615 0
      vertex 47.2233 -24.0615 -30
    endloop
  endfacet
  facet normal 0.923871 0.382703 0
    outer loop
      vertex 49.4798 18.9935 0
      vertex 48.4179 21.557 -30
      vertex 48.4179 21.557 0
    endloop
  endfacet
  facet normal 0.923871 0.382703 0
    outer loop
      vertex 48.4179 21.557 -30
      vertex 49.4798 18.9935 0
      vertex 49.4798 18.9935 -30
    endloop
  endfacet
  facet normal 0.382703 0.923871 -0
    outer loop
      vertex 21.557 48.4179 -30
      vertex 18.9935 49.4798 0
      vertex 21.557 48.4179 0
    endloop
  endfacet
  facet normal 0.382703 0.923871 0
    outer loop
      vertex 18.9935 49.4798 0
      vertex 21.557 48.4179 -30
      vertex 18.9935 49.4798 -30
    endloop
  endfacet
  facet normal 0.878817 0.477159 0
    outer loop
      vertex 47.2233 24.0615 0
      vertex 45.8993 26.5 -30
      vertex 45.8993 26.5 0
    endloop
  endfacet
  facet normal 0.878817 0.477159 0
    outer loop
      vertex 45.8993 26.5 -30
      vertex 47.2233 24.0615 0
      vertex 47.2233 24.0615 -30
    endloop
  endfacet
  facet normal -0.972375 0.233426 0
    outer loop
      vertex -51.8418 11.0193 -30
      vertex -51.1941 13.7174 0
      vertex -51.1941 13.7174 -30
    endloop
  endfacet
  facet normal -0.972375 0.233426 0
    outer loop
      vertex -51.1941 13.7174 0
      vertex -51.8418 11.0193 -30
      vertex -51.8418 11.0193 0
    endloop
  endfacet
  facet normal -0.923871 -0.382703 0
    outer loop
      vertex -48.4179 -21.557 -30
      vertex -49.4798 -18.9935 0
      vertex -49.4798 -18.9935 -30
    endloop
  endfacet
  facet normal -0.923871 -0.382703 0
    outer loop
      vertex -49.4798 -18.9935 0
      vertex -48.4179 -21.557 -30
      vertex -48.4179 -21.557 0
    endloop
  endfacet
  facet normal 0.76041 0.649443 0
    outer loop
      vertex 41.1887 33.354 0
      vertex 39.3867 35.4639 -30
      vertex 39.3867 35.4639 0
    endloop
  endfacet
  facet normal 0.76041 0.649443 0
    outer loop
      vertex 39.3867 35.4639 -30
      vertex 41.1887 33.354 0
      vertex 41.1887 33.354 -30
    endloop
  endfacet
  facet normal -0.284023 -0.958817 0
    outer loop
      vertex -16.3779 -50.406 -30
      vertex -13.7174 -51.1941 0
      vertex -16.3779 -50.406 0
    endloop
  endfacet
  facet normal -0.284023 -0.958817 -0
    outer loop
      vertex -13.7174 -51.1941 0
      vertex -16.3779 -50.406 -30
      vertex -13.7174 -51.1941 -30
    endloop
  endfacet
  facet normal 0.608763 0.793352 -0
    outer loop
      vertex 33.354 41.1887 -30
      vertex 31.1526 42.8779 0
      vertex 33.354 41.1887 0
    endloop
  endfacet
  facet normal 0.608763 0.793352 0
    outer loop
      vertex 31.1526 42.8779 0
      vertex 33.354 41.1887 -30
      vertex 31.1526 42.8779 -30
    endloop
  endfacet
  facet normal -0.958817 0.284023 0
    outer loop
      vertex -51.1941 13.7174 -30
      vertex -50.406 16.3779 0
      vertex -50.406 16.3779 -30
    endloop
  endfacet
  facet normal -0.958817 0.284023 0
    outer loop
      vertex -50.406 16.3779 0
      vertex -51.1941 13.7174 -30
      vertex -51.1941 13.7174 0
    endloop
  endfacet
  facet normal -0.333796 -0.942645 0
    outer loop
      vertex -18.9935 -49.4798 -30
      vertex -16.3779 -50.406 0
      vertex -18.9935 -49.4798 0
    endloop
  endfacet
  facet normal -0.333796 -0.942645 -0
    outer loop
      vertex -16.3779 -50.406 0
      vertex -18.9935 -49.4798 -30
      vertex -16.3779 -50.406 -30
    endloop
  endfacet
  facet normal -0.284023 0.958817 0
    outer loop
      vertex -13.7174 51.1941 -30
      vertex -16.3779 50.406 0
      vertex -13.7174 51.1941 0
    endloop
  endfacet
  facet normal -0.284023 0.958817 0
    outer loop
      vertex -16.3779 50.406 0
      vertex -13.7174 51.1941 -30
      vertex -16.3779 50.406 -30
    endloop
  endfacet
  facet normal -0.824127 -0.566405 0
    outer loop
      vertex -42.8779 -31.1526 -30
      vertex -44.4495 -28.8659 0
      vertex -44.4495 -28.8659 -30
    endloop
  endfacet
  facet normal -0.824127 -0.566405 0
    outer loop
      vertex -44.4495 -28.8659 0
      vertex -42.8779 -31.1526 -30
      vertex -42.8779 -31.1526 0
    endloop
  endfacet
  facet normal 0.566405 0.824127 -0
    outer loop
      vertex 31.1526 42.8779 -30
      vertex 28.8659 44.4495 0
      vertex 31.1526 42.8779 0
    endloop
  endfacet
  facet normal 0.566405 0.824127 0
    outer loop
      vertex 28.8659 44.4495 0
      vertex 31.1526 42.8779 -30
      vertex 28.8659 44.4495 -30
    endloop
  endfacet
  facet normal -0.68834 0.725388 0
    outer loop
      vertex -35.4639 39.3867 -30
      vertex -37.4767 37.4767 0
      vertex -35.4639 39.3867 0
    endloop
  endfacet
  facet normal -0.68834 0.725388 0
    outer loop
      vertex -37.4767 37.4767 0
      vertex -35.4639 39.3867 -30
      vertex -37.4767 37.4767 -30
    endloop
  endfacet
  facet normal -0.130534 -0.991444 0
    outer loop
      vertex -8.29103 -52.3475 -30
      vertex -5.54001 -52.7097 0
      vertex -8.29103 -52.3475 0
    endloop
  endfacet
  facet normal -0.130534 -0.991444 -0
    outer loop
      vertex -5.54001 -52.7097 0
      vertex -8.29103 -52.3475 -30
      vertex -5.54001 -52.7097 -30
    endloop
  endfacet
  facet normal -0.793352 0.608763 0
    outer loop
      vertex -42.8779 31.1526 -30
      vertex -41.1887 33.354 0
      vertex -41.1887 33.354 -30
    endloop
  endfacet
  facet normal -0.793352 0.608763 0
    outer loop
      vertex -41.1887 33.354 0
      vertex -42.8779 31.1526 -30
      vertex -42.8779 31.1526 0
    endloop
  endfacet
  facet normal -0.233426 -0.972375 0
    outer loop
      vertex -13.7174 -51.1941 -30
      vertex -11.0193 -51.8418 0
      vertex -13.7174 -51.1941 0
    endloop
  endfacet
  facet normal -0.233426 -0.972375 -0
    outer loop
      vertex -11.0193 -51.8418 0
      vertex -13.7174 -51.1941 -30
      vertex -11.0193 -51.8418 -30
    endloop
  endfacet
  facet normal -0.182251 0.983252 0
    outer loop
      vertex -8.29103 52.3475 -30
      vertex -11.0193 51.8418 0
      vertex -8.29103 52.3475 0
    endloop
  endfacet
  facet normal -0.182251 0.983252 0
    outer loop
      vertex -11.0193 51.8418 0
      vertex -8.29103 52.3475 -30
      vertex -11.0193 51.8418 -30
    endloop
  endfacet
  facet normal -0.430515 0.902583 0
    outer loop
      vertex -21.557 48.4179 -30
      vertex -24.0615 47.2233 0
      vertex -21.557 48.4179 0
    endloop
  endfacet
  facet normal -0.430515 0.902583 0
    outer loop
      vertex -24.0615 47.2233 0
      vertex -21.557 48.4179 -30
      vertex -24.0615 47.2233 -30
    endloop
  endfacet
  facet normal 0.430515 -0.902583 0
    outer loop
      vertex 21.557 -48.4179 -30
      vertex 24.0615 -47.2233 0
      vertex 21.557 -48.4179 0
    endloop
  endfacet
  facet normal 0.430515 -0.902583 0
    outer loop
      vertex 24.0615 -47.2233 0
      vertex 21.557 -48.4179 -30
      vertex 24.0615 -47.2233 -30
    endloop
  endfacet
  facet normal -0.852644 -0.522492 0
    outer loop
      vertex -44.4495 -28.8659 -30
      vertex -45.8993 -26.5 0
      vertex -45.8993 -26.5 -30
    endloop
  endfacet
  facet normal -0.852644 -0.522492 0
    outer loop
      vertex -45.8993 -26.5 0
      vertex -44.4495 -28.8659 -30
      vertex -44.4495 -28.8659 0
    endloop
  endfacet
  facet normal -0.996917 -0.0784574 0
    outer loop
      vertex -52.7097 -5.54001 -30
      vertex -52.9274 -2.77381 0
      vertex -52.9274 -2.77381 -30
    endloop
  endfacet
  facet normal -0.996917 -0.0784574 0
    outer loop
      vertex -52.9274 -2.77381 0
      vertex -52.7097 -5.54001 -30
      vertex -52.7097 -5.54001 0
    endloop
  endfacet
  facet normal -0.382703 0.923871 0
    outer loop
      vertex -18.9935 49.4798 -30
      vertex -21.557 48.4179 0
      vertex -18.9935 49.4798 0
    endloop
  endfacet
  facet normal -0.382703 0.923871 0
    outer loop
      vertex -21.557 48.4179 0
      vertex -18.9935 49.4798 -30
      vertex -21.557 48.4179 -30
    endloop
  endfacet
  facet normal 0.0261644 0.999658 -0
    outer loop
      vertex 2.77381 52.9274 -30
      vertex 0 53 0
      vertex 2.77381 52.9274 0
    endloop
  endfacet
  facet normal 0.0261644 0.999658 0
    outer loop
      vertex 0 53 0
      vertex 2.77381 52.9274 -30
      vertex 0 53 -30
    endloop
  endfacet
  facet normal -0.824127 0.566405 0
    outer loop
      vertex -44.4495 28.8659 -30
      vertex -42.8779 31.1526 0
      vertex -42.8779 31.1526 -30
    endloop
  endfacet
  facet normal -0.824127 0.566405 0
    outer loop
      vertex -42.8779 31.1526 0
      vertex -44.4495 28.8659 -30
      vertex -44.4495 28.8659 0
    endloop
  endfacet
  facet normal 0 0 1
    outer loop
      vertex 49.5 0 0
      vertex 53 0 0
      vertex 52.9274 2.77381 0
    endloop
  endfacet
  facet normal 0 0 1
    outer loop
      vertex 49.4322 2.59063 0
      vertex 52.9274 2.77381 0
      vertex 52.7097 5.54001 0
    endloop
  endfacet
  facet normal 0 0 1
    outer loop
      vertex 53 0 0
      vertex 49.5 0 0
      vertex 52.9274 -2.77381 0
    endloop
  endfacet
  facet normal 0 0 1
    outer loop
      vertex 49.2288 5.17416 0
      vertex 52.7097 5.54001 0
      vertex 52.3475 8.29103 0
    endloop
  endfacet
  facet normal -0 0 1
    outer loop
      vertex 49.4322 -2.59063 0
      vertex 52.9274 -2.77381 0
      vertex 49.5 0 0
    endloop
  endfacet
  facet normal 0 0 1
    outer loop
      vertex 48.8906 7.74351 0
      vertex 52.3475 8.29103 0
      vertex 51.8418 11.0193 0
    endloop
  endfacet
  facet normal 0 0 1
    outer loop
      vertex 52.9274 -2.77381 0
      vertex 49.4322 -2.59063 0
      vertex 52.7097 -5.54001 0
    endloop
  endfacet
  facet normal 0 0 1
    outer loop
      vertex 48.4183 10.2916 0
      vertex 51.8418 11.0193 0
      vertex 51.1941 13.7174 0
    endloop
  endfacet
  facet normal -0 0 1
    outer loop
      vertex 49.2288 -5.17416 0
      vertex 52.7097 -5.54001 0
      vertex 49.4322 -2.59063 0
    endloop
  endfacet
  facet normal 0 0 1
    outer loop
      vertex 47.8133 12.8115 0
      vertex 51.1941 13.7174 0
      vertex 50.406 16.3779 0
    endloop
  endfacet
  facet normal 0 0 1
    outer loop
      vertex 52.7097 -5.54001 0
      vertex 49.2288 -5.17416 0
      vertex 52.3475 -8.29103 0
    endloop
  endfacet
  facet normal -0 0 1
    outer loop
      vertex 48.8906 -7.74351 0
      vertex 52.3475 -8.29103 0
      vertex 49.2288 -5.17416 0
    endloop
  endfacet
  facet normal 0 0 1
    outer loop
      vertex 47.0773 15.2963 0
      vertex 50.406 16.3779 0
      vertex 49.4798 18.9935 0
    endloop
  endfacet
  facet normal 0 0 1
    outer loop
      vertex 52.9274 2.77381 0
      vertex 49.4322 2.59063 0
      vertex 49.5 0 0
    endloop
  endfacet
  facet normal 0 0 1
    outer loop
      vertex 52.7097 5.54001 0
      vertex 49.2288 5.17416 0
      vertex 49.4322 2.59063 0
    endloop
  endfacet
  facet normal 0 0 1
    outer loop
      vertex 52.3475 8.29103 0
      vertex 48.8906 7.74351 0
      vertex 49.2288 5.17416 0
    endloop
  endfacet
  facet normal 0 0 1
    outer loop
      vertex 51.8418 11.0193 0
      vertex 48.4183 10.2916 0
      vertex 48.8906 7.74351 0
    endloop
  endfacet
  facet normal 0 0 1
    outer loop
      vertex 46.2122 17.7392 0
      vertex 49.4798 18.9935 0
      vertex 48.4179 21.557 0
    endloop
  endfacet
  facet normal 0 0 1
    outer loop
      vertex 51.1941 13.7174 0
      vertex 47.8133 12.8115 0
      vertex 48.4183 10.2916 0
    endloop
  endfacet
  facet normal 0 0 1
    outer loop
      vertex 45.2205 20.1335 0
      vertex 48.4179 21.557 0
      vertex 47.2233 24.0615 0
    endloop
  endfacet
  facet normal 0 0 1
    outer loop
      vertex 50.406 16.3779 0
      vertex 47.0773 15.2963 0
      vertex 47.8133 12.8115 0
    endloop
  endfacet
  facet normal 0 0 1
    outer loop
      vertex 49.4798 18.9935 0
      vertex 46.2122 17.7392 0
      vertex 47.0773 15.2963 0
    endloop
  endfacet
  facet normal 0 0 1
    outer loop
      vertex 44.1048 22.4725 0
      vertex 47.2233 24.0615 0
      vertex 45.8993 26.5 0
    endloop
  endfacet
  facet normal 0 0 1
    outer loop
      vertex 48.4179 21.557 0
      vertex 45.2205 20.1335 0
      vertex 46.2122 17.7392 0
    endloop
  endfacet
  facet normal 0 0 1
    outer loop
      vertex 42.8683 24.75 0
      vertex 45.8993 26.5 0
      vertex 44.4495 28.8659 0
    endloop
  endfacet
  facet normal 0 0 1
    outer loop
      vertex 47.2233 24.0615 0
      vertex 44.1048 22.4725 0
      vertex 45.2205 20.1335 0
    endloop
  endfacet
  facet normal 0 0 1
    outer loop
      vertex 41.5142 26.9596 0
      vertex 44.4495 28.8659 0
      vertex 42.8779 31.1526 0
    endloop
  endfacet
  facet normal 0 0 1
    outer loop
      vertex 45.8993 26.5 0
      vertex 42.8683 24.75 0
      vertex 44.1048 22.4725 0
    endloop
  endfacet
  facet normal 0 0 1
    outer loop
      vertex 44.4495 28.8659 0
      vertex 41.5142 26.9596 0
      vertex 42.8683 24.75 0
    endloop
  endfacet
  facet normal 0 0 1
    outer loop
      vertex 40.0463 29.0954 0
      vertex 42.8779 31.1526 0
      vertex 41.1887 33.354 0
    endloop
  endfacet
  facet normal 0 0 1
    outer loop
      vertex 42.8779 31.1526 0
      vertex 40.0463 29.0954 0
      vertex 41.5142 26.9596 0
    endloop
  endfacet
  facet normal 0 0 1
    outer loop
      vertex 38.4687 31.1514 0
      vertex 41.1887 33.354 0
      vertex 39.3867 35.4639 0
    endloop
  endfacet
  facet normal 0 0 1
    outer loop
      vertex 41.1887 33.354 0
      vertex 38.4687 31.1514 0
      vertex 40.0463 29.0954 0
    endloop
  endfacet
  facet normal 0 0 1
    outer loop
      vertex 36.7857 33.122 0
      vertex 39.3867 35.4639 0
      vertex 37.4767 37.4767 0
    endloop
  endfacet
  facet normal 0 0 1
    outer loop
      vertex 39.3867 35.4639 0
      vertex 36.7857 33.122 0
      vertex 38.4687 31.1514 0
    endloop
  endfacet
  facet normal 0 0 1
    outer loop
      vertex 35.0018 35.0018 0
      vertex 37.4767 37.4767 0
      vertex 35.4639 39.3867 0
    endloop
  endfacet
  facet normal 0 0 1
    outer loop
      vertex 37.4767 37.4767 0
      vertex 35.0018 35.0018 0
      vertex 36.7857 33.122 0
    endloop
  endfacet
  facet normal 0 0 1
    outer loop
      vertex 33.122 36.7857 0
      vertex 35.4639 39.3867 0
      vertex 33.354 41.1887 0
    endloop
  endfacet
  facet normal 0 0 1
    outer loop
      vertex 35.4639 39.3867 0
      vertex 33.122 36.7857 0
      vertex 35.0018 35.0018 0
    endloop
  endfacet
  facet normal 0 0 1
    outer loop
      vertex 31.1514 38.4687 0
      vertex 33.354 41.1887 0
      vertex 31.1526 42.8779 0
    endloop
  endfacet
  facet normal 0 0 1
    outer loop
      vertex 33.354 41.1887 0
      vertex 31.1514 38.4687 0
      vertex 33.122 36.7857 0
    endloop
  endfacet
  facet normal 0 0 1
    outer loop
      vertex 31.1526 42.8779 0
      vertex 29.0954 40.0463 0
      vertex 31.1514 38.4687 0
    endloop
  endfacet
  facet normal 0 0 1
    outer loop
      vertex 28.8659 44.4495 0
      vertex 29.0954 40.0463 0
      vertex 31.1526 42.8779 0
    endloop
  endfacet
  facet normal 0 0 1
    outer loop
      vertex 28.8659 44.4495 0
      vertex 26.9596 41.5142 0
      vertex 29.0954 40.0463 0
    endloop
  endfacet
  facet normal 0 0 1
    outer loop
      vertex 26.5 45.8993 0
      vertex 26.9596 41.5142 0
      vertex 28.8659 44.4495 0
    endloop
  endfacet
  facet normal 0 0 1
    outer loop
      vertex 26.5 45.8993 0
      vertex 24.75 42.8683 0
      vertex 26.9596 41.5142 0
    endloop
  endfacet
  facet normal 0 0 1
    outer loop
      vertex 24.0615 47.2233 0
      vertex 24.75 42.8683 0
      vertex 26.5 45.8993 0
    endloop
  endfacet
  facet normal 0 0 1
    outer loop
      vertex 24.0615 47.2233 0
      vertex 22.4725 44.1048 0
      vertex 24.75 42.8683 0
    endloop
  endfacet
  facet normal 0 0 1
    outer loop
      vertex 21.557 48.4179 0
      vertex 22.4725 44.1048 0
      vertex 24.0615 47.2233 0
    endloop
  endfacet
  facet normal 0 0 1
    outer loop
      vertex 21.557 48.4179 0
      vertex 20.1335 45.2205 0
      vertex 22.4725 44.1048 0
    endloop
  endfacet
  facet normal 0 0 1
    outer loop
      vertex 18.9935 49.4798 0
      vertex 20.1335 45.2205 0
      vertex 21.557 48.4179 0
    endloop
  endfacet
  facet normal 0 0 1
    outer loop
      vertex 18.9935 49.4798 0
      vertex 17.7392 46.2122 0
      vertex 20.1335 45.2205 0
    endloop
  endfacet
  facet normal 0 0 1
    outer loop
      vertex 16.3779 50.406 0
      vertex 17.7392 46.2122 0
      vertex 18.9935 49.4798 0
    endloop
  endfacet
  facet normal 0 0 1
    outer loop
      vertex 16.3779 50.406 0
      vertex 15.2963 47.0773 0
      vertex 17.7392 46.2122 0
    endloop
  endfacet
  facet normal 0 0 1
    outer loop
      vertex 13.7174 51.1941 0
      vertex 15.2963 47.0773 0
      vertex 16.3779 50.406 0
    endloop
  endfacet
  facet normal 0 0 1
    outer loop
      vertex 13.7174 51.1941 0
      vertex 12.8115 47.8133 0
      vertex 15.2963 47.0773 0
    endloop
  endfacet
  facet normal 0 0 1
    outer loop
      vertex 11.0193 51.8418 0
      vertex 12.8115 47.8133 0
      vertex 13.7174 51.1941 0
    endloop
  endfacet
  facet normal 0 0 1
    outer loop
      vertex 11.0193 51.8418 0
      vertex 10.2916 48.4183 0
      vertex 12.8115 47.8133 0
    endloop
  endfacet
  facet normal 0 0 1
    outer loop
      vertex 8.29103 52.3475 0
      vertex 10.2916 48.4183 0
      vertex 11.0193 51.8418 0
    endloop
  endfacet
  facet normal 0 0 1
    outer loop
      vertex 8.29103 52.3475 0
      vertex 7.74351 48.8906 0
      vertex 10.2916 48.4183 0
    endloop
  endfacet
  facet normal 0 0 1
    outer loop
      vertex 5.54001 52.7097 0
      vertex 7.74351 48.8906 0
      vertex 8.29103 52.3475 0
    endloop
  endfacet
  facet normal 0 0 1
    outer loop
      vertex 5.54001 52.7097 0
      vertex 5.17416 49.2288 0
      vertex 7.74351 48.8906 0
    endloop
  endfacet
  facet normal 0 0 1
    outer loop
      vertex 2.77381 52.9274 0
      vertex 5.17416 49.2288 0
      vertex 5.54001 52.7097 0
    endloop
  endfacet
  facet normal 0 0 1
    outer loop
      vertex 2.77381 52.9274 0
      vertex 2.59063 49.4322 0
      vertex 5.17416 49.2288 0
    endloop
  endfacet
  facet normal 0 0 1
    outer loop
      vertex 0 53 0
      vertex 2.59063 49.4322 0
      vertex 2.77381 52.9274 0
    endloop
  endfacet
  facet normal 0 0 1
    outer loop
      vertex 0 53 0
      vertex 0 49.5 0
      vertex 2.59063 49.4322 0
    endloop
  endfacet
  facet normal 0 0 1
    outer loop
      vertex 0 53 0
      vertex -2.59063 49.4322 0
      vertex 0 49.5 0
    endloop
  endfacet
  facet normal -0 0 1
    outer loop
      vertex -2.77381 52.9274 0
      vertex -2.59063 49.4322 0
      vertex 0 53 0
    endloop
  endfacet
  facet normal 0 0 1
    outer loop
      vertex -2.77381 52.9274 0
      vertex -5.17416 49.2288 0
      vertex -2.59063 49.4322 0
    endloop
  endfacet
  facet normal -0 0 1
    outer loop
      vertex -5.54001 52.7097 0
      vertex -5.17416 49.2288 0
      vertex -2.77381 52.9274 0
    endloop
  endfacet
  facet normal 0 0 1
    outer loop
      vertex -5.54001 52.7097 0
      vertex -7.74351 48.8906 0
      vertex -5.17416 49.2288 0
    endloop
  endfacet
  facet normal -0 0 1
    outer loop
      vertex -8.29103 52.3475 0
      vertex -7.74351 48.8906 0
      vertex -5.54001 52.7097 0
    endloop
  endfacet
  facet normal 0 0 1
    outer loop
      vertex -8.29103 52.3475 0
      vertex -10.2916 48.4183 0
      vertex -7.74351 48.8906 0
    endloop
  endfacet
  facet normal -0 0 1
    outer loop
      vertex -11.0193 51.8418 0
      vertex -10.2916 48.4183 0
      vertex -8.29103 52.3475 0
    endloop
  endfacet
  facet normal 0 0 1
    outer loop
      vertex -11.0193 51.8418 0
      vertex -12.8115 47.8133 0
      vertex -10.2916 48.4183 0
    endloop
  endfacet
  facet normal -0 0 1
    outer loop
      vertex -13.7174 51.1941 0
      vertex -12.8115 47.8133 0
      vertex -11.0193 51.8418 0
    endloop
  endfacet
  facet normal 0 0 1
    outer loop
      vertex -13.7174 51.1941 0
      vertex -15.2963 47.0773 0
      vertex -12.8115 47.8133 0
    endloop
  endfacet
  facet normal -0 0 1
    outer loop
      vertex -16.3779 50.406 0
      vertex -15.2963 47.0773 0
      vertex -13.7174 51.1941 0
    endloop
  endfacet
  facet normal 0 0 1
    outer loop
      vertex -16.3779 50.406 0
      vertex -17.7392 46.2122 0
      vertex -15.2963 47.0773 0
    endloop
  endfacet
  facet normal -0 0 1
    outer loop
      vertex -18.9935 49.4798 0
      vertex -17.7392 46.2122 0
      vertex -16.3779 50.406 0
    endloop
  endfacet
  facet normal 0 0 1
    outer loop
      vertex -18.9935 49.4798 0
      vertex -20.1335 45.2205 0
      vertex -17.7392 46.2122 0
    endloop
  endfacet
  facet normal -0 0 1
    outer loop
      vertex -21.557 48.4179 0
      vertex -20.1335 45.2205 0
      vertex -18.9935 49.4798 0
    endloop
  endfacet
  facet normal 0 0 1
    outer loop
      vertex -21.557 48.4179 0
      vertex -22.4725 44.1048 0
      vertex -20.1335 45.2205 0
    endloop
  endfacet
  facet normal -0 0 1
    outer loop
      vertex -24.0615 47.2233 0
      vertex -22.4725 44.1048 0
      vertex -21.557 48.4179 0
    endloop
  endfacet
  facet normal 0 0 1
    outer loop
      vertex -24.0615 47.2233 0
      vertex -24.75 42.8683 0
      vertex -22.4725 44.1048 0
    endloop
  endfacet
  facet normal -0 0 1
    outer loop
      vertex -26.5 45.8993 0
      vertex -24.75 42.8683 0
      vertex -24.0615 47.2233 0
    endloop
  endfacet
  facet normal 0 0 1
    outer loop
      vertex -26.5 45.8993 0
      vertex -26.9596 41.5142 0
      vertex -24.75 42.8683 0
    endloop
  endfacet
  facet normal -0 0 1
    outer loop
      vertex -28.8659 44.4495 0
      vertex -26.9596 41.5142 0
      vertex -26.5 45.8993 0
    endloop
  endfacet
  facet normal 0 0 1
    outer loop
      vertex -28.8659 44.4495 0
      vertex -29.0954 40.0463 0
      vertex -26.9596 41.5142 0
    endloop
  endfacet
  facet normal -0 0 1
    outer loop
      vertex -31.1526 42.8779 0
      vertex -29.0954 40.0463 0
      vertex -28.8659 44.4495 0
    endloop
  endfacet
  facet normal 0 0 1
    outer loop
      vertex -29.0954 40.0463 0
      vertex -31.1526 42.8779 0
      vertex -31.1514 38.4687 0
    endloop
  endfacet
  facet normal -0 0 1
    outer loop
      vertex -33.354 41.1887 0
      vertex -31.1514 38.4687 0
      vertex -31.1526 42.8779 0
    endloop
  endfacet
  facet normal 0 0 1
    outer loop
      vertex -31.1514 38.4687 0
      vertex -33.354 41.1887 0
      vertex -33.122 36.7857 0
    endloop
  endfacet
  facet normal -0 0 1
    outer loop
      vertex -35.4639 39.3867 0
      vertex -33.122 36.7857 0
      vertex -33.354 41.1887 0
    endloop
  endfacet
  facet normal 0 0 1
    outer loop
      vertex -33.122 36.7857 0
      vertex -35.4639 39.3867 0
      vertex -35.0018 35.0018 0
    endloop
  endfacet
  facet normal -0 0 1
    outer loop
      vertex -37.4767 37.4767 0
      vertex -35.0018 35.0018 0
      vertex -35.4639 39.3867 0
    endloop
  endfacet
  facet normal 0 0 1
    outer loop
      vertex -35.0018 35.0018 0
      vertex -37.4767 37.4767 0
      vertex -36.7857 33.122 0
    endloop
  endfacet
  facet normal -0 0 1
    outer loop
      vertex -39.3867 35.4639 0
      vertex -36.7857 33.122 0
      vertex -37.4767 37.4767 0
    endloop
  endfacet
  facet normal 0 0 1
    outer loop
      vertex -36.7857 33.122 0
      vertex -39.3867 35.4639 0
      vertex -38.4687 31.1514 0
    endloop
  endfacet
  facet normal -0 0 1
    outer loop
      vertex -41.1887 33.354 0
      vertex -38.4687 31.1514 0
      vertex -39.3867 35.4639 0
    endloop
  endfacet
  facet normal 0 0 1
    outer loop
      vertex -38.4687 31.1514 0
      vertex -41.1887 33.354 0
      vertex -40.0463 29.0954 0
    endloop
  endfacet
  facet normal -0 0 1
    outer loop
      vertex -42.8779 31.1526 0
      vertex -40.0463 29.0954 0
      vertex -41.1887 33.354 0
    endloop
  endfacet
  facet normal 0 0 1
    outer loop
      vertex -40.0463 29.0954 0
      vertex -42.8779 31.1526 0
      vertex -41.5142 26.9596 0
    endloop
  endfacet
  facet normal -0 0 1
    outer loop
      vertex -44.4495 28.8659 0
      vertex -41.5142 26.9596 0
      vertex -42.8779 31.1526 0
    endloop
  endfacet
  facet normal 0 0 1
    outer loop
      vertex -41.5142 26.9596 0
      vertex -44.4495 28.8659 0
      vertex -42.8683 24.75 0
    endloop
  endfacet
  facet normal -0 0 1
    outer loop
      vertex -45.8993 26.5 0
      vertex -42.8683 24.75 0
      vertex -44.4495 28.8659 0
    endloop
  endfacet
  facet normal 0 0 1
    outer loop
      vertex -42.8683 24.75 0
      vertex -45.8993 26.5 0
      vertex -44.1048 22.4725 0
    endloop
  endfacet
  facet normal -0 0 1
    outer loop
      vertex -47.2233 24.0615 0
      vertex -44.1048 22.4725 0
      vertex -45.8993 26.5 0
    endloop
  endfacet
  facet normal 0 0 1
    outer loop
      vertex -44.1048 22.4725 0
      vertex -47.2233 24.0615 0
      vertex -45.2205 20.1335 0
    endloop
  endfacet
  facet normal -0 0 1
    outer loop
      vertex -48.4179 21.557 0
      vertex -45.2205 20.1335 0
      vertex -47.2233 24.0615 0
    endloop
  endfacet
  facet normal 0 0 1
    outer loop
      vertex -45.2205 20.1335 0
      vertex -48.4179 21.557 0
      vertex -46.2122 17.7392 0
    endloop
  endfacet
  facet normal -0 0 1
    outer loop
      vertex -49.4798 18.9935 0
      vertex -46.2122 17.7392 0
      vertex -48.4179 21.557 0
    endloop
  endfacet
  facet normal 0 0 1
    outer loop
      vertex -46.2122 17.7392 0
      vertex -49.4798 18.9935 0
      vertex -47.0773 15.2963 0
    endloop
  endfacet
  facet normal -0 0 1
    outer loop
      vertex -50.406 16.3779 0
      vertex -47.0773 15.2963 0
      vertex -49.4798 18.9935 0
    endloop
  endfacet
  facet normal 0 0 1
    outer loop
      vertex -47.0773 15.2963 0
      vertex -50.406 16.3779 0
      vertex -47.8133 12.8115 0
    endloop
  endfacet
  facet normal -0 0 1
    outer loop
      vertex -51.1941 13.7174 0
      vertex -47.8133 12.8115 0
      vertex -50.406 16.3779 0
    endloop
  endfacet
  facet normal 0 0 1
    outer loop
      vertex -47.8133 12.8115 0
      vertex -51.1941 13.7174 0
      vertex -48.4183 10.2916 0
    endloop
  endfacet
  facet normal -0 0 1
    outer loop
      vertex -51.8418 11.0193 0
      vertex -48.4183 10.2916 0
      vertex -51.1941 13.7174 0
    endloop
  endfacet
  facet normal 0 0 1
    outer loop
      vertex -48.4183 10.2916 0
      vertex -51.8418 11.0193 0
      vertex -48.8906 7.74351 0
    endloop
  endfacet
  facet normal -0 0 1
    outer loop
      vertex -52.3475 8.29103 0
      vertex -48.8906 7.74351 0
      vertex -51.8418 11.0193 0
    endloop
  endfacet
  facet normal 0 0 1
    outer loop
      vertex 52.3475 -8.29103 0
      vertex 48.8906 -7.74351 0
      vertex 51.8418 -11.0193 0
    endloop
  endfacet
  facet normal -0 0 1
    outer loop
      vertex 48.4183 -10.2916 0
      vertex 51.8418 -11.0193 0
      vertex 48.8906 -7.74351 0
    endloop
  endfacet
  facet normal 0 0 1
    outer loop
      vertex 51.8418 -11.0193 0
      vertex 48.4183 -10.2916 0
      vertex 51.1941 -13.7174 0
    endloop
  endfacet
  facet normal -0 0 1
    outer loop
      vertex 47.8133 -12.8115 0
      vertex 51.1941 -13.7174 0
      vertex 48.4183 -10.2916 0
    endloop
  endfacet
  facet normal 0 0 1
    outer loop
      vertex 51.1941 -13.7174 0
      vertex 47.8133 -12.8115 0
      vertex 50.406 -16.3779 0
    endloop
  endfacet
  facet normal -0 0 1
    outer loop
      vertex 47.0773 -15.2963 0
      vertex 50.406 -16.3779 0
      vertex 47.8133 -12.8115 0
    endloop
  endfacet
  facet normal 0 0 1
    outer loop
      vertex 50.406 -16.3779 0
      vertex 47.0773 -15.2963 0
      vertex 49.4798 -18.9935 0
    endloop
  endfacet
  facet normal -0 0 1
    outer loop
      vertex 46.2122 -17.7392 0
      vertex 49.4798 -18.9935 0
      vertex 47.0773 -15.2963 0
    endloop
  endfacet
  facet normal 0 0 1
    outer loop
      vertex 49.4798 -18.9935 0
      vertex 46.2122 -17.7392 0
      vertex 48.4179 -21.557 0
    endloop
  endfacet
  facet normal -0 0 1
    outer loop
      vertex 45.2205 -20.1335 0
      vertex 48.4179 -21.557 0
      vertex 46.2122 -17.7392 0
    endloop
  endfacet
  facet normal 0 0 1
    outer loop
      vertex 48.4179 -21.557 0
      vertex 45.2205 -20.1335 0
      vertex 47.2233 -24.0615 0
    endloop
  endfacet
  facet normal -0 0 1
    outer loop
      vertex 44.1048 -22.4725 0
      vertex 47.2233 -24.0615 0
      vertex 45.2205 -20.1335 0
    endloop
  endfacet
  facet normal 0 0 1
    outer loop
      vertex 47.2233 -24.0615 0
      vertex 44.1048 -22.4725 0
      vertex 45.8993 -26.5 0
    endloop
  endfacet
  facet normal -0 0 1
    outer loop
      vertex 42.8683 -24.75 0
      vertex 45.8993 -26.5 0
      vertex 44.1048 -22.4725 0
    endloop
  endfacet
  facet normal 0 0 1
    outer loop
      vertex 45.8993 -26.5 0
      vertex 42.8683 -24.75 0
      vertex 44.4495 -28.8659 0
    endloop
  endfacet
  facet normal -0 0 1
    outer loop
      vertex 41.5142 -26.9596 0
      vertex 44.4495 -28.8659 0
      vertex 42.8683 -24.75 0
    endloop
  endfacet
  facet normal 0 0 1
    outer loop
      vertex 44.4495 -28.8659 0
      vertex 41.5142 -26.9596 0
      vertex 42.8779 -31.1526 0
    endloop
  endfacet
  facet normal -0 0 1
    outer loop
      vertex 40.0463 -29.0954 0
      vertex 42.8779 -31.1526 0
      vertex 41.5142 -26.9596 0
    endloop
  endfacet
  facet normal 0 0 1
    outer loop
      vertex 42.8779 -31.1526 0
      vertex 40.0463 -29.0954 0
      vertex 41.1887 -33.354 0
    endloop
  endfacet
  facet normal -0 0 1
    outer loop
      vertex 38.4687 -31.1514 0
      vertex 41.1887 -33.354 0
      vertex 40.0463 -29.0954 0
    endloop
  endfacet
  facet normal 0 0 1
    outer loop
      vertex 41.1887 -33.354 0
      vertex 38.4687 -31.1514 0
      vertex 39.3867 -35.4639 0
    endloop
  endfacet
  facet normal -0 0 1
    outer loop
      vertex 36.7857 -33.122 0
      vertex 39.3867 -35.4639 0
      vertex 38.4687 -31.1514 0
    endloop
  endfacet
  facet normal 0 0 1
    outer loop
      vertex 39.3867 -35.4639 0
      vertex 36.7857 -33.122 0
      vertex 37.4767 -37.4767 0
    endloop
  endfacet
  facet normal -0 0 1
    outer loop
      vertex 35.0018 -35.0018 0
      vertex 37.4767 -37.4767 0
      vertex 36.7857 -33.122 0
    endloop
  endfacet
  facet normal 0 0 1
    outer loop
      vertex 37.4767 -37.4767 0
      vertex 35.0018 -35.0018 0
      vertex 35.4639 -39.3867 0
    endloop
  endfacet
  facet normal -0 0 1
    outer loop
      vertex 33.122 -36.7857 0
      vertex 35.4639 -39.3867 0
      vertex 35.0018 -35.0018 0
    endloop
  endfacet
  facet normal 0 0 1
    outer loop
      vertex 35.4639 -39.3867 0
      vertex 33.122 -36.7857 0
      vertex 33.354 -41.1887 0
    endloop
  endfacet
  facet normal -0 0 1
    outer loop
      vertex 31.1514 -38.4687 0
      vertex 33.354 -41.1887 0
      vertex 33.122 -36.7857 0
    endloop
  endfacet
  facet normal 0 0 1
    outer loop
      vertex 33.354 -41.1887 0
      vertex 31.1514 -38.4687 0
      vertex 31.1526 -42.8779 0
    endloop
  endfacet
  facet normal -0 0 1
    outer loop
      vertex 29.0954 -40.0463 0
      vertex 31.1526 -42.8779 0
      vertex 31.1514 -38.4687 0
    endloop
  endfacet
  facet normal 0 0 1
    outer loop
      vertex 29.0954 -40.0463 0
      vertex 28.8659 -44.4495 0
      vertex 31.1526 -42.8779 0
    endloop
  endfacet
  facet normal -0 0 1
    outer loop
      vertex 26.9596 -41.5142 0
      vertex 28.8659 -44.4495 0
      vertex 29.0954 -40.0463 0
    endloop
  endfacet
  facet normal 0 0 1
    outer loop
      vertex 26.9596 -41.5142 0
      vertex 26.5 -45.8993 0
      vertex 28.8659 -44.4495 0
    endloop
  endfacet
  facet normal -0 0 1
    outer loop
      vertex 24.75 -42.8683 0
      vertex 26.5 -45.8993 0
      vertex 26.9596 -41.5142 0
    endloop
  endfacet
  facet normal 0 0 1
    outer loop
      vertex 24.75 -42.8683 0
      vertex 24.0615 -47.2233 0
      vertex 26.5 -45.8993 0
    endloop
  endfacet
  facet normal -0 0 1
    outer loop
      vertex 22.4725 -44.1048 0
      vertex 24.0615 -47.2233 0
      vertex 24.75 -42.8683 0
    endloop
  endfacet
  facet normal 0 0 1
    outer loop
      vertex 22.4725 -44.1048 0
      vertex 21.557 -48.4179 0
      vertex 24.0615 -47.2233 0
    endloop
  endfacet
  facet normal -0 0 1
    outer loop
      vertex 20.1335 -45.2205 0
      vertex 21.557 -48.4179 0
      vertex 22.4725 -44.1048 0
    endloop
  endfacet
  facet normal 0 0 1
    outer loop
      vertex 20.1335 -45.2205 0
      vertex 18.9935 -49.4798 0
      vertex 21.557 -48.4179 0
    endloop
  endfacet
  facet normal -0 0 1
    outer loop
      vertex 17.7392 -46.2122 0
      vertex 18.9935 -49.4798 0
      vertex 20.1335 -45.2205 0
    endloop
  endfacet
  facet normal 0 0 1
    outer loop
      vertex 17.7392 -46.2122 0
      vertex 16.3779 -50.406 0
      vertex 18.9935 -49.4798 0
    endloop
  endfacet
  facet normal -0 0 1
    outer loop
      vertex 15.2963 -47.0773 0
      vertex 16.3779 -50.406 0
      vertex 17.7392 -46.2122 0
    endloop
  endfacet
  facet normal 0 0 1
    outer loop
      vertex 15.2963 -47.0773 0
      vertex 13.7174 -51.1941 0
      vertex 16.3779 -50.406 0
    endloop
  endfacet
  facet normal -0 0 1
    outer loop
      vertex 12.8115 -47.8133 0
      vertex 13.7174 -51.1941 0
      vertex 15.2963 -47.0773 0
    endloop
  endfacet
  facet normal 0 0 1
    outer loop
      vertex 12.8115 -47.8133 0
      vertex 11.0193 -51.8418 0
      vertex 13.7174 -51.1941 0
    endloop
  endfacet
  facet normal -0 0 1
    outer loop
      vertex 10.2916 -48.4183 0
      vertex 11.0193 -51.8418 0
      vertex 12.8115 -47.8133 0
    endloop
  endfacet
  facet normal 0 0 1
    outer loop
      vertex 10.2916 -48.4183 0
      vertex 8.29103 -52.3475 0
      vertex 11.0193 -51.8418 0
    endloop
  endfacet
  facet normal -0 0 1
    outer loop
      vertex 7.74351 -48.8906 0
      vertex 8.29103 -52.3475 0
      vertex 10.2916 -48.4183 0
    endloop
  endfacet
  facet normal 0 0 1
    outer loop
      vertex 7.74351 -48.8906 0
      vertex 5.54001 -52.7097 0
      vertex 8.29103 -52.3475 0
    endloop
  endfacet
  facet normal -0 0 1
    outer loop
      vertex 5.17416 -49.2288 0
      vertex 5.54001 -52.7097 0
      vertex 7.74351 -48.8906 0
    endloop
  endfacet
  facet normal 0 0 1
    outer loop
      vertex 5.17416 -49.2288 0
      vertex 2.77381 -52.9274 0
      vertex 5.54001 -52.7097 0
    endloop
  endfacet
  facet normal -0 0 1
    outer loop
      vertex 2.59063 -49.4322 0
      vertex 2.77381 -52.9274 0
      vertex 5.17416 -49.2288 0
    endloop
  endfacet
  facet normal -0 0 1
    outer loop
      vertex 0 -49.5 0
      vertex 2.77381 -52.9274 0
      vertex 2.59063 -49.4322 0
    endloop
  endfacet
  facet normal 0 0 1
    outer loop
      vertex 0 -49.5 0
      vertex 0 -53 0
      vertex 2.77381 -52.9274 0
    endloop
  endfacet
  facet normal 0 0 1
    outer loop
      vertex -2.59063 -49.4322 0
      vertex 0 -53 0
      vertex 0 -49.5 0
    endloop
  endfacet
  facet normal 0 0 1
    outer loop
      vertex -2.59063 -49.4322 0
      vertex -2.77381 -52.9274 0
      vertex 0 -53 0
    endloop
  endfacet
  facet normal 0 0 1
    outer loop
      vertex -5.17416 -49.2288 0
      vertex -2.77381 -52.9274 0
      vertex -2.59063 -49.4322 0
    endloop
  endfacet
  facet normal 0 0 1
    outer loop
      vertex -5.17416 -49.2288 0
      vertex -5.54001 -52.7097 0
      vertex -2.77381 -52.9274 0
    endloop
  endfacet
  facet normal 0 0 1
    outer loop
      vertex -7.74351 -48.8906 0
      vertex -5.54001 -52.7097 0
      vertex -5.17416 -49.2288 0
    endloop
  endfacet
  facet normal 0 0 1
    outer loop
      vertex -7.74351 -48.8906 0
      vertex -8.29103 -52.3475 0
      vertex -5.54001 -52.7097 0
    endloop
  endfacet
  facet normal 0 0 1
    outer loop
      vertex -10.2916 -48.4183 0
      vertex -8.29103 -52.3475 0
      vertex -7.74351 -48.8906 0
    endloop
  endfacet
  facet normal 0 0 1
    outer loop
      vertex -10.2916 -48.4183 0
      vertex -11.0193 -51.8418 0
      vertex -8.29103 -52.3475 0
    endloop
  endfacet
  facet normal 0 0 1
    outer loop
      vertex -12.8115 -47.8133 0
      vertex -11.0193 -51.8418 0
      vertex -10.2916 -48.4183 0
    endloop
  endfacet
  facet normal 0 0 1
    outer loop
      vertex -12.8115 -47.8133 0
      vertex -13.7174 -51.1941 0
      vertex -11.0193 -51.8418 0
    endloop
  endfacet
  facet normal 0 0 1
    outer loop
      vertex -15.2963 -47.0773 0
      vertex -13.7174 -51.1941 0
      vertex -12.8115 -47.8133 0
    endloop
  endfacet
  facet normal 0 0 1
    outer loop
      vertex -15.2963 -47.0773 0
      vertex -16.3779 -50.406 0
      vertex -13.7174 -51.1941 0
    endloop
  endfacet
  facet normal 0 0 1
    outer loop
      vertex -17.7392 -46.2122 0
      vertex -16.3779 -50.406 0
      vertex -15.2963 -47.0773 0
    endloop
  endfacet
  facet normal 0 0 1
    outer loop
      vertex -17.7392 -46.2122 0
      vertex -18.9935 -49.4798 0
      vertex -16.3779 -50.406 0
    endloop
  endfacet
  facet normal 0 0 1
    outer loop
      vertex -20.1335 -45.2205 0
      vertex -18.9935 -49.4798 0
      vertex -17.7392 -46.2122 0
    endloop
  endfacet
  facet normal 0 0 1
    outer loop
      vertex -20.1335 -45.2205 0
      vertex -21.557 -48.4179 0
      vertex -18.9935 -49.4798 0
    endloop
  endfacet
  facet normal 0 0 1
    outer loop
      vertex -22.4725 -44.1048 0
      vertex -21.557 -48.4179 0
      vertex -20.1335 -45.2205 0
    endloop
  endfacet
  facet normal 0 0 1
    outer loop
      vertex -22.4725 -44.1048 0
      vertex -24.0615 -47.2233 0
      vertex -21.557 -48.4179 0
    endloop
  endfacet
  facet normal 0 0 1
    outer loop
      vertex -24.75 -42.8683 0
      vertex -24.0615 -47.2233 0
      vertex -22.4725 -44.1048 0
    endloop
  endfacet
  facet normal 0 0 1
    outer loop
      vertex -24.75 -42.8683 0
      vertex -26.5 -45.8993 0
      vertex -24.0615 -47.2233 0
    endloop
  endfacet
  facet normal 0 0 1
    outer loop
      vertex -26.9596 -41.5142 0
      vertex -26.5 -45.8993 0
      vertex -24.75 -42.8683 0
    endloop
  endfacet
  facet normal 0 0 1
    outer loop
      vertex -26.9596 -41.5142 0
      vertex -28.8659 -44.4495 0
      vertex -26.5 -45.8993 0
    endloop
  endfacet
  facet normal 0 0 1
    outer loop
      vertex -29.0954 -40.0463 0
      vertex -28.8659 -44.4495 0
      vertex -26.9596 -41.5142 0
    endloop
  endfacet
  facet normal 0 0 1
    outer loop
      vertex -31.1526 -42.8779 0
      vertex -29.0954 -40.0463 0
      vertex -31.1514 -38.4687 0
    endloop
  endfacet
  facet normal 0 0 1
    outer loop
      vertex -29.0954 -40.0463 0
      vertex -31.1526 -42.8779 0
      vertex -28.8659 -44.4495 0
    endloop
  endfacet
  facet normal 0 0 1
    outer loop
      vertex -33.354 -41.1887 0
      vertex -31.1514 -38.4687 0
      vertex -33.122 -36.7857 0
    endloop
  endfacet
  facet normal 0 0 1
    outer loop
      vertex -31.1514 -38.4687 0
      vertex -33.354 -41.1887 0
      vertex -31.1526 -42.8779 0
    endloop
  endfacet
  facet normal 0 0 1
    outer loop
      vertex -35.4639 -39.3867 0
      vertex -33.122 -36.7857 0
      vertex -35.0018 -35.0018 0
    endloop
  endfacet
  facet normal 0 0 1
    outer loop
      vertex -33.122 -36.7857 0
      vertex -35.4639 -39.3867 0
      vertex -33.354 -41.1887 0
    endloop
  endfacet
  facet normal 0 0 1
    outer loop
      vertex -37.4767 -37.4767 0
      vertex -35.0018 -35.0018 0
      vertex -36.7857 -33.122 0
    endloop
  endfacet
  facet normal 0 0 1
    outer loop
      vertex -35.0018 -35.0018 0
      vertex -37.4767 -37.4767 0
      vertex -35.4639 -39.3867 0
    endloop
  endfacet
  facet normal 0 0 1
    outer loop
      vertex -39.3867 -35.4639 0
      vertex -36.7857 -33.122 0
      vertex -38.4687 -31.1514 0
    endloop
  endfacet
  facet normal 0 0 1
    outer loop
      vertex -36.7857 -33.122 0
      vertex -39.3867 -35.4639 0
      vertex -37.4767 -37.4767 0
    endloop
  endfacet
  facet normal 0 0 1
    outer loop
      vertex -41.1887 -33.354 0
      vertex -38.4687 -31.1514 0
      vertex -40.0463 -29.0954 0
    endloop
  endfacet
  facet normal 0 0 1
    outer loop
      vertex -38.4687 -31.1514 0
      vertex -41.1887 -33.354 0
      vertex -39.3867 -35.4639 0
    endloop
  endfacet
  facet normal 0 0 1
    outer loop
      vertex -42.8779 -31.1526 0
      vertex -40.0463 -29.0954 0
      vertex -41.5142 -26.9596 0
    endloop
  endfacet
  facet normal 0 0 1
    outer loop
      vertex -44.4495 -28.8659 0
      vertex -41.5142 -26.9596 0
      vertex -42.8683 -24.75 0
    endloop
  endfacet
  facet normal 0 0 1
    outer loop
      vertex -40.0463 -29.0954 0
      vertex -42.8779 -31.1526 0
      vertex -41.1887 -33.354 0
    endloop
  endfacet
  facet normal 0 0 1
    outer loop
      vertex -45.8993 -26.5 0
      vertex -42.8683 -24.75 0
      vertex -44.1048 -22.4725 0
    endloop
  endfacet
  facet normal 0 0 1
    outer loop
      vertex -41.5142 -26.9596 0
      vertex -44.4495 -28.8659 0
      vertex -42.8779 -31.1526 0
    endloop
  endfacet
  facet normal 0 0 1
    outer loop
      vertex -47.2233 -24.0615 0
      vertex -44.1048 -22.4725 0
      vertex -45.2205 -20.1335 0
    endloop
  endfacet
  facet normal 0 0 1
    outer loop
      vertex -42.8683 -24.75 0
      vertex -45.8993 -26.5 0
      vertex -44.4495 -28.8659 0
    endloop
  endfacet
  facet normal 0 0 1
    outer loop
      vertex -48.4179 -21.557 0
      vertex -45.2205 -20.1335 0
      vertex -46.2122 -17.7392 0
    endloop
  endfacet
  facet normal 0 0 1
    outer loop
      vertex -49.4798 -18.9935 0
      vertex -46.2122 -17.7392 0
      vertex -47.0773 -15.2963 0
    endloop
  endfacet
  facet normal 0 0 1
    outer loop
      vertex -44.1048 -22.4725 0
      vertex -47.2233 -24.0615 0
      vertex -45.8993 -26.5 0
    endloop
  endfacet
  facet normal 0 0 1
    outer loop
      vertex -50.406 -16.3779 0
      vertex -47.0773 -15.2963 0
      vertex -47.8133 -12.8115 0
    endloop
  endfacet
  facet normal 0 0 1
    outer loop
      vertex -45.2205 -20.1335 0
      vertex -48.4179 -21.557 0
      vertex -47.2233 -24.0615 0
    endloop
  endfacet
  facet normal 0 0 1
    outer loop
      vertex -51.1941 -13.7174 0
      vertex -47.8133 -12.8115 0
      vertex -48.4183 -10.2916 0
    endloop
  endfacet
  facet normal 0 0 1
    outer loop
      vertex -51.8418 -11.0193 0
      vertex -48.4183 -10.2916 0
      vertex -48.8906 -7.74351 0
    endloop
  endfacet
  facet normal 0 0 1
    outer loop
      vertex -52.3475 -8.29103 0
      vertex -48.8906 -7.74351 0
      vertex -49.2288 -5.17416 0
    endloop
  endfacet
  facet normal 0 0 1
    outer loop
      vertex -52.7097 -5.54001 0
      vertex -49.2288 -5.17416 0
      vertex -49.4322 -2.59063 0
    endloop
  endfacet
  facet normal 0 0 1
    outer loop
      vertex -46.2122 -17.7392 0
      vertex -49.4798 -18.9935 0
      vertex -48.4179 -21.557 0
    endloop
  endfacet
  facet normal 0 0 1
    outer loop
      vertex -52.9274 -2.77381 0
      vertex -49.4322 -2.59063 0
      vertex -49.5 0 0
    endloop
  endfacet
  facet normal 0 0 1
    outer loop
      vertex -48.8906 7.74351 0
      vertex -52.3475 8.29103 0
      vertex -49.2288 5.17416 0
    endloop
  endfacet
  facet normal 0 0 1
    outer loop
      vertex -47.0773 -15.2963 0
      vertex -50.406 -16.3779 0
      vertex -49.4798 -18.9935 0
    endloop
  endfacet
  facet normal -0 0 1
    outer loop
      vertex -52.7097 5.54001 0
      vertex -49.2288 5.17416 0
      vertex -52.3475 8.29103 0
    endloop
  endfacet
  facet normal 0 0 1
    outer loop
      vertex -47.8133 -12.8115 0
      vertex -51.1941 -13.7174 0
      vertex -50.406 -16.3779 0
    endloop
  endfacet
  facet normal 0 0 1
    outer loop
      vertex -49.2288 5.17416 0
      vertex -52.7097 5.54001 0
      vertex -49.4322 2.59063 0
    endloop
  endfacet
  facet normal 0 0 1
    outer loop
      vertex -48.4183 -10.2916 0
      vertex -51.8418 -11.0193 0
      vertex -51.1941 -13.7174 0
    endloop
  endfacet
  facet normal -0 0 1
    outer loop
      vertex -52.9274 2.77381 0
      vertex -49.4322 2.59063 0
      vertex -52.7097 5.54001 0
    endloop
  endfacet
  facet normal 0 0 1
    outer loop
      vertex -48.8906 -7.74351 0
      vertex -52.3475 -8.29103 0
      vertex -51.8418 -11.0193 0
    endloop
  endfacet
  facet normal 0 0 1
    outer loop
      vertex -49.4322 2.59063 0
      vertex -52.9274 2.77381 0
      vertex -49.5 0 0
    endloop
  endfacet
  facet normal 0 0 1
    outer loop
      vertex -49.2288 -5.17416 0
      vertex -52.7097 -5.54001 0
      vertex -52.3475 -8.29103 0
    endloop
  endfacet
  facet normal 0 0 1
    outer loop
      vertex -53 0 0
      vertex -49.5 0 0
      vertex -52.9274 2.77381 0
    endloop
  endfacet
  facet normal 0 0 1
    outer loop
      vertex -49.4322 -2.59063 0
      vertex -52.9274 -2.77381 0
      vertex -52.7097 -5.54001 0
    endloop
  endfacet
  facet normal 0 0 1
    outer loop
      vertex -49.5 0 0
      vertex -53 0 0
      vertex -52.9274 -2.77381 0
    endloop
  endfacet
  facet normal -0.983252 -0.182251 0
    outer loop
      vertex -51.8418 -11.0193 -30
      vertex -52.3475 -8.29103 0
      vertex -52.3475 -8.29103 -30
    endloop
  endfacet
  facet normal -0.983252 -0.182251 0
    outer loop
      vertex -52.3475 -8.29103 0
      vertex -51.8418 -11.0193 -30
      vertex -51.8418 -11.0193 0
    endloop
  endfacet
  facet normal -0.942645 0.333796 0
    outer loop
      vertex -50.406 16.3779 -30
      vertex -49.4798 18.9935 0
      vertex -49.4798 18.9935 -30
    endloop
  endfacet
  facet normal -0.942645 0.333796 0
    outer loop
      vertex -49.4798 18.9935 0
      vertex -50.406 16.3779 -30
      vertex -50.406 16.3779 0
    endloop
  endfacet
  facet normal 0.824127 -0.566405 0
    outer loop
      vertex 42.8779 -31.1526 0
      vertex 44.4495 -28.8659 -30
      vertex 44.4495 -28.8659 0
    endloop
  endfacet
  facet normal 0.824127 -0.566405 0
    outer loop
      vertex 44.4495 -28.8659 -30
      vertex 42.8779 -31.1526 0
      vertex 42.8779 -31.1526 -30
    endloop
  endfacet
  facet normal -0.608763 -0.793352 0
    outer loop
      vertex -33.354 -41.1887 -30
      vertex -31.1526 -42.8779 0
      vertex -33.354 -41.1887 0
    endloop
  endfacet
  facet normal -0.608763 -0.793352 -0
    outer loop
      vertex -31.1526 -42.8779 0
      vertex -33.354 -41.1887 -30
      vertex -31.1526 -42.8779 -30
    endloop
  endfacet
  facet normal 0.0784574 0.996917 -0
    outer loop
      vertex 5.54001 52.7097 -30
      vertex 2.77381 52.9274 0
      vertex 5.54001 52.7097 0
    endloop
  endfacet
  facet normal 0.0784574 0.996917 0
    outer loop
      vertex 2.77381 52.9274 0
      vertex 5.54001 52.7097 -30
      vertex 2.77381 52.9274 -30
    endloop
  endfacet
  facet normal 0.233426 0.972375 -0
    outer loop
      vertex 13.7174 51.1941 -30
      vertex 11.0193 51.8418 0
      vertex 13.7174 51.1941 0
    endloop
  endfacet
  facet normal 0.233426 0.972375 0
    outer loop
      vertex 11.0193 51.8418 0
      vertex 13.7174 51.1941 -30
      vertex 11.0193 51.8418 -30
    endloop
  endfacet
  facet normal 0.983252 -0.182251 0
    outer loop
      vertex 51.8418 -11.0193 0
      vertex 52.3475 -8.29103 -30
      vertex 52.3475 -8.29103 0
    endloop
  endfacet
  facet normal 0.983252 -0.182251 0
    outer loop
      vertex 52.3475 -8.29103 -30
      vertex 51.8418 -11.0193 0
      vertex 51.8418 -11.0193 -30
    endloop
  endfacet
  facet normal -0.902583 -0.430515 0
    outer loop
      vertex -47.2233 -24.0615 -30
      vertex -48.4179 -21.557 0
      vertex -48.4179 -21.557 -30
    endloop
  endfacet
  facet normal -0.902583 -0.430515 0
    outer loop
      vertex -48.4179 -21.557 0
      vertex -47.2233 -24.0615 -30
      vertex -47.2233 -24.0615 0
    endloop
  endfacet
  facet normal 0.824127 0.566405 0
    outer loop
      vertex 44.4495 28.8659 0
      vertex 42.8779 31.1526 -30
      vertex 42.8779 31.1526 0
    endloop
  endfacet
  facet normal 0.824127 0.566405 0
    outer loop
      vertex 42.8779 31.1526 -30
      vertex 44.4495 28.8659 0
      vertex 44.4495 28.8659 -30
    endloop
  endfacet
  facet normal -0.0261644 -0.999658 0
    outer loop
      vertex -2.77381 -52.9274 -30
      vertex 0 -53 0
      vertex -2.77381 -52.9274 0
    endloop
  endfacet
  facet normal -0.0261644 -0.999658 -0
    outer loop
      vertex 0 -53 0
      vertex -2.77381 -52.9274 -30
      vertex 0 -53 -30
    endloop
  endfacet
  facet normal 0.284023 -0.958817 0
    outer loop
      vertex 13.7174 -51.1941 -30
      vertex 16.3779 -50.406 0
      vertex 13.7174 -51.1941 0
    endloop
  endfacet
  facet normal 0.284023 -0.958817 0
    outer loop
      vertex 16.3779 -50.406 0
      vertex 13.7174 -51.1941 -30
      vertex 16.3779 -50.406 -30
    endloop
  endfacet
  facet normal 0.333796 0.942645 -0
    outer loop
      vertex 18.9935 49.4798 -30
      vertex 16.3779 50.406 0
      vertex 18.9935 49.4798 0
    endloop
  endfacet
  facet normal 0.333796 0.942645 0
    outer loop
      vertex 16.3779 50.406 0
      vertex 18.9935 49.4798 -30
      vertex 16.3779 50.406 -30
    endloop
  endfacet
  facet normal -0.0784574 -0.996917 0
    outer loop
      vertex -5.54001 -52.7097 -30
      vertex -2.77381 -52.9274 0
      vertex -5.54001 -52.7097 0
    endloop
  endfacet
  facet normal -0.0784574 -0.996917 -0
    outer loop
      vertex -2.77381 -52.9274 0
      vertex -5.54001 -52.7097 -30
      vertex -2.77381 -52.9274 -30
    endloop
  endfacet
  facet normal -0.477159 0.878817 0
    outer loop
      vertex -24.0615 47.2233 -30
      vertex -26.5 45.8993 0
      vertex -24.0615 47.2233 0
    endloop
  endfacet
  facet normal -0.477159 0.878817 0
    outer loop
      vertex -26.5 45.8993 0
      vertex -24.0615 47.2233 -30
      vertex -26.5 45.8993 -30
    endloop
  endfacet
  facet normal -0.522492 0.852644 0
    outer loop
      vertex -26.5 45.8993 -30
      vertex -28.8659 44.4495 0
      vertex -26.5 45.8993 0
    endloop
  endfacet
  facet normal -0.522492 0.852644 0
    outer loop
      vertex -28.8659 44.4495 0
      vertex -26.5 45.8993 -30
      vertex -28.8659 44.4495 -30
    endloop
  endfacet
  facet normal -0.983252 0.182251 0
    outer loop
      vertex -52.3475 8.29103 -30
      vertex -51.8418 11.0193 0
      vertex -51.8418 11.0193 -30
    endloop
  endfacet
  facet normal -0.983252 0.182251 0
    outer loop
      vertex -51.8418 11.0193 0
      vertex -52.3475 8.29103 -30
      vertex -52.3475 8.29103 0
    endloop
  endfacet
  facet normal -0.382703 -0.923871 0
    outer loop
      vertex -21.557 -48.4179 -30
      vertex -18.9935 -49.4798 0
      vertex -21.557 -48.4179 0
    endloop
  endfacet
  facet normal -0.382703 -0.923871 -0
    outer loop
      vertex -18.9935 -49.4798 0
      vertex -21.557 -48.4179 -30
      vertex -18.9935 -49.4798 -30
    endloop
  endfacet
  facet normal -0.477159 -0.878817 0
    outer loop
      vertex -26.5 -45.8993 -30
      vertex -24.0615 -47.2233 0
      vertex -26.5 -45.8993 0
    endloop
  endfacet
  facet normal -0.477159 -0.878817 -0
    outer loop
      vertex -24.0615 -47.2233 0
      vertex -26.5 -45.8993 -30
      vertex -24.0615 -47.2233 -30
    endloop
  endfacet
  facet normal 0 0 -1
    outer loop
      vertex 52.9274 -2.77381 -30
      vertex 52.9274 2.77381 -30
      vertex 53 0 -30
    endloop
  endfacet
  facet normal 0 0 -1
    outer loop
      vertex 52.7097 -5.54001 -30
      vertex 52.9274 2.77381 -30
      vertex 52.9274 -2.77381 -30
    endloop
  endfacet
  facet normal 0 0 -1
    outer loop
      vertex 52.7097 -5.54001 -30
      vertex 52.7097 5.54001 -30
      vertex 52.9274 2.77381 -30
    endloop
  endfacet
  facet normal 0 0 -1
    outer loop
      vertex 52.3475 -8.29103 -30
      vertex 52.7097 5.54001 -30
      vertex 52.7097 -5.54001 -30
    endloop
  endfacet
  facet normal 0 0 -1
    outer loop
      vertex 52.3475 -8.29103 -30
      vertex 52.3475 8.29103 -30
      vertex 52.7097 5.54001 -30
    endloop
  endfacet
  facet normal 0 0 -1
    outer loop
      vertex 51.8418 -11.0193 -30
      vertex 52.3475 8.29103 -30
      vertex 52.3475 -8.29103 -30
    endloop
  endfacet
  facet normal 0 0 -1
    outer loop
      vertex 51.8418 -11.0193 -30
      vertex 51.8418 11.0193 -30
      vertex 52.3475 8.29103 -30
    endloop
  endfacet
  facet normal 0 0 -1
    outer loop
      vertex 51.1941 -13.7174 -30
      vertex 51.8418 11.0193 -30
      vertex 51.8418 -11.0193 -30
    endloop
  endfacet
  facet normal 0 0 -1
    outer loop
      vertex 51.1941 -13.7174 -30
      vertex 51.1941 13.7174 -30
      vertex 51.8418 11.0193 -30
    endloop
  endfacet
  facet normal 0 0 -1
    outer loop
      vertex 50.406 -16.3779 -30
      vertex 51.1941 13.7174 -30
      vertex 51.1941 -13.7174 -30
    endloop
  endfacet
  facet normal 0 0 -1
    outer loop
      vertex 50.406 -16.3779 -30
      vertex 50.406 16.3779 -30
      vertex 51.1941 13.7174 -30
    endloop
  endfacet
  facet normal 0 0 -1
    outer loop
      vertex 49.4798 -18.9935 -30
      vertex 50.406 16.3779 -30
      vertex 50.406 -16.3779 -30
    endloop
  endfacet
  facet normal 0 0 -1
    outer loop
      vertex 49.4798 -18.9935 -30
      vertex 49.4798 18.9935 -30
      vertex 50.406 16.3779 -30
    endloop
  endfacet
  facet normal 0 0 -1
    outer loop
      vertex 48.4179 -21.557 -30
      vertex 49.4798 18.9935 -30
      vertex 49.4798 -18.9935 -30
    endloop
  endfacet
  facet normal 0 0 -1
    outer loop
      vertex 48.4179 -21.557 -30
      vertex 48.4179 21.557 -30
      vertex 49.4798 18.9935 -30
    endloop
  endfacet
  facet normal 0 0 -1
    outer loop
      vertex 47.2233 -24.0615 -30
      vertex 48.4179 21.557 -30
      vertex 48.4179 -21.557 -30
    endloop
  endfacet
  facet normal 0 0 -1
    outer loop
      vertex 47.2233 -24.0615 -30
      vertex 47.2233 24.0615 -30
      vertex 48.4179 21.557 -30
    endloop
  endfacet
  facet normal 0 0 -1
    outer loop
      vertex 45.8993 -26.5 -30
      vertex 47.2233 24.0615 -30
      vertex 47.2233 -24.0615 -30
    endloop
  endfacet
  facet normal 0 0 -1
    outer loop
      vertex 45.8993 -26.5 -30
      vertex 45.8993 26.5 -30
      vertex 47.2233 24.0615 -30
    endloop
  endfacet
  facet normal 0 0 -1
    outer loop
      vertex 44.4495 -28.8659 -30
      vertex 45.8993 26.5 -30
      vertex 45.8993 -26.5 -30
    endloop
  endfacet
  facet normal 0 0 -1
    outer loop
      vertex 44.4495 -28.8659 -30
      vertex 44.4495 28.8659 -30
      vertex 45.8993 26.5 -30
    endloop
  endfacet
  facet normal 0 0 -1
    outer loop
      vertex 42.8779 -31.1526 -30
      vertex 44.4495 28.8659 -30
      vertex 44.4495 -28.8659 -30
    endloop
  endfacet
  facet normal 0 0 -1
    outer loop
      vertex 42.8779 -31.1526 -30
      vertex 42.8779 31.1526 -30
      vertex 44.4495 28.8659 -30
    endloop
  endfacet
  facet normal 0 0 -1
    outer loop
      vertex 41.1887 -33.354 -30
      vertex 42.8779 31.1526 -30
      vertex 42.8779 -31.1526 -30
    endloop
  endfacet
  facet normal 0 0 -1
    outer loop
      vertex 41.1887 -33.354 -30
      vertex 41.1887 33.354 -30
      vertex 42.8779 31.1526 -30
    endloop
  endfacet
  facet normal 0 0 -1
    outer loop
      vertex 39.3867 -35.4639 -30
      vertex 41.1887 33.354 -30
      vertex 41.1887 -33.354 -30
    endloop
  endfacet
  facet normal 0 0 -1
    outer loop
      vertex 39.3867 -35.4639 -30
      vertex 39.3867 35.4639 -30
      vertex 41.1887 33.354 -30
    endloop
  endfacet
  facet normal 0 0 -1
    outer loop
      vertex 37.4767 -37.4767 -30
      vertex 39.3867 35.4639 -30
      vertex 39.3867 -35.4639 -30
    endloop
  endfacet
  facet normal 0 0 -1
    outer loop
      vertex 37.4767 -37.4767 -30
      vertex 37.4767 37.4767 -30
      vertex 39.3867 35.4639 -30
    endloop
  endfacet
  facet normal 0 0 -1
    outer loop
      vertex 35.4639 -39.3867 -30
      vertex 37.4767 37.4767 -30
      vertex 37.4767 -37.4767 -30
    endloop
  endfacet
  facet normal 0 0 -1
    outer loop
      vertex 35.4639 -39.3867 -30
      vertex 35.4639 39.3867 -30
      vertex 37.4767 37.4767 -30
    endloop
  endfacet
  facet normal 0 0 -1
    outer loop
      vertex 33.354 -41.1887 -30
      vertex 35.4639 39.3867 -30
      vertex 35.4639 -39.3867 -30
    endloop
  endfacet
  facet normal 0 0 -1
    outer loop
      vertex 33.354 -41.1887 -30
      vertex 33.354 41.1887 -30
      vertex 35.4639 39.3867 -30
    endloop
  endfacet
  facet normal 0 0 -1
    outer loop
      vertex 31.1526 -42.8779 -30
      vertex 33.354 41.1887 -30
      vertex 33.354 -41.1887 -30
    endloop
  endfacet
  facet normal 0 0 -1
    outer loop
      vertex 31.1526 -42.8779 -30
      vertex 31.1526 42.8779 -30
      vertex 33.354 41.1887 -30
    endloop
  endfacet
  facet normal 0 0 -1
    outer loop
      vertex 28.8659 -44.4495 -30
      vertex 31.1526 42.8779 -30
      vertex 31.1526 -42.8779 -30
    endloop
  endfacet
  facet normal 0 0 -1
    outer loop
      vertex 28.8659 -44.4495 -30
      vertex 28.8659 44.4495 -30
      vertex 31.1526 42.8779 -30
    endloop
  endfacet
  facet normal 0 0 -1
    outer loop
      vertex 26.5 -45.8993 -30
      vertex 28.8659 44.4495 -30
      vertex 28.8659 -44.4495 -30
    endloop
  endfacet
  facet normal 0 0 -1
    outer loop
      vertex 26.5 -45.8993 -30
      vertex 26.5 45.8993 -30
      vertex 28.8659 44.4495 -30
    endloop
  endfacet
  facet normal 0 0 -1
    outer loop
      vertex 24.0615 -47.2233 -30
      vertex 26.5 45.8993 -30
      vertex 26.5 -45.8993 -30
    endloop
  endfacet
  facet normal 0 0 -1
    outer loop
      vertex 24.0615 -47.2233 -30
      vertex 24.0615 47.2233 -30
      vertex 26.5 45.8993 -30
    endloop
  endfacet
  facet normal 0 0 -1
    outer loop
      vertex 21.557 -48.4179 -30
      vertex 24.0615 47.2233 -30
      vertex 24.0615 -47.2233 -30
    endloop
  endfacet
  facet normal 0 0 -1
    outer loop
      vertex 21.557 -48.4179 -30
      vertex 21.557 48.4179 -30
      vertex 24.0615 47.2233 -30
    endloop
  endfacet
  facet normal 0 0 -1
    outer loop
      vertex 18.9935 -49.4798 -30
      vertex 21.557 48.4179 -30
      vertex 21.557 -48.4179 -30
    endloop
  endfacet
  facet normal 0 0 -1
    outer loop
      vertex 18.9935 -49.4798 -30
      vertex 18.9935 49.4798 -30
      vertex 21.557 48.4179 -30
    endloop
  endfacet
  facet normal 0 0 -1
    outer loop
      vertex 16.3779 -50.406 -30
      vertex 18.9935 49.4798 -30
      vertex 18.9935 -49.4798 -30
    endloop
  endfacet
  facet normal 0 0 -1
    outer loop
      vertex 16.3779 -50.406 -30
      vertex 16.3779 50.406 -30
      vertex 18.9935 49.4798 -30
    endloop
  endfacet
  facet normal 0 0 -1
    outer loop
      vertex 13.7174 -51.1941 -30
      vertex 16.3779 50.406 -30
      vertex 16.3779 -50.406 -30
    endloop
  endfacet
  facet normal 0 0 -1
    outer loop
      vertex 13.7174 -51.1941 -30
      vertex 13.7174 51.1941 -30
      vertex 16.3779 50.406 -30
    endloop
  endfacet
  facet normal 0 0 -1
    outer loop
      vertex 11.0193 -51.8418 -30
      vertex 13.7174 51.1941 -30
      vertex 13.7174 -51.1941 -30
    endloop
  endfacet
  facet normal 0 0 -1
    outer loop
      vertex 11.0193 -51.8418 -30
      vertex 11.0193 51.8418 -30
      vertex 13.7174 51.1941 -30
    endloop
  endfacet
  facet normal 0 0 -1
    outer loop
      vertex 8.29103 -52.3475 -30
      vertex 11.0193 51.8418 -30
      vertex 11.0193 -51.8418 -30
    endloop
  endfacet
  facet normal 0 0 -1
    outer loop
      vertex 8.29103 -52.3475 -30
      vertex 8.29103 52.3475 -30
      vertex 11.0193 51.8418 -30
    endloop
  endfacet
  facet normal 0 0 -1
    outer loop
      vertex 5.54001 -52.7097 -30
      vertex 8.29103 52.3475 -30
      vertex 8.29103 -52.3475 -30
    endloop
  endfacet
  facet normal 0 0 -1
    outer loop
      vertex 5.54001 -52.7097 -30
      vertex 5.54001 52.7097 -30
      vertex 8.29103 52.3475 -30
    endloop
  endfacet
  facet normal 0 0 -1
    outer loop
      vertex 2.77381 -52.9274 -30
      vertex 5.54001 52.7097 -30
      vertex 5.54001 -52.7097 -30
    endloop
  endfacet
  facet normal 0 0 -1
    outer loop
      vertex 2.77381 -52.9274 -30
      vertex 2.77381 52.9274 -30
      vertex 5.54001 52.7097 -30
    endloop
  endfacet
  facet normal 0 0 -1
    outer loop
      vertex 0 -53 -30
      vertex 2.77381 52.9274 -30
      vertex 2.77381 -52.9274 -30
    endloop
  endfacet
  facet normal 0 0 -1
    outer loop
      vertex 0 -53 -30
      vertex 0 53 -30
      vertex 2.77381 52.9274 -30
    endloop
  endfacet
  facet normal 0 0 -1
    outer loop
      vertex -2.77381 -52.9274 -30
      vertex 0 53 -30
      vertex 0 -53 -30
    endloop
  endfacet
  facet normal 0 0 -1
    outer loop
      vertex -2.77381 -52.9274 -30
      vertex -2.77381 52.9274 -30
      vertex 0 53 -30
    endloop
  endfacet
  facet normal 0 0 -1
    outer loop
      vertex -5.54001 -52.7097 -30
      vertex -2.77381 52.9274 -30
      vertex -2.77381 -52.9274 -30
    endloop
  endfacet
  facet normal 0 0 -1
    outer loop
      vertex -5.54001 -52.7097 -30
      vertex -5.54001 52.7097 -30
      vertex -2.77381 52.9274 -30
    endloop
  endfacet
  facet normal 0 0 -1
    outer loop
      vertex -8.29103 -52.3475 -30
      vertex -5.54001 52.7097 -30
      vertex -5.54001 -52.7097 -30
    endloop
  endfacet
  facet normal 0 0 -1
    outer loop
      vertex -8.29103 -52.3475 -30
      vertex -8.29103 52.3475 -30
      vertex -5.54001 52.7097 -30
    endloop
  endfacet
  facet normal 0 0 -1
    outer loop
      vertex -11.0193 -51.8418 -30
      vertex -8.29103 52.3475 -30
      vertex -8.29103 -52.3475 -30
    endloop
  endfacet
  facet normal 0 0 -1
    outer loop
      vertex -11.0193 -51.8418 -30
      vertex -11.0193 51.8418 -30
      vertex -8.29103 52.3475 -30
    endloop
  endfacet
  facet normal 0 0 -1
    outer loop
      vertex -13.7174 -51.1941 -30
      vertex -11.0193 51.8418 -30
      vertex -11.0193 -51.8418 -30
    endloop
  endfacet
  facet normal 0 0 -1
    outer loop
      vertex -13.7174 -51.1941 -30
      vertex -13.7174 51.1941 -30
      vertex -11.0193 51.8418 -30
    endloop
  endfacet
  facet normal 0 0 -1
    outer loop
      vertex -16.3779 -50.406 -30
      vertex -13.7174 51.1941 -30
      vertex -13.7174 -51.1941 -30
    endloop
  endfacet
  facet normal 0 0 -1
    outer loop
      vertex -16.3779 -50.406 -30
      vertex -16.3779 50.406 -30
      vertex -13.7174 51.1941 -30
    endloop
  endfacet
  facet normal 0 0 -1
    outer loop
      vertex -18.9935 -49.4798 -30
      vertex -16.3779 50.406 -30
      vertex -16.3779 -50.406 -30
    endloop
  endfacet
  facet normal 0 0 -1
    outer loop
      vertex -18.9935 -49.4798 -30
      vertex -18.9935 49.4798 -30
      vertex -16.3779 50.406 -30
    endloop
  endfacet
  facet normal 0 0 -1
    outer loop
      vertex -21.557 -48.4179 -30
      vertex -18.9935 49.4798 -30
      vertex -18.9935 -49.4798 -30
    endloop
  endfacet
  facet normal 0 0 -1
    outer loop
      vertex -21.557 -48.4179 -30
      vertex -21.557 48.4179 -30
      vertex -18.9935 49.4798 -30
    endloop
  endfacet
  facet normal 0 0 -1
    outer loop
      vertex -24.0615 -47.2233 -30
      vertex -21.557 48.4179 -30
      vertex -21.557 -48.4179 -30
    endloop
  endfacet
  facet normal 0 0 -1
    outer loop
      vertex -24.0615 -47.2233 -30
      vertex -24.0615 47.2233 -30
      vertex -21.557 48.4179 -30
    endloop
  endfacet
  facet normal 0 0 -1
    outer loop
      vertex -26.5 -45.8993 -30
      vertex -24.0615 47.2233 -30
      vertex -24.0615 -47.2233 -30
    endloop
  endfacet
  facet normal 0 0 -1
    outer loop
      vertex -26.5 -45.8993 -30
      vertex -26.5 45.8993 -30
      vertex -24.0615 47.2233 -30
    endloop
  endfacet
  facet normal 0 0 -1
    outer loop
      vertex -28.8659 -44.4495 -30
      vertex -26.5 45.8993 -30
      vertex -26.5 -45.8993 -30
    endloop
  endfacet
  facet normal 0 0 -1
    outer loop
      vertex -28.8659 -44.4495 -30
      vertex -28.8659 44.4495 -30
      vertex -26.5 45.8993 -30
    endloop
  endfacet
  facet normal 0 0 -1
    outer loop
      vertex -31.1526 -42.8779 -30
      vertex -28.8659 44.4495 -30
      vertex -28.8659 -44.4495 -30
    endloop
  endfacet
  facet normal 0 0 -1
    outer loop
      vertex -31.1526 -42.8779 -30
      vertex -31.1526 42.8779 -30
      vertex -28.8659 44.4495 -30
    endloop
  endfacet
  facet normal 0 0 -1
    outer loop
      vertex -33.354 -41.1887 -30
      vertex -31.1526 42.8779 -30
      vertex -31.1526 -42.8779 -30
    endloop
  endfacet
  facet normal 0 0 -1
    outer loop
      vertex -33.354 -41.1887 -30
      vertex -33.354 41.1887 -30
      vertex -31.1526 42.8779 -30
    endloop
  endfacet
  facet normal 0 0 -1
    outer loop
      vertex -35.4639 -39.3867 -30
      vertex -33.354 41.1887 -30
      vertex -33.354 -41.1887 -30
    endloop
  endfacet
  facet normal 0 0 -1
    outer loop
      vertex -35.4639 -39.3867 -30
      vertex -35.4639 39.3867 -30
      vertex -33.354 41.1887 -30
    endloop
  endfacet
  facet normal 0 0 -1
    outer loop
      vertex -37.4767 -37.4767 -30
      vertex -35.4639 39.3867 -30
      vertex -35.4639 -39.3867 -30
    endloop
  endfacet
  facet normal 0 0 -1
    outer loop
      vertex -37.4767 -37.4767 -30
      vertex -37.4767 37.4767 -30
      vertex -35.4639 39.3867 -30
    endloop
  endfacet
  facet normal 0 0 -1
    outer loop
      vertex -39.3867 -35.4639 -30
      vertex -37.4767 37.4767 -30
      vertex -37.4767 -37.4767 -30
    endloop
  endfacet
  facet normal 0 0 -1
    outer loop
      vertex -39.3867 -35.4639 -30
      vertex -39.3867 35.4639 -30
      vertex -37.4767 37.4767 -30
    endloop
  endfacet
  facet normal 0 0 -1
    outer loop
      vertex -41.1887 -33.354 -30
      vertex -39.3867 35.4639 -30
      vertex -39.3867 -35.4639 -30
    endloop
  endfacet
  facet normal 0 0 -1
    outer loop
      vertex -41.1887 -33.354 -30
      vertex -41.1887 33.354 -30
      vertex -39.3867 35.4639 -30
    endloop
  endfacet
  facet normal 0 0 -1
    outer loop
      vertex -42.8779 -31.1526 -30
      vertex -41.1887 33.354 -30
      vertex -41.1887 -33.354 -30
    endloop
  endfacet
  facet normal 0 0 -1
    outer loop
      vertex -42.8779 -31.1526 -30
      vertex -42.8779 31.1526 -30
      vertex -41.1887 33.354 -30
    endloop
  endfacet
  facet normal 0 0 -1
    outer loop
      vertex -44.4495 -28.8659 -30
      vertex -42.8779 31.1526 -30
      vertex -42.8779 -31.1526 -30
    endloop
  endfacet
  facet normal 0 0 -1
    outer loop
      vertex -44.4495 -28.8659 -30
      vertex -44.4495 28.8659 -30
      vertex -42.8779 31.1526 -30
    endloop
  endfacet
  facet normal 0 0 -1
    outer loop
      vertex -45.8993 -26.5 -30
      vertex -44.4495 28.8659 -30
      vertex -44.4495 -28.8659 -30
    endloop
  endfacet
  facet normal 0 0 -1
    outer loop
      vertex -45.8993 -26.5 -30
      vertex -45.8993 26.5 -30
      vertex -44.4495 28.8659 -30
    endloop
  endfacet
  facet normal 0 0 -1
    outer loop
      vertex -47.2233 -24.0615 -30
      vertex -45.8993 26.5 -30
      vertex -45.8993 -26.5 -30
    endloop
  endfacet
  facet normal 0 0 -1
    outer loop
      vertex -47.2233 -24.0615 -30
      vertex -47.2233 24.0615 -30
      vertex -45.8993 26.5 -30
    endloop
  endfacet
  facet normal 0 0 -1
    outer loop
      vertex -48.4179 -21.557 -30
      vertex -47.2233 24.0615 -30
      vertex -47.2233 -24.0615 -30
    endloop
  endfacet
  facet normal 0 0 -1
    outer loop
      vertex -48.4179 -21.557 -30
      vertex -48.4179 21.557 -30
      vertex -47.2233 24.0615 -30
    endloop
  endfacet
  facet normal 0 0 -1
    outer loop
      vertex -49.4798 -18.9935 -30
      vertex -48.4179 21.557 -30
      vertex -48.4179 -21.557 -30
    endloop
  endfacet
  facet normal 0 0 -1
    outer loop
      vertex -49.4798 -18.9935 -30
      vertex -49.4798 18.9935 -30
      vertex -48.4179 21.557 -30
    endloop
  endfacet
  facet normal 0 0 -1
    outer loop
      vertex -50.406 -16.3779 -30
      vertex -49.4798 18.9935 -30
      vertex -49.4798 -18.9935 -30
    endloop
  endfacet
  facet normal 0 0 -1
    outer loop
      vertex -50.406 -16.3779 -30
      vertex -50.406 16.3779 -30
      vertex -49.4798 18.9935 -30
    endloop
  endfacet
  facet normal 0 0 -1
    outer loop
      vertex -51.1941 -13.7174 -30
      vertex -50.406 16.3779 -30
      vertex -50.406 -16.3779 -30
    endloop
  endfacet
  facet normal 0 0 -1
    outer loop
      vertex -51.1941 -13.7174 -30
      vertex -51.1941 13.7174 -30
      vertex -50.406 16.3779 -30
    endloop
  endfacet
  facet normal 0 0 -1
    outer loop
      vertex -51.8418 -11.0193 -30
      vertex -51.1941 13.7174 -30
      vertex -51.1941 -13.7174 -30
    endloop
  endfacet
  facet normal 0 0 -1
    outer loop
      vertex -51.8418 -11.0193 -30
      vertex -51.8418 11.0193 -30
      vertex -51.1941 13.7174 -30
    endloop
  endfacet
  facet normal 0 0 -1
    outer loop
      vertex -52.3475 -8.29103 -30
      vertex -51.8418 11.0193 -30
      vertex -51.8418 -11.0193 -30
    endloop
  endfacet
  facet normal 0 0 -1
    outer loop
      vertex -52.3475 -8.29103 -30
      vertex -52.3475 8.29103 -30
      vertex -51.8418 11.0193 -30
    endloop
  endfacet
  facet normal 0 0 -1
    outer loop
      vertex -52.7097 -5.54001 -30
      vertex -52.3475 8.29103 -30
      vertex -52.3475 -8.29103 -30
    endloop
  endfacet
  facet normal 0 0 -1
    outer loop
      vertex -52.7097 -5.54001 -30
      vertex -52.7097 5.54001 -30
      vertex -52.3475 8.29103 -30
    endloop
  endfacet
  facet normal 0 0 -1
    outer loop
      vertex -52.9274 -2.77381 -30
      vertex -52.7097 5.54001 -30
      vertex -52.7097 -5.54001 -30
    endloop
  endfacet
  facet normal 0 0 -1
    outer loop
      vertex -52.9274 -2.77381 -30
      vertex -52.9274 2.77381 -30
      vertex -52.7097 5.54001 -30
    endloop
  endfacet
  facet normal 0 -0 -1
    outer loop
      vertex -52.9274 2.77381 -30
      vertex -52.9274 -2.77381 -30
      vertex -53 0 -30
    endloop
  endfacet
  facet normal -0.566405 -0.824127 0
    outer loop
      vertex -31.1526 -42.8779 -30
      vertex -28.8659 -44.4495 0
      vertex -31.1526 -42.8779 0
    endloop
  endfacet
  facet normal -0.566405 -0.824127 -0
    outer loop
      vertex -28.8659 -44.4495 0
      vertex -31.1526 -42.8779 -30
      vertex -28.8659 -44.4495 -30
    endloop
  endfacet
  facet normal 0.233455 0.972368 -0
    outer loop
      vertex -10.2916 -48.4183 -26
      vertex -12.8115 -47.8133 0
      vertex -10.2916 -48.4183 0
    endloop
  endfacet
  facet normal 0.233455 0.972368 0
    outer loop
      vertex -12.8115 -47.8133 0
      vertex -10.2916 -48.4183 -26
      vertex -12.8115 -47.8133 -26
    endloop
  endfacet
  facet normal -0.996915 -0.0784866 0
    outer loop
      vertex 49.4322 2.59063 -12
      vertex 49.2288 5.17416 0
      vertex 49.2288 5.17416 -12
    endloop
  endfacet
  facet normal -0.996915 -0.0784866 0
    outer loop
      vertex 49.2288 5.17416 0
      vertex 49.4322 2.59063 -12
      vertex 49.4322 2.59063 0
    endloop
  endfacet
  facet normal -0.999658 -0.0261623 0
    outer loop
      vertex 49.5 0 -12
      vertex 49.4322 2.59063 0
      vertex 49.4322 2.59063 -12
    endloop
  endfacet
  facet normal -0.999658 -0.0261623 0
    outer loop
      vertex 49.4322 2.59063 0
      vertex 49.5 0 -12
      vertex 49.5 0 0
    endloop
  endfacet
  facet normal -0.991442 -0.130546 -0
    outer loop
      vertex 48.9885 7 -12
      vertex 48.8906 7.74351 -26
      vertex 48.9885 7 -20
    endloop
  endfacet
  facet normal -0.991448 -0.130505 5.12581e-06
    outer loop
      vertex 49.1201 6 -26
      vertex 48.9885 7 -20
      vertex 48.8906 7.74351 -26
    endloop
  endfacet
  facet normal -0.991452 -0.130475 0
    outer loop
      vertex 48.9885 7 -20
      vertex 49.1201 6 -26
      vertex 49.1201 6 -20
    endloop
  endfacet
  facet normal -0.991442 -0.130546 0
    outer loop
      vertex 48.8906 7.74351 -26
      vertex 48.9885 7 -12
      vertex 48.8906 7.74351 0
    endloop
  endfacet
  facet normal -0.99145 -0.130485 -0
    outer loop
      vertex 49.2288 5.17416 0
      vertex 48.9885 7 -12
      vertex 49.2288 5.17416 -12
    endloop
  endfacet
  facet normal -0.991448 -0.130503 -2.71023e-06
    outer loop
      vertex 48.9885 7 -12
      vertex 49.2288 5.17416 0
      vertex 48.8906 7.74351 0
    endloop
  endfacet
  facet normal 0.725367 0.688362 0
    outer loop
      vertex -35.0018 -35.0018 0
      vertex -36.7857 -33.122 -26
      vertex -36.7857 -33.122 0
    endloop
  endfacet
  facet normal 0.725367 0.688362 0
    outer loop
      vertex -36.7857 -33.122 -26
      vertex -35.0018 -35.0018 0
      vertex -35.0018 -35.0018 -26
    endloop
  endfacet
  facet normal 0.382666 -0.923887 0
    outer loop
      vertex -20.1335 45.2205 -26
      vertex -17.7392 46.2122 0
      vertex -20.1335 45.2205 0
    endloop
  endfacet
  facet normal 0.382666 -0.923887 0
    outer loop
      vertex -17.7392 46.2122 0
      vertex -20.1335 45.2205 -26
      vertex -17.7392 46.2122 -26
    endloop
  endfacet
  facet normal 0.972368 0.233455 0
    outer loop
      vertex -47.8133 -12.8115 0
      vertex -48.4183 -10.2916 -26
      vertex -48.4183 -10.2916 0
    endloop
  endfacet
  facet normal 0.972368 0.233455 0
    outer loop
      vertex -48.4183 -10.2916 -26
      vertex -47.8133 -12.8115 0
      vertex -47.8133 -12.8115 -26
    endloop
  endfacet
  facet normal 0.430528 0.902577 -0
    outer loop
      vertex -20.1335 -45.2205 -26
      vertex -22.4725 -44.1048 0
      vertex -20.1335 -45.2205 0
    endloop
  endfacet
  facet normal 0.430528 0.902577 0
    outer loop
      vertex -22.4725 -44.1048 0
      vertex -20.1335 -45.2205 -26
      vertex -22.4725 -44.1048 -26
    endloop
  endfacet
  facet normal 0.991448 0.130503 0
    outer loop
      vertex -48.8906 -7.74351 0
      vertex -49.2288 -5.17416 -26
      vertex -49.2288 -5.17416 0
    endloop
  endfacet
  facet normal 0.991448 0.130503 0
    outer loop
      vertex -49.2288 -5.17416 -26
      vertex -48.8906 -7.74351 0
      vertex -48.8906 -7.74351 -26
    endloop
  endfacet
  facet normal 0.130503 0.991448 -0
    outer loop
      vertex -5.17416 -49.2288 -26
      vertex -7.74351 -48.8906 0
      vertex -5.17416 -49.2288 0
    endloop
  endfacet
  facet normal 0.130503 0.991448 0
    outer loop
      vertex -7.74351 -48.8906 0
      vertex -5.17416 -49.2288 -26
      vertex -7.74351 -48.8906 -26
    endloop
  endfacet
  facet normal 0.996915 0.0784866 0
    outer loop
      vertex -49.2288 -5.17416 0
      vertex -49.4322 -2.59063 -26
      vertex -49.4322 -2.59063 0
    endloop
  endfacet
  facet normal 0.996915 0.0784866 0
    outer loop
      vertex -49.4322 -2.59063 -26
      vertex -49.2288 -5.17416 0
      vertex -49.2288 -5.17416 -26
    endloop
  endfacet
  facet normal -0.902577 -0.430528 0
    outer loop
      vertex 45.2205 20.1335 -26
      vertex 44.1048 22.4725 0
      vertex 44.1048 22.4725 -26
    endloop
  endfacet
  facet normal -0.902577 -0.430528 0
    outer loop
      vertex 44.1048 22.4725 0
      vertex 45.2205 20.1335 -26
      vertex 45.2205 20.1335 0
    endloop
  endfacet
  facet normal -0.0784866 0.996915 0
    outer loop
      vertex 5.17416 -49.2288 -26
      vertex 2.59063 -49.4322 0
      vertex 5.17416 -49.2288 0
    endloop
  endfacet
  facet normal -0.0784866 0.996915 0
    outer loop
      vertex 2.59063 -49.4322 0
      vertex 5.17416 -49.2288 -26
      vertex 2.59063 -49.4322 -26
    endloop
  endfacet
  facet normal -0.18225 -0.983252 0
    outer loop
      vertex 7.74351 48.8906 -26
      vertex 10.2916 48.4183 0
      vertex 7.74351 48.8906 0
    endloop
  endfacet
  facet normal -0.18225 -0.983252 -0
    outer loop
      vertex 10.2916 48.4183 0
      vertex 7.74351 48.8906 -26
      vertex 10.2916 48.4183 -26
    endloop
  endfacet
  facet normal 0.18225 0.983252 -0
    outer loop
      vertex -7.74351 -48.8906 -26
      vertex -10.2916 -48.4183 0
      vertex -7.74351 -48.8906 0
    endloop
  endfacet
  facet normal 0.18225 0.983252 0
    outer loop
      vertex -10.2916 -48.4183 0
      vertex -7.74351 -48.8906 -26
      vertex -10.2916 -48.4183 -26
    endloop
  endfacet
  facet normal -0.972368 0.233455 0
    outer loop
      vertex 47.8133 -12.8115 -26
      vertex 48.4183 -10.2916 0
      vertex 48.4183 -10.2916 -26
    endloop
  endfacet
  facet normal -0.972368 0.233455 0
    outer loop
      vertex 48.4183 -10.2916 0
      vertex 47.8133 -12.8115 -26
      vertex 47.8133 -12.8115 0
    endloop
  endfacet
  facet normal 0.608756 -0.793358 0
    outer loop
      vertex -31.1514 38.4687 -26
      vertex -29.0954 40.0463 0
      vertex -31.1514 38.4687 0
    endloop
  endfacet
  facet normal 0.608756 -0.793358 0
    outer loop
      vertex -29.0954 40.0463 0
      vertex -31.1514 38.4687 -26
      vertex -29.0954 40.0463 -26
    endloop
  endfacet
  facet normal 0.983252 -0.18225 0
    outer loop
      vertex -48.8906 7.74351 0
      vertex -48.4183 10.2916 -26
      vertex -48.4183 10.2916 0
    endloop
  endfacet
  facet normal 0.983252 -0.18225 0
    outer loop
      vertex -48.4183 10.2916 -26
      vertex -48.8906 7.74351 0
      vertex -48.8906 7.74351 -26
    endloop
  endfacet
  facet normal -0.477134 -0.87883 0
    outer loop
      vertex 22.4725 44.1048 -26
      vertex 24.75 42.8683 0
      vertex 22.4725 44.1048 0
    endloop
  endfacet
  facet normal -0.477134 -0.87883 -0
    outer loop
      vertex 24.75 42.8683 0
      vertex 22.4725 44.1048 -26
      vertex 24.75 42.8683 -26
    endloop
  endfacet
  facet normal 0.688362 -0.725367 0
    outer loop
      vertex -35.0018 35.0018 -26
      vertex -33.122 36.7857 0
      vertex -35.0018 35.0018 0
    endloop
  endfacet
  facet normal 0.688362 -0.725367 0
    outer loop
      vertex -33.122 36.7857 0
      vertex -35.0018 35.0018 -26
      vertex -33.122 36.7857 -26
    endloop
  endfacet
  facet normal -0.233455 -0.972368 0
    outer loop
      vertex 10.2916 48.4183 -26
      vertex 12.8115 47.8133 0
      vertex 10.2916 48.4183 0
    endloop
  endfacet
  facet normal -0.233455 -0.972368 -0
    outer loop
      vertex 12.8115 47.8133 0
      vertex 10.2916 48.4183 -26
      vertex 12.8115 47.8133 -26
    endloop
  endfacet
  facet normal -0.923887 -0.382666 0
    outer loop
      vertex 46.2122 17.7392 -26
      vertex 45.2205 20.1335 0
      vertex 45.2205 20.1335 -26
    endloop
  endfacet
  facet normal -0.923887 -0.382666 0
    outer loop
      vertex 45.2205 20.1335 0
      vertex 46.2122 17.7392 -26
      vertex 46.2122 17.7392 0
    endloop
  endfacet
  facet normal 0.725367 -0.688362 0
    outer loop
      vertex -36.7857 33.122 0
      vertex -35.0018 35.0018 -26
      vertex -35.0018 35.0018 0
    endloop
  endfacet
  facet normal 0.725367 -0.688362 0
    outer loop
      vertex -35.0018 35.0018 -26
      vertex -36.7857 33.122 0
      vertex -36.7857 33.122 -26
    endloop
  endfacet
  facet normal 0.760416 -0.649437 0
    outer loop
      vertex -38.4687 31.1514 0
      vertex -36.7857 33.122 -26
      vertex -36.7857 33.122 0
    endloop
  endfacet
  facet normal 0.760416 -0.649437 0
    outer loop
      vertex -36.7857 33.122 -26
      vertex -38.4687 31.1514 0
      vertex -38.4687 31.1514 -26
    endloop
  endfacet
  facet normal 0.942639 0.333815 0
    outer loop
      vertex -46.2122 -17.7392 0
      vertex -47.0773 -15.2963 -26
      vertex -47.0773 -15.2963 0
    endloop
  endfacet
  facet normal 0.942639 0.333815 0
    outer loop
      vertex -47.0773 -15.2963 -26
      vertex -46.2122 -17.7392 0
      vertex -46.2122 -17.7392 -26
    endloop
  endfacet
  facet normal -0.942639 -0.333815 0
    outer loop
      vertex 47.0773 15.2963 -26
      vertex 46.2122 17.7392 0
      vertex 46.2122 17.7392 -26
    endloop
  endfacet
  facet normal -0.942639 -0.333815 0
    outer loop
      vertex 46.2122 17.7392 0
      vertex 47.0773 15.2963 -26
      vertex 47.0773 15.2963 0
    endloop
  endfacet
  facet normal -0.430528 0.902577 0
    outer loop
      vertex 22.4725 -44.1048 -26
      vertex 20.1335 -45.2205 0
      vertex 22.4725 -44.1048 0
    endloop
  endfacet
  facet normal -0.430528 0.902577 0
    outer loop
      vertex 20.1335 -45.2205 0
      vertex 22.4725 -44.1048 -26
      vertex 20.1335 -45.2205 -26
    endloop
  endfacet
  facet normal -0.958823 -0.284004 0
    outer loop
      vertex 47.8133 12.8115 -26
      vertex 47.0773 15.2963 0
      vertex 47.0773 15.2963 -26
    endloop
  endfacet
  facet normal -0.958823 -0.284004 0
    outer loop
      vertex 47.0773 15.2963 0
      vertex 47.8133 12.8115 -26
      vertex 47.8133 12.8115 0
    endloop
  endfacet
  facet normal 0.999658 0.0261623 0
    outer loop
      vertex -49.4322 -2.59063 0
      vertex -49.5 0 -26
      vertex -49.5 0 0
    endloop
  endfacet
  facet normal 0.999658 0.0261623 0
    outer loop
      vertex -49.5 0 -26
      vertex -49.4322 -2.59063 0
      vertex -49.4322 -2.59063 -26
    endloop
  endfacet
  facet normal 0.18225 -0.983252 0
    outer loop
      vertex -10.2916 48.4183 -26
      vertex -7.74351 48.8906 0
      vertex -10.2916 48.4183 0
    endloop
  endfacet
  facet normal 0.18225 -0.983252 0
    outer loop
      vertex -7.74351 48.8906 0
      vertex -10.2916 48.4183 -26
      vertex -7.74351 48.8906 -26
    endloop
  endfacet
  facet normal -0.725367 -0.688362 0
    outer loop
      vertex 36.7857 33.122 -26
      vertex 35.0018 35.0018 0
      vertex 35.0018 35.0018 -26
    endloop
  endfacet
  facet normal -0.725367 -0.688362 0
    outer loop
      vertex 35.0018 35.0018 0
      vertex 36.7857 33.122 -26
      vertex 36.7857 33.122 0
    endloop
  endfacet
  facet normal 0.333815 -0.942639 0
    outer loop
      vertex -17.7392 46.2122 -26
      vertex -15.2963 47.0773 0
      vertex -17.7392 46.2122 0
    endloop
  endfacet
  facet normal 0.333815 -0.942639 0
    outer loop
      vertex -15.2963 47.0773 0
      vertex -17.7392 46.2122 -26
      vertex -15.2963 47.0773 -26
    endloop
  endfacet
  facet normal -0.942639 0.333815 0
    outer loop
      vertex 46.2122 -17.7392 -26
      vertex 47.0773 -15.2963 0
      vertex 47.0773 -15.2963 -26
    endloop
  endfacet
  facet normal -0.942639 0.333815 0
    outer loop
      vertex 47.0773 -15.2963 0
      vertex 46.2122 -17.7392 -26
      vertex 46.2122 -17.7392 0
    endloop
  endfacet
  facet normal 0.958823 -0.284004 0
    outer loop
      vertex -47.8133 12.8115 0
      vertex -47.0773 15.2963 -26
      vertex -47.0773 15.2963 0
    endloop
  endfacet
  facet normal 0.958823 -0.284004 0
    outer loop
      vertex -47.0773 15.2963 -26
      vertex -47.8133 12.8115 0
      vertex -47.8133 12.8115 -26
    endloop
  endfacet
  facet normal -0.430528 -0.902577 0
    outer loop
      vertex 20.1335 45.2205 -26
      vertex 22.4725 44.1048 0
      vertex 20.1335 45.2205 0
    endloop
  endfacet
  facet normal -0.430528 -0.902577 -0
    outer loop
      vertex 22.4725 44.1048 0
      vertex 20.1335 45.2205 -26
      vertex 22.4725 44.1048 -26
    endloop
  endfacet
  facet normal -0.649437 -0.760416 0
    outer loop
      vertex 31.1514 38.4687 -26
      vertex 33.122 36.7857 0
      vertex 31.1514 38.4687 0
    endloop
  endfacet
  facet normal -0.649437 -0.760416 -0
    outer loop
      vertex 33.122 36.7857 0
      vertex 31.1514 38.4687 -26
      vertex 33.122 36.7857 -26
    endloop
  endfacet
  facet normal -0.760416 0.649437 0
    outer loop
      vertex 36.7857 -33.122 -26
      vertex 38.4687 -31.1514 0
      vertex 38.4687 -31.1514 -26
    endloop
  endfacet
  facet normal -0.760416 0.649437 0
    outer loop
      vertex 38.4687 -31.1514 0
      vertex 36.7857 -33.122 -26
      vertex 36.7857 -33.122 0
    endloop
  endfacet
  facet normal -0.0784866 -0.996915 0
    outer loop
      vertex 2.59063 49.4322 -26
      vertex 5.17416 49.2288 0
      vertex 2.59063 49.4322 0
    endloop
  endfacet
  facet normal -0.0784866 -0.996915 -0
    outer loop
      vertex 5.17416 49.2288 0
      vertex 2.59063 49.4322 -26
      vertex 5.17416 49.2288 -26
    endloop
  endfacet
  facet normal 0.87883 0.477134 0
    outer loop
      vertex -42.8683 -24.75 0
      vertex -44.1048 -22.4725 -26
      vertex -44.1048 -22.4725 0
    endloop
  endfacet
  facet normal 0.87883 0.477134 0
    outer loop
      vertex -44.1048 -22.4725 -26
      vertex -42.8683 -24.75 0
      vertex -42.8683 -24.75 -26
    endloop
  endfacet
  facet normal -0.0261623 0.999658 0
    outer loop
      vertex 2.59063 -49.4322 -26
      vertex 0 -49.5 0
      vertex 2.59063 -49.4322 0
    endloop
  endfacet
  facet normal -0.0261623 0.999658 0
    outer loop
      vertex 0 -49.5 0
      vertex 2.59063 -49.4322 -26
      vertex 0 -49.5 -26
    endloop
  endfacet
  facet normal -0.725367 0.688362 0
    outer loop
      vertex 35.0018 -35.0018 -26
      vertex 36.7857 -33.122 0
      vertex 36.7857 -33.122 -26
    endloop
  endfacet
  facet normal -0.725367 0.688362 0
    outer loop
      vertex 36.7857 -33.122 0
      vertex 35.0018 -35.0018 -26
      vertex 35.0018 -35.0018 0
    endloop
  endfacet
  facet normal 0.0261623 0.999658 -0
    outer loop
      vertex 0 -49.5 -26
      vertex -2.59063 -49.4322 0
      vertex 0 -49.5 0
    endloop
  endfacet
  facet normal 0.0261623 0.999658 0
    outer loop
      vertex -2.59063 -49.4322 0
      vertex 0 -49.5 -26
      vertex -2.59063 -49.4322 -26
    endloop
  endfacet
  facet normal -0.991452 0.130475 0
    outer loop
      vertex 49.1201 -6 -26
      vertex 48.9885 -7 -20
      vertex 49.1201 -6 -20
    endloop
  endfacet
  facet normal -0.991442 0.130546 0
    outer loop
      vertex 48.9885 -7 -20
      vertex 48.8906 -7.74351 -26
      vertex 48.9885 -7 -12
    endloop
  endfacet
  facet normal -0.991448 0.130505 5.12581e-06
    outer loop
      vertex 48.8906 -7.74351 -26
      vertex 48.9885 -7 -20
      vertex 49.1201 -6 -26
    endloop
  endfacet
  facet normal -0.99145 0.130485 0
    outer loop
      vertex 48.9885 -7 -12
      vertex 49.2288 -5.17416 0
      vertex 49.2288 -5.17416 -12
    endloop
  endfacet
  facet normal -0.991448 0.130503 -2.71023e-06
    outer loop
      vertex 48.9885 -7 -12
      vertex 48.8906 -7.74351 0
      vertex 49.2288 -5.17416 0
    endloop
  endfacet
  facet normal -0.991442 0.130546 0
    outer loop
      vertex 48.8906 -7.74351 0
      vertex 48.9885 -7 -12
      vertex 48.8906 -7.74351 -26
    endloop
  endfacet
  facet normal -0.688362 -0.725367 0
    outer loop
      vertex 33.122 36.7857 -26
      vertex 35.0018 35.0018 0
      vertex 33.122 36.7857 0
    endloop
  endfacet
  facet normal -0.688362 -0.725367 -0
    outer loop
      vertex 35.0018 35.0018 0
      vertex 33.122 36.7857 -26
      vertex 35.0018 35.0018 -26
    endloop
  endfacet
  facet normal -0.999658 0.0261623 0
    outer loop
      vertex 49.4322 -2.59063 -12
      vertex 49.5 0 0
      vertex 49.5 0 -12
    endloop
  endfacet
  facet normal -0.999658 0.0261623 0
    outer loop
      vertex 49.5 0 0
      vertex 49.4322 -2.59063 -12
      vertex 49.4322 -2.59063 0
    endloop
  endfacet
  facet normal -0.522514 -0.852631 0
    outer loop
      vertex 24.75 42.8683 -26
      vertex 26.9596 41.5142 0
      vertex 24.75 42.8683 0
    endloop
  endfacet
  facet normal -0.522514 -0.852631 -0
    outer loop
      vertex 26.9596 41.5142 0
      vertex 24.75 42.8683 -26
      vertex 26.9596 41.5142 -26
    endloop
  endfacet
  facet normal -0.824125 0.566408 0
    outer loop
      vertex 40.0463 -29.0954 -26
      vertex 41.5142 -26.9596 0
      vertex 41.5142 -26.9596 -26
    endloop
  endfacet
  facet normal -0.824125 0.566408 0
    outer loop
      vertex 41.5142 -26.9596 0
      vertex 40.0463 -29.0954 -26
      vertex 40.0463 -29.0954 0
    endloop
  endfacet
  facet normal 0.996915 -0.0784866 0
    outer loop
      vertex -49.4322 2.59063 0
      vertex -49.2288 5.17416 -26
      vertex -49.2288 5.17416 0
    endloop
  endfacet
  facet normal 0.996915 -0.0784866 0
    outer loop
      vertex -49.2288 5.17416 -26
      vertex -49.4322 2.59063 0
      vertex -49.4322 2.59063 -26
    endloop
  endfacet
  facet normal -0.852631 -0.522514 0
    outer loop
      vertex 42.8683 24.75 -26
      vertex 41.5142 26.9596 0
      vertex 41.5142 26.9596 -26
    endloop
  endfacet
  facet normal -0.852631 -0.522514 0
    outer loop
      vertex 41.5142 26.9596 0
      vertex 42.8683 24.75 -26
      vertex 42.8683 24.75 0
    endloop
  endfacet
  facet normal -0.130503 -0.991448 0
    outer loop
      vertex 5.17416 49.2288 -26
      vertex 7.74351 48.8906 0
      vertex 5.17416 49.2288 0
    endloop
  endfacet
  facet normal -0.130503 -0.991448 -0
    outer loop
      vertex 7.74351 48.8906 0
      vertex 5.17416 49.2288 -26
      vertex 7.74351 48.8906 -26
    endloop
  endfacet
  facet normal -0.923887 0.382666 0
    outer loop
      vertex 45.2205 -20.1335 -26
      vertex 46.2122 -17.7392 0
      vertex 46.2122 -17.7392 -26
    endloop
  endfacet
  facet normal -0.923887 0.382666 0
    outer loop
      vertex 46.2122 -17.7392 0
      vertex 45.2205 -20.1335 -26
      vertex 45.2205 -20.1335 0
    endloop
  endfacet
  facet normal -0.0261623 -0.999658 0
    outer loop
      vertex 0 49.5 -26
      vertex 2.59063 49.4322 0
      vertex 0 49.5 0
    endloop
  endfacet
  facet normal -0.0261623 -0.999658 -0
    outer loop
      vertex 2.59063 49.4322 0
      vertex 0 49.5 -26
      vertex 2.59063 49.4322 -26
    endloop
  endfacet
  facet normal 0.688362 0.725367 -0
    outer loop
      vertex -33.122 -36.7857 -26
      vertex -35.0018 -35.0018 0
      vertex -33.122 -36.7857 0
    endloop
  endfacet
  facet normal 0.688362 0.725367 0
    outer loop
      vertex -35.0018 -35.0018 0
      vertex -33.122 -36.7857 -26
      vertex -35.0018 -35.0018 -26
    endloop
  endfacet
  facet normal -0.760416 -0.649437 0
    outer loop
      vertex 38.4687 31.1514 -26
      vertex 36.7857 33.122 0
      vertex 36.7857 33.122 -26
    endloop
  endfacet
  facet normal -0.760416 -0.649437 0
    outer loop
      vertex 36.7857 33.122 0
      vertex 38.4687 31.1514 -26
      vertex 38.4687 31.1514 0
    endloop
  endfacet
  facet normal -0.333815 0.942639 0
    outer loop
      vertex 17.7392 -46.2122 -26
      vertex 15.2963 -47.0773 0
      vertex 17.7392 -46.2122 0
    endloop
  endfacet
  facet normal -0.333815 0.942639 0
    outer loop
      vertex 15.2963 -47.0773 0
      vertex 17.7392 -46.2122 -26
      vertex 15.2963 -47.0773 -26
    endloop
  endfacet
  facet normal -0.983252 0.18225 0
    outer loop
      vertex 48.4183 -10.2916 -26
      vertex 48.8906 -7.74351 0
      vertex 48.8906 -7.74351 -26
    endloop
  endfacet
  facet normal -0.983252 0.18225 0
    outer loop
      vertex 48.8906 -7.74351 0
      vertex 48.4183 -10.2916 -26
      vertex 48.4183 -10.2916 0
    endloop
  endfacet
  facet normal -0.87883 -0.477134 0
    outer loop
      vertex 44.1048 22.4725 -26
      vertex 42.8683 24.75 0
      vertex 42.8683 24.75 -26
    endloop
  endfacet
  facet normal -0.87883 -0.477134 0
    outer loop
      vertex 42.8683 24.75 0
      vertex 44.1048 22.4725 -26
      vertex 44.1048 22.4725 0
    endloop
  endfacet
  facet normal -0.333815 -0.942639 0
    outer loop
      vertex 15.2963 47.0773 -26
      vertex 17.7392 46.2122 0
      vertex 15.2963 47.0773 0
    endloop
  endfacet
  facet normal -0.333815 -0.942639 -0
    outer loop
      vertex 17.7392 46.2122 0
      vertex 15.2963 47.0773 -26
      vertex 17.7392 46.2122 -26
    endloop
  endfacet
  facet normal 0.902577 -0.430528 0
    outer loop
      vertex -45.2205 20.1335 0
      vertex -44.1048 22.4725 -26
      vertex -44.1048 22.4725 0
    endloop
  endfacet
  facet normal 0.902577 -0.430528 0
    outer loop
      vertex -44.1048 22.4725 -26
      vertex -45.2205 20.1335 0
      vertex -45.2205 20.1335 -26
    endloop
  endfacet
  facet normal -0.958823 0.284004 0
    outer loop
      vertex 47.0773 -15.2963 -26
      vertex 47.8133 -12.8115 0
      vertex 47.8133 -12.8115 -26
    endloop
  endfacet
  facet normal -0.958823 0.284004 0
    outer loop
      vertex 47.8133 -12.8115 0
      vertex 47.0773 -15.2963 -26
      vertex 47.0773 -15.2963 0
    endloop
  endfacet
  facet normal 0.923887 0.382666 0
    outer loop
      vertex -45.2205 -20.1335 0
      vertex -46.2122 -17.7392 -26
      vertex -46.2122 -17.7392 0
    endloop
  endfacet
  facet normal 0.923887 0.382666 0
    outer loop
      vertex -46.2122 -17.7392 -26
      vertex -45.2205 -20.1335 0
      vertex -45.2205 -20.1335 -26
    endloop
  endfacet
  facet normal -0.477134 0.87883 0
    outer loop
      vertex 24.75 -42.8683 -26
      vertex 22.4725 -44.1048 0
      vertex 24.75 -42.8683 0
    endloop
  endfacet
  facet normal -0.477134 0.87883 0
    outer loop
      vertex 22.4725 -44.1048 0
      vertex 24.75 -42.8683 -26
      vertex 22.4725 -44.1048 -26
    endloop
  endfacet
  facet normal 0.0784866 0.996915 -0
    outer loop
      vertex -2.59063 -49.4322 -26
      vertex -5.17416 -49.2288 0
      vertex -2.59063 -49.4322 0
    endloop
  endfacet
  facet normal 0.0784866 0.996915 0
    outer loop
      vertex -5.17416 -49.2288 0
      vertex -2.59063 -49.4322 -26
      vertex -5.17416 -49.2288 -26
    endloop
  endfacet
  facet normal -0.608756 0.793358 0
    outer loop
      vertex 31.1514 -38.4687 -26
      vertex 29.0954 -40.0463 0
      vertex 31.1514 -38.4687 0
    endloop
  endfacet
  facet normal -0.608756 0.793358 0
    outer loop
      vertex 29.0954 -40.0463 0
      vertex 31.1514 -38.4687 -26
      vertex 29.0954 -40.0463 -26
    endloop
  endfacet
  facet normal -0.824125 -0.566408 0
    outer loop
      vertex 41.5142 26.9596 -26
      vertex 40.0463 29.0954 0
      vertex 40.0463 29.0954 -26
    endloop
  endfacet
  facet normal -0.824125 -0.566408 0
    outer loop
      vertex 40.0463 29.0954 0
      vertex 41.5142 26.9596 -26
      vertex 41.5142 26.9596 0
    endloop
  endfacet
  facet normal -0.522514 0.852631 0
    outer loop
      vertex 26.9596 -41.5142 -26
      vertex 24.75 -42.8683 0
      vertex 26.9596 -41.5142 0
    endloop
  endfacet
  facet normal -0.522514 0.852631 0
    outer loop
      vertex 24.75 -42.8683 0
      vertex 26.9596 -41.5142 -26
      vertex 24.75 -42.8683 -26
    endloop
  endfacet
  facet normal -0.983252 -0.18225 0
    outer loop
      vertex 48.8906 7.74351 -26
      vertex 48.4183 10.2916 0
      vertex 48.4183 10.2916 -26
    endloop
  endfacet
  facet normal -0.983252 -0.18225 0
    outer loop
      vertex 48.4183 10.2916 0
      vertex 48.8906 7.74351 -26
      vertex 48.8906 7.74351 0
    endloop
  endfacet
  facet normal -0.996915 0.0784866 0
    outer loop
      vertex 49.2288 -5.17416 -12
      vertex 49.4322 -2.59063 0
      vertex 49.4322 -2.59063 -12
    endloop
  endfacet
  facet normal -0.996915 0.0784866 0
    outer loop
      vertex 49.4322 -2.59063 0
      vertex 49.2288 -5.17416 -12
      vertex 49.2288 -5.17416 0
    endloop
  endfacet
  facet normal 0 0 1
    outer loop
      vertex 19.0745 6 -26
      vertex 48.8906 7.74351 -26
      vertex 48.4183 10.2916 -26
    endloop
  endfacet
  facet normal 0 0 1
    outer loop
      vertex 19.0745 6 -26
      vertex 48.4183 10.2916 -26
      vertex 47.8133 12.8115 -26
    endloop
  endfacet
  facet normal 0 0 1
    outer loop
      vertex 19.0745 6 -26
      vertex 47.8133 12.8115 -26
      vertex 47.0773 15.2963 -26
    endloop
  endfacet
  facet normal 0 0 1
    outer loop
      vertex 19.0211 6.18034 -26
      vertex 47.0773 15.2963 -26
      vertex 46.2122 17.7392 -26
    endloop
  endfacet
  facet normal 0 0 1
    outer loop
      vertex 18.6716 7.16736 -26
      vertex 46.2122 17.7392 -26
      vertex 45.2205 20.1335 -26
    endloop
  endfacet
  facet normal 0 0 1
    outer loop
      vertex 18.2709 8.13473 -26
      vertex 45.2205 20.1335 -26
      vertex 44.1048 22.4725 -26
    endloop
  endfacet
  facet normal 0 0 1
    outer loop
      vertex 17.8201 9.07981 -26
      vertex 44.1048 22.4725 -26
      vertex 42.8683 24.75 -26
    endloop
  endfacet
  facet normal 0 0 1
    outer loop
      vertex 17.3205 10 -26
      vertex 42.8683 24.75 -26
      vertex 41.5142 26.9596 -26
    endloop
  endfacet
  facet normal 0 0 1
    outer loop
      vertex 16.7734 10.8928 -26
      vertex 41.5142 26.9596 -26
      vertex 40.0463 29.0954 -26
    endloop
  endfacet
  facet normal 0 0 1
    outer loop
      vertex 16.1803 11.7557 -26
      vertex 40.0463 29.0954 -26
      vertex 38.4687 31.1514 -26
    endloop
  endfacet
  facet normal 0 0 1
    outer loop
      vertex 15.5429 12.5864 -26
      vertex 38.4687 31.1514 -26
      vertex 36.7857 33.122 -26
    endloop
  endfacet
  facet normal 0 0 1
    outer loop
      vertex 14.8629 13.3826 -26
      vertex 36.7857 33.122 -26
      vertex 35.0018 35.0018 -26
    endloop
  endfacet
  facet normal 0 0 1
    outer loop
      vertex 14.1421 14.1421 -26
      vertex 35.0018 35.0018 -26
      vertex 33.122 36.7857 -26
    endloop
  endfacet
  facet normal 0 0 1
    outer loop
      vertex 13.3826 14.8629 -26
      vertex 33.122 36.7857 -26
      vertex 31.1514 38.4687 -26
    endloop
  endfacet
  facet normal 0 0 1
    outer loop
      vertex 12.5864 15.5429 -26
      vertex 31.1514 38.4687 -26
      vertex 29.0954 40.0463 -26
    endloop
  endfacet
  facet normal 0 0 1
    outer loop
      vertex 11.7557 16.1803 -26
      vertex 29.0954 40.0463 -26
      vertex 26.9596 41.5142 -26
    endloop
  endfacet
  facet normal 0 0 1
    outer loop
      vertex 10.8928 16.7734 -26
      vertex 26.9596 41.5142 -26
      vertex 24.75 42.8683 -26
    endloop
  endfacet
  facet normal 0 0 1
    outer loop
      vertex 10 17.3205 -26
      vertex 24.75 42.8683 -26
      vertex 22.4725 44.1048 -26
    endloop
  endfacet
  facet normal 0 0 1
    outer loop
      vertex 9.07981 17.8201 -26
      vertex 22.4725 44.1048 -26
      vertex 20.1335 45.2205 -26
    endloop
  endfacet
  facet normal 0 0 1
    outer loop
      vertex 40.0463 29.0954 -26
      vertex 16.1803 11.7557 -26
      vertex 16.7734 10.8928 -26
    endloop
  endfacet
  facet normal 0 0 1
    outer loop
      vertex 48.8906 7.74351 -26
      vertex 19.0745 6 -26
      vertex 49.1201 6 -26
    endloop
  endfacet
  facet normal 0 0 1
    outer loop
      vertex 47.0773 15.2963 -26
      vertex 19.0211 6.18034 -26
      vertex 19.0745 6 -26
    endloop
  endfacet
  facet normal 0 0 1
    outer loop
      vertex 46.2122 17.7392 -26
      vertex 18.6716 7.16736 -26
      vertex 19.0211 6.18034 -26
    endloop
  endfacet
  facet normal 0 0 1
    outer loop
      vertex 45.2205 20.1335 -26
      vertex 18.2709 8.13473 -26
      vertex 18.6716 7.16736 -26
    endloop
  endfacet
  facet normal 0 0 1
    outer loop
      vertex 8.13473 18.2709 -26
      vertex 20.1335 45.2205 -26
      vertex 17.7392 46.2122 -26
    endloop
  endfacet
  facet normal 0 0 1
    outer loop
      vertex 44.1048 22.4725 -26
      vertex 17.8201 9.07981 -26
      vertex 18.2709 8.13473 -26
    endloop
  endfacet
  facet normal 0 0 1
    outer loop
      vertex 42.8683 24.75 -26
      vertex 17.3205 10 -26
      vertex 17.8201 9.07981 -26
    endloop
  endfacet
  facet normal 0 0 1
    outer loop
      vertex 41.5142 26.9596 -26
      vertex 16.7734 10.8928 -26
      vertex 17.3205 10 -26
    endloop
  endfacet
  facet normal 0 0 1
    outer loop
      vertex 38.4687 31.1514 -26
      vertex 15.5429 12.5864 -26
      vertex 16.1803 11.7557 -26
    endloop
  endfacet
  facet normal 0 0 1
    outer loop
      vertex 7.16736 18.6716 -26
      vertex 17.7392 46.2122 -26
      vertex 15.2963 47.0773 -26
    endloop
  endfacet
  facet normal 0 0 1
    outer loop
      vertex 36.7857 33.122 -26
      vertex 14.8629 13.3826 -26
      vertex 15.5429 12.5864 -26
    endloop
  endfacet
  facet normal 0 0 1
    outer loop
      vertex 35.0018 35.0018 -26
      vertex 14.1421 14.1421 -26
      vertex 14.8629 13.3826 -26
    endloop
  endfacet
  facet normal 0 0 1
    outer loop
      vertex 33.122 36.7857 -26
      vertex 13.3826 14.8629 -26
      vertex 14.1421 14.1421 -26
    endloop
  endfacet
  facet normal 0 0 1
    outer loop
      vertex 6.18034 19.0211 -26
      vertex 15.2963 47.0773 -26
      vertex 12.8115 47.8133 -26
    endloop
  endfacet
  facet normal 0 0 1
    outer loop
      vertex 31.1514 38.4687 -26
      vertex 12.5864 15.5429 -26
      vertex 13.3826 14.8629 -26
    endloop
  endfacet
  facet normal 0 0 1
    outer loop
      vertex 29.0954 40.0463 -26
      vertex 11.7557 16.1803 -26
      vertex 12.5864 15.5429 -26
    endloop
  endfacet
  facet normal 0 0 1
    outer loop
      vertex 26.9596 41.5142 -26
      vertex 10.8928 16.7734 -26
      vertex 11.7557 16.1803 -26
    endloop
  endfacet
  facet normal 0 0 1
    outer loop
      vertex 5.17638 19.3185 -26
      vertex 12.8115 47.8133 -26
      vertex 10.2916 48.4183 -26
    endloop
  endfacet
  facet normal 0 0 1
    outer loop
      vertex 24.75 42.8683 -26
      vertex 10 17.3205 -26
      vertex 10.8928 16.7734 -26
    endloop
  endfacet
  facet normal 0 0 1
    outer loop
      vertex 22.4725 44.1048 -26
      vertex 9.07981 17.8201 -26
      vertex 10 17.3205 -26
    endloop
  endfacet
  facet normal 0 0 1
    outer loop
      vertex 20.1335 45.2205 -26
      vertex 8.13473 18.2709 -26
      vertex 9.07981 17.8201 -26
    endloop
  endfacet
  facet normal 0 0 1
    outer loop
      vertex 4.15823 19.563 -26
      vertex 10.2916 48.4183 -26
      vertex 7.74351 48.8906 -26
    endloop
  endfacet
  facet normal 0 0 1
    outer loop
      vertex 17.7392 46.2122 -26
      vertex 7.16736 18.6716 -26
      vertex 8.13473 18.2709 -26
    endloop
  endfacet
  facet normal 0 0 1
    outer loop
      vertex 15.2963 47.0773 -26
      vertex 6.18034 19.0211 -26
      vertex 7.16736 18.6716 -26
    endloop
  endfacet
  facet normal 0 0 1
    outer loop
      vertex 12.8115 47.8133 -26
      vertex 5.17638 19.3185 -26
      vertex 6.18034 19.0211 -26
    endloop
  endfacet
  facet normal 0 0 1
    outer loop
      vertex 3.12869 19.7538 -26
      vertex 7.74351 48.8906 -26
      vertex 5.17416 49.2288 -26
    endloop
  endfacet
  facet normal 0 0 1
    outer loop
      vertex 10.2916 48.4183 -26
      vertex 4.15823 19.563 -26
      vertex 5.17638 19.3185 -26
    endloop
  endfacet
  facet normal 0 0 1
    outer loop
      vertex 7.74351 48.8906 -26
      vertex 3.12869 19.7538 -26
      vertex 4.15823 19.563 -26
    endloop
  endfacet
  facet normal 0 0 1
    outer loop
      vertex 2.09057 19.8904 -26
      vertex 5.17416 49.2288 -26
      vertex 2.59063 49.4322 -26
    endloop
  endfacet
  facet normal 0 0 1
    outer loop
      vertex 5.17416 49.2288 -26
      vertex 2.09057 19.8904 -26
      vertex 3.12869 19.7538 -26
    endloop
  endfacet
  facet normal 0 0 1
    outer loop
      vertex 2.59063 49.4322 -26
      vertex 1.04672 19.9726 -26
      vertex 2.09057 19.8904 -26
    endloop
  endfacet
  facet normal 0 0 1
    outer loop
      vertex 0 49.5 -26
      vertex 1.04672 19.9726 -26
      vertex 2.59063 49.4322 -26
    endloop
  endfacet
  facet normal 0 0 1
    outer loop
      vertex 0 49.5 -26
      vertex 0 20 -26
      vertex 1.04672 19.9726 -26
    endloop
  endfacet
  facet normal 0 0 1
    outer loop
      vertex 0 49.5 -26
      vertex -1.04672 19.9726 -26
      vertex 0 20 -26
    endloop
  endfacet
  facet normal -0 0 1
    outer loop
      vertex -2.59063 49.4322 -26
      vertex -1.04672 19.9726 -26
      vertex 0 49.5 -26
    endloop
  endfacet
  facet normal 0 0 1
    outer loop
      vertex -1.04672 19.9726 -26
      vertex -2.59063 49.4322 -26
      vertex -2.09057 19.8904 -26
    endloop
  endfacet
  facet normal -0 0 1
    outer loop
      vertex -5.17416 49.2288 -26
      vertex -2.09057 19.8904 -26
      vertex -2.59063 49.4322 -26
    endloop
  endfacet
  facet normal 0 0 1
    outer loop
      vertex -2.09057 19.8904 -26
      vertex -5.17416 49.2288 -26
      vertex -3.12869 19.7538 -26
    endloop
  endfacet
  facet normal -0 0 1
    outer loop
      vertex -7.74351 48.8906 -26
      vertex -3.12869 19.7538 -26
      vertex -5.17416 49.2288 -26
    endloop
  endfacet
  facet normal 0 0 1
    outer loop
      vertex -3.12869 19.7538 -26
      vertex -7.74351 48.8906 -26
      vertex -4.15823 19.563 -26
    endloop
  endfacet
  facet normal -0 0 1
    outer loop
      vertex -10.2916 48.4183 -26
      vertex -4.15823 19.563 -26
      vertex -7.74351 48.8906 -26
    endloop
  endfacet
  facet normal 0 0 1
    outer loop
      vertex -4.15823 19.563 -26
      vertex -10.2916 48.4183 -26
      vertex -5.17638 19.3185 -26
    endloop
  endfacet
  facet normal -0 0 1
    outer loop
      vertex -12.8115 47.8133 -26
      vertex -5.17638 19.3185 -26
      vertex -10.2916 48.4183 -26
    endloop
  endfacet
  facet normal 0 0 1
    outer loop
      vertex -5.17638 19.3185 -26
      vertex -12.8115 47.8133 -26
      vertex -6.18034 19.0211 -26
    endloop
  endfacet
  facet normal -0 0 1
    outer loop
      vertex -15.2963 47.0773 -26
      vertex -6.18034 19.0211 -26
      vertex -12.8115 47.8133 -26
    endloop
  endfacet
  facet normal 0 0 1
    outer loop
      vertex -6.18034 19.0211 -26
      vertex -15.2963 47.0773 -26
      vertex -7.16736 18.6716 -26
    endloop
  endfacet
  facet normal -0 0 1
    outer loop
      vertex -17.7392 46.2122 -26
      vertex -7.16736 18.6716 -26
      vertex -15.2963 47.0773 -26
    endloop
  endfacet
  facet normal 0 0 1
    outer loop
      vertex -7.16736 18.6716 -26
      vertex -17.7392 46.2122 -26
      vertex -8.13473 18.2709 -26
    endloop
  endfacet
  facet normal -0 0 1
    outer loop
      vertex -20.1335 45.2205 -26
      vertex -8.13473 18.2709 -26
      vertex -17.7392 46.2122 -26
    endloop
  endfacet
  facet normal 0 0 1
    outer loop
      vertex -8.13473 18.2709 -26
      vertex -20.1335 45.2205 -26
      vertex -9.07981 17.8201 -26
    endloop
  endfacet
  facet normal -0 0 1
    outer loop
      vertex -22.4725 44.1048 -26
      vertex -9.07981 17.8201 -26
      vertex -20.1335 45.2205 -26
    endloop
  endfacet
  facet normal 0 0 1
    outer loop
      vertex -9.07981 17.8201 -26
      vertex -22.4725 44.1048 -26
      vertex -10 17.3205 -26
    endloop
  endfacet
  facet normal -0 0 1
    outer loop
      vertex -24.75 42.8683 -26
      vertex -10 17.3205 -26
      vertex -22.4725 44.1048 -26
    endloop
  endfacet
  facet normal 0 0 1
    outer loop
      vertex -10 17.3205 -26
      vertex -24.75 42.8683 -26
      vertex -10.8928 16.7734 -26
    endloop
  endfacet
  facet normal -0 0 1
    outer loop
      vertex -26.9596 41.5142 -26
      vertex -10.8928 16.7734 -26
      vertex -24.75 42.8683 -26
    endloop
  endfacet
  facet normal 0 0 1
    outer loop
      vertex -10.8928 16.7734 -26
      vertex -26.9596 41.5142 -26
      vertex -11.7557 16.1803 -26
    endloop
  endfacet
  facet normal -0 0 1
    outer loop
      vertex -29.0954 40.0463 -26
      vertex -11.7557 16.1803 -26
      vertex -26.9596 41.5142 -26
    endloop
  endfacet
  facet normal 0 0 1
    outer loop
      vertex -11.7557 16.1803 -26
      vertex -29.0954 40.0463 -26
      vertex -12.5864 15.5429 -26
    endloop
  endfacet
  facet normal -0 0 1
    outer loop
      vertex -31.1514 38.4687 -26
      vertex -12.5864 15.5429 -26
      vertex -29.0954 40.0463 -26
    endloop
  endfacet
  facet normal 0 0 1
    outer loop
      vertex -12.5864 15.5429 -26
      vertex -31.1514 38.4687 -26
      vertex -13.3826 14.8629 -26
    endloop
  endfacet
  facet normal -0 0 1
    outer loop
      vertex -33.122 36.7857 -26
      vertex -13.3826 14.8629 -26
      vertex -31.1514 38.4687 -26
    endloop
  endfacet
  facet normal 0 0 1
    outer loop
      vertex -13.3826 14.8629 -26
      vertex -33.122 36.7857 -26
      vertex -14.1421 14.1421 -26
    endloop
  endfacet
  facet normal -0 0 1
    outer loop
      vertex -35.0018 35.0018 -26
      vertex -14.1421 14.1421 -26
      vertex -33.122 36.7857 -26
    endloop
  endfacet
  facet normal 0 0 1
    outer loop
      vertex -14.1421 14.1421 -26
      vertex -35.0018 35.0018 -26
      vertex -14.8629 13.3826 -26
    endloop
  endfacet
  facet normal -0 0 1
    outer loop
      vertex -36.7857 33.122 -26
      vertex -14.8629 13.3826 -26
      vertex -35.0018 35.0018 -26
    endloop
  endfacet
  facet normal 0 0 1
    outer loop
      vertex -14.8629 13.3826 -26
      vertex -36.7857 33.122 -26
      vertex -15.5429 12.5864 -26
    endloop
  endfacet
  facet normal -0 0 1
    outer loop
      vertex -38.4687 31.1514 -26
      vertex -15.5429 12.5864 -26
      vertex -36.7857 33.122 -26
    endloop
  endfacet
  facet normal 0 0 1
    outer loop
      vertex -15.5429 12.5864 -26
      vertex -38.4687 31.1514 -26
      vertex -16.1803 11.7557 -26
    endloop
  endfacet
  facet normal -0 0 1
    outer loop
      vertex -40.0463 29.0954 -26
      vertex -16.1803 11.7557 -26
      vertex -38.4687 31.1514 -26
    endloop
  endfacet
  facet normal -0 0 1
    outer loop
      vertex -41.5142 26.9596 -26
      vertex -16.7734 10.8928 -26
      vertex -40.0463 29.0954 -26
    endloop
  endfacet
  facet normal 0 0 1
    outer loop
      vertex -16.1803 11.7557 -26
      vertex -40.0463 29.0954 -26
      vertex -16.7734 10.8928 -26
    endloop
  endfacet
  facet normal -0 0 1
    outer loop
      vertex 19.0745 -6 -26
      vertex 48.8906 -7.74351 -26
      vertex 49.1201 -6 -26
    endloop
  endfacet
  facet normal 0 0 1
    outer loop
      vertex 48.8906 -7.74351 -26
      vertex 19.0745 -6 -26
      vertex 48.4183 -10.2916 -26
    endloop
  endfacet
  facet normal 0 0 1
    outer loop
      vertex 48.4183 -10.2916 -26
      vertex 19.0745 -6 -26
      vertex 47.8133 -12.8115 -26
    endloop
  endfacet
  facet normal 0 0 1
    outer loop
      vertex 47.8133 -12.8115 -26
      vertex 19.0745 -6 -26
      vertex 47.0773 -15.2963 -26
    endloop
  endfacet
  facet normal -0 0 1
    outer loop
      vertex 19.0211 -6.18034 -26
      vertex 47.0773 -15.2963 -26
      vertex 19.0745 -6 -26
    endloop
  endfacet
  facet normal 0 0 1
    outer loop
      vertex 47.0773 -15.2963 -26
      vertex 19.0211 -6.18034 -26
      vertex 46.2122 -17.7392 -26
    endloop
  endfacet
  facet normal 0 0 1
    outer loop
      vertex 46.2122 -17.7392 -26
      vertex 18.6716 -7.16736 -26
      vertex 45.2205 -20.1335 -26
    endloop
  endfacet
  facet normal -0 0 1
    outer loop
      vertex 18.2709 -8.13473 -26
      vertex 45.2205 -20.1335 -26
      vertex 18.6716 -7.16736 -26
    endloop
  endfacet
  facet normal -0 0 1
    outer loop
      vertex 17.8201 -9.07981 -26
      vertex 44.1048 -22.4725 -26
      vertex 18.2709 -8.13473 -26
    endloop
  endfacet
  facet normal 0 0 1
    outer loop
      vertex 44.1048 -22.4725 -26
      vertex 17.8201 -9.07981 -26
      vertex 42.8683 -24.75 -26
    endloop
  endfacet
  facet normal 0 0 1
    outer loop
      vertex 42.8683 -24.75 -26
      vertex 17.3205 -10 -26
      vertex 41.5142 -26.9596 -26
    endloop
  endfacet
  facet normal -0 0 1
    outer loop
      vertex 16.7734 -10.8928 -26
      vertex 41.5142 -26.9596 -26
      vertex 17.3205 -10 -26
    endloop
  endfacet
  facet normal -0 0 1
    outer loop
      vertex 16.1803 -11.7557 -26
      vertex 40.0463 -29.0954 -26
      vertex 16.7734 -10.8928 -26
    endloop
  endfacet
  facet normal 0 0 1
    outer loop
      vertex 40.0463 -29.0954 -26
      vertex 16.1803 -11.7557 -26
      vertex 38.4687 -31.1514 -26
    endloop
  endfacet
  facet normal 0 0 1
    outer loop
      vertex 38.4687 -31.1514 -26
      vertex 15.5429 -12.5864 -26
      vertex 36.7857 -33.122 -26
    endloop
  endfacet
  facet normal -0 0 1
    outer loop
      vertex 14.8629 -13.3826 -26
      vertex 36.7857 -33.122 -26
      vertex 15.5429 -12.5864 -26
    endloop
  endfacet
  facet normal -0 0 1
    outer loop
      vertex 14.1421 -14.1421 -26
      vertex 35.0018 -35.0018 -26
      vertex 14.8629 -13.3826 -26
    endloop
  endfacet
  facet normal 0 0 1
    outer loop
      vertex 35.0018 -35.0018 -26
      vertex 14.1421 -14.1421 -26
      vertex 33.122 -36.7857 -26
    endloop
  endfacet
  facet normal 0 0 1
    outer loop
      vertex 33.122 -36.7857 -26
      vertex 13.3826 -14.8629 -26
      vertex 31.1514 -38.4687 -26
    endloop
  endfacet
  facet normal -0 0 1
    outer loop
      vertex 18.6716 -7.16736 -26
      vertex 46.2122 -17.7392 -26
      vertex 19.0211 -6.18034 -26
    endloop
  endfacet
  facet normal 0 0 1
    outer loop
      vertex 45.2205 -20.1335 -26
      vertex 18.2709 -8.13473 -26
      vertex 44.1048 -22.4725 -26
    endloop
  endfacet
  facet normal -0 0 1
    outer loop
      vertex 17.3205 -10 -26
      vertex 42.8683 -24.75 -26
      vertex 17.8201 -9.07981 -26
    endloop
  endfacet
  facet normal 0 0 1
    outer loop
      vertex 41.5142 -26.9596 -26
      vertex 16.7734 -10.8928 -26
      vertex 40.0463 -29.0954 -26
    endloop
  endfacet
  facet normal -0 0 1
    outer loop
      vertex 15.5429 -12.5864 -26
      vertex 38.4687 -31.1514 -26
      vertex 16.1803 -11.7557 -26
    endloop
  endfacet
  facet normal 0 0 1
    outer loop
      vertex 36.7857 -33.122 -26
      vertex 14.8629 -13.3826 -26
      vertex 35.0018 -35.0018 -26
    endloop
  endfacet
  facet normal -0 0 1
    outer loop
      vertex 13.3826 -14.8629 -26
      vertex 33.122 -36.7857 -26
      vertex 14.1421 -14.1421 -26
    endloop
  endfacet
  facet normal -0 0 1
    outer loop
      vertex 12.5864 -15.5429 -26
      vertex 31.1514 -38.4687 -26
      vertex 13.3826 -14.8629 -26
    endloop
  endfacet
  facet normal 0 0 1
    outer loop
      vertex 31.1514 -38.4687 -26
      vertex 12.5864 -15.5429 -26
      vertex 29.0954 -40.0463 -26
    endloop
  endfacet
  facet normal -0 0 1
    outer loop
      vertex 11.7557 -16.1803 -26
      vertex 29.0954 -40.0463 -26
      vertex 12.5864 -15.5429 -26
    endloop
  endfacet
  facet normal 0 0 1
    outer loop
      vertex 29.0954 -40.0463 -26
      vertex 11.7557 -16.1803 -26
      vertex 26.9596 -41.5142 -26
    endloop
  endfacet
  facet normal -0 0 1
    outer loop
      vertex 10.8928 -16.7734 -26
      vertex 26.9596 -41.5142 -26
      vertex 11.7557 -16.1803 -26
    endloop
  endfacet
  facet normal 0 0 1
    outer loop
      vertex 26.9596 -41.5142 -26
      vertex 10.8928 -16.7734 -26
      vertex 24.75 -42.8683 -26
    endloop
  endfacet
  facet normal -0 0 1
    outer loop
      vertex 10 -17.3205 -26
      vertex 24.75 -42.8683 -26
      vertex 10.8928 -16.7734 -26
    endloop
  endfacet
  facet normal 0 0 1
    outer loop
      vertex 24.75 -42.8683 -26
      vertex 10 -17.3205 -26
      vertex 22.4725 -44.1048 -26
    endloop
  endfacet
  facet normal -0 0 1
    outer loop
      vertex 9.07981 -17.8201 -26
      vertex 22.4725 -44.1048 -26
      vertex 10 -17.3205 -26
    endloop
  endfacet
  facet normal 0 0 1
    outer loop
      vertex 22.4725 -44.1048 -26
      vertex 9.07981 -17.8201 -26
      vertex 20.1335 -45.2205 -26
    endloop
  endfacet
  facet normal -0 0 1
    outer loop
      vertex 8.13473 -18.2709 -26
      vertex 20.1335 -45.2205 -26
      vertex 9.07981 -17.8201 -26
    endloop
  endfacet
  facet normal 0 0 1
    outer loop
      vertex 20.1335 -45.2205 -26
      vertex 8.13473 -18.2709 -26
      vertex 17.7392 -46.2122 -26
    endloop
  endfacet
  facet normal -0 0 1
    outer loop
      vertex 7.16736 -18.6716 -26
      vertex 17.7392 -46.2122 -26
      vertex 8.13473 -18.2709 -26
    endloop
  endfacet
  facet normal 0 0 1
    outer loop
      vertex 17.7392 -46.2122 -26
      vertex 7.16736 -18.6716 -26
      vertex 15.2963 -47.0773 -26
    endloop
  endfacet
  facet normal -0 0 1
    outer loop
      vertex 6.18034 -19.0211 -26
      vertex 15.2963 -47.0773 -26
      vertex 7.16736 -18.6716 -26
    endloop
  endfacet
  facet normal 0 0 1
    outer loop
      vertex 15.2963 -47.0773 -26
      vertex 6.18034 -19.0211 -26
      vertex 12.8115 -47.8133 -26
    endloop
  endfacet
  facet normal -0 0 1
    outer loop
      vertex 5.17638 -19.3185 -26
      vertex 12.8115 -47.8133 -26
      vertex 6.18034 -19.0211 -26
    endloop
  endfacet
  facet normal 0 0 1
    outer loop
      vertex 12.8115 -47.8133 -26
      vertex 5.17638 -19.3185 -26
      vertex 10.2916 -48.4183 -26
    endloop
  endfacet
  facet normal -0 0 1
    outer loop
      vertex 4.15823 -19.563 -26
      vertex 10.2916 -48.4183 -26
      vertex 5.17638 -19.3185 -26
    endloop
  endfacet
  facet normal 0 0 1
    outer loop
      vertex 10.2916 -48.4183 -26
      vertex 4.15823 -19.563 -26
      vertex 7.74351 -48.8906 -26
    endloop
  endfacet
  facet normal -0 0 1
    outer loop
      vertex 3.12869 -19.7538 -26
      vertex 7.74351 -48.8906 -26
      vertex 4.15823 -19.563 -26
    endloop
  endfacet
  facet normal 0 0 1
    outer loop
      vertex 7.74351 -48.8906 -26
      vertex 3.12869 -19.7538 -26
      vertex 5.17416 -49.2288 -26
    endloop
  endfacet
  facet normal -0 0 1
    outer loop
      vertex 2.09057 -19.8904 -26
      vertex 5.17416 -49.2288 -26
      vertex 3.12869 -19.7538 -26
    endloop
  endfacet
  facet normal 0 0 1
    outer loop
      vertex 5.17416 -49.2288 -26
      vertex 2.09057 -19.8904 -26
      vertex 2.59063 -49.4322 -26
    endloop
  endfacet
  facet normal -0 0 1
    outer loop
      vertex 1.04672 -19.9726 -26
      vertex 2.59063 -49.4322 -26
      vertex 2.09057 -19.8904 -26
    endloop
  endfacet
  facet normal -0 0 1
    outer loop
      vertex 0 -20 -26
      vertex 2.59063 -49.4322 -26
      vertex 1.04672 -19.9726 -26
    endloop
  endfacet
  facet normal 0 0 1
    outer loop
      vertex 0 -20 -26
      vertex 0 -49.5 -26
      vertex 2.59063 -49.4322 -26
    endloop
  endfacet
  facet normal 0 0 1
    outer loop
      vertex -1.04672 -19.9726 -26
      vertex 0 -49.5 -26
      vertex 0 -20 -26
    endloop
  endfacet
  facet normal 0 0 1
    outer loop
      vertex -2.59063 -49.4322 -26
      vertex -1.04672 -19.9726 -26
      vertex -2.09057 -19.8904 -26
    endloop
  endfacet
  facet normal 0 0 1
    outer loop
      vertex -1.04672 -19.9726 -26
      vertex -2.59063 -49.4322 -26
      vertex 0 -49.5 -26
    endloop
  endfacet
  facet normal 0 0 1
    outer loop
      vertex -5.17416 -49.2288 -26
      vertex -2.09057 -19.8904 -26
      vertex -3.12869 -19.7538 -26
    endloop
  endfacet
  facet normal 0 0 1
    outer loop
      vertex -7.74351 -48.8906 -26
      vertex -3.12869 -19.7538 -26
      vertex -4.15823 -19.563 -26
    endloop
  endfacet
  facet normal 0 0 1
    outer loop
      vertex -2.09057 -19.8904 -26
      vertex -5.17416 -49.2288 -26
      vertex -2.59063 -49.4322 -26
    endloop
  endfacet
  facet normal 0 0 1
    outer loop
      vertex -10.2916 -48.4183 -26
      vertex -4.15823 -19.563 -26
      vertex -5.17638 -19.3185 -26
    endloop
  endfacet
  facet normal 0 0 1
    outer loop
      vertex -12.8115 -47.8133 -26
      vertex -5.17638 -19.3185 -26
      vertex -6.18034 -19.0211 -26
    endloop
  endfacet
  facet normal 0 0 1
    outer loop
      vertex -15.2963 -47.0773 -26
      vertex -6.18034 -19.0211 -26
      vertex -7.16736 -18.6716 -26
    endloop
  endfacet
  facet normal 0 0 1
    outer loop
      vertex -3.12869 -19.7538 -26
      vertex -7.74351 -48.8906 -26
      vertex -5.17416 -49.2288 -26
    endloop
  endfacet
  facet normal 0 0 1
    outer loop
      vertex -17.7392 -46.2122 -26
      vertex -7.16736 -18.6716 -26
      vertex -8.13473 -18.2709 -26
    endloop
  endfacet
  facet normal 0 0 1
    outer loop
      vertex -20.1335 -45.2205 -26
      vertex -8.13473 -18.2709 -26
      vertex -9.07981 -17.8201 -26
    endloop
  endfacet
  facet normal 0 0 1
    outer loop
      vertex -22.4725 -44.1048 -26
      vertex -9.07981 -17.8201 -26
      vertex -10 -17.3205 -26
    endloop
  endfacet
  facet normal 0 0 1
    outer loop
      vertex -4.15823 -19.563 -26
      vertex -10.2916 -48.4183 -26
      vertex -7.74351 -48.8906 -26
    endloop
  endfacet
  facet normal 0 0 1
    outer loop
      vertex -24.75 -42.8683 -26
      vertex -10 -17.3205 -26
      vertex -10.8928 -16.7734 -26
    endloop
  endfacet
  facet normal 0 0 1
    outer loop
      vertex -26.9596 -41.5142 -26
      vertex -10.8928 -16.7734 -26
      vertex -11.7557 -16.1803 -26
    endloop
  endfacet
  facet normal 0 0 1
    outer loop
      vertex -29.0954 -40.0463 -26
      vertex -11.7557 -16.1803 -26
      vertex -12.5864 -15.5429 -26
    endloop
  endfacet
  facet normal 0 0 1
    outer loop
      vertex -5.17638 -19.3185 -26
      vertex -12.8115 -47.8133 -26
      vertex -10.2916 -48.4183 -26
    endloop
  endfacet
  facet normal 0 0 1
    outer loop
      vertex -31.1514 -38.4687 -26
      vertex -12.5864 -15.5429 -26
      vertex -13.3826 -14.8629 -26
    endloop
  endfacet
  facet normal 0 0 1
    outer loop
      vertex -33.122 -36.7857 -26
      vertex -13.3826 -14.8629 -26
      vertex -14.1421 -14.1421 -26
    endloop
  endfacet
  facet normal 0 0 1
    outer loop
      vertex -35.0018 -35.0018 -26
      vertex -14.1421 -14.1421 -26
      vertex -14.8629 -13.3826 -26
    endloop
  endfacet
  facet normal 0 0 1
    outer loop
      vertex -6.18034 -19.0211 -26
      vertex -15.2963 -47.0773 -26
      vertex -12.8115 -47.8133 -26
    endloop
  endfacet
  facet normal 0 0 1
    outer loop
      vertex -36.7857 -33.122 -26
      vertex -14.8629 -13.3826 -26
      vertex -15.5429 -12.5864 -26
    endloop
  endfacet
  facet normal 0 0 1
    outer loop
      vertex -38.4687 -31.1514 -26
      vertex -15.5429 -12.5864 -26
      vertex -16.1803 -11.7557 -26
    endloop
  endfacet
  facet normal 0 0 1
    outer loop
      vertex -40.0463 -29.0954 -26
      vertex -16.1803 -11.7557 -26
      vertex -16.7734 -10.8928 -26
    endloop
  endfacet
  facet normal 0 0 1
    outer loop
      vertex -41.5142 -26.9596 -26
      vertex -16.7734 -10.8928 -26
      vertex -17.3205 -10 -26
    endloop
  endfacet
  facet normal 0 0 1
    outer loop
      vertex -7.16736 -18.6716 -26
      vertex -17.7392 -46.2122 -26
      vertex -15.2963 -47.0773 -26
    endloop
  endfacet
  facet normal 0 0 1
    outer loop
      vertex -42.8683 -24.75 -26
      vertex -17.3205 -10 -26
      vertex -17.8201 -9.07981 -26
    endloop
  endfacet
  facet normal 0 0 1
    outer loop
      vertex -44.1048 -22.4725 -26
      vertex -17.8201 -9.07981 -26
      vertex -18.2709 -8.13473 -26
    endloop
  endfacet
  facet normal 0 0 1
    outer loop
      vertex -45.2205 -20.1335 -26
      vertex -18.2709 -8.13473 -26
      vertex -18.6716 -7.16736 -26
    endloop
  endfacet
  facet normal 0 0 1
    outer loop
      vertex -46.2122 -17.7392 -26
      vertex -18.6716 -7.16736 -26
      vertex -19.0211 -6.18034 -26
    endloop
  endfacet
  facet normal 0 0 1
    outer loop
      vertex -47.0773 -15.2963 -26
      vertex -19.0211 -6.18034 -26
      vertex -19.3185 -5.17638 -26
    endloop
  endfacet
  facet normal 0 0 1
    outer loop
      vertex -47.8133 -12.8115 -26
      vertex -19.3185 -5.17638 -26
      vertex -19.563 -4.15823 -26
    endloop
  endfacet
  facet normal 0 0 1
    outer loop
      vertex -48.4183 -10.2916 -26
      vertex -19.563 -4.15823 -26
      vertex -19.7538 -3.12869 -26
    endloop
  endfacet
  facet normal 0 0 1
    outer loop
      vertex -48.8906 -7.74351 -26
      vertex -19.7538 -3.12869 -26
      vertex -19.8904 -2.09057 -26
    endloop
  endfacet
  facet normal 0 0 1
    outer loop
      vertex -49.2288 -5.17416 -26
      vertex -19.8904 -2.09057 -26
      vertex -19.9726 -1.04672 -26
    endloop
  endfacet
  facet normal 0 0 1
    outer loop
      vertex -8.13473 -18.2709 -26
      vertex -20.1335 -45.2205 -26
      vertex -17.7392 -46.2122 -26
    endloop
  endfacet
  facet normal 0 0 1
    outer loop
      vertex -49.4322 -2.59063 -26
      vertex -19.9726 -1.04672 -26
      vertex -20 0 -26
    endloop
  endfacet
  facet normal 0 0 1
    outer loop
      vertex -16.7734 10.8928 -26
      vertex -41.5142 26.9596 -26
      vertex -17.3205 10 -26
    endloop
  endfacet
  facet normal -0 0 1
    outer loop
      vertex -42.8683 24.75 -26
      vertex -17.3205 10 -26
      vertex -41.5142 26.9596 -26
    endloop
  endfacet
  facet normal 0 0 1
    outer loop
      vertex -9.07981 -17.8201 -26
      vertex -22.4725 -44.1048 -26
      vertex -20.1335 -45.2205 -26
    endloop
  endfacet
  facet normal 0 0 1
    outer loop
      vertex -17.3205 10 -26
      vertex -42.8683 24.75 -26
      vertex -17.8201 9.07981 -26
    endloop
  endfacet
  facet normal 0 0 1
    outer loop
      vertex -10 -17.3205 -26
      vertex -24.75 -42.8683 -26
      vertex -22.4725 -44.1048 -26
    endloop
  endfacet
  facet normal -0 0 1
    outer loop
      vertex -44.1048 22.4725 -26
      vertex -17.8201 9.07981 -26
      vertex -42.8683 24.75 -26
    endloop
  endfacet
  facet normal 0 0 1
    outer loop
      vertex -10.8928 -16.7734 -26
      vertex -26.9596 -41.5142 -26
      vertex -24.75 -42.8683 -26
    endloop
  endfacet
  facet normal 0 0 1
    outer loop
      vertex -17.8201 9.07981 -26
      vertex -44.1048 22.4725 -26
      vertex -18.2709 8.13473 -26
    endloop
  endfacet
  facet normal 0 0 1
    outer loop
      vertex -11.7557 -16.1803 -26
      vertex -29.0954 -40.0463 -26
      vertex -26.9596 -41.5142 -26
    endloop
  endfacet
  facet normal -0 0 1
    outer loop
      vertex -45.2205 20.1335 -26
      vertex -18.2709 8.13473 -26
      vertex -44.1048 22.4725 -26
    endloop
  endfacet
  facet normal 0 0 1
    outer loop
      vertex -12.5864 -15.5429 -26
      vertex -31.1514 -38.4687 -26
      vertex -29.0954 -40.0463 -26
    endloop
  endfacet
  facet normal 0 0 1
    outer loop
      vertex -18.2709 8.13473 -26
      vertex -45.2205 20.1335 -26
      vertex -18.6716 7.16736 -26
    endloop
  endfacet
  facet normal 0 0 1
    outer loop
      vertex -13.3826 -14.8629 -26
      vertex -33.122 -36.7857 -26
      vertex -31.1514 -38.4687 -26
    endloop
  endfacet
  facet normal -0 0 1
    outer loop
      vertex -46.2122 17.7392 -26
      vertex -18.6716 7.16736 -26
      vertex -45.2205 20.1335 -26
    endloop
  endfacet
  facet normal 0 0 1
    outer loop
      vertex -14.1421 -14.1421 -26
      vertex -35.0018 -35.0018 -26
      vertex -33.122 -36.7857 -26
    endloop
  endfacet
  facet normal 0 0 1
    outer loop
      vertex -18.6716 7.16736 -26
      vertex -46.2122 17.7392 -26
      vertex -19.0211 6.18034 -26
    endloop
  endfacet
  facet normal 0 0 1
    outer loop
      vertex -14.8629 -13.3826 -26
      vertex -36.7857 -33.122 -26
      vertex -35.0018 -35.0018 -26
    endloop
  endfacet
  facet normal -0 0 1
    outer loop
      vertex -47.0773 15.2963 -26
      vertex -19.0211 6.18034 -26
      vertex -46.2122 17.7392 -26
    endloop
  endfacet
  facet normal 0 0 1
    outer loop
      vertex -15.5429 -12.5864 -26
      vertex -38.4687 -31.1514 -26
      vertex -36.7857 -33.122 -26
    endloop
  endfacet
  facet normal 0 0 1
    outer loop
      vertex -19.0211 6.18034 -26
      vertex -47.0773 15.2963 -26
      vertex -19.3185 5.17638 -26
    endloop
  endfacet
  facet normal 0 0 1
    outer loop
      vertex -16.1803 -11.7557 -26
      vertex -40.0463 -29.0954 -26
      vertex -38.4687 -31.1514 -26
    endloop
  endfacet
  facet normal -0 0 1
    outer loop
      vertex -47.8133 12.8115 -26
      vertex -19.3185 5.17638 -26
      vertex -47.0773 15.2963 -26
    endloop
  endfacet
  facet normal 0 0 1
    outer loop
      vertex -16.7734 -10.8928 -26
      vertex -41.5142 -26.9596 -26
      vertex -40.0463 -29.0954 -26
    endloop
  endfacet
  facet normal 0 0 1
    outer loop
      vertex -19.3185 5.17638 -26
      vertex -47.8133 12.8115 -26
      vertex -19.563 4.15823 -26
    endloop
  endfacet
  facet normal 0 0 1
    outer loop
      vertex -17.3205 -10 -26
      vertex -42.8683 -24.75 -26
      vertex -41.5142 -26.9596 -26
    endloop
  endfacet
  facet normal -0 0 1
    outer loop
      vertex -48.4183 10.2916 -26
      vertex -19.563 4.15823 -26
      vertex -47.8133 12.8115 -26
    endloop
  endfacet
  facet normal 0 0 1
    outer loop
      vertex -17.8201 -9.07981 -26
      vertex -44.1048 -22.4725 -26
      vertex -42.8683 -24.75 -26
    endloop
  endfacet
  facet normal 0 0 1
    outer loop
      vertex -19.563 4.15823 -26
      vertex -48.4183 10.2916 -26
      vertex -19.7538 3.12869 -26
    endloop
  endfacet
  facet normal 0 0 1
    outer loop
      vertex -18.2709 -8.13473 -26
      vertex -45.2205 -20.1335 -26
      vertex -44.1048 -22.4725 -26
    endloop
  endfacet
  facet normal -0 0 1
    outer loop
      vertex -48.8906 7.74351 -26
      vertex -19.7538 3.12869 -26
      vertex -48.4183 10.2916 -26
    endloop
  endfacet
  facet normal 0 0 1
    outer loop
      vertex -18.6716 -7.16736 -26
      vertex -46.2122 -17.7392 -26
      vertex -45.2205 -20.1335 -26
    endloop
  endfacet
  facet normal 0 0 1
    outer loop
      vertex -19.7538 3.12869 -26
      vertex -48.8906 7.74351 -26
      vertex -19.8904 2.09057 -26
    endloop
  endfacet
  facet normal 0 0 1
    outer loop
      vertex -19.0211 -6.18034 -26
      vertex -47.0773 -15.2963 -26
      vertex -46.2122 -17.7392 -26
    endloop
  endfacet
  facet normal -0 0 1
    outer loop
      vertex -49.2288 5.17416 -26
      vertex -19.8904 2.09057 -26
      vertex -48.8906 7.74351 -26
    endloop
  endfacet
  facet normal 0 0 1
    outer loop
      vertex -19.3185 -5.17638 -26
      vertex -47.8133 -12.8115 -26
      vertex -47.0773 -15.2963 -26
    endloop
  endfacet
  facet normal 0 0 1
    outer loop
      vertex -19.8904 2.09057 -26
      vertex -49.2288 5.17416 -26
      vertex -19.9726 1.04672 -26
    endloop
  endfacet
  facet normal 0 0 1
    outer loop
      vertex -19.563 -4.15823 -26
      vertex -48.4183 -10.2916 -26
      vertex -47.8133 -12.8115 -26
    endloop
  endfacet
  facet normal -0 0 1
    outer loop
      vertex -49.4322 2.59063 -26
      vertex -19.9726 1.04672 -26
      vertex -49.2288 5.17416 -26
    endloop
  endfacet
  facet normal 0 0 1
    outer loop
      vertex -19.7538 -3.12869 -26
      vertex -48.8906 -7.74351 -26
      vertex -48.4183 -10.2916 -26
    endloop
  endfacet
  facet normal 0 0 1
    outer loop
      vertex -19.9726 1.04672 -26
      vertex -49.4322 2.59063 -26
      vertex -20 0 -26
    endloop
  endfacet
  facet normal 0 0 1
    outer loop
      vertex -19.8904 -2.09057 -26
      vertex -49.2288 -5.17416 -26
      vertex -48.8906 -7.74351 -26
    endloop
  endfacet
  facet normal 0 0 1
    outer loop
      vertex -49.5 0 -26
      vertex -20 0 -26
      vertex -49.4322 2.59063 -26
    endloop
  endfacet
  facet normal 0 0 1
    outer loop
      vertex -19.9726 -1.04672 -26
      vertex -49.4322 -2.59063 -26
      vertex -49.2288 -5.17416 -26
    endloop
  endfacet
  facet normal 0 0 1
    outer loop
      vertex -20 0 -26
      vertex -49.5 0 -26
      vertex -49.4322 -2.59063 -26
    endloop
  endfacet
  facet normal 0.983252 0.18225 0
    outer loop
      vertex -48.4183 -10.2916 0
      vertex -48.8906 -7.74351 -26
      vertex -48.8906 -7.74351 0
    endloop
  endfacet
  facet normal 0.983252 0.18225 0
    outer loop
      vertex -48.8906 -7.74351 -26
      vertex -48.4183 -10.2916 0
      vertex -48.4183 -10.2916 -26
    endloop
  endfacet
  facet normal 0.793358 -0.608756 0
    outer loop
      vertex -40.0463 29.0954 0
      vertex -38.4687 31.1514 -26
      vertex -38.4687 31.1514 0
    endloop
  endfacet
  facet normal 0.793358 -0.608756 0
    outer loop
      vertex -38.4687 31.1514 -26
      vertex -40.0463 29.0954 0
      vertex -40.0463 29.0954 -26
    endloop
  endfacet
  facet normal 0.87883 -0.477134 0
    outer loop
      vertex -44.1048 22.4725 0
      vertex -42.8683 24.75 -26
      vertex -42.8683 24.75 0
    endloop
  endfacet
  facet normal 0.87883 -0.477134 0
    outer loop
      vertex -42.8683 24.75 -26
      vertex -44.1048 22.4725 0
      vertex -44.1048 22.4725 -26
    endloop
  endfacet
  facet normal 0.824125 0.566408 0
    outer loop
      vertex -40.0463 -29.0954 0
      vertex -41.5142 -26.9596 -26
      vertex -41.5142 -26.9596 0
    endloop
  endfacet
  facet normal 0.824125 0.566408 0
    outer loop
      vertex -41.5142 -26.9596 -26
      vertex -40.0463 -29.0954 0
      vertex -40.0463 -29.0954 -26
    endloop
  endfacet
  facet normal -0.566408 -0.824125 0
    outer loop
      vertex 26.9596 41.5142 -26
      vertex 29.0954 40.0463 0
      vertex 26.9596 41.5142 0
    endloop
  endfacet
  facet normal -0.566408 -0.824125 -0
    outer loop
      vertex 29.0954 40.0463 0
      vertex 26.9596 41.5142 -26
      vertex 29.0954 40.0463 -26
    endloop
  endfacet
  facet normal 0.923887 -0.382666 0
    outer loop
      vertex -46.2122 17.7392 0
      vertex -45.2205 20.1335 -26
      vertex -45.2205 20.1335 0
    endloop
  endfacet
  facet normal 0.923887 -0.382666 0
    outer loop
      vertex -45.2205 20.1335 -26
      vertex -46.2122 17.7392 0
      vertex -46.2122 17.7392 -26
    endloop
  endfacet
  facet normal 0.477134 0.87883 -0
    outer loop
      vertex -22.4725 -44.1048 -26
      vertex -24.75 -42.8683 0
      vertex -22.4725 -44.1048 0
    endloop
  endfacet
  facet normal 0.477134 0.87883 0
    outer loop
      vertex -24.75 -42.8683 0
      vertex -22.4725 -44.1048 -26
      vertex -24.75 -42.8683 -26
    endloop
  endfacet
  facet normal -0.902577 0.430528 0
    outer loop
      vertex 44.1048 -22.4725 -26
      vertex 45.2205 -20.1335 0
      vertex 45.2205 -20.1335 -26
    endloop
  endfacet
  facet normal -0.902577 0.430528 0
    outer loop
      vertex 45.2205 -20.1335 0
      vertex 44.1048 -22.4725 -26
      vertex 44.1048 -22.4725 0
    endloop
  endfacet
  facet normal -0.972368 -0.233455 0
    outer loop
      vertex 48.4183 10.2916 -26
      vertex 47.8133 12.8115 0
      vertex 47.8133 12.8115 -26
    endloop
  endfacet
  facet normal -0.972368 -0.233455 0
    outer loop
      vertex 47.8133 12.8115 0
      vertex 48.4183 10.2916 -26
      vertex 48.4183 10.2916 0
    endloop
  endfacet
  facet normal 0.999658 -0.0261623 0
    outer loop
      vertex -49.5 0 0
      vertex -49.4322 2.59063 -26
      vertex -49.4322 2.59063 0
    endloop
  endfacet
  facet normal 0.999658 -0.0261623 0
    outer loop
      vertex -49.4322 2.59063 -26
      vertex -49.5 0 0
      vertex -49.5 0 -26
    endloop
  endfacet
  facet normal 0.333815 0.942639 -0
    outer loop
      vertex -15.2963 -47.0773 -26
      vertex -17.7392 -46.2122 0
      vertex -15.2963 -47.0773 0
    endloop
  endfacet
  facet normal 0.333815 0.942639 0
    outer loop
      vertex -17.7392 -46.2122 0
      vertex -15.2963 -47.0773 -26
      vertex -17.7392 -46.2122 -26
    endloop
  endfacet
  facet normal 0.382666 0.923887 -0
    outer loop
      vertex -17.7392 -46.2122 -26
      vertex -20.1335 -45.2205 0
      vertex -17.7392 -46.2122 0
    endloop
  endfacet
  facet normal 0.382666 0.923887 0
    outer loop
      vertex -20.1335 -45.2205 0
      vertex -17.7392 -46.2122 -26
      vertex -20.1335 -45.2205 -26
    endloop
  endfacet
  facet normal 0.760416 0.649437 0
    outer loop
      vertex -36.7857 -33.122 0
      vertex -38.4687 -31.1514 -26
      vertex -38.4687 -31.1514 0
    endloop
  endfacet
  facet normal 0.760416 0.649437 0
    outer loop
      vertex -38.4687 -31.1514 -26
      vertex -36.7857 -33.122 0
      vertex -36.7857 -33.122 -26
    endloop
  endfacet
  facet normal -0.793358 0.608756 0
    outer loop
      vertex 38.4687 -31.1514 -26
      vertex 40.0463 -29.0954 0
      vertex 40.0463 -29.0954 -26
    endloop
  endfacet
  facet normal -0.793358 0.608756 0
    outer loop
      vertex 40.0463 -29.0954 0
      vertex 38.4687 -31.1514 -26
      vertex 38.4687 -31.1514 0
    endloop
  endfacet
  facet normal 0.824125 -0.566408 0
    outer loop
      vertex -41.5142 26.9596 0
      vertex -40.0463 29.0954 -26
      vertex -40.0463 29.0954 0
    endloop
  endfacet
  facet normal 0.824125 -0.566408 0
    outer loop
      vertex -40.0463 29.0954 -26
      vertex -41.5142 26.9596 0
      vertex -41.5142 26.9596 -26
    endloop
  endfacet
  facet normal 0.0784866 -0.996915 0
    outer loop
      vertex -5.17416 49.2288 -26
      vertex -2.59063 49.4322 0
      vertex -5.17416 49.2288 0
    endloop
  endfacet
  facet normal 0.0784866 -0.996915 0
    outer loop
      vertex -2.59063 49.4322 0
      vertex -5.17416 49.2288 -26
      vertex -2.59063 49.4322 -26
    endloop
  endfacet
  facet normal 0.793358 0.608756 0
    outer loop
      vertex -38.4687 -31.1514 0
      vertex -40.0463 -29.0954 -26
      vertex -40.0463 -29.0954 0
    endloop
  endfacet
  facet normal 0.793358 0.608756 0
    outer loop
      vertex -40.0463 -29.0954 -26
      vertex -38.4687 -31.1514 0
      vertex -38.4687 -31.1514 -26
    endloop
  endfacet
  facet normal -0.608756 -0.793358 0
    outer loop
      vertex 29.0954 40.0463 -26
      vertex 31.1514 38.4687 0
      vertex 29.0954 40.0463 0
    endloop
  endfacet
  facet normal -0.608756 -0.793358 -0
    outer loop
      vertex 31.1514 38.4687 0
      vertex 29.0954 40.0463 -26
      vertex 31.1514 38.4687 -26
    endloop
  endfacet
  facet normal 0.284004 0.958823 -0
    outer loop
      vertex -12.8115 -47.8133 -26
      vertex -15.2963 -47.0773 0
      vertex -12.8115 -47.8133 0
    endloop
  endfacet
  facet normal 0.284004 0.958823 0
    outer loop
      vertex -15.2963 -47.0773 0
      vertex -12.8115 -47.8133 -26
      vertex -15.2963 -47.0773 -26
    endloop
  endfacet
  facet normal 0.233455 -0.972368 0
    outer loop
      vertex -12.8115 47.8133 -26
      vertex -10.2916 48.4183 0
      vertex -12.8115 47.8133 0
    endloop
  endfacet
  facet normal 0.233455 -0.972368 0
    outer loop
      vertex -10.2916 48.4183 0
      vertex -12.8115 47.8133 -26
      vertex -10.2916 48.4183 -26
    endloop
  endfacet
  facet normal 0.130503 -0.991448 0
    outer loop
      vertex -7.74351 48.8906 -26
      vertex -5.17416 49.2288 0
      vertex -7.74351 48.8906 0
    endloop
  endfacet
  facet normal 0.130503 -0.991448 0
    outer loop
      vertex -5.17416 49.2288 0
      vertex -7.74351 48.8906 -26
      vertex -5.17416 49.2288 -26
    endloop
  endfacet
  facet normal -0.688362 0.725367 0
    outer loop
      vertex 35.0018 -35.0018 -26
      vertex 33.122 -36.7857 0
      vertex 35.0018 -35.0018 0
    endloop
  endfacet
  facet normal -0.688362 0.725367 0
    outer loop
      vertex 33.122 -36.7857 0
      vertex 35.0018 -35.0018 -26
      vertex 33.122 -36.7857 -26
    endloop
  endfacet
  facet normal 0.972368 -0.233455 0
    outer loop
      vertex -48.4183 10.2916 0
      vertex -47.8133 12.8115 -26
      vertex -47.8133 12.8115 0
    endloop
  endfacet
  facet normal 0.972368 -0.233455 0
    outer loop
      vertex -47.8133 12.8115 -26
      vertex -48.4183 10.2916 0
      vertex -48.4183 10.2916 -26
    endloop
  endfacet
  facet normal 0.0261623 -0.999658 0
    outer loop
      vertex -2.59063 49.4322 -26
      vertex 0 49.5 0
      vertex -2.59063 49.4322 0
    endloop
  endfacet
  facet normal 0.0261623 -0.999658 0
    outer loop
      vertex 0 49.5 0
      vertex -2.59063 49.4322 -26
      vertex 0 49.5 -26
    endloop
  endfacet
  facet normal -0.284004 0.958823 0
    outer loop
      vertex 15.2963 -47.0773 -26
      vertex 12.8115 -47.8133 0
      vertex 15.2963 -47.0773 0
    endloop
  endfacet
  facet normal -0.284004 0.958823 0
    outer loop
      vertex 12.8115 -47.8133 0
      vertex 15.2963 -47.0773 -26
      vertex 12.8115 -47.8133 -26
    endloop
  endfacet
  facet normal -0.130503 0.991448 0
    outer loop
      vertex 7.74351 -48.8906 -26
      vertex 5.17416 -49.2288 0
      vertex 7.74351 -48.8906 0
    endloop
  endfacet
  facet normal -0.130503 0.991448 0
    outer loop
      vertex 5.17416 -49.2288 0
      vertex 7.74351 -48.8906 -26
      vertex 5.17416 -49.2288 -26
    endloop
  endfacet
  facet normal 0.942639 -0.333815 0
    outer loop
      vertex -47.0773 15.2963 0
      vertex -46.2122 17.7392 -26
      vertex -46.2122 17.7392 0
    endloop
  endfacet
  facet normal 0.942639 -0.333815 0
    outer loop
      vertex -46.2122 17.7392 -26
      vertex -47.0773 15.2963 0
      vertex -47.0773 15.2963 -26
    endloop
  endfacet
  facet normal -0.233455 0.972368 0
    outer loop
      vertex 12.8115 -47.8133 -26
      vertex 10.2916 -48.4183 0
      vertex 12.8115 -47.8133 0
    endloop
  endfacet
  facet normal -0.233455 0.972368 0
    outer loop
      vertex 10.2916 -48.4183 0
      vertex 12.8115 -47.8133 -26
      vertex 10.2916 -48.4183 -26
    endloop
  endfacet
  facet normal -0.852631 0.522514 0
    outer loop
      vertex 41.5142 -26.9596 -26
      vertex 42.8683 -24.75 0
      vertex 42.8683 -24.75 -26
    endloop
  endfacet
  facet normal -0.852631 0.522514 0
    outer loop
      vertex 42.8683 -24.75 0
      vertex 41.5142 -26.9596 -26
      vertex 41.5142 -26.9596 0
    endloop
  endfacet
  facet normal 0.649437 0.760416 -0
    outer loop
      vertex -31.1514 -38.4687 -26
      vertex -33.122 -36.7857 0
      vertex -31.1514 -38.4687 0
    endloop
  endfacet
  facet normal 0.649437 0.760416 0
    outer loop
      vertex -33.122 -36.7857 0
      vertex -31.1514 -38.4687 -26
      vertex -33.122 -36.7857 -26
    endloop
  endfacet
  facet normal -0.18225 0.983252 0
    outer loop
      vertex 10.2916 -48.4183 -26
      vertex 7.74351 -48.8906 0
      vertex 10.2916 -48.4183 0
    endloop
  endfacet
  facet normal -0.18225 0.983252 0
    outer loop
      vertex 7.74351 -48.8906 0
      vertex 10.2916 -48.4183 -26
      vertex 7.74351 -48.8906 -26
    endloop
  endfacet
  facet normal 0.430528 -0.902577 0
    outer loop
      vertex -22.4725 44.1048 -26
      vertex -20.1335 45.2205 0
      vertex -22.4725 44.1048 0
    endloop
  endfacet
  facet normal 0.430528 -0.902577 0
    outer loop
      vertex -20.1335 45.2205 0
      vertex -22.4725 44.1048 -26
      vertex -20.1335 45.2205 -26
    endloop
  endfacet
  facet normal -0.566408 0.824125 0
    outer loop
      vertex 29.0954 -40.0463 -26
      vertex 26.9596 -41.5142 0
      vertex 29.0954 -40.0463 0
    endloop
  endfacet
  facet normal -0.566408 0.824125 0
    outer loop
      vertex 26.9596 -41.5142 0
      vertex 29.0954 -40.0463 -26
      vertex 26.9596 -41.5142 -26
    endloop
  endfacet
  facet normal -0.87883 0.477134 0
    outer loop
      vertex 42.8683 -24.75 -26
      vertex 44.1048 -22.4725 0
      vertex 44.1048 -22.4725 -26
    endloop
  endfacet
  facet normal -0.87883 0.477134 0
    outer loop
      vertex 44.1048 -22.4725 0
      vertex 42.8683 -24.75 -26
      vertex 42.8683 -24.75 0
    endloop
  endfacet
  facet normal -0.382666 0.923887 0
    outer loop
      vertex 20.1335 -45.2205 -26
      vertex 17.7392 -46.2122 0
      vertex 20.1335 -45.2205 0
    endloop
  endfacet
  facet normal -0.382666 0.923887 0
    outer loop
      vertex 17.7392 -46.2122 0
      vertex 20.1335 -45.2205 -26
      vertex 17.7392 -46.2122 -26
    endloop
  endfacet
  facet normal -0.793358 -0.608756 0
    outer loop
      vertex 40.0463 29.0954 -26
      vertex 38.4687 31.1514 0
      vertex 38.4687 31.1514 -26
    endloop
  endfacet
  facet normal -0.793358 -0.608756 0
    outer loop
      vertex 38.4687 31.1514 0
      vertex 40.0463 29.0954 -26
      vertex 40.0463 29.0954 0
    endloop
  endfacet
  facet normal 0.522514 0.852631 -0
    outer loop
      vertex -24.75 -42.8683 -26
      vertex -26.9596 -41.5142 0
      vertex -24.75 -42.8683 0
    endloop
  endfacet
  facet normal 0.522514 0.852631 0
    outer loop
      vertex -26.9596 -41.5142 0
      vertex -24.75 -42.8683 -26
      vertex -26.9596 -41.5142 -26
    endloop
  endfacet
  facet normal -0.649437 0.760416 0
    outer loop
      vertex 33.122 -36.7857 -26
      vertex 31.1514 -38.4687 0
      vertex 33.122 -36.7857 0
    endloop
  endfacet
  facet normal -0.649437 0.760416 0
    outer loop
      vertex 31.1514 -38.4687 0
      vertex 33.122 -36.7857 -26
      vertex 31.1514 -38.4687 -26
    endloop
  endfacet
  facet normal 0.566408 -0.824125 0
    outer loop
      vertex -29.0954 40.0463 -26
      vertex -26.9596 41.5142 0
      vertex -29.0954 40.0463 0
    endloop
  endfacet
  facet normal 0.566408 -0.824125 0
    outer loop
      vertex -26.9596 41.5142 0
      vertex -29.0954 40.0463 -26
      vertex -26.9596 41.5142 -26
    endloop
  endfacet
  facet normal 0.522514 -0.852631 0
    outer loop
      vertex -26.9596 41.5142 -26
      vertex -24.75 42.8683 0
      vertex -26.9596 41.5142 0
    endloop
  endfacet
  facet normal 0.522514 -0.852631 0
    outer loop
      vertex -24.75 42.8683 0
      vertex -26.9596 41.5142 -26
      vertex -24.75 42.8683 -26
    endloop
  endfacet
  facet normal 0.566408 0.824125 -0
    outer loop
      vertex -26.9596 -41.5142 -26
      vertex -29.0954 -40.0463 0
      vertex -26.9596 -41.5142 0
    endloop
  endfacet
  facet normal 0.566408 0.824125 0
    outer loop
      vertex -29.0954 -40.0463 0
      vertex -26.9596 -41.5142 -26
      vertex -29.0954 -40.0463 -26
    endloop
  endfacet
  facet normal 0.852631 -0.522514 0
    outer loop
      vertex -42.8683 24.75 0
      vertex -41.5142 26.9596 -26
      vertex -41.5142 26.9596 0
    endloop
  endfacet
  facet normal 0.852631 -0.522514 0
    outer loop
      vertex -41.5142 26.9596 -26
      vertex -42.8683 24.75 0
      vertex -42.8683 24.75 -26
    endloop
  endfacet
  facet normal -0.382666 -0.923887 0
    outer loop
      vertex 17.7392 46.2122 -26
      vertex 20.1335 45.2205 0
      vertex 17.7392 46.2122 0
    endloop
  endfacet
  facet normal -0.382666 -0.923887 -0
    outer loop
      vertex 20.1335 45.2205 0
      vertex 17.7392 46.2122 -26
      vertex 20.1335 45.2205 -26
    endloop
  endfacet
  facet normal 0.649437 -0.760416 0
    outer loop
      vertex -33.122 36.7857 -26
      vertex -31.1514 38.4687 0
      vertex -33.122 36.7857 0
    endloop
  endfacet
  facet normal 0.649437 -0.760416 0
    outer loop
      vertex -31.1514 38.4687 0
      vertex -33.122 36.7857 -26
      vertex -31.1514 38.4687 -26
    endloop
  endfacet
  facet normal 0.991448 -0.130503 0
    outer loop
      vertex -49.2288 5.17416 0
      vertex -48.8906 7.74351 -26
      vertex -48.8906 7.74351 0
    endloop
  endfacet
  facet normal 0.991448 -0.130503 0
    outer loop
      vertex -48.8906 7.74351 -26
      vertex -49.2288 5.17416 0
      vertex -49.2288 5.17416 -26
    endloop
  endfacet
  facet normal 0.284004 -0.958823 0
    outer loop
      vertex -15.2963 47.0773 -26
      vertex -12.8115 47.8133 0
      vertex -15.2963 47.0773 0
    endloop
  endfacet
  facet normal 0.284004 -0.958823 0
    outer loop
      vertex -12.8115 47.8133 0
      vertex -15.2963 47.0773 -26
      vertex -12.8115 47.8133 -26
    endloop
  endfacet
  facet normal 0.902577 0.430528 0
    outer loop
      vertex -44.1048 -22.4725 0
      vertex -45.2205 -20.1335 -26
      vertex -45.2205 -20.1335 0
    endloop
  endfacet
  facet normal 0.902577 0.430528 0
    outer loop
      vertex -45.2205 -20.1335 -26
      vertex -44.1048 -22.4725 0
      vertex -44.1048 -22.4725 -26
    endloop
  endfacet
  facet normal 0.852631 0.522514 0
    outer loop
      vertex -41.5142 -26.9596 0
      vertex -42.8683 -24.75 -26
      vertex -42.8683 -24.75 0
    endloop
  endfacet
  facet normal 0.852631 0.522514 0
    outer loop
      vertex -42.8683 -24.75 -26
      vertex -41.5142 -26.9596 0
      vertex -41.5142 -26.9596 -26
    endloop
  endfacet
  facet normal 0.958823 0.284004 0
    outer loop
      vertex -47.0773 -15.2963 0
      vertex -47.8133 -12.8115 -26
      vertex -47.8133 -12.8115 0
    endloop
  endfacet
  facet normal 0.958823 0.284004 0
    outer loop
      vertex -47.8133 -12.8115 -26
      vertex -47.0773 -15.2963 0
      vertex -47.0773 -15.2963 -26
    endloop
  endfacet
  facet normal -0.284004 -0.958823 0
    outer loop
      vertex 12.8115 47.8133 -26
      vertex 15.2963 47.0773 0
      vertex 12.8115 47.8133 0
    endloop
  endfacet
  facet normal -0.284004 -0.958823 -0
    outer loop
      vertex 15.2963 47.0773 0
      vertex 12.8115 47.8133 -26
      vertex 15.2963 47.0773 -26
    endloop
  endfacet
  facet normal 0.477134 -0.87883 0
    outer loop
      vertex -24.75 42.8683 -26
      vertex -22.4725 44.1048 0
      vertex -24.75 42.8683 0
    endloop
  endfacet
  facet normal 0.477134 -0.87883 0
    outer loop
      vertex -22.4725 44.1048 0
      vertex -24.75 42.8683 -26
      vertex -22.4725 44.1048 -26
    endloop
  endfacet
  facet normal 0.608756 0.793358 -0
    outer loop
      vertex -29.0954 -40.0463 -26
      vertex -31.1514 -38.4687 0
      vertex -29.0954 -40.0463 0
    endloop
  endfacet
  facet normal 0.608756 0.793358 0
    outer loop
      vertex -31.1514 -38.4687 0
      vertex -29.0954 -40.0463 -26
      vertex -31.1514 -38.4687 -26
    endloop
  endfacet
  facet normal 0 0 -1
    outer loop
      vertex 50 -6 -18.01
      vertex 53 0 -18.01
      vertex 52.9274 -2.77381 -18.01
    endloop
  endfacet
  facet normal 0 0 -1
    outer loop
      vertex 50 -6 -18.01
      vertex 52.9274 -2.77381 -18.01
      vertex 52.7097 -5.54001 -18.01
    endloop
  endfacet
  facet normal 0 0 -1
    outer loop
      vertex 50 6 -18.01
      vertex 53 0 -18.01
      vertex 50 -6 -18.01
    endloop
  endfacet
  facet normal 0 0 -1
    outer loop
      vertex 50 -6 -18.01
      vertex 52.7097 -5.54001 -18.01
      vertex 52.6491 -6 -18.01
    endloop
  endfacet
  facet normal 0 0 -1
    outer loop
      vertex 53 0 -18.01
      vertex 50 6 -18.01
      vertex 52.9274 2.77381 -18.01
    endloop
  endfacet
  facet normal 0 0 -1
    outer loop
      vertex 52.9274 2.77381 -18.01
      vertex 50 6 -18.01
      vertex 52.7097 5.54001 -18.01
    endloop
  endfacet
  facet normal 0 0 -1
    outer loop
      vertex 52.7097 5.54001 -18.01
      vertex 50 6 -18.01
      vertex 52.6491 6 -18.01
    endloop
  endfacet
  facet normal 0 0 1
    outer loop
      vertex 0 6 -28.01
      vertex 53 0 -28.01
      vertex 52.9274 2.77381 -28.01
    endloop
  endfacet
  facet normal 0 0 1
    outer loop
      vertex 0 6 -28.01
      vertex 52.9274 2.77381 -28.01
      vertex 52.7097 5.54001 -28.01
    endloop
  endfacet
  facet normal 0 0 1
    outer loop
      vertex 0 -6 -28.01
      vertex 53 0 -28.01
      vertex 0 6 -28.01
    endloop
  endfacet
  facet normal -0 0 1
    outer loop
      vertex 0 6 -28.01
      vertex 52.7097 5.54001 -28.01
      vertex 52.6491 6 -28.01
    endloop
  endfacet
  facet normal 0 0 1
    outer loop
      vertex 53 0 -28.01
      vertex 0 -6 -28.01
      vertex 52.9274 -2.77381 -28.01
    endloop
  endfacet
  facet normal 0 0 1
    outer loop
      vertex 52.9274 -2.77381 -28.01
      vertex 0 -6 -28.01
      vertex 52.7097 -5.54001 -28.01
    endloop
  endfacet
  facet normal 0 0 1
    outer loop
      vertex 52.7097 -5.54001 -28.01
      vertex 0 -6 -28.01
      vertex 52.6491 -6 -28.01
    endloop
  endfacet
  facet normal 1 -0 0
    outer loop
      vertex 0 -6 -26.01
      vertex 0 6 -28.01
      vertex 0 6 -26.01
    endloop
  endfacet
  facet normal 1 0 0
    outer loop
      vertex 0 6 -28.01
      vertex 0 -6 -26.01
      vertex 0 -6 -28.01
    endloop
  endfacet
  facet normal 0 -1 0
    outer loop
      vertex 0 6 -26.01
      vertex 0 6 -28.01
      vertex 19.0745 6 -26.01
    endloop
  endfacet
  facet normal 0 -1 0
    outer loop
      vertex 19.0745 6 -26
      vertex 19.0745 6 -26.01
      vertex 49.1201 6 -26
    endloop
  endfacet
  facet normal 0 -1 0
    outer loop
      vertex 49.1201 6 -20
      vertex 49.1201 6 -26
      vertex 50 6 -20
    endloop
  endfacet
  facet normal 0 -1 0
    outer loop
      vertex 50 6 -20
      vertex 52.6491 6 -18.01
      vertex 50 6 -18.01
    endloop
  endfacet
  facet normal 0 -1 0
    outer loop
      vertex 52.6491 6 -28.01
      vertex 50 6 -20
      vertex 49.1201 6 -26
    endloop
  endfacet
  facet normal 0 -1 0
    outer loop
      vertex 52.6491 6 -28.01
      vertex 19.0745 6 -26.01
      vertex 0 6 -28.01
    endloop
  endfacet
  facet normal 0 -1 0
    outer loop
      vertex 50 6 -20
      vertex 52.6491 6 -28.01
      vertex 52.6491 6 -18.01
    endloop
  endfacet
  facet normal 0 -1 0
    outer loop
      vertex 19.0745 6 -26.01
      vertex 52.6491 6 -28.01
      vertex 49.1201 6 -26
    endloop
  endfacet
  facet normal 0 1 0
    outer loop
      vertex 52.6491 -6 -18.01
      vertex 50 -6 -20
      vertex 50 -6 -18.01
    endloop
  endfacet
  facet normal 0 1 0
    outer loop
      vertex 50 -6 -20
      vertex 49.1201 -6 -26
      vertex 49.1201 -6 -20
    endloop
  endfacet
  facet normal 0 1 -0
    outer loop
      vertex 52.6491 -6 -28.01
      vertex 50 -6 -20
      vertex 52.6491 -6 -18.01
    endloop
  endfacet
  facet normal 0 1 0
    outer loop
      vertex 49.1201 -6 -26
      vertex 19.0745 -6 -26.01
      vertex 19.0745 -6 -26
    endloop
  endfacet
  facet normal 0 1 0
    outer loop
      vertex 50 -6 -20
      vertex 52.6491 -6 -28.01
      vertex 49.1201 -6 -26
    endloop
  endfacet
  facet normal 0 1 0
    outer loop
      vertex 52.6491 -6 -28.01
      vertex 19.0745 -6 -26.01
      vertex 49.1201 -6 -26
    endloop
  endfacet
  facet normal 0 1 0
    outer loop
      vertex 0 -6 -28.01
      vertex 19.0745 -6 -26.01
      vertex 52.6491 -6 -28.01
    endloop
  endfacet
  facet normal 0 1 0
    outer loop
      vertex 19.0745 -6 -26.01
      vertex 0 -6 -28.01
      vertex 0 -6 -26.01
    endloop
  endfacet
  facet normal -1 0 0
    outer loop
      vertex 50 -6 -20
      vertex 50 -7 -20
      vertex 50 -6 -18.01
    endloop
  endfacet
  facet normal -1 0 0
    outer loop
      vertex 50 6 -18.01
      vertex 50 7 -20
      vertex 50 6 -20
    endloop
  endfacet
  facet normal -1 0 0
    outer loop
      vertex 50 7 -20
      vertex 50 6 -18.01
      vertex 50 7 -12
    endloop
  endfacet
  facet normal -1 0 0
    outer loop
      vertex 50 -6 -18.01
      vertex 50 7 -12
      vertex 50 6 -18.01
    endloop
  endfacet
  facet normal -1 0 0
    outer loop
      vertex 50 -6 -18.01
      vertex 50 -7 -12
      vertex 50 7 -12
    endloop
  endfacet
  facet normal -1 0 0
    outer loop
      vertex 50 -7 -12
      vertex 50 -6 -18.01
      vertex 50 -7 -20
    endloop
  endfacet
  facet normal 0 0 -1
    outer loop
      vertex 50 -7 -12
      vertex 49.5 0 -12
      vertex 50 7 -12
    endloop
  endfacet
  facet normal 0 0 -1
    outer loop
      vertex 50 -7 -12
      vertex 49.4322 -2.59063 -12
      vertex 49.5 0 -12
    endloop
  endfacet
  facet normal 0 0 -1
    outer loop
      vertex 50 -7 -12
      vertex 49.2288 -5.17416 -12
      vertex 49.4322 -2.59063 -12
    endloop
  endfacet
  facet normal 0 -0 -1
    outer loop
      vertex 49.2288 -5.17416 -12
      vertex 50 -7 -12
      vertex 48.9885 -7 -12
    endloop
  endfacet
  facet normal 0 0 -1
    outer loop
      vertex 49.4322 2.59063 -12
      vertex 50 7 -12
      vertex 49.5 0 -12
    endloop
  endfacet
  facet normal 0 0 -1
    outer loop
      vertex 49.2288 5.17416 -12
      vertex 50 7 -12
      vertex 49.4322 2.59063 -12
    endloop
  endfacet
  facet normal -0 0 -1
    outer loop
      vertex 50 7 -12
      vertex 49.2288 5.17416 -12
      vertex 48.9885 7 -12
    endloop
  endfacet
  facet normal 0 0 1
    outer loop
      vertex 50 7 -20
      vertex 49.1201 6 -20
      vertex 50 6 -20
    endloop
  endfacet
  facet normal 0 -0 1
    outer loop
      vertex 49.1201 6 -20
      vertex 50 7 -20
      vertex 48.9885 7 -20
    endloop
  endfacet
  facet normal -0 0 1
    outer loop
      vertex 49.1201 -6 -20
      vertex 50 -7 -20
      vertex 50 -6 -20
    endloop
  endfacet
  facet normal 0 0 1
    outer loop
      vertex 50 -7 -20
      vertex 49.1201 -6 -20
      vertex 48.9885 -7 -20
    endloop
  endfacet
  facet normal 0 -1 0
    outer loop
      vertex 48.9885 7 -20
      vertex 50 7 -12
      vertex 48.9885 7 -12
    endloop
  endfacet
  facet normal 0 -1 -0
    outer loop
      vertex 50 7 -12
      vertex 48.9885 7 -20
      vertex 50 7 -20
    endloop
  endfacet
  facet normal 0 1 -0
    outer loop
      vertex 50 -7 -20
      vertex 48.9885 -7 -12
      vertex 50 -7 -12
    endloop
  endfacet
  facet normal 0 1 0
    outer loop
      vertex 48.9885 -7 -12
      vertex 50 -7 -20
      vertex 48.9885 -7 -20
    endloop
  endfacet
  facet normal -0.0785039 0.996914 0
    outer loop
      vertex -1.04672 19.9726 -26
      vertex -2.09057 19.8904 -12.01
      vertex -1.04672 19.9726 -12.01
    endloop
  endfacet
  facet normal -0.0785039 0.996914 0
    outer loop
      vertex -2.09057 19.8904 -12.01
      vertex -1.04672 19.9726 -26
      vertex -2.09057 19.8904 -26
    endloop
  endfacet
  facet normal 0.996914 0.0785039 0
    outer loop
      vertex 19.9726 1.04672 -12.01
      vertex 19.8904 2.09057 -26.01
      vertex 19.8904 2.09057 -12.01
    endloop
  endfacet
  facet normal 0.996914 0.0785039 0
    outer loop
      vertex 19.8904 2.09057 -26.01
      vertex 19.9726 1.04672 -12.01
      vertex 19.9726 1.04672 -26.01
    endloop
  endfacet
  facet normal 0.999658 0.026168 0
    outer loop
      vertex 20 0 -12.01
      vertex 19.9726 1.04672 -26.01
      vertex 19.9726 1.04672 -12.01
    endloop
  endfacet
  facet normal 0.999658 0.026168 0
    outer loop
      vertex 19.9726 1.04672 -26.01
      vertex 20 0 -12.01
      vertex 20 0 -26.01
    endloop
  endfacet
  facet normal 0.991454 0.130459 0
    outer loop
      vertex 19.8904 2.09057 -12.01
      vertex 19.7538 3.12869 -26.01
      vertex 19.7538 3.12869 -12.01
    endloop
  endfacet
  facet normal 0.991454 0.130459 0
    outer loop
      vertex 19.7538 3.12869 -26.01
      vertex 19.8904 2.09057 -12.01
      vertex 19.8904 2.09057 -26.01
    endloop
  endfacet
  facet normal 0.942648 0.333788 0
    outer loop
      vertex 19.0211 6.18034 -12.01
      vertex 18.6716 7.16736 -26
      vertex 18.6716 7.16736 -12.01
    endloop
  endfacet
  facet normal 0.942648 0.333788 0
    outer loop
      vertex 18.6716 7.16736 -26
      vertex 19.0211 6.18034 -12.01
      vertex 19.0211 6.18034 -26
    endloop
  endfacet
  facet normal -0.996914 0.0785039 0
    outer loop
      vertex -19.9726 1.04672 -26
      vertex -19.8904 2.09057 -12.01
      vertex -19.8904 2.09057 -26
    endloop
  endfacet
  facet normal -0.996914 0.0785039 0
    outer loop
      vertex -19.8904 2.09057 -12.01
      vertex -19.9726 1.04672 -26
      vertex -19.9726 1.04672 -12.01
    endloop
  endfacet
  facet normal 0.0785039 -0.996914 0
    outer loop
      vertex 1.04672 -19.9726 -26
      vertex 2.09057 -19.8904 -12.01
      vertex 1.04672 -19.9726 -12.01
    endloop
  endfacet
  facet normal 0.0785039 -0.996914 0
    outer loop
      vertex 2.09057 -19.8904 -12.01
      vertex 1.04672 -19.9726 -26
      vertex 2.09057 -19.8904 -26
    endloop
  endfacet
  facet normal -0.852644 0.522493 0
    outer loop
      vertex -17.3205 10 -26
      vertex -16.7734 10.8928 -12.01
      vertex -16.7734 10.8928 -26
    endloop
  endfacet
  facet normal -0.852644 0.522493 0
    outer loop
      vertex -16.7734 10.8928 -12.01
      vertex -17.3205 10 -26
      vertex -17.3205 10 -12.01
    endloop
  endfacet
  facet normal 0.972356 -0.233503 0
    outer loop
      vertex 19.3185 -5.17638 -12.01
      vertex 19.563 -4.15823 -26.01
      vertex 19.563 -4.15823 -12.01
    endloop
  endfacet
  facet normal 0.972356 -0.233503 0
    outer loop
      vertex 19.563 -4.15823 -26.01
      vertex 19.3185 -5.17638 -12.01
      vertex 19.3185 -5.17638 -26.01
    endloop
  endfacet
  facet normal 0.999658 -0.026168 0
    outer loop
      vertex 19.9726 -1.04672 -12.01
      vertex 20 0 -26.01
      vertex 20 0 -12.01
    endloop
  endfacet
  facet normal 0.999658 -0.026168 0
    outer loop
      vertex 20 0 -26.01
      vertex 19.9726 -1.04672 -12.01
      vertex 19.9726 -1.04672 -26.01
    endloop
  endfacet
  facet normal 0.477142 -0.878826 0
    outer loop
      vertex 9.07981 -17.8201 -26
      vertex 10 -17.3205 -12.01
      vertex 9.07981 -17.8201 -12.01
    endloop
  endfacet
  facet normal 0.477142 -0.878826 0
    outer loop
      vertex 10 -17.3205 -12.01
      vertex 9.07981 -17.8201 -26
      vertex 10 -17.3205 -26
    endloop
  endfacet
  facet normal 0.430527 0.902578 -0
    outer loop
      vertex 9.07981 17.8201 -26
      vertex 8.13473 18.2709 -12.01
      vertex 9.07981 17.8201 -12.01
    endloop
  endfacet
  facet normal 0.430527 0.902578 0
    outer loop
      vertex 8.13473 18.2709 -12.01
      vertex 9.07981 17.8201 -26
      vertex 8.13473 18.2709 -26
    endloop
  endfacet
  facet normal 0.0785039 0.996914 -0
    outer loop
      vertex 2.09057 19.8904 -26
      vertex 1.04672 19.9726 -12.01
      vertex 2.09057 19.8904 -12.01
    endloop
  endfacet
  facet normal 0.0785039 0.996914 0
    outer loop
      vertex 1.04672 19.9726 -12.01
      vertex 2.09057 19.8904 -26
      vertex 1.04672 19.9726 -26
    endloop
  endfacet
  facet normal 0.566436 0.824106 -0
    outer loop
      vertex 11.7557 16.1803 -26
      vertex 10.8928 16.7734 -12.01
      vertex 11.7557 16.1803 -12.01
    endloop
  endfacet
  facet normal 0.566436 0.824106 0
    outer loop
      vertex 10.8928 16.7734 -12.01
      vertex 11.7557 16.1803 -26
      vertex 10.8928 16.7734 -26
    endloop
  endfacet
  facet normal 0.60875 0.793362 -0
    outer loop
      vertex 12.5864 15.5429 -26
      vertex 11.7557 16.1803 -12.01
      vertex 12.5864 15.5429 -12.01
    endloop
  endfacet
  facet normal 0.60875 0.793362 0
    outer loop
      vertex 11.7557 16.1803 -12.01
      vertex 12.5864 15.5429 -26
      vertex 11.7557 16.1803 -26
    endloop
  endfacet
  facet normal -0.430527 -0.902578 0
    outer loop
      vertex -9.07981 -17.8201 -26
      vertex -8.13473 -18.2709 -12.01
      vertex -9.07981 -17.8201 -12.01
    endloop
  endfacet
  facet normal -0.430527 -0.902578 -0
    outer loop
      vertex -8.13473 -18.2709 -12.01
      vertex -9.07981 -17.8201 -26
      vertex -8.13473 -18.2709 -26
    endloop
  endfacet
  facet normal 0.333788 0.942648 -0
    outer loop
      vertex 7.16736 18.6716 -26
      vertex 6.18034 19.0211 -12.01
      vertex 7.16736 18.6716 -12.01
    endloop
  endfacet
  facet normal 0.333788 0.942648 0
    outer loop
      vertex 6.18034 19.0211 -12.01
      vertex 7.16736 18.6716 -26
      vertex 6.18034 19.0211 -26
    endloop
  endfacet
  facet normal 0.793362 -0.60875 0
    outer loop
      vertex 15.5429 -12.5864 -12.01
      vertex 16.1803 -11.7557 -26
      vertex 16.1803 -11.7557 -12.01
    endloop
  endfacet
  facet normal 0.793362 -0.60875 0
    outer loop
      vertex 16.1803 -11.7557 -26
      vertex 15.5429 -12.5864 -12.01
      vertex 15.5429 -12.5864 -26
    endloop
  endfacet
  facet normal 0.958847 0.283922 0
    outer loop
      vertex 19.0211 6.18034 -12.01
      vertex 19.0745 6 -26
      vertex 19.0211 6.18034 -26
    endloop
  endfacet
  facet normal 0.958816 0.284027 -1.47808e-06
    outer loop
      vertex 19.3185 5.17638 -12.01
      vertex 19.0745 6 -26
      vertex 19.0211 6.18034 -12.01
    endloop
  endfacet
  facet normal 0.958809 0.28405 -0
    outer loop
      vertex 19.3185 5.17638 -26.01
      vertex 19.0745 6 -26
      vertex 19.3185 5.17638 -12.01
    endloop
  endfacet
  facet normal 0.958809 0.28405 0
    outer loop
      vertex 19.0745 6 -26
      vertex 19.3185 5.17638 -26.01
      vertex 19.0745 6 -26.01
    endloop
  endfacet
  facet normal -0.382685 -0.923879 0
    outer loop
      vertex -8.13473 -18.2709 -26
      vertex -7.16736 -18.6716 -12.01
      vertex -8.13473 -18.2709 -12.01
    endloop
  endfacet
  facet normal -0.382685 -0.923879 -0
    outer loop
      vertex -7.16736 -18.6716 -12.01
      vertex -8.13473 -18.2709 -26
      vertex -7.16736 -18.6716 -26
    endloop
  endfacet
  facet normal 0.182223 0.983257 -0
    outer loop
      vertex 4.15823 19.563 -26
      vertex 3.12869 19.7538 -12.01
      vertex 4.15823 19.563 -12.01
    endloop
  endfacet
  facet normal 0.182223 0.983257 0
    outer loop
      vertex 3.12869 19.7538 -12.01
      vertex 4.15823 19.563 -26
      vertex 3.12869 19.7538 -26
    endloop
  endfacet
  facet normal 0.760415 -0.649438 0
    outer loop
      vertex 14.8629 -13.3826 -12.01
      vertex 15.5429 -12.5864 -26
      vertex 15.5429 -12.5864 -12.01
    endloop
  endfacet
  facet normal 0.760415 -0.649438 0
    outer loop
      vertex 15.5429 -12.5864 -26
      vertex 14.8629 -13.3826 -12.01
      vertex 14.8629 -13.3826 -26
    endloop
  endfacet
  facet normal -0.60875 0.793362 0
    outer loop
      vertex -11.7557 16.1803 -26
      vertex -12.5864 15.5429 -12.01
      vertex -11.7557 16.1803 -12.01
    endloop
  endfacet
  facet normal -0.60875 0.793362 0
    outer loop
      vertex -12.5864 15.5429 -12.01
      vertex -11.7557 16.1803 -26
      vertex -12.5864 15.5429 -26
    endloop
  endfacet
  facet normal 0.688385 0.725345 -0
    outer loop
      vertex 14.1421 14.1421 -26
      vertex 13.3826 14.8629 -12.01
      vertex 14.1421 14.1421 -12.01
    endloop
  endfacet
  facet normal 0.688385 0.725345 0
    outer loop
      vertex 13.3826 14.8629 -12.01
      vertex 14.1421 14.1421 -26
      vertex 13.3826 14.8629 -26
    endloop
  endfacet
  facet normal 0.942648 -0.333788 0
    outer loop
      vertex 18.6716 -7.16736 -12.01
      vertex 19.0211 -6.18034 -26
      vertex 19.0211 -6.18034 -12.01
    endloop
  endfacet
  facet normal 0.942648 -0.333788 0
    outer loop
      vertex 19.0211 -6.18034 -26
      vertex 18.6716 -7.16736 -12.01
      vertex 18.6716 -7.16736 -26
    endloop
  endfacet
  facet normal 0.284027 -0.958816 0
    outer loop
      vertex 5.17638 -19.3185 -26
      vertex 6.18034 -19.0211 -12.01
      vertex 5.17638 -19.3185 -12.01
    endloop
  endfacet
  facet normal 0.284027 -0.958816 0
    outer loop
      vertex 6.18034 -19.0211 -12.01
      vertex 5.17638 -19.3185 -26
      vertex 6.18034 -19.0211 -26
    endloop
  endfacet
  facet normal 0.182223 -0.983257 0
    outer loop
      vertex 3.12869 -19.7538 -26
      vertex 4.15823 -19.563 -12.01
      vertex 3.12869 -19.7538 -12.01
    endloop
  endfacet
  facet normal 0.182223 -0.983257 0
    outer loop
      vertex 4.15823 -19.563 -12.01
      vertex 3.12869 -19.7538 -26
      vertex 4.15823 -19.563 -26
    endloop
  endfacet
  facet normal -0.958816 0.284027 0
    outer loop
      vertex -19.3185 5.17638 -26
      vertex -19.0211 6.18034 -12.01
      vertex -19.0211 6.18034 -26
    endloop
  endfacet
  facet normal -0.958816 0.284027 0
    outer loop
      vertex -19.0211 6.18034 -12.01
      vertex -19.3185 5.17638 -26
      vertex -19.3185 5.17638 -12.01
    endloop
  endfacet
  facet normal -0.130459 -0.991454 0
    outer loop
      vertex -3.12869 -19.7538 -26
      vertex -2.09057 -19.8904 -12.01
      vertex -3.12869 -19.7538 -12.01
    endloop
  endfacet
  facet normal -0.130459 -0.991454 -0
    outer loop
      vertex -2.09057 -19.8904 -12.01
      vertex -3.12869 -19.7538 -26
      vertex -2.09057 -19.8904 -26
    endloop
  endfacet
  facet normal 0.852644 0.522493 0
    outer loop
      vertex 17.3205 10 -12.01
      vertex 16.7734 10.8928 -26
      vertex 16.7734 10.8928 -12.01
    endloop
  endfacet
  facet normal 0.852644 0.522493 0
    outer loop
      vertex 16.7734 10.8928 -26
      vertex 17.3205 10 -12.01
      vertex 17.3205 10 -26
    endloop
  endfacet
  facet normal -0.999658 0.026168 0
    outer loop
      vertex -20 0 -26
      vertex -19.9726 1.04672 -12.01
      vertex -19.9726 1.04672 -26
    endloop
  endfacet
  facet normal -0.999658 0.026168 0
    outer loop
      vertex -19.9726 1.04672 -12.01
      vertex -20 0 -26
      vertex -20 0 -12.01
    endloop
  endfacet
  facet normal 0.958809 -0.28405 0
    outer loop
      vertex 19.3185 -5.17638 -12.01
      vertex 19.0745 -6 -26
      vertex 19.3185 -5.17638 -26.01
    endloop
  endfacet
  facet normal 0.958816 -0.284027 -1.47808e-06
    outer loop
      vertex 19.0211 -6.18034 -12.01
      vertex 19.0745 -6 -26
      vertex 19.3185 -5.17638 -12.01
    endloop
  endfacet
  facet normal 0.958847 -0.283922 0
    outer loop
      vertex 19.0745 -6 -26
      vertex 19.0211 -6.18034 -12.01
      vertex 19.0211 -6.18034 -26
    endloop
  endfacet
  facet normal 0.958809 -0.28405 0
    outer loop
      vertex 19.3185 -5.17638 -26.01
      vertex 19.0745 -6 -26
      vertex 19.0745 -6 -26.01
    endloop
  endfacet
  facet normal -0.026168 0.999658 0
    outer loop
      vertex 0 20 -26
      vertex -1.04672 19.9726 -12.01
      vertex 0 20 -12.01
    endloop
  endfacet
  facet normal -0.026168 0.999658 0
    outer loop
      vertex -1.04672 19.9726 -12.01
      vertex 0 20 -26
      vertex -1.04672 19.9726 -26
    endloop
  endfacet
  facet normal 0.793362 0.60875 0
    outer loop
      vertex 16.1803 11.7557 -12.01
      vertex 15.5429 12.5864 -26
      vertex 15.5429 12.5864 -12.01
    endloop
  endfacet
  facet normal 0.793362 0.60875 0
    outer loop
      vertex 15.5429 12.5864 -26
      vertex 16.1803 11.7557 -12.01
      vertex 16.1803 11.7557 -26
    endloop
  endfacet
  facet normal 0.725345 0.688385 0
    outer loop
      vertex 14.8629 13.3826 -12.01
      vertex 14.1421 14.1421 -26
      vertex 14.1421 14.1421 -12.01
    endloop
  endfacet
  facet normal 0.725345 0.688385 0
    outer loop
      vertex 14.1421 14.1421 -26
      vertex 14.8629 13.3826 -12.01
      vertex 14.8629 13.3826 -26
    endloop
  endfacet
  facet normal 0.688385 -0.725345 0
    outer loop
      vertex 13.3826 -14.8629 -26
      vertex 14.1421 -14.1421 -12.01
      vertex 13.3826 -14.8629 -12.01
    endloop
  endfacet
  facet normal 0.688385 -0.725345 0
    outer loop
      vertex 14.1421 -14.1421 -12.01
      vertex 13.3826 -14.8629 -26
      vertex 14.1421 -14.1421 -26
    endloop
  endfacet
  facet normal 0.991454 -0.130459 0
    outer loop
      vertex 19.7538 -3.12869 -12.01
      vertex 19.8904 -2.09057 -26.01
      vertex 19.8904 -2.09057 -12.01
    endloop
  endfacet
  facet normal 0.991454 -0.130459 0
    outer loop
      vertex 19.8904 -2.09057 -26.01
      vertex 19.7538 -3.12869 -12.01
      vertex 19.7538 -3.12869 -26.01
    endloop
  endfacet
  facet normal 0.333788 -0.942648 0
    outer loop
      vertex 6.18034 -19.0211 -26
      vertex 7.16736 -18.6716 -12.01
      vertex 6.18034 -19.0211 -12.01
    endloop
  endfacet
  facet normal 0.333788 -0.942648 0
    outer loop
      vertex 7.16736 -18.6716 -12.01
      vertex 6.18034 -19.0211 -26
      vertex 7.16736 -18.6716 -26
    endloop
  endfacet
  facet normal -0.996914 -0.0785039 0
    outer loop
      vertex -19.8904 -2.09057 -26
      vertex -19.9726 -1.04672 -12.01
      vertex -19.9726 -1.04672 -26
    endloop
  endfacet
  facet normal -0.996914 -0.0785039 0
    outer loop
      vertex -19.9726 -1.04672 -12.01
      vertex -19.8904 -2.09057 -26
      vertex -19.8904 -2.09057 -12.01
    endloop
  endfacet
  facet normal 0.026168 -0.999658 0
    outer loop
      vertex 0 -20 -26
      vertex 1.04672 -19.9726 -12.01
      vertex 0 -20 -12.01
    endloop
  endfacet
  facet normal 0.026168 -0.999658 0
    outer loop
      vertex 1.04672 -19.9726 -12.01
      vertex 0 -20 -26
      vertex 1.04672 -19.9726 -26
    endloop
  endfacet
  facet normal 0.996914 -0.0785039 0
    outer loop
      vertex 19.8904 -2.09057 -12.01
      vertex 19.9726 -1.04672 -26.01
      vertex 19.9726 -1.04672 -12.01
    endloop
  endfacet
  facet normal 0.996914 -0.0785039 0
    outer loop
      vertex 19.9726 -1.04672 -26.01
      vertex 19.8904 -2.09057 -12.01
      vertex 19.8904 -2.09057 -26.01
    endloop
  endfacet
  facet normal 0.130459 0.991454 -0
    outer loop
      vertex 3.12869 19.7538 -26
      vertex 2.09057 19.8904 -12.01
      vertex 3.12869 19.7538 -12.01
    endloop
  endfacet
  facet normal 0.130459 0.991454 0
    outer loop
      vertex 2.09057 19.8904 -12.01
      vertex 3.12869 19.7538 -26
      vertex 2.09057 19.8904 -26
    endloop
  endfacet
  facet normal 0.878826 0.477142 0
    outer loop
      vertex 17.8201 9.07981 -12.01
      vertex 17.3205 10 -26
      vertex 17.3205 10 -12.01
    endloop
  endfacet
  facet normal 0.878826 0.477142 0
    outer loop
      vertex 17.3205 10 -26
      vertex 17.8201 9.07981 -12.01
      vertex 17.8201 9.07981 -26
    endloop
  endfacet
  facet normal -0.649438 -0.760415 0
    outer loop
      vertex -13.3826 -14.8629 -26
      vertex -12.5864 -15.5429 -12.01
      vertex -13.3826 -14.8629 -12.01
    endloop
  endfacet
  facet normal -0.649438 -0.760415 -0
    outer loop
      vertex -12.5864 -15.5429 -12.01
      vertex -13.3826 -14.8629 -26
      vertex -12.5864 -15.5429 -26
    endloop
  endfacet
  facet normal -0.026168 -0.999658 0
    outer loop
      vertex -1.04672 -19.9726 -26
      vertex 0 -20 -12.01
      vertex -1.04672 -19.9726 -12.01
    endloop
  endfacet
  facet normal -0.026168 -0.999658 -0
    outer loop
      vertex 0 -20 -12.01
      vertex -1.04672 -19.9726 -26
      vertex 0 -20 -26
    endloop
  endfacet
  facet normal 0.649438 0.760415 -0
    outer loop
      vertex 13.3826 14.8629 -26
      vertex 12.5864 15.5429 -12.01
      vertex 13.3826 14.8629 -12.01
    endloop
  endfacet
  facet normal 0.649438 0.760415 0
    outer loop
      vertex 12.5864 15.5429 -12.01
      vertex 13.3826 14.8629 -26
      vertex 12.5864 15.5429 -26
    endloop
  endfacet
  facet normal -0.760415 0.649438 0
    outer loop
      vertex -15.5429 12.5864 -26
      vertex -14.8629 13.3826 -12.01
      vertex -14.8629 13.3826 -26
    endloop
  endfacet
  facet normal -0.760415 0.649438 0
    outer loop
      vertex -14.8629 13.3826 -12.01
      vertex -15.5429 12.5864 -26
      vertex -15.5429 12.5864 -12.01
    endloop
  endfacet
  facet normal -0.522493 0.852644 0
    outer loop
      vertex -10 17.3205 -26
      vertex -10.8928 16.7734 -12.01
      vertex -10 17.3205 -12.01
    endloop
  endfacet
  facet normal -0.522493 0.852644 0
    outer loop
      vertex -10.8928 16.7734 -12.01
      vertex -10 17.3205 -26
      vertex -10.8928 16.7734 -26
    endloop
  endfacet
  facet normal -0.824106 -0.566436 0
    outer loop
      vertex -16.1803 -11.7557 -26
      vertex -16.7734 -10.8928 -12.01
      vertex -16.7734 -10.8928 -26
    endloop
  endfacet
  facet normal -0.824106 -0.566436 0
    outer loop
      vertex -16.7734 -10.8928 -12.01
      vertex -16.1803 -11.7557 -26
      vertex -16.1803 -11.7557 -12.01
    endloop
  endfacet
  facet normal -0.649438 0.760415 0
    outer loop
      vertex -12.5864 15.5429 -26
      vertex -13.3826 14.8629 -12.01
      vertex -12.5864 15.5429 -12.01
    endloop
  endfacet
  facet normal -0.649438 0.760415 0
    outer loop
      vertex -13.3826 14.8629 -12.01
      vertex -12.5864 15.5429 -26
      vertex -13.3826 14.8629 -26
    endloop
  endfacet
  facet normal -0.902578 0.430527 0
    outer loop
      vertex -18.2709 8.13473 -26
      vertex -17.8201 9.07981 -12.01
      vertex -17.8201 9.07981 -26
    endloop
  endfacet
  facet normal -0.902578 0.430527 0
    outer loop
      vertex -17.8201 9.07981 -12.01
      vertex -18.2709 8.13473 -26
      vertex -18.2709 8.13473 -12.01
    endloop
  endfacet
  facet normal 0.824106 -0.566436 0
    outer loop
      vertex 16.1803 -11.7557 -12.01
      vertex 16.7734 -10.8928 -26
      vertex 16.7734 -10.8928 -12.01
    endloop
  endfacet
  facet normal 0.824106 -0.566436 0
    outer loop
      vertex 16.7734 -10.8928 -26
      vertex 16.1803 -11.7557 -12.01
      vertex 16.1803 -11.7557 -26
    endloop
  endfacet
  facet normal -0.0785039 -0.996914 0
    outer loop
      vertex -2.09057 -19.8904 -26
      vertex -1.04672 -19.9726 -12.01
      vertex -2.09057 -19.8904 -12.01
    endloop
  endfacet
  facet normal -0.0785039 -0.996914 -0
    outer loop
      vertex -1.04672 -19.9726 -12.01
      vertex -2.09057 -19.8904 -26
      vertex -1.04672 -19.9726 -26
    endloop
  endfacet
  facet normal 0.983257 -0.182223 0
    outer loop
      vertex 19.563 -4.15823 -12.01
      vertex 19.7538 -3.12869 -26.01
      vertex 19.7538 -3.12869 -12.01
    endloop
  endfacet
  facet normal 0.983257 -0.182223 0
    outer loop
      vertex 19.7538 -3.12869 -26.01
      vertex 19.563 -4.15823 -12.01
      vertex 19.563 -4.15823 -26.01
    endloop
  endfacet
  facet normal -0.725345 -0.688385 0
    outer loop
      vertex -14.1421 -14.1421 -26
      vertex -14.8629 -13.3826 -12.01
      vertex -14.8629 -13.3826 -26
    endloop
  endfacet
  facet normal -0.725345 -0.688385 0
    outer loop
      vertex -14.8629 -13.3826 -12.01
      vertex -14.1421 -14.1421 -26
      vertex -14.1421 -14.1421 -12.01
    endloop
  endfacet
  facet normal 0.923879 -0.382685 0
    outer loop
      vertex 18.2709 -8.13473 -12.01
      vertex 18.6716 -7.16736 -26
      vertex 18.6716 -7.16736 -12.01
    endloop
  endfacet
  facet normal 0.923879 -0.382685 0
    outer loop
      vertex 18.6716 -7.16736 -26
      vertex 18.2709 -8.13473 -12.01
      vertex 18.2709 -8.13473 -26
    endloop
  endfacet
  facet normal 0.824106 0.566436 0
    outer loop
      vertex 16.7734 10.8928 -12.01
      vertex 16.1803 11.7557 -26
      vertex 16.1803 11.7557 -12.01
    endloop
  endfacet
  facet normal 0.824106 0.566436 0
    outer loop
      vertex 16.1803 11.7557 -26
      vertex 16.7734 10.8928 -12.01
      vertex 16.7734 10.8928 -26
    endloop
  endfacet
  facet normal -0.999658 -0.026168 0
    outer loop
      vertex -19.9726 -1.04672 -26
      vertex -20 0 -12.01
      vertex -20 0 -26
    endloop
  endfacet
  facet normal -0.999658 -0.026168 0
    outer loop
      vertex -20 0 -12.01
      vertex -19.9726 -1.04672 -26
      vertex -19.9726 -1.04672 -12.01
    endloop
  endfacet
  facet normal 0.852644 -0.522493 0
    outer loop
      vertex 16.7734 -10.8928 -12.01
      vertex 17.3205 -10 -26
      vertex 17.3205 -10 -12.01
    endloop
  endfacet
  facet normal 0.852644 -0.522493 0
    outer loop
      vertex 17.3205 -10 -26
      vertex 16.7734 -10.8928 -12.01
      vertex 16.7734 -10.8928 -26
    endloop
  endfacet
  facet normal 0.923879 0.382685 0
    outer loop
      vertex 18.6716 7.16736 -12.01
      vertex 18.2709 8.13473 -26
      vertex 18.2709 8.13473 -12.01
    endloop
  endfacet
  facet normal 0.923879 0.382685 0
    outer loop
      vertex 18.2709 8.13473 -26
      vertex 18.6716 7.16736 -12.01
      vertex 18.6716 7.16736 -26
    endloop
  endfacet
  facet normal 0.477142 0.878826 -0
    outer loop
      vertex 10 17.3205 -26
      vertex 9.07981 17.8201 -12.01
      vertex 10 17.3205 -12.01
    endloop
  endfacet
  facet normal 0.477142 0.878826 0
    outer loop
      vertex 9.07981 17.8201 -12.01
      vertex 10 17.3205 -26
      vertex 9.07981 17.8201 -26
    endloop
  endfacet
  facet normal -0.233503 -0.972356 0
    outer loop
      vertex -5.17638 -19.3185 -26
      vertex -4.15823 -19.563 -12.01
      vertex -5.17638 -19.3185 -12.01
    endloop
  endfacet
  facet normal -0.233503 -0.972356 -0
    outer loop
      vertex -4.15823 -19.563 -12.01
      vertex -5.17638 -19.3185 -26
      vertex -4.15823 -19.563 -26
    endloop
  endfacet
  facet normal -0.878826 0.477142 0
    outer loop
      vertex -17.8201 9.07981 -26
      vertex -17.3205 10 -12.01
      vertex -17.3205 10 -26
    endloop
  endfacet
  facet normal -0.878826 0.477142 0
    outer loop
      vertex -17.3205 10 -12.01
      vertex -17.8201 9.07981 -26
      vertex -17.8201 9.07981 -12.01
    endloop
  endfacet
  facet normal -0.430527 0.902578 0
    outer loop
      vertex -8.13473 18.2709 -26
      vertex -9.07981 17.8201 -12.01
      vertex -8.13473 18.2709 -12.01
    endloop
  endfacet
  facet normal -0.430527 0.902578 0
    outer loop
      vertex -9.07981 17.8201 -12.01
      vertex -8.13473 18.2709 -26
      vertex -9.07981 17.8201 -26
    endloop
  endfacet
  facet normal 0.725345 -0.688385 0
    outer loop
      vertex 14.1421 -14.1421 -12.01
      vertex 14.8629 -13.3826 -26
      vertex 14.8629 -13.3826 -12.01
    endloop
  endfacet
  facet normal 0.725345 -0.688385 0
    outer loop
      vertex 14.8629 -13.3826 -26
      vertex 14.1421 -14.1421 -12.01
      vertex 14.1421 -14.1421 -26
    endloop
  endfacet
  facet normal 0.130459 -0.991454 0
    outer loop
      vertex 2.09057 -19.8904 -26
      vertex 3.12869 -19.7538 -12.01
      vertex 2.09057 -19.8904 -12.01
    endloop
  endfacet
  facet normal 0.130459 -0.991454 0
    outer loop
      vertex 3.12869 -19.7538 -12.01
      vertex 2.09057 -19.8904 -26
      vertex 3.12869 -19.7538 -26
    endloop
  endfacet
  facet normal 0.566436 -0.824106 0
    outer loop
      vertex 10.8928 -16.7734 -26
      vertex 11.7557 -16.1803 -12.01
      vertex 10.8928 -16.7734 -12.01
    endloop
  endfacet
  facet normal 0.566436 -0.824106 0
    outer loop
      vertex 11.7557 -16.1803 -12.01
      vertex 10.8928 -16.7734 -26
      vertex 11.7557 -16.1803 -26
    endloop
  endfacet
  facet normal -0.522493 -0.852644 0
    outer loop
      vertex -10.8928 -16.7734 -26
      vertex -10 -17.3205 -12.01
      vertex -10.8928 -16.7734 -12.01
    endloop
  endfacet
  facet normal -0.522493 -0.852644 -0
    outer loop
      vertex -10 -17.3205 -12.01
      vertex -10.8928 -16.7734 -26
      vertex -10 -17.3205 -26
    endloop
  endfacet
  facet normal -0.942648 0.333788 0
    outer loop
      vertex -19.0211 6.18034 -26
      vertex -18.6716 7.16736 -12.01
      vertex -18.6716 7.16736 -26
    endloop
  endfacet
  facet normal -0.942648 0.333788 0
    outer loop
      vertex -18.6716 7.16736 -12.01
      vertex -19.0211 6.18034 -26
      vertex -19.0211 6.18034 -12.01
    endloop
  endfacet
  facet normal 0.983257 0.182223 0
    outer loop
      vertex 19.7538 3.12869 -12.01
      vertex 19.563 4.15823 -26.01
      vertex 19.563 4.15823 -12.01
    endloop
  endfacet
  facet normal 0.983257 0.182223 0
    outer loop
      vertex 19.563 4.15823 -26.01
      vertex 19.7538 3.12869 -12.01
      vertex 19.7538 3.12869 -26.01
    endloop
  endfacet
  facet normal -0.983257 0.182223 0
    outer loop
      vertex -19.7538 3.12869 -26
      vertex -19.563 4.15823 -12.01
      vertex -19.563 4.15823 -26
    endloop
  endfacet
  facet normal -0.983257 0.182223 0
    outer loop
      vertex -19.563 4.15823 -12.01
      vertex -19.7538 3.12869 -26
      vertex -19.7538 3.12869 -12.01
    endloop
  endfacet
  facet normal 0.902578 0.430527 0
    outer loop
      vertex 18.2709 8.13473 -12.01
      vertex 17.8201 9.07981 -26
      vertex 17.8201 9.07981 -12.01
    endloop
  endfacet
  facet normal 0.902578 0.430527 0
    outer loop
      vertex 17.8201 9.07981 -26
      vertex 18.2709 8.13473 -12.01
      vertex 18.2709 8.13473 -26
    endloop
  endfacet
  facet normal -0.182223 -0.983257 0
    outer loop
      vertex -4.15823 -19.563 -26
      vertex -3.12869 -19.7538 -12.01
      vertex -4.15823 -19.563 -12.01
    endloop
  endfacet
  facet normal -0.182223 -0.983257 -0
    outer loop
      vertex -3.12869 -19.7538 -12.01
      vertex -4.15823 -19.563 -26
      vertex -3.12869 -19.7538 -26
    endloop
  endfacet
  facet normal 0.026168 0.999658 -0
    outer loop
      vertex 1.04672 19.9726 -26
      vertex 0 20 -12.01
      vertex 1.04672 19.9726 -12.01
    endloop
  endfacet
  facet normal 0.026168 0.999658 0
    outer loop
      vertex 0 20 -12.01
      vertex 1.04672 19.9726 -26
      vertex 0 20 -26
    endloop
  endfacet
  facet normal -0.824106 0.566436 0
    outer loop
      vertex -16.7734 10.8928 -26
      vertex -16.1803 11.7557 -12.01
      vertex -16.1803 11.7557 -26
    endloop
  endfacet
  facet normal -0.824106 0.566436 0
    outer loop
      vertex -16.1803 11.7557 -12.01
      vertex -16.7734 10.8928 -26
      vertex -16.7734 10.8928 -12.01
    endloop
  endfacet
  facet normal -0.284027 -0.958816 0
    outer loop
      vertex -6.18034 -19.0211 -26
      vertex -5.17638 -19.3185 -12.01
      vertex -6.18034 -19.0211 -12.01
    endloop
  endfacet
  facet normal -0.284027 -0.958816 -0
    outer loop
      vertex -5.17638 -19.3185 -12.01
      vertex -6.18034 -19.0211 -26
      vertex -5.17638 -19.3185 -26
    endloop
  endfacet
  facet normal -0.477142 0.878826 0
    outer loop
      vertex -9.07981 17.8201 -26
      vertex -10 17.3205 -12.01
      vertex -9.07981 17.8201 -12.01
    endloop
  endfacet
  facet normal -0.477142 0.878826 0
    outer loop
      vertex -10 17.3205 -12.01
      vertex -9.07981 17.8201 -26
      vertex -10 17.3205 -26
    endloop
  endfacet
  facet normal 0.972356 0.233503 0
    outer loop
      vertex 19.563 4.15823 -12.01
      vertex 19.3185 5.17638 -26.01
      vertex 19.3185 5.17638 -12.01
    endloop
  endfacet
  facet normal 0.972356 0.233503 0
    outer loop
      vertex 19.3185 5.17638 -26.01
      vertex 19.563 4.15823 -12.01
      vertex 19.563 4.15823 -26.01
    endloop
  endfacet
  facet normal -0.333788 -0.942648 0
    outer loop
      vertex -7.16736 -18.6716 -26
      vertex -6.18034 -19.0211 -12.01
      vertex -7.16736 -18.6716 -12.01
    endloop
  endfacet
  facet normal -0.333788 -0.942648 -0
    outer loop
      vertex -6.18034 -19.0211 -12.01
      vertex -7.16736 -18.6716 -26
      vertex -6.18034 -19.0211 -26
    endloop
  endfacet
  facet normal 0.382685 0.923879 -0
    outer loop
      vertex 8.13473 18.2709 -26
      vertex 7.16736 18.6716 -12.01
      vertex 8.13473 18.2709 -12.01
    endloop
  endfacet
  facet normal 0.382685 0.923879 0
    outer loop
      vertex 7.16736 18.6716 -12.01
      vertex 8.13473 18.2709 -26
      vertex 7.16736 18.6716 -26
    endloop
  endfacet
  facet normal -0.130459 0.991454 0
    outer loop
      vertex -2.09057 19.8904 -26
      vertex -3.12869 19.7538 -12.01
      vertex -2.09057 19.8904 -12.01
    endloop
  endfacet
  facet normal -0.130459 0.991454 0
    outer loop
      vertex -3.12869 19.7538 -12.01
      vertex -2.09057 19.8904 -26
      vertex -3.12869 19.7538 -26
    endloop
  endfacet
  facet normal 0.233503 -0.972356 0
    outer loop
      vertex 4.15823 -19.563 -26
      vertex 5.17638 -19.3185 -12.01
      vertex 4.15823 -19.563 -12.01
    endloop
  endfacet
  facet normal 0.233503 -0.972356 0
    outer loop
      vertex 5.17638 -19.3185 -12.01
      vertex 4.15823 -19.563 -26
      vertex 5.17638 -19.3185 -26
    endloop
  endfacet
  facet normal -0.958816 -0.284027 0
    outer loop
      vertex -19.0211 -6.18034 -26
      vertex -19.3185 -5.17638 -12.01
      vertex -19.3185 -5.17638 -26
    endloop
  endfacet
  facet normal -0.958816 -0.284027 0
    outer loop
      vertex -19.3185 -5.17638 -12.01
      vertex -19.0211 -6.18034 -26
      vertex -19.0211 -6.18034 -12.01
    endloop
  endfacet
  facet normal -0.942648 -0.333788 0
    outer loop
      vertex -18.6716 -7.16736 -26
      vertex -19.0211 -6.18034 -12.01
      vertex -19.0211 -6.18034 -26
    endloop
  endfacet
  facet normal -0.942648 -0.333788 0
    outer loop
      vertex -19.0211 -6.18034 -12.01
      vertex -18.6716 -7.16736 -26
      vertex -18.6716 -7.16736 -12.01
    endloop
  endfacet
  facet normal -0.284027 0.958816 0
    outer loop
      vertex -5.17638 19.3185 -26
      vertex -6.18034 19.0211 -12.01
      vertex -5.17638 19.3185 -12.01
    endloop
  endfacet
  facet normal -0.284027 0.958816 0
    outer loop
      vertex -6.18034 19.0211 -12.01
      vertex -5.17638 19.3185 -26
      vertex -6.18034 19.0211 -26
    endloop
  endfacet
  facet normal 0.878826 -0.477142 0
    outer loop
      vertex 17.3205 -10 -12.01
      vertex 17.8201 -9.07981 -26
      vertex 17.8201 -9.07981 -12.01
    endloop
  endfacet
  facet normal 0.878826 -0.477142 0
    outer loop
      vertex 17.8201 -9.07981 -26
      vertex 17.3205 -10 -12.01
      vertex 17.3205 -10 -26
    endloop
  endfacet
  facet normal 0.284027 0.958816 -0
    outer loop
      vertex 6.18034 19.0211 -26
      vertex 5.17638 19.3185 -12.01
      vertex 6.18034 19.0211 -12.01
    endloop
  endfacet
  facet normal 0.284027 0.958816 0
    outer loop
      vertex 5.17638 19.3185 -12.01
      vertex 6.18034 19.0211 -26
      vertex 5.17638 19.3185 -26
    endloop
  endfacet
  facet normal 0 0 1
    outer loop
      vertex 19.9726 1.04672 -12.01
      vertex 19.9726 -1.04672 -12.01
      vertex 20 0 -12.01
    endloop
  endfacet
  facet normal 0 0 1
    outer loop
      vertex 19.8904 2.09057 -12.01
      vertex 19.9726 -1.04672 -12.01
      vertex 19.9726 1.04672 -12.01
    endloop
  endfacet
  facet normal 0 0 1
    outer loop
      vertex 19.8904 2.09057 -12.01
      vertex 19.8904 -2.09057 -12.01
      vertex 19.9726 -1.04672 -12.01
    endloop
  endfacet
  facet normal 0 0 1
    outer loop
      vertex 19.7538 3.12869 -12.01
      vertex 19.8904 -2.09057 -12.01
      vertex 19.8904 2.09057 -12.01
    endloop
  endfacet
  facet normal 0 0 1
    outer loop
      vertex 19.7538 3.12869 -12.01
      vertex 19.7538 -3.12869 -12.01
      vertex 19.8904 -2.09057 -12.01
    endloop
  endfacet
  facet normal 0 0 1
    outer loop
      vertex 19.563 4.15823 -12.01
      vertex 19.7538 -3.12869 -12.01
      vertex 19.7538 3.12869 -12.01
    endloop
  endfacet
  facet normal 0 0 1
    outer loop
      vertex 19.563 4.15823 -12.01
      vertex 19.563 -4.15823 -12.01
      vertex 19.7538 -3.12869 -12.01
    endloop
  endfacet
  facet normal 0 0 1
    outer loop
      vertex 19.3185 5.17638 -12.01
      vertex 19.563 -4.15823 -12.01
      vertex 19.563 4.15823 -12.01
    endloop
  endfacet
  facet normal 0 0 1
    outer loop
      vertex 19.3185 5.17638 -12.01
      vertex 19.3185 -5.17638 -12.01
      vertex 19.563 -4.15823 -12.01
    endloop
  endfacet
  facet normal 0 0 1
    outer loop
      vertex 19.0211 6.18034 -12.01
      vertex 19.3185 -5.17638 -12.01
      vertex 19.3185 5.17638 -12.01
    endloop
  endfacet
  facet normal 0 0 1
    outer loop
      vertex 19.0211 6.18034 -12.01
      vertex 19.0211 -6.18034 -12.01
      vertex 19.3185 -5.17638 -12.01
    endloop
  endfacet
  facet normal 0 0 1
    outer loop
      vertex 18.6716 7.16736 -12.01
      vertex 19.0211 -6.18034 -12.01
      vertex 19.0211 6.18034 -12.01
    endloop
  endfacet
  facet normal 0 0 1
    outer loop
      vertex 18.6716 7.16736 -12.01
      vertex 18.6716 -7.16736 -12.01
      vertex 19.0211 -6.18034 -12.01
    endloop
  endfacet
  facet normal 0 0 1
    outer loop
      vertex 18.2709 8.13473 -12.01
      vertex 18.6716 -7.16736 -12.01
      vertex 18.6716 7.16736 -12.01
    endloop
  endfacet
  facet normal 0 0 1
    outer loop
      vertex 18.2709 8.13473 -12.01
      vertex 18.2709 -8.13473 -12.01
      vertex 18.6716 -7.16736 -12.01
    endloop
  endfacet
  facet normal 0 0 1
    outer loop
      vertex 17.8201 9.07981 -12.01
      vertex 18.2709 -8.13473 -12.01
      vertex 18.2709 8.13473 -12.01
    endloop
  endfacet
  facet normal 0 0 1
    outer loop
      vertex 17.8201 9.07981 -12.01
      vertex 17.8201 -9.07981 -12.01
      vertex 18.2709 -8.13473 -12.01
    endloop
  endfacet
  facet normal 0 0 1
    outer loop
      vertex 17.3205 10 -12.01
      vertex 17.8201 -9.07981 -12.01
      vertex 17.8201 9.07981 -12.01
    endloop
  endfacet
  facet normal 0 0 1
    outer loop
      vertex 17.3205 10 -12.01
      vertex 17.3205 -10 -12.01
      vertex 17.8201 -9.07981 -12.01
    endloop
  endfacet
  facet normal 0 0 1
    outer loop
      vertex 16.7734 10.8928 -12.01
      vertex 17.3205 -10 -12.01
      vertex 17.3205 10 -12.01
    endloop
  endfacet
  facet normal 0 0 1
    outer loop
      vertex 16.7734 10.8928 -12.01
      vertex 16.7734 -10.8928 -12.01
      vertex 17.3205 -10 -12.01
    endloop
  endfacet
  facet normal 0 0 1
    outer loop
      vertex 16.1803 11.7557 -12.01
      vertex 16.7734 -10.8928 -12.01
      vertex 16.7734 10.8928 -12.01
    endloop
  endfacet
  facet normal 0 0 1
    outer loop
      vertex 16.1803 11.7557 -12.01
      vertex 16.1803 -11.7557 -12.01
      vertex 16.7734 -10.8928 -12.01
    endloop
  endfacet
  facet normal 0 0 1
    outer loop
      vertex 15.5429 12.5864 -12.01
      vertex 16.1803 -11.7557 -12.01
      vertex 16.1803 11.7557 -12.01
    endloop
  endfacet
  facet normal 0 0 1
    outer loop
      vertex 15.5429 12.5864 -12.01
      vertex 15.5429 -12.5864 -12.01
      vertex 16.1803 -11.7557 -12.01
    endloop
  endfacet
  facet normal 0 0 1
    outer loop
      vertex 14.8629 13.3826 -12.01
      vertex 15.5429 -12.5864 -12.01
      vertex 15.5429 12.5864 -12.01
    endloop
  endfacet
  facet normal 0 0 1
    outer loop
      vertex 14.8629 13.3826 -12.01
      vertex 14.8629 -13.3826 -12.01
      vertex 15.5429 -12.5864 -12.01
    endloop
  endfacet
  facet normal 0 0 1
    outer loop
      vertex 14.1421 14.1421 -12.01
      vertex 14.8629 -13.3826 -12.01
      vertex 14.8629 13.3826 -12.01
    endloop
  endfacet
  facet normal 0 0 1
    outer loop
      vertex 14.1421 14.1421 -12.01
      vertex 14.1421 -14.1421 -12.01
      vertex 14.8629 -13.3826 -12.01
    endloop
  endfacet
  facet normal 0 0 1
    outer loop
      vertex 13.3826 14.8629 -12.01
      vertex 14.1421 -14.1421 -12.01
      vertex 14.1421 14.1421 -12.01
    endloop
  endfacet
  facet normal 0 0 1
    outer loop
      vertex 13.3826 14.8629 -12.01
      vertex 13.3826 -14.8629 -12.01
      vertex 14.1421 -14.1421 -12.01
    endloop
  endfacet
  facet normal 0 0 1
    outer loop
      vertex 12.5864 15.5429 -12.01
      vertex 13.3826 -14.8629 -12.01
      vertex 13.3826 14.8629 -12.01
    endloop
  endfacet
  facet normal 0 0 1
    outer loop
      vertex 12.5864 15.5429 -12.01
      vertex 12.5864 -15.5429 -12.01
      vertex 13.3826 -14.8629 -12.01
    endloop
  endfacet
  facet normal 0 0 1
    outer loop
      vertex 11.7557 16.1803 -12.01
      vertex 12.5864 -15.5429 -12.01
      vertex 12.5864 15.5429 -12.01
    endloop
  endfacet
  facet normal 0 0 1
    outer loop
      vertex 11.7557 16.1803 -12.01
      vertex 11.7557 -16.1803 -12.01
      vertex 12.5864 -15.5429 -12.01
    endloop
  endfacet
  facet normal 0 0 1
    outer loop
      vertex 10.8928 16.7734 -12.01
      vertex 11.7557 -16.1803 -12.01
      vertex 11.7557 16.1803 -12.01
    endloop
  endfacet
  facet normal 0 0 1
    outer loop
      vertex 10.8928 16.7734 -12.01
      vertex 10.8928 -16.7734 -12.01
      vertex 11.7557 -16.1803 -12.01
    endloop
  endfacet
  facet normal 0 0 1
    outer loop
      vertex 10 17.3205 -12.01
      vertex 10.8928 -16.7734 -12.01
      vertex 10.8928 16.7734 -12.01
    endloop
  endfacet
  facet normal 0 0 1
    outer loop
      vertex 10 17.3205 -12.01
      vertex 10 -17.3205 -12.01
      vertex 10.8928 -16.7734 -12.01
    endloop
  endfacet
  facet normal 0 0 1
    outer loop
      vertex 9.07981 17.8201 -12.01
      vertex 10 -17.3205 -12.01
      vertex 10 17.3205 -12.01
    endloop
  endfacet
  facet normal 0 0 1
    outer loop
      vertex 9.07981 17.8201 -12.01
      vertex 9.07981 -17.8201 -12.01
      vertex 10 -17.3205 -12.01
    endloop
  endfacet
  facet normal 0 0 1
    outer loop
      vertex 8.13473 18.2709 -12.01
      vertex 9.07981 -17.8201 -12.01
      vertex 9.07981 17.8201 -12.01
    endloop
  endfacet
  facet normal 0 0 1
    outer loop
      vertex 8.13473 18.2709 -12.01
      vertex 8.13473 -18.2709 -12.01
      vertex 9.07981 -17.8201 -12.01
    endloop
  endfacet
  facet normal 0 0 1
    outer loop
      vertex 7.16736 18.6716 -12.01
      vertex 8.13473 -18.2709 -12.01
      vertex 8.13473 18.2709 -12.01
    endloop
  endfacet
  facet normal 0 0 1
    outer loop
      vertex 7.16736 18.6716 -12.01
      vertex 7.16736 -18.6716 -12.01
      vertex 8.13473 -18.2709 -12.01
    endloop
  endfacet
  facet normal 0 0 1
    outer loop
      vertex 6.18034 19.0211 -12.01
      vertex 7.16736 -18.6716 -12.01
      vertex 7.16736 18.6716 -12.01
    endloop
  endfacet
  facet normal 0 0 1
    outer loop
      vertex 6.18034 19.0211 -12.01
      vertex 6.18034 -19.0211 -12.01
      vertex 7.16736 -18.6716 -12.01
    endloop
  endfacet
  facet normal 0 0 1
    outer loop
      vertex 5.17638 19.3185 -12.01
      vertex 6.18034 -19.0211 -12.01
      vertex 6.18034 19.0211 -12.01
    endloop
  endfacet
  facet normal 0 0 1
    outer loop
      vertex 5.17638 19.3185 -12.01
      vertex 5.17638 -19.3185 -12.01
      vertex 6.18034 -19.0211 -12.01
    endloop
  endfacet
  facet normal 0 0 1
    outer loop
      vertex 4.15823 19.563 -12.01
      vertex 5.17638 -19.3185 -12.01
      vertex 5.17638 19.3185 -12.01
    endloop
  endfacet
  facet normal 0 0 1
    outer loop
      vertex 4.15823 19.563 -12.01
      vertex 4.15823 -19.563 -12.01
      vertex 5.17638 -19.3185 -12.01
    endloop
  endfacet
  facet normal 0 0 1
    outer loop
      vertex 3.12869 19.7538 -12.01
      vertex 4.15823 -19.563 -12.01
      vertex 4.15823 19.563 -12.01
    endloop
  endfacet
  facet normal 0 0 1
    outer loop
      vertex 3.12869 19.7538 -12.01
      vertex 3.12869 -19.7538 -12.01
      vertex 4.15823 -19.563 -12.01
    endloop
  endfacet
  facet normal 0 0 1
    outer loop
      vertex 2.09057 19.8904 -12.01
      vertex 3.12869 -19.7538 -12.01
      vertex 3.12869 19.7538 -12.01
    endloop
  endfacet
  facet normal 0 0 1
    outer loop
      vertex 2.09057 19.8904 -12.01
      vertex 2.09057 -19.8904 -12.01
      vertex 3.12869 -19.7538 -12.01
    endloop
  endfacet
  facet normal 0 0 1
    outer loop
      vertex 1.04672 19.9726 -12.01
      vertex 2.09057 -19.8904 -12.01
      vertex 2.09057 19.8904 -12.01
    endloop
  endfacet
  facet normal 0 0 1
    outer loop
      vertex 1.04672 19.9726 -12.01
      vertex 1.04672 -19.9726 -12.01
      vertex 2.09057 -19.8904 -12.01
    endloop
  endfacet
  facet normal 0 0 1
    outer loop
      vertex 0 20 -12.01
      vertex 1.04672 -19.9726 -12.01
      vertex 1.04672 19.9726 -12.01
    endloop
  endfacet
  facet normal 0 0 1
    outer loop
      vertex 0 20 -12.01
      vertex 0 -20 -12.01
      vertex 1.04672 -19.9726 -12.01
    endloop
  endfacet
  facet normal -0 0 1
    outer loop
      vertex -1.04672 19.9726 -12.01
      vertex 0 -20 -12.01
      vertex 0 20 -12.01
    endloop
  endfacet
  facet normal 0 0 1
    outer loop
      vertex -1.04672 19.9726 -12.01
      vertex -1.04672 -19.9726 -12.01
      vertex 0 -20 -12.01
    endloop
  endfacet
  facet normal -0 0 1
    outer loop
      vertex -2.09057 19.8904 -12.01
      vertex -1.04672 -19.9726 -12.01
      vertex -1.04672 19.9726 -12.01
    endloop
  endfacet
  facet normal 0 0 1
    outer loop
      vertex -2.09057 19.8904 -12.01
      vertex -2.09057 -19.8904 -12.01
      vertex -1.04672 -19.9726 -12.01
    endloop
  endfacet
  facet normal -0 0 1
    outer loop
      vertex -3.12869 19.7538 -12.01
      vertex -2.09057 -19.8904 -12.01
      vertex -2.09057 19.8904 -12.01
    endloop
  endfacet
  facet normal 0 0 1
    outer loop
      vertex -3.12869 19.7538 -12.01
      vertex -3.12869 -19.7538 -12.01
      vertex -2.09057 -19.8904 -12.01
    endloop
  endfacet
  facet normal -0 0 1
    outer loop
      vertex -4.15823 19.563 -12.01
      vertex -3.12869 -19.7538 -12.01
      vertex -3.12869 19.7538 -12.01
    endloop
  endfacet
  facet normal 0 0 1
    outer loop
      vertex -4.15823 19.563 -12.01
      vertex -4.15823 -19.563 -12.01
      vertex -3.12869 -19.7538 -12.01
    endloop
  endfacet
  facet normal -0 0 1
    outer loop
      vertex -5.17638 19.3185 -12.01
      vertex -4.15823 -19.563 -12.01
      vertex -4.15823 19.563 -12.01
    endloop
  endfacet
  facet normal 0 0 1
    outer loop
      vertex -5.17638 19.3185 -12.01
      vertex -5.17638 -19.3185 -12.01
      vertex -4.15823 -19.563 -12.01
    endloop
  endfacet
  facet normal -0 0 1
    outer loop
      vertex -6.18034 19.0211 -12.01
      vertex -5.17638 -19.3185 -12.01
      vertex -5.17638 19.3185 -12.01
    endloop
  endfacet
  facet normal 0 0 1
    outer loop
      vertex -6.18034 19.0211 -12.01
      vertex -6.18034 -19.0211 -12.01
      vertex -5.17638 -19.3185 -12.01
    endloop
  endfacet
  facet normal -0 0 1
    outer loop
      vertex -7.16736 18.6716 -12.01
      vertex -6.18034 -19.0211 -12.01
      vertex -6.18034 19.0211 -12.01
    endloop
  endfacet
  facet normal 0 0 1
    outer loop
      vertex -7.16736 18.6716 -12.01
      vertex -7.16736 -18.6716 -12.01
      vertex -6.18034 -19.0211 -12.01
    endloop
  endfacet
  facet normal -0 0 1
    outer loop
      vertex -8.13473 18.2709 -12.01
      vertex -7.16736 -18.6716 -12.01
      vertex -7.16736 18.6716 -12.01
    endloop
  endfacet
  facet normal 0 0 1
    outer loop
      vertex -8.13473 18.2709 -12.01
      vertex -8.13473 -18.2709 -12.01
      vertex -7.16736 -18.6716 -12.01
    endloop
  endfacet
  facet normal -0 0 1
    outer loop
      vertex -9.07981 17.8201 -12.01
      vertex -8.13473 -18.2709 -12.01
      vertex -8.13473 18.2709 -12.01
    endloop
  endfacet
  facet normal 0 0 1
    outer loop
      vertex -9.07981 17.8201 -12.01
      vertex -9.07981 -17.8201 -12.01
      vertex -8.13473 -18.2709 -12.01
    endloop
  endfacet
  facet normal -0 0 1
    outer loop
      vertex -10 17.3205 -12.01
      vertex -9.07981 -17.8201 -12.01
      vertex -9.07981 17.8201 -12.01
    endloop
  endfacet
  facet normal 0 0 1
    outer loop
      vertex -10 17.3205 -12.01
      vertex -10 -17.3205 -12.01
      vertex -9.07981 -17.8201 -12.01
    endloop
  endfacet
  facet normal -0 0 1
    outer loop
      vertex -10.8928 16.7734 -12.01
      vertex -10 -17.3205 -12.01
      vertex -10 17.3205 -12.01
    endloop
  endfacet
  facet normal 0 0 1
    outer loop
      vertex -10.8928 16.7734 -12.01
      vertex -10.8928 -16.7734 -12.01
      vertex -10 -17.3205 -12.01
    endloop
  endfacet
  facet normal -0 0 1
    outer loop
      vertex -11.7557 16.1803 -12.01
      vertex -10.8928 -16.7734 -12.01
      vertex -10.8928 16.7734 -12.01
    endloop
  endfacet
  facet normal 0 0 1
    outer loop
      vertex -11.7557 16.1803 -12.01
      vertex -11.7557 -16.1803 -12.01
      vertex -10.8928 -16.7734 -12.01
    endloop
  endfacet
  facet normal -0 0 1
    outer loop
      vertex -12.5864 15.5429 -12.01
      vertex -11.7557 -16.1803 -12.01
      vertex -11.7557 16.1803 -12.01
    endloop
  endfacet
  facet normal 0 0 1
    outer loop
      vertex -12.5864 15.5429 -12.01
      vertex -12.5864 -15.5429 -12.01
      vertex -11.7557 -16.1803 -12.01
    endloop
  endfacet
  facet normal -0 0 1
    outer loop
      vertex -13.3826 14.8629 -12.01
      vertex -12.5864 -15.5429 -12.01
      vertex -12.5864 15.5429 -12.01
    endloop
  endfacet
  facet normal 0 0 1
    outer loop
      vertex -13.3826 14.8629 -12.01
      vertex -13.3826 -14.8629 -12.01
      vertex -12.5864 -15.5429 -12.01
    endloop
  endfacet
  facet normal -0 0 1
    outer loop
      vertex -14.1421 14.1421 -12.01
      vertex -13.3826 -14.8629 -12.01
      vertex -13.3826 14.8629 -12.01
    endloop
  endfacet
  facet normal 0 0 1
    outer loop
      vertex -14.1421 14.1421 -12.01
      vertex -14.1421 -14.1421 -12.01
      vertex -13.3826 -14.8629 -12.01
    endloop
  endfacet
  facet normal -0 0 1
    outer loop
      vertex -14.8629 13.3826 -12.01
      vertex -14.1421 -14.1421 -12.01
      vertex -14.1421 14.1421 -12.01
    endloop
  endfacet
  facet normal 0 0 1
    outer loop
      vertex -14.8629 13.3826 -12.01
      vertex -14.8629 -13.3826 -12.01
      vertex -14.1421 -14.1421 -12.01
    endloop
  endfacet
  facet normal -0 0 1
    outer loop
      vertex -15.5429 12.5864 -12.01
      vertex -14.8629 -13.3826 -12.01
      vertex -14.8629 13.3826 -12.01
    endloop
  endfacet
  facet normal 0 0 1
    outer loop
      vertex -15.5429 12.5864 -12.01
      vertex -15.5429 -12.5864 -12.01
      vertex -14.8629 -13.3826 -12.01
    endloop
  endfacet
  facet normal -0 0 1
    outer loop
      vertex -16.1803 11.7557 -12.01
      vertex -15.5429 -12.5864 -12.01
      vertex -15.5429 12.5864 -12.01
    endloop
  endfacet
  facet normal 0 0 1
    outer loop
      vertex -16.1803 11.7557 -12.01
      vertex -16.1803 -11.7557 -12.01
      vertex -15.5429 -12.5864 -12.01
    endloop
  endfacet
  facet normal -0 0 1
    outer loop
      vertex -16.7734 10.8928 -12.01
      vertex -16.1803 -11.7557 -12.01
      vertex -16.1803 11.7557 -12.01
    endloop
  endfacet
  facet normal 0 0 1
    outer loop
      vertex -16.7734 10.8928 -12.01
      vertex -16.7734 -10.8928 -12.01
      vertex -16.1803 -11.7557 -12.01
    endloop
  endfacet
  facet normal -0 0 1
    outer loop
      vertex -17.3205 10 -12.01
      vertex -16.7734 -10.8928 -12.01
      vertex -16.7734 10.8928 -12.01
    endloop
  endfacet
  facet normal 0 0 1
    outer loop
      vertex -17.3205 10 -12.01
      vertex -17.3205 -10 -12.01
      vertex -16.7734 -10.8928 -12.01
    endloop
  endfacet
  facet normal -0 0 1
    outer loop
      vertex -17.8201 9.07981 -12.01
      vertex -17.3205 -10 -12.01
      vertex -17.3205 10 -12.01
    endloop
  endfacet
  facet normal 0 0 1
    outer loop
      vertex -17.8201 9.07981 -12.01
      vertex -17.8201 -9.07981 -12.01
      vertex -17.3205 -10 -12.01
    endloop
  endfacet
  facet normal -0 0 1
    outer loop
      vertex -18.2709 8.13473 -12.01
      vertex -17.8201 -9.07981 -12.01
      vertex -17.8201 9.07981 -12.01
    endloop
  endfacet
  facet normal 0 0 1
    outer loop
      vertex -18.2709 8.13473 -12.01
      vertex -18.2709 -8.13473 -12.01
      vertex -17.8201 -9.07981 -12.01
    endloop
  endfacet
  facet normal -0 0 1
    outer loop
      vertex -18.6716 7.16736 -12.01
      vertex -18.2709 -8.13473 -12.01
      vertex -18.2709 8.13473 -12.01
    endloop
  endfacet
  facet normal 0 0 1
    outer loop
      vertex -18.6716 7.16736 -12.01
      vertex -18.6716 -7.16736 -12.01
      vertex -18.2709 -8.13473 -12.01
    endloop
  endfacet
  facet normal -0 0 1
    outer loop
      vertex -19.0211 6.18034 -12.01
      vertex -18.6716 -7.16736 -12.01
      vertex -18.6716 7.16736 -12.01
    endloop
  endfacet
  facet normal 0 0 1
    outer loop
      vertex -19.0211 6.18034 -12.01
      vertex -19.0211 -6.18034 -12.01
      vertex -18.6716 -7.16736 -12.01
    endloop
  endfacet
  facet normal -0 0 1
    outer loop
      vertex -19.3185 5.17638 -12.01
      vertex -19.0211 -6.18034 -12.01
      vertex -19.0211 6.18034 -12.01
    endloop
  endfacet
  facet normal 0 0 1
    outer loop
      vertex -19.3185 5.17638 -12.01
      vertex -19.3185 -5.17638 -12.01
      vertex -19.0211 -6.18034 -12.01
    endloop
  endfacet
  facet normal -0 0 1
    outer loop
      vertex -19.563 4.15823 -12.01
      vertex -19.3185 -5.17638 -12.01
      vertex -19.3185 5.17638 -12.01
    endloop
  endfacet
  facet normal 0 0 1
    outer loop
      vertex -19.563 4.15823 -12.01
      vertex -19.563 -4.15823 -12.01
      vertex -19.3185 -5.17638 -12.01
    endloop
  endfacet
  facet normal -0 0 1
    outer loop
      vertex -19.7538 3.12869 -12.01
      vertex -19.563 -4.15823 -12.01
      vertex -19.563 4.15823 -12.01
    endloop
  endfacet
  facet normal 0 0 1
    outer loop
      vertex -19.7538 3.12869 -12.01
      vertex -19.7538 -3.12869 -12.01
      vertex -19.563 -4.15823 -12.01
    endloop
  endfacet
  facet normal -0 0 1
    outer loop
      vertex -19.8904 2.09057 -12.01
      vertex -19.7538 -3.12869 -12.01
      vertex -19.7538 3.12869 -12.01
    endloop
  endfacet
  facet normal 0 0 1
    outer loop
      vertex -19.8904 2.09057 -12.01
      vertex -19.8904 -2.09057 -12.01
      vertex -19.7538 -3.12869 -12.01
    endloop
  endfacet
  facet normal -0 0 1
    outer loop
      vertex -19.9726 1.04672 -12.01
      vertex -19.8904 -2.09057 -12.01
      vertex -19.8904 2.09057 -12.01
    endloop
  endfacet
  facet normal 0 0 1
    outer loop
      vertex -19.9726 1.04672 -12.01
      vertex -19.9726 -1.04672 -12.01
      vertex -19.8904 -2.09057 -12.01
    endloop
  endfacet
  facet normal 0 -0 1
    outer loop
      vertex -19.9726 -1.04672 -12.01
      vertex -19.9726 1.04672 -12.01
      vertex -20 0 -12.01
    endloop
  endfacet
  facet normal -0.972356 0.233503 0
    outer loop
      vertex -19.563 4.15823 -26
      vertex -19.3185 5.17638 -12.01
      vertex -19.3185 5.17638 -26
    endloop
  endfacet
  facet normal -0.972356 0.233503 0
    outer loop
      vertex -19.3185 5.17638 -12.01
      vertex -19.563 4.15823 -26
      vertex -19.563 4.15823 -12.01
    endloop
  endfacet
  facet normal -0.333788 0.942648 0
    outer loop
      vertex -6.18034 19.0211 -26
      vertex -7.16736 18.6716 -12.01
      vertex -6.18034 19.0211 -12.01
    endloop
  endfacet
  facet normal -0.333788 0.942648 0
    outer loop
      vertex -7.16736 18.6716 -12.01
      vertex -6.18034 19.0211 -26
      vertex -7.16736 18.6716 -26
    endloop
  endfacet
  facet normal 0.382685 -0.923879 0
    outer loop
      vertex 7.16736 -18.6716 -26
      vertex 8.13473 -18.2709 -12.01
      vertex 7.16736 -18.6716 -12.01
    endloop
  endfacet
  facet normal 0.382685 -0.923879 0
    outer loop
      vertex 8.13473 -18.2709 -12.01
      vertex 7.16736 -18.6716 -26
      vertex 8.13473 -18.2709 -26
    endloop
  endfacet
  facet normal -0.688385 0.725345 0
    outer loop
      vertex -13.3826 14.8629 -26
      vertex -14.1421 14.1421 -12.01
      vertex -13.3826 14.8629 -12.01
    endloop
  endfacet
  facet normal -0.688385 0.725345 0
    outer loop
      vertex -14.1421 14.1421 -12.01
      vertex -13.3826 14.8629 -26
      vertex -14.1421 14.1421 -26
    endloop
  endfacet
  facet normal 0.430527 -0.902578 0
    outer loop
      vertex 8.13473 -18.2709 -26
      vertex 9.07981 -17.8201 -12.01
      vertex 8.13473 -18.2709 -12.01
    endloop
  endfacet
  facet normal 0.430527 -0.902578 0
    outer loop
      vertex 9.07981 -17.8201 -12.01
      vertex 8.13473 -18.2709 -26
      vertex 9.07981 -17.8201 -26
    endloop
  endfacet
  facet normal -0.760415 -0.649438 0
    outer loop
      vertex -14.8629 -13.3826 -26
      vertex -15.5429 -12.5864 -12.01
      vertex -15.5429 -12.5864 -26
    endloop
  endfacet
  facet normal -0.760415 -0.649438 0
    outer loop
      vertex -15.5429 -12.5864 -12.01
      vertex -14.8629 -13.3826 -26
      vertex -14.8629 -13.3826 -12.01
    endloop
  endfacet
  facet normal 0.649438 -0.760415 0
    outer loop
      vertex 12.5864 -15.5429 -26
      vertex 13.3826 -14.8629 -12.01
      vertex 12.5864 -15.5429 -12.01
    endloop
  endfacet
  facet normal 0.649438 -0.760415 0
    outer loop
      vertex 13.3826 -14.8629 -12.01
      vertex 12.5864 -15.5429 -26
      vertex 13.3826 -14.8629 -26
    endloop
  endfacet
  facet normal -0.688385 -0.725345 0
    outer loop
      vertex -14.1421 -14.1421 -26
      vertex -13.3826 -14.8629 -12.01
      vertex -14.1421 -14.1421 -12.01
    endloop
  endfacet
  facet normal -0.688385 -0.725345 -0
    outer loop
      vertex -13.3826 -14.8629 -12.01
      vertex -14.1421 -14.1421 -26
      vertex -13.3826 -14.8629 -26
    endloop
  endfacet
  facet normal -0.991454 -0.130459 0
    outer loop
      vertex -19.7538 -3.12869 -26
      vertex -19.8904 -2.09057 -12.01
      vertex -19.8904 -2.09057 -26
    endloop
  endfacet
  facet normal -0.991454 -0.130459 0
    outer loop
      vertex -19.8904 -2.09057 -12.01
      vertex -19.7538 -3.12869 -26
      vertex -19.7538 -3.12869 -12.01
    endloop
  endfacet
  facet normal -0.725345 0.688385 0
    outer loop
      vertex -14.8629 13.3826 -26
      vertex -14.1421 14.1421 -12.01
      vertex -14.1421 14.1421 -26
    endloop
  endfacet
  facet normal -0.725345 0.688385 0
    outer loop
      vertex -14.1421 14.1421 -12.01
      vertex -14.8629 13.3826 -26
      vertex -14.8629 13.3826 -12.01
    endloop
  endfacet
  facet normal 0.522493 0.852644 -0
    outer loop
      vertex 10.8928 16.7734 -26
      vertex 10 17.3205 -12.01
      vertex 10.8928 16.7734 -12.01
    endloop
  endfacet
  facet normal 0.522493 0.852644 0
    outer loop
      vertex 10 17.3205 -12.01
      vertex 10.8928 16.7734 -26
      vertex 10 17.3205 -26
    endloop
  endfacet
  facet normal -0.566436 0.824106 0
    outer loop
      vertex -10.8928 16.7734 -26
      vertex -11.7557 16.1803 -12.01
      vertex -10.8928 16.7734 -12.01
    endloop
  endfacet
  facet normal -0.566436 0.824106 0
    outer loop
      vertex -11.7557 16.1803 -12.01
      vertex -10.8928 16.7734 -26
      vertex -11.7557 16.1803 -26
    endloop
  endfacet
  facet normal 0.522493 -0.852644 0
    outer loop
      vertex 10 -17.3205 -26
      vertex 10.8928 -16.7734 -12.01
      vertex 10 -17.3205 -12.01
    endloop
  endfacet
  facet normal 0.522493 -0.852644 0
    outer loop
      vertex 10.8928 -16.7734 -12.01
      vertex 10 -17.3205 -26
      vertex 10.8928 -16.7734 -26
    endloop
  endfacet
  facet normal 0.60875 -0.793362 0
    outer loop
      vertex 11.7557 -16.1803 -26
      vertex 12.5864 -15.5429 -12.01
      vertex 11.7557 -16.1803 -12.01
    endloop
  endfacet
  facet normal 0.60875 -0.793362 0
    outer loop
      vertex 12.5864 -15.5429 -12.01
      vertex 11.7557 -16.1803 -26
      vertex 12.5864 -15.5429 -26
    endloop
  endfacet
  facet normal 0.760415 0.649438 0
    outer loop
      vertex 15.5429 12.5864 -12.01
      vertex 14.8629 13.3826 -26
      vertex 14.8629 13.3826 -12.01
    endloop
  endfacet
  facet normal 0.760415 0.649438 0
    outer loop
      vertex 14.8629 13.3826 -26
      vertex 15.5429 12.5864 -12.01
      vertex 15.5429 12.5864 -26
    endloop
  endfacet
  facet normal -0.182223 0.983257 0
    outer loop
      vertex -3.12869 19.7538 -26
      vertex -4.15823 19.563 -12.01
      vertex -3.12869 19.7538 -12.01
    endloop
  endfacet
  facet normal -0.182223 0.983257 0
    outer loop
      vertex -4.15823 19.563 -12.01
      vertex -3.12869 19.7538 -26
      vertex -4.15823 19.563 -26
    endloop
  endfacet
  facet normal -0.793362 0.60875 0
    outer loop
      vertex -16.1803 11.7557 -26
      vertex -15.5429 12.5864 -12.01
      vertex -15.5429 12.5864 -26
    endloop
  endfacet
  facet normal -0.793362 0.60875 0
    outer loop
      vertex -15.5429 12.5864 -12.01
      vertex -16.1803 11.7557 -26
      vertex -16.1803 11.7557 -12.01
    endloop
  endfacet
  facet normal 0 0 -1
    outer loop
      vertex 0 -6 -26.01
      vertex 20 0 -26.01
      vertex 19.9726 -1.04672 -26.01
    endloop
  endfacet
  facet normal 0 0 -1
    outer loop
      vertex 0 -6 -26.01
      vertex 19.9726 -1.04672 -26.01
      vertex 19.8904 -2.09057 -26.01
    endloop
  endfacet
  facet normal 0 0 -1
    outer loop
      vertex 0 6 -26.01
      vertex 20 0 -26.01
      vertex 0 -6 -26.01
    endloop
  endfacet
  facet normal 0 0 -1
    outer loop
      vertex 0 -6 -26.01
      vertex 19.8904 -2.09057 -26.01
      vertex 19.7538 -3.12869 -26.01
    endloop
  endfacet
  facet normal 0 0 -1
    outer loop
      vertex 20 0 -26.01
      vertex 0 6 -26.01
      vertex 19.9726 1.04672 -26.01
    endloop
  endfacet
  facet normal 0 0 -1
    outer loop
      vertex 0 -6 -26.01
      vertex 19.7538 -3.12869 -26.01
      vertex 19.563 -4.15823 -26.01
    endloop
  endfacet
  facet normal 0 0 -1
    outer loop
      vertex 19.9726 1.04672 -26.01
      vertex 0 6 -26.01
      vertex 19.8904 2.09057 -26.01
    endloop
  endfacet
  facet normal 0 0 -1
    outer loop
      vertex 0 -6 -26.01
      vertex 19.563 -4.15823 -26.01
      vertex 19.3185 -5.17638 -26.01
    endloop
  endfacet
  facet normal 0 0 -1
    outer loop
      vertex 19.8904 2.09057 -26.01
      vertex 0 6 -26.01
      vertex 19.7538 3.12869 -26.01
    endloop
  endfacet
  facet normal 0 0 -1
    outer loop
      vertex 0 -6 -26.01
      vertex 19.3185 -5.17638 -26.01
      vertex 19.0745 -6 -26.01
    endloop
  endfacet
  facet normal 0 0 -1
    outer loop
      vertex 19.7538 3.12869 -26.01
      vertex 0 6 -26.01
      vertex 19.563 4.15823 -26.01
    endloop
  endfacet
  facet normal 0 0 -1
    outer loop
      vertex 19.563 4.15823 -26.01
      vertex 0 6 -26.01
      vertex 19.3185 5.17638 -26.01
    endloop
  endfacet
  facet normal 0 0 -1
    outer loop
      vertex 19.3185 5.17638 -26.01
      vertex 0 6 -26.01
      vertex 19.0745 6 -26.01
    endloop
  endfacet
  facet normal -0.793362 -0.60875 0
    outer loop
      vertex -15.5429 -12.5864 -26
      vertex -16.1803 -11.7557 -12.01
      vertex -16.1803 -11.7557 -26
    endloop
  endfacet
  facet normal -0.793362 -0.60875 0
    outer loop
      vertex -16.1803 -11.7557 -12.01
      vertex -15.5429 -12.5864 -26
      vertex -15.5429 -12.5864 -12.01
    endloop
  endfacet
  facet normal -0.983257 -0.182223 0
    outer loop
      vertex -19.563 -4.15823 -26
      vertex -19.7538 -3.12869 -12.01
      vertex -19.7538 -3.12869 -26
    endloop
  endfacet
  facet normal -0.983257 -0.182223 0
    outer loop
      vertex -19.7538 -3.12869 -12.01
      vertex -19.563 -4.15823 -26
      vertex -19.563 -4.15823 -12.01
    endloop
  endfacet
  facet normal -0.991454 0.130459 0
    outer loop
      vertex -19.8904 2.09057 -26
      vertex -19.7538 3.12869 -12.01
      vertex -19.7538 3.12869 -26
    endloop
  endfacet
  facet normal -0.991454 0.130459 0
    outer loop
      vertex -19.7538 3.12869 -12.01
      vertex -19.8904 2.09057 -26
      vertex -19.8904 2.09057 -12.01
    endloop
  endfacet
  facet normal -0.233503 0.972356 0
    outer loop
      vertex -4.15823 19.563 -26
      vertex -5.17638 19.3185 -12.01
      vertex -4.15823 19.563 -12.01
    endloop
  endfacet
  facet normal -0.233503 0.972356 0
    outer loop
      vertex -5.17638 19.3185 -12.01
      vertex -4.15823 19.563 -26
      vertex -5.17638 19.3185 -26
    endloop
  endfacet
  facet normal 0.233503 0.972356 -0
    outer loop
      vertex 5.17638 19.3185 -26
      vertex 4.15823 19.563 -12.01
      vertex 5.17638 19.3185 -12.01
    endloop
  endfacet
  facet normal 0.233503 0.972356 0
    outer loop
      vertex 4.15823 19.563 -12.01
      vertex 5.17638 19.3185 -26
      vertex 4.15823 19.563 -26
    endloop
  endfacet
  facet normal -0.60875 -0.793362 0
    outer loop
      vertex -12.5864 -15.5429 -26
      vertex -11.7557 -16.1803 -12.01
      vertex -12.5864 -15.5429 -12.01
    endloop
  endfacet
  facet normal -0.60875 -0.793362 -0
    outer loop
      vertex -11.7557 -16.1803 -12.01
      vertex -12.5864 -15.5429 -26
      vertex -11.7557 -16.1803 -26
    endloop
  endfacet
  facet normal 0.902578 -0.430527 0
    outer loop
      vertex 17.8201 -9.07981 -12.01
      vertex 18.2709 -8.13473 -26
      vertex 18.2709 -8.13473 -12.01
    endloop
  endfacet
  facet normal 0.902578 -0.430527 0
    outer loop
      vertex 18.2709 -8.13473 -26
      vertex 17.8201 -9.07981 -12.01
      vertex 17.8201 -9.07981 -26
    endloop
  endfacet
  facet normal -0.878826 -0.477142 0
    outer loop
      vertex -17.3205 -10 -26
      vertex -17.8201 -9.07981 -12.01
      vertex -17.8201 -9.07981 -26
    endloop
  endfacet
  facet normal -0.878826 -0.477142 0
    outer loop
      vertex -17.8201 -9.07981 -12.01
      vertex -17.3205 -10 -26
      vertex -17.3205 -10 -12.01
    endloop
  endfacet
  facet normal -0.852644 -0.522493 0
    outer loop
      vertex -16.7734 -10.8928 -26
      vertex -17.3205 -10 -12.01
      vertex -17.3205 -10 -26
    endloop
  endfacet
  facet normal -0.852644 -0.522493 0
    outer loop
      vertex -17.3205 -10 -12.01
      vertex -16.7734 -10.8928 -26
      vertex -16.7734 -10.8928 -12.01
    endloop
  endfacet
  facet normal -0.972356 -0.233503 0
    outer loop
      vertex -19.3185 -5.17638 -26
      vertex -19.563 -4.15823 -12.01
      vertex -19.563 -4.15823 -26
    endloop
  endfacet
  facet normal -0.972356 -0.233503 0
    outer loop
      vertex -19.563 -4.15823 -12.01
      vertex -19.3185 -5.17638 -26
      vertex -19.3185 -5.17638 -12.01
    endloop
  endfacet
  facet normal -0.923879 0.382685 0
    outer loop
      vertex -18.6716 7.16736 -26
      vertex -18.2709 8.13473 -12.01
      vertex -18.2709 8.13473 -26
    endloop
  endfacet
  facet normal -0.923879 0.382685 0
    outer loop
      vertex -18.2709 8.13473 -12.01
      vertex -18.6716 7.16736 -26
      vertex -18.6716 7.16736 -12.01
    endloop
  endfacet
  facet normal -0.382685 0.923879 0
    outer loop
      vertex -7.16736 18.6716 -26
      vertex -8.13473 18.2709 -12.01
      vertex -7.16736 18.6716 -12.01
    endloop
  endfacet
  facet normal -0.382685 0.923879 0
    outer loop
      vertex -8.13473 18.2709 -12.01
      vertex -7.16736 18.6716 -26
      vertex -8.13473 18.2709 -26
    endloop
  endfacet
  facet normal -0.477142 -0.878826 0
    outer loop
      vertex -10 -17.3205 -26
      vertex -9.07981 -17.8201 -12.01
      vertex -10 -17.3205 -12.01
    endloop
  endfacet
  facet normal -0.477142 -0.878826 -0
    outer loop
      vertex -9.07981 -17.8201 -12.01
      vertex -10 -17.3205 -26
      vertex -9.07981 -17.8201 -26
    endloop
  endfacet
  facet normal -0.923879 -0.382685 0
    outer loop
      vertex -18.2709 -8.13473 -26
      vertex -18.6716 -7.16736 -12.01
      vertex -18.6716 -7.16736 -26
    endloop
  endfacet
  facet normal -0.923879 -0.382685 0
    outer loop
      vertex -18.6716 -7.16736 -12.01
      vertex -18.2709 -8.13473 -26
      vertex -18.2709 -8.13473 -12.01
    endloop
  endfacet
  facet normal -0.566436 -0.824106 0
    outer loop
      vertex -11.7557 -16.1803 -26
      vertex -10.8928 -16.7734 -12.01
      vertex -11.7557 -16.1803 -12.01
    endloop
  endfacet
  facet normal -0.566436 -0.824106 -0
    outer loop
      vertex -10.8928 -16.7734 -12.01
      vertex -11.7557 -16.1803 -26
      vertex -10.8928 -16.7734 -26
    endloop
  endfacet
  facet normal -0.902578 -0.430527 0
    outer loop
      vertex -17.8201 -9.07981 -26
      vertex -18.2709 -8.13473 -12.01
      vertex -18.2709 -8.13473 -26
    endloop
  endfacet
  facet normal -0.902578 -0.430527 0
    outer loop
      vertex -18.2709 -8.13473 -12.01
      vertex -17.8201 -9.07981 -26
      vertex -17.8201 -9.07981 -12.01
    endloop
  endfacet
endsolid OpenSCAD_Model
