solid OpenSCAD_Model
  facet normal 0.958817 0.284025 0
    outer loop
      vertex 49.7452 13.3292 0
      vertex 48.9794 15.9144 -30
      vertex 48.9794 15.9144 0
    endloop
  endfacet
  facet normal 0.958817 0.284025 0
    outer loop
      vertex 48.9794 15.9144 -30
      vertex 49.7452 13.3292 0
      vertex 49.7452 13.3292 -30
    endloop
  endfacet
  facet normal 0.996919 0.0784432 0
    outer loop
      vertex 51.4294 2.6953 -28.01
      vertex 51.2179 5.38321 -30
      vertex 51.2179 5.38321 -28.01
    endloop
  endfacet
  facet normal 0.996919 0.0784432 0
    outer loop
      vertex 51.2179 5.38321 -30
      vertex 51.4294 2.6953 -28.01
      vertex 51.4294 2.6953 -30
    endloop
  endfacet
  facet normal 0.996919 0.0784432 0
    outer loop
      vertex 51.4294 2.6953 0
      vertex 51.2179 5.38321 -18.01
      vertex 51.2179 5.38321 0
    endloop
  endfacet
  facet normal 0.996919 0.0784432 0
    outer loop
      vertex 51.2179 5.38321 -18.01
      vertex 51.4294 2.6953 0
      vertex 51.4294 2.6953 -18.01
    endloop
  endfacet
  facet normal 0.999657 0.0261848 0
    outer loop
      vertex 51.5 0 -28.01
      vertex 51.4294 2.6953 -30
      vertex 51.4294 2.6953 -28.01
    endloop
  endfacet
  facet normal 0.999657 0.0261848 0
    outer loop
      vertex 51.4294 2.6953 -30
      vertex 51.5 0 -28.01
      vertex 51.5 0 -30
    endloop
  endfacet
  facet normal 0.999657 0.0261848 0
    outer loop
      vertex 51.5 0 0
      vertex 51.4294 2.6953 -18.01
      vertex 51.4294 2.6953 0
    endloop
  endfacet
  facet normal 0.999657 0.0261848 0
    outer loop
      vertex 51.4294 2.6953 -18.01
      vertex 51.5 0 0
      vertex 51.5 0 -18.01
    endloop
  endfacet
  facet normal 0.725372 0.688358 0
    outer loop
      vertex 38.272 34.4602 0
      vertex 36.416 36.416 -30
      vertex 36.416 36.416 0
    endloop
  endfacet
  facet normal 0.725372 0.688358 0
    outer loop
      vertex 36.416 36.416 -30
      vertex 38.272 34.4602 0
      vertex 38.272 34.4602 -30
    endloop
  endfacet
  facet normal -0.942641 -0.333809 0
    outer loop
      vertex -48.0794 -18.4559 -30
      vertex -48.9794 -15.9144 0
      vertex -48.9794 -15.9144 -30
    endloop
  endfacet
  facet normal -0.942641 -0.333809 0
    outer loop
      vertex -48.9794 -15.9144 0
      vertex -48.0794 -18.4559 -30
      vertex -48.0794 -18.4559 0
    endloop
  endfacet
  facet normal -0.333809 0.942641 0
    outer loop
      vertex -15.9144 48.9794 -30
      vertex -18.4559 48.0794 0
      vertex -15.9144 48.9794 0
    endloop
  endfacet
  facet normal -0.333809 0.942641 0
    outer loop
      vertex -18.4559 48.0794 0
      vertex -15.9144 48.9794 -30
      vertex -18.4559 48.0794 -30
    endloop
  endfacet
  facet normal 0.477149 0.878822 -0
    outer loop
      vertex 25.75 44.6003 -30
      vertex 23.3805 45.8868 0
      vertex 25.75 44.6003 0
    endloop
  endfacet
  facet normal 0.477149 0.878822 0
    outer loop
      vertex 23.3805 45.8868 0
      vertex 25.75 44.6003 -30
      vertex 23.3805 45.8868 -30
    endloop
  endfacet
  facet normal 0.878822 -0.477149 0
    outer loop
      vertex 44.6003 -25.75 0
      vertex 45.8868 -23.3805 -30
      vertex 45.8868 -23.3805 0
    endloop
  endfacet
  facet normal 0.878822 -0.477149 0
    outer loop
      vertex 45.8868 -23.3805 -30
      vertex 44.6003 -25.75 0
      vertex 44.6003 -25.75 -30
    endloop
  endfacet
  facet normal 0.430521 0.902581 -0
    outer loop
      vertex 23.3805 45.8868 -30
      vertex 20.9469 47.0476 0
      vertex 23.3805 45.8868 0
    endloop
  endfacet
  facet normal 0.430521 0.902581 0
    outer loop
      vertex 20.9469 47.0476 0
      vertex 23.3805 45.8868 -30
      vertex 20.9469 47.0476 -30
    endloop
  endfacet
  facet normal 0.824133 -0.566397 0
    outer loop
      vertex 41.6644 -30.2709 0
      vertex 43.1915 -28.0489 -30
      vertex 43.1915 -28.0489 0
    endloop
  endfacet
  facet normal 0.824133 -0.566397 0
    outer loop
      vertex 43.1915 -28.0489 -30
      vertex 41.6644 -30.2709 0
      vertex 41.6644 -30.2709 -30
    endloop
  endfacet
  facet normal 0.688358 -0.725372 0
    outer loop
      vertex 34.4602 -38.272 -30
      vertex 36.416 -36.416 0
      vertex 34.4602 -38.272 0
    endloop
  endfacet
  facet normal 0.688358 -0.725372 0
    outer loop
      vertex 36.416 -36.416 0
      vertex 34.4602 -38.272 -30
      vertex 36.416 -36.416 -30
    endloop
  endfacet
  facet normal -0.130552 0.991441 0
    outer loop
      vertex -5.38321 51.2179 -30
      vertex -8.05637 50.8659 0
      vertex -5.38321 51.2179 0
    endloop
  endfacet
  facet normal -0.130552 0.991441 0
    outer loop
      vertex -8.05637 50.8659 0
      vertex -5.38321 51.2179 -30
      vertex -8.05637 50.8659 -30
    endloop
  endfacet
  facet normal 0.958817 -0.284025 0
    outer loop
      vertex 48.9794 -15.9144 0
      vertex 49.7452 -13.3292 -30
      vertex 49.7452 -13.3292 0
    endloop
  endfacet
  facet normal 0.958817 -0.284025 0
    outer loop
      vertex 49.7452 -13.3292 -30
      vertex 48.9794 -15.9144 0
      vertex 48.9794 -15.9144 -30
    endloop
  endfacet
  facet normal -0.996919 0.0784432 0
    outer loop
      vertex -51.4294 2.6953 -30
      vertex -51.2179 5.38321 0
      vertex -51.2179 5.38321 -30
    endloop
  endfacet
  facet normal -0.996919 0.0784432 0
    outer loop
      vertex -51.2179 5.38321 0
      vertex -51.4294 2.6953 -30
      vertex -51.4294 2.6953 0
    endloop
  endfacet
  facet normal -0.999657 -0.0261848 0
    outer loop
      vertex -51.4294 -2.6953 -30
      vertex -51.5 0 0
      vertex -51.5 0 -30
    endloop
  endfacet
  facet normal -0.999657 -0.0261848 0
    outer loop
      vertex -51.5 0 0
      vertex -51.4294 -2.6953 -30
      vertex -51.4294 -2.6953 0
    endloop
  endfacet
  facet normal 0.760413 -0.64944 0
    outer loop
      vertex 38.272 -34.4602 0
      vertex 40.023 -32.41 -30
      vertex 40.023 -32.41 0
    endloop
  endfacet
  facet normal 0.760413 -0.64944 0
    outer loop
      vertex 40.023 -32.41 -30
      vertex 38.272 -34.4602 0
      vertex 38.272 -34.4602 -30
    endloop
  endfacet
  facet normal 0.878822 0.477149 0
    outer loop
      vertex 45.8868 23.3805 0
      vertex 44.6003 25.75 -30
      vertex 44.6003 25.75 0
    endloop
  endfacet
  facet normal 0.878822 0.477149 0
    outer loop
      vertex 44.6003 25.75 -30
      vertex 45.8868 23.3805 0
      vertex 45.8868 23.3805 -30
    endloop
  endfacet
  facet normal 0.999657 -0.0261848 0
    outer loop
      vertex 51.4294 -2.6953 -28.01
      vertex 51.5 0 -30
      vertex 51.5 0 -28.01
    endloop
  endfacet
  facet normal 0.999657 -0.0261848 0
    outer loop
      vertex 51.5 0 -30
      vertex 51.4294 -2.6953 -28.01
      vertex 51.4294 -2.6953 -30
    endloop
  endfacet
  facet normal 0.999657 -0.0261848 0
    outer loop
      vertex 51.4294 -2.6953 0
      vertex 51.5 0 -18.01
      vertex 51.5 0 0
    endloop
  endfacet
  facet normal 0.999657 -0.0261848 0
    outer loop
      vertex 51.5 0 -18.01
      vertex 51.4294 -2.6953 0
      vertex 51.4294 -2.6953 -18.01
    endloop
  endfacet
  facet normal -0.182215 -0.983259 0
    outer loop
      vertex -10.7075 -50.3746 -30
      vertex -8.05637 -50.8659 0
      vertex -10.7075 -50.3746 0
    endloop
  endfacet
  facet normal -0.182215 -0.983259 -0
    outer loop
      vertex -8.05637 -50.8659 0
      vertex -10.7075 -50.3746 -30
      vertex -8.05637 -50.8659 -30
    endloop
  endfacet
  facet normal 0.0261848 0.999657 -0
    outer loop
      vertex 2.6953 51.4294 -30
      vertex 0 51.5 0
      vertex 2.6953 51.4294 0
    endloop
  endfacet
  facet normal 0.0261848 0.999657 0
    outer loop
      vertex 0 51.5 0
      vertex 2.6953 51.4294 -30
      vertex 0 51.5 -30
    endloop
  endfacet
  facet normal 0.92388 0.382682 0
    outer loop
      vertex 48.0794 18.4559 0
      vertex 47.0476 20.9469 -30
      vertex 47.0476 20.9469 0
    endloop
  endfacet
  facet normal 0.92388 0.382682 0
    outer loop
      vertex 47.0476 20.9469 -30
      vertex 48.0794 18.4559 0
      vertex 48.0794 18.4559 -30
    endloop
  endfacet
  facet normal 0.0261848 -0.999657 0
    outer loop
      vertex 0 -51.5 -30
      vertex 2.6953 -51.4294 0
      vertex 0 -51.5 0
    endloop
  endfacet
  facet normal 0.0261848 -0.999657 0
    outer loop
      vertex 2.6953 -51.4294 0
      vertex 0 -51.5 -30
      vertex 2.6953 -51.4294 -30
    endloop
  endfacet
  facet normal -0.0784432 0.996919 0
    outer loop
      vertex -2.6953 51.4294 -30
      vertex -5.38321 51.2179 0
      vertex -2.6953 51.4294 0
    endloop
  endfacet
  facet normal -0.0784432 0.996919 0
    outer loop
      vertex -5.38321 51.2179 0
      vertex -2.6953 51.4294 -30
      vertex -5.38321 51.2179 -30
    endloop
  endfacet
  facet normal -0.566397 0.824133 0
    outer loop
      vertex -28.0489 43.1915 -30
      vertex -30.2709 41.6644 0
      vertex -28.0489 43.1915 0
    endloop
  endfacet
  facet normal -0.566397 0.824133 0
    outer loop
      vertex -30.2709 41.6644 0
      vertex -28.0489 43.1915 -30
      vertex -30.2709 41.6644 -30
    endloop
  endfacet
  facet normal 0.382682 0.92388 -0
    outer loop
      vertex 20.9469 47.0476 -30
      vertex 18.4559 48.0794 0
      vertex 20.9469 47.0476 0
    endloop
  endfacet
  facet normal 0.382682 0.92388 0
    outer loop
      vertex 18.4559 48.0794 0
      vertex 20.9469 47.0476 -30
      vertex 18.4559 48.0794 -30
    endloop
  endfacet
  facet normal 0.566397 0.824133 -0
    outer loop
      vertex 30.2709 41.6644 -30
      vertex 28.0489 43.1915 0
      vertex 30.2709 41.6644 0
    endloop
  endfacet
  facet normal 0.566397 0.824133 0
    outer loop
      vertex 28.0489 43.1915 0
      vertex 30.2709 41.6644 -30
      vertex 28.0489 43.1915 -30
    endloop
  endfacet
  facet normal -0.333809 -0.942641 0
    outer loop
      vertex -18.4559 -48.0794 -30
      vertex -15.9144 -48.9794 0
      vertex -18.4559 -48.0794 0
    endloop
  endfacet
  facet normal -0.333809 -0.942641 -0
    outer loop
      vertex -15.9144 -48.9794 0
      vertex -18.4559 -48.0794 -30
      vertex -15.9144 -48.9794 -30
    endloop
  endfacet
  facet normal 0.972371 0.23344 0
    outer loop
      vertex 50.3746 10.7075 0
      vertex 49.7452 13.3292 -30
      vertex 49.7452 13.3292 0
    endloop
  endfacet
  facet normal 0.972371 0.23344 0
    outer loop
      vertex 49.7452 13.3292 -30
      vertex 50.3746 10.7075 0
      vertex 50.3746 10.7075 -30
    endloop
  endfacet
  facet normal 0.333809 0.942641 -0
    outer loop
      vertex 18.4559 48.0794 -30
      vertex 15.9144 48.9794 0
      vertex 18.4559 48.0794 0
    endloop
  endfacet
  facet normal 0.333809 0.942641 0
    outer loop
      vertex 15.9144 48.9794 0
      vertex 18.4559 48.0794 -30
      vertex 15.9144 48.9794 -30
    endloop
  endfacet
  facet normal -0.852635 -0.522507 0
    outer loop
      vertex -43.1915 -28.0489 -30
      vertex -44.6003 -25.75 0
      vertex -44.6003 -25.75 -30
    endloop
  endfacet
  facet normal -0.852635 -0.522507 0
    outer loop
      vertex -44.6003 -25.75 0
      vertex -43.1915 -28.0489 -30
      vertex -43.1915 -28.0489 0
    endloop
  endfacet
  facet normal -0.878822 0.477149 0
    outer loop
      vertex -45.8868 23.3805 -30
      vertex -44.6003 25.75 0
      vertex -44.6003 25.75 -30
    endloop
  endfacet
  facet normal -0.878822 0.477149 0
    outer loop
      vertex -44.6003 25.75 0
      vertex -45.8868 23.3805 -30
      vertex -45.8868 23.3805 0
    endloop
  endfacet
  facet normal 0.522507 0.852635 -0
    outer loop
      vertex 28.0489 43.1915 -30
      vertex 25.75 44.6003 0
      vertex 28.0489 43.1915 0
    endloop
  endfacet
  facet normal 0.522507 0.852635 0
    outer loop
      vertex 25.75 44.6003 0
      vertex 28.0489 43.1915 -30
      vertex 25.75 44.6003 -30
    endloop
  endfacet
  facet normal 0.824133 0.566397 0
    outer loop
      vertex 43.1915 28.0489 0
      vertex 41.6644 30.2709 -30
      vertex 41.6644 30.2709 0
    endloop
  endfacet
  facet normal 0.824133 0.566397 0
    outer loop
      vertex 41.6644 30.2709 -30
      vertex 43.1915 28.0489 0
      vertex 43.1915 28.0489 -30
    endloop
  endfacet
  facet normal -0.130552 -0.991441 0
    outer loop
      vertex -8.05637 -50.8659 -30
      vertex -5.38321 -51.2179 0
      vertex -8.05637 -50.8659 0
    endloop
  endfacet
  facet normal -0.130552 -0.991441 -0
    outer loop
      vertex -5.38321 -51.2179 0
      vertex -8.05637 -50.8659 -30
      vertex -5.38321 -51.2179 -30
    endloop
  endfacet
  facet normal -0.430521 0.902581 0
    outer loop
      vertex -20.9469 47.0476 -30
      vertex -23.3805 45.8868 0
      vertex -20.9469 47.0476 0
    endloop
  endfacet
  facet normal -0.430521 0.902581 0
    outer loop
      vertex -23.3805 45.8868 0
      vertex -20.9469 47.0476 -30
      vertex -23.3805 45.8868 -30
    endloop
  endfacet
  facet normal -0.958817 0.284025 0
    outer loop
      vertex -49.7452 13.3292 -30
      vertex -48.9794 15.9144 0
      vertex -48.9794 15.9144 -30
    endloop
  endfacet
  facet normal -0.958817 0.284025 0
    outer loop
      vertex -48.9794 15.9144 0
      vertex -49.7452 13.3292 -30
      vertex -49.7452 13.3292 0
    endloop
  endfacet
  facet normal 0.991445 -0.130523 0
    outer loop
      vertex 51.2179 -5.38321 0
      vertex 51.1367 -6 -18.01
      vertex 51.2179 -5.38321 -18.01
    endloop
  endfacet
  facet normal 0.99144 -0.130561 0
    outer loop
      vertex 50.8659 -8.05637 -30
      vertex 51.1367 -6 -18.01
      vertex 50.8659 -8.05637 0
    endloop
  endfacet
  facet normal 0.991441 -0.130552 1.01913e-06
    outer loop
      vertex 50.8659 -8.05637 0
      vertex 51.1367 -6 -18.01
      vertex 51.2179 -5.38321 0
    endloop
  endfacet
  facet normal 0.991445 -0.130523 0
    outer loop
      vertex 51.1367 -6 -28.01
      vertex 51.2179 -5.38321 -30
      vertex 51.2179 -5.38321 -28.01
    endloop
  endfacet
  facet normal 0.991441 -0.130552 -9.22336e-06
    outer loop
      vertex 51.1367 -6 -28.01
      vertex 50.8659 -8.05637 -30
      vertex 51.2179 -5.38321 -30
    endloop
  endfacet
  facet normal 0.99144 -0.130561 0
    outer loop
      vertex 51.1367 -6 -18.01
      vertex 50.8659 -8.05637 -30
      vertex 51.1367 -6 -28.01
    endloop
  endfacet
  facet normal 0.64944 0.760413 -0
    outer loop
      vertex 34.4602 38.272 -30
      vertex 32.41 40.023 0
      vertex 34.4602 38.272 0
    endloop
  endfacet
  facet normal 0.64944 0.760413 0
    outer loop
      vertex 32.41 40.023 0
      vertex 34.4602 38.272 -30
      vertex 32.41 40.023 -30
    endloop
  endfacet
  facet normal -0.852635 0.522507 0
    outer loop
      vertex -44.6003 25.75 -30
      vertex -43.1915 28.0489 0
      vertex -43.1915 28.0489 -30
    endloop
  endfacet
  facet normal -0.852635 0.522507 0
    outer loop
      vertex -43.1915 28.0489 0
      vertex -44.6003 25.75 -30
      vertex -44.6003 25.75 0
    endloop
  endfacet
  facet normal -0.382682 -0.92388 0
    outer loop
      vertex -20.9469 -47.0476 -30
      vertex -18.4559 -48.0794 0
      vertex -20.9469 -47.0476 0
    endloop
  endfacet
  facet normal -0.382682 -0.92388 -0
    outer loop
      vertex -18.4559 -48.0794 0
      vertex -20.9469 -47.0476 -30
      vertex -18.4559 -48.0794 -30
    endloop
  endfacet
  facet normal -0.608764 -0.793351 0
    outer loop
      vertex -32.41 -40.023 -30
      vertex -30.2709 -41.6644 0
      vertex -32.41 -40.023 0
    endloop
  endfacet
  facet normal -0.608764 -0.793351 -0
    outer loop
      vertex -30.2709 -41.6644 0
      vertex -32.41 -40.023 -30
      vertex -30.2709 -41.6644 -30
    endloop
  endfacet
  facet normal 0.972371 -0.23344 0
    outer loop
      vertex 49.7452 -13.3292 0
      vertex 50.3746 -10.7075 -30
      vertex 50.3746 -10.7075 0
    endloop
  endfacet
  facet normal 0.972371 -0.23344 0
    outer loop
      vertex 50.3746 -10.7075 -30
      vertex 49.7452 -13.3292 0
      vertex 49.7452 -13.3292 -30
    endloop
  endfacet
  facet normal -0.942641 0.333809 0
    outer loop
      vertex -48.9794 15.9144 -30
      vertex -48.0794 18.4559 0
      vertex -48.0794 18.4559 -30
    endloop
  endfacet
  facet normal -0.942641 0.333809 0
    outer loop
      vertex -48.0794 18.4559 0
      vertex -48.9794 15.9144 -30
      vertex -48.9794 15.9144 0
    endloop
  endfacet
  facet normal 0.333809 -0.942641 0
    outer loop
      vertex 15.9144 -48.9794 -30
      vertex 18.4559 -48.0794 0
      vertex 15.9144 -48.9794 0
    endloop
  endfacet
  facet normal 0.333809 -0.942641 0
    outer loop
      vertex 18.4559 -48.0794 0
      vertex 15.9144 -48.9794 -30
      vertex 18.4559 -48.0794 -30
    endloop
  endfacet
  facet normal -0.999657 0.0261848 0
    outer loop
      vertex -51.5 0 -30
      vertex -51.4294 2.6953 0
      vertex -51.4294 2.6953 -30
    endloop
  endfacet
  facet normal -0.999657 0.0261848 0
    outer loop
      vertex -51.4294 2.6953 0
      vertex -51.5 0 -30
      vertex -51.5 0 0
    endloop
  endfacet
  facet normal 0.0784432 -0.996919 0
    outer loop
      vertex 2.6953 -51.4294 -30
      vertex 5.38321 -51.2179 0
      vertex 2.6953 -51.4294 0
    endloop
  endfacet
  facet normal 0.0784432 -0.996919 0
    outer loop
      vertex 5.38321 -51.2179 0
      vertex 2.6953 -51.4294 -30
      vertex 5.38321 -51.2179 -30
    endloop
  endfacet
  facet normal -0.64944 0.760413 0
    outer loop
      vertex -32.41 40.023 -30
      vertex -34.4602 38.272 0
      vertex -32.41 40.023 0
    endloop
  endfacet
  facet normal -0.64944 0.760413 0
    outer loop
      vertex -34.4602 38.272 0
      vertex -32.41 40.023 -30
      vertex -34.4602 38.272 -30
    endloop
  endfacet
  facet normal 0.942641 0.333809 0
    outer loop
      vertex 48.9794 15.9144 0
      vertex 48.0794 18.4559 -30
      vertex 48.0794 18.4559 0
    endloop
  endfacet
  facet normal 0.942641 0.333809 0
    outer loop
      vertex 48.0794 18.4559 -30
      vertex 48.9794 15.9144 0
      vertex 48.9794 15.9144 -30
    endloop
  endfacet
  facet normal -0.725372 -0.688358 0
    outer loop
      vertex -36.416 -36.416 -30
      vertex -38.272 -34.4602 0
      vertex -38.272 -34.4602 -30
    endloop
  endfacet
  facet normal -0.725372 -0.688358 0
    outer loop
      vertex -38.272 -34.4602 0
      vertex -36.416 -36.416 -30
      vertex -36.416 -36.416 0
    endloop
  endfacet
  facet normal 0.182215 0.983259 -0
    outer loop
      vertex 10.7075 50.3746 -30
      vertex 8.05637 50.8659 0
      vertex 10.7075 50.3746 0
    endloop
  endfacet
  facet normal 0.182215 0.983259 0
    outer loop
      vertex 8.05637 50.8659 0
      vertex 10.7075 50.3746 -30
      vertex 8.05637 50.8659 -30
    endloop
  endfacet
  facet normal 0.902581 -0.430521 0
    outer loop
      vertex 45.8868 -23.3805 0
      vertex 47.0476 -20.9469 -30
      vertex 47.0476 -20.9469 0
    endloop
  endfacet
  facet normal 0.902581 -0.430521 0
    outer loop
      vertex 47.0476 -20.9469 -30
      vertex 45.8868 -23.3805 0
      vertex 45.8868 -23.3805 -30
    endloop
  endfacet
  facet normal 0.760413 0.64944 0
    outer loop
      vertex 40.023 32.41 0
      vertex 38.272 34.4602 -30
      vertex 38.272 34.4602 0
    endloop
  endfacet
  facet normal 0.760413 0.64944 0
    outer loop
      vertex 38.272 34.4602 -30
      vertex 40.023 32.41 0
      vertex 40.023 32.41 -30
    endloop
  endfacet
  facet normal -0.793351 0.608764 0
    outer loop
      vertex -41.6644 30.2709 -30
      vertex -40.023 32.41 0
      vertex -40.023 32.41 -30
    endloop
  endfacet
  facet normal -0.793351 0.608764 0
    outer loop
      vertex -40.023 32.41 0
      vertex -41.6644 30.2709 -30
      vertex -41.6644 30.2709 0
    endloop
  endfacet
  facet normal 0.92388 -0.382682 0
    outer loop
      vertex 47.0476 -20.9469 0
      vertex 48.0794 -18.4559 -30
      vertex 48.0794 -18.4559 0
    endloop
  endfacet
  facet normal 0.92388 -0.382682 0
    outer loop
      vertex 48.0794 -18.4559 -30
      vertex 47.0476 -20.9469 0
      vertex 47.0476 -20.9469 -30
    endloop
  endfacet
  facet normal -0.824133 -0.566397 0
    outer loop
      vertex -41.6644 -30.2709 -30
      vertex -43.1915 -28.0489 0
      vertex -43.1915 -28.0489 -30
    endloop
  endfacet
  facet normal -0.824133 -0.566397 0
    outer loop
      vertex -43.1915 -28.0489 0
      vertex -41.6644 -30.2709 -30
      vertex -41.6644 -30.2709 0
    endloop
  endfacet
  facet normal -0.688358 0.725372 0
    outer loop
      vertex -34.4602 38.272 -30
      vertex -36.416 36.416 0
      vertex -34.4602 38.272 0
    endloop
  endfacet
  facet normal -0.688358 0.725372 0
    outer loop
      vertex -36.416 36.416 0
      vertex -34.4602 38.272 -30
      vertex -36.416 36.416 -30
    endloop
  endfacet
  facet normal 0.130552 -0.991441 0
    outer loop
      vertex 5.38321 -51.2179 -30
      vertex 8.05637 -50.8659 0
      vertex 5.38321 -51.2179 0
    endloop
  endfacet
  facet normal 0.130552 -0.991441 0
    outer loop
      vertex 8.05637 -50.8659 0
      vertex 5.38321 -51.2179 -30
      vertex 8.05637 -50.8659 -30
    endloop
  endfacet
  facet normal 0.430521 -0.902581 0
    outer loop
      vertex 20.9469 -47.0476 -30
      vertex 23.3805 -45.8868 0
      vertex 20.9469 -47.0476 0
    endloop
  endfacet
  facet normal 0.430521 -0.902581 0
    outer loop
      vertex 23.3805 -45.8868 0
      vertex 20.9469 -47.0476 -30
      vertex 23.3805 -45.8868 -30
    endloop
  endfacet
  facet normal -0.725372 0.688358 0
    outer loop
      vertex -38.272 34.4602 -30
      vertex -36.416 36.416 0
      vertex -36.416 36.416 -30
    endloop
  endfacet
  facet normal -0.725372 0.688358 0
    outer loop
      vertex -36.416 36.416 0
      vertex -38.272 34.4602 -30
      vertex -38.272 34.4602 0
    endloop
  endfacet
  facet normal 0.902581 0.430521 0
    outer loop
      vertex 47.0476 20.9469 0
      vertex 45.8868 23.3805 -30
      vertex 45.8868 23.3805 0
    endloop
  endfacet
  facet normal 0.902581 0.430521 0
    outer loop
      vertex 45.8868 23.3805 -30
      vertex 47.0476 20.9469 0
      vertex 47.0476 20.9469 -30
    endloop
  endfacet
  facet normal -0.996919 -0.0784432 0
    outer loop
      vertex -51.2179 -5.38321 -30
      vertex -51.4294 -2.6953 0
      vertex -51.4294 -2.6953 -30
    endloop
  endfacet
  facet normal -0.996919 -0.0784432 0
    outer loop
      vertex -51.4294 -2.6953 0
      vertex -51.2179 -5.38321 -30
      vertex -51.2179 -5.38321 0
    endloop
  endfacet
  facet normal 0.608764 -0.793351 0
    outer loop
      vertex 30.2709 -41.6644 -30
      vertex 32.41 -40.023 0
      vertex 30.2709 -41.6644 0
    endloop
  endfacet
  facet normal 0.608764 -0.793351 0
    outer loop
      vertex 32.41 -40.023 0
      vertex 30.2709 -41.6644 -30
      vertex 32.41 -40.023 -30
    endloop
  endfacet
  facet normal 0.996919 -0.0784432 0
    outer loop
      vertex 51.2179 -5.38321 -28.01
      vertex 51.4294 -2.6953 -30
      vertex 51.4294 -2.6953 -28.01
    endloop
  endfacet
  facet normal 0.996919 -0.0784432 0
    outer loop
      vertex 51.4294 -2.6953 -30
      vertex 51.2179 -5.38321 -28.01
      vertex 51.2179 -5.38321 -30
    endloop
  endfacet
  facet normal 0.996919 -0.0784432 0
    outer loop
      vertex 51.2179 -5.38321 0
      vertex 51.4294 -2.6953 -18.01
      vertex 51.4294 -2.6953 0
    endloop
  endfacet
  facet normal 0.996919 -0.0784432 0
    outer loop
      vertex 51.4294 -2.6953 -18.01
      vertex 51.2179 -5.38321 0
      vertex 51.2179 -5.38321 -18.01
    endloop
  endfacet
  facet normal -0.991441 -0.130552 0
    outer loop
      vertex -50.8659 -8.05637 -30
      vertex -51.2179 -5.38321 0
      vertex -51.2179 -5.38321 -30
    endloop
  endfacet
  facet normal -0.991441 -0.130552 0
    outer loop
      vertex -51.2179 -5.38321 0
      vertex -50.8659 -8.05637 -30
      vertex -50.8659 -8.05637 0
    endloop
  endfacet
  facet normal -0.0261848 0.999657 0
    outer loop
      vertex 0 51.5 -30
      vertex -2.6953 51.4294 0
      vertex 0 51.5 0
    endloop
  endfacet
  facet normal -0.0261848 0.999657 0
    outer loop
      vertex -2.6953 51.4294 0
      vertex 0 51.5 -30
      vertex -2.6953 51.4294 -30
    endloop
  endfacet
  facet normal 0.566397 -0.824133 0
    outer loop
      vertex 28.0489 -43.1915 -30
      vertex 30.2709 -41.6644 0
      vertex 28.0489 -43.1915 0
    endloop
  endfacet
  facet normal 0.566397 -0.824133 0
    outer loop
      vertex 30.2709 -41.6644 0
      vertex 28.0489 -43.1915 -30
      vertex 30.2709 -41.6644 -30
    endloop
  endfacet
  facet normal -0.182215 0.983259 0
    outer loop
      vertex -8.05637 50.8659 -30
      vertex -10.7075 50.3746 0
      vertex -8.05637 50.8659 0
    endloop
  endfacet
  facet normal -0.182215 0.983259 0
    outer loop
      vertex -10.7075 50.3746 0
      vertex -8.05637 50.8659 -30
      vertex -10.7075 50.3746 -30
    endloop
  endfacet
  facet normal 0.382682 -0.92388 0
    outer loop
      vertex 18.4559 -48.0794 -30
      vertex 20.9469 -47.0476 0
      vertex 18.4559 -48.0794 0
    endloop
  endfacet
  facet normal 0.382682 -0.92388 0
    outer loop
      vertex 20.9469 -47.0476 0
      vertex 18.4559 -48.0794 -30
      vertex 20.9469 -47.0476 -30
    endloop
  endfacet
  facet normal 0.0784432 0.996919 -0
    outer loop
      vertex 5.38321 51.2179 -30
      vertex 2.6953 51.4294 0
      vertex 5.38321 51.2179 0
    endloop
  endfacet
  facet normal 0.0784432 0.996919 0
    outer loop
      vertex 2.6953 51.4294 0
      vertex 5.38321 51.2179 -30
      vertex 2.6953 51.4294 -30
    endloop
  endfacet
  facet normal 0.942641 -0.333809 0
    outer loop
      vertex 48.0794 -18.4559 0
      vertex 48.9794 -15.9144 -30
      vertex 48.9794 -15.9144 0
    endloop
  endfacet
  facet normal 0.942641 -0.333809 0
    outer loop
      vertex 48.9794 -15.9144 -30
      vertex 48.0794 -18.4559 0
      vertex 48.0794 -18.4559 -30
    endloop
  endfacet
  facet normal 0.23344 -0.972371 0
    outer loop
      vertex 10.7075 -50.3746 -30
      vertex 13.3292 -49.7452 0
      vertex 10.7075 -50.3746 0
    endloop
  endfacet
  facet normal 0.23344 -0.972371 0
    outer loop
      vertex 13.3292 -49.7452 0
      vertex 10.7075 -50.3746 -30
      vertex 13.3292 -49.7452 -30
    endloop
  endfacet
  facet normal 0.284025 -0.958817 0
    outer loop
      vertex 13.3292 -49.7452 -30
      vertex 15.9144 -48.9794 0
      vertex 13.3292 -49.7452 0
    endloop
  endfacet
  facet normal 0.284025 -0.958817 0
    outer loop
      vertex 15.9144 -48.9794 0
      vertex 13.3292 -49.7452 -30
      vertex 15.9144 -48.9794 -30
    endloop
  endfacet
  facet normal 0.688358 0.725372 -0
    outer loop
      vertex 36.416 36.416 -30
      vertex 34.4602 38.272 0
      vertex 36.416 36.416 0
    endloop
  endfacet
  facet normal 0.688358 0.725372 0
    outer loop
      vertex 34.4602 38.272 0
      vertex 36.416 36.416 -30
      vertex 34.4602 38.272 -30
    endloop
  endfacet
  facet normal 0.852635 0.522507 0
    outer loop
      vertex 44.6003 25.75 0
      vertex 43.1915 28.0489 -30
      vertex 43.1915 28.0489 0
    endloop
  endfacet
  facet normal 0.852635 0.522507 0
    outer loop
      vertex 43.1915 28.0489 -30
      vertex 44.6003 25.75 0
      vertex 44.6003 25.75 -30
    endloop
  endfacet
  facet normal 0.284025 0.958817 -0
    outer loop
      vertex 15.9144 48.9794 -30
      vertex 13.3292 49.7452 0
      vertex 15.9144 48.9794 0
    endloop
  endfacet
  facet normal 0.284025 0.958817 0
    outer loop
      vertex 13.3292 49.7452 0
      vertex 15.9144 48.9794 -30
      vertex 13.3292 49.7452 -30
    endloop
  endfacet
  facet normal -0.430521 -0.902581 0
    outer loop
      vertex -23.3805 -45.8868 -30
      vertex -20.9469 -47.0476 0
      vertex -23.3805 -45.8868 0
    endloop
  endfacet
  facet normal -0.430521 -0.902581 -0
    outer loop
      vertex -20.9469 -47.0476 0
      vertex -23.3805 -45.8868 -30
      vertex -20.9469 -47.0476 -30
    endloop
  endfacet
  facet normal 0.130552 0.991441 -0
    outer loop
      vertex 8.05637 50.8659 -30
      vertex 5.38321 51.2179 0
      vertex 8.05637 50.8659 0
    endloop
  endfacet
  facet normal 0.130552 0.991441 0
    outer loop
      vertex 5.38321 51.2179 0
      vertex 8.05637 50.8659 -30
      vertex 5.38321 51.2179 -30
    endloop
  endfacet
  facet normal 0.983259 0.182215 0
    outer loop
      vertex 50.8659 8.05637 0
      vertex 50.3746 10.7075 -30
      vertex 50.3746 10.7075 0
    endloop
  endfacet
  facet normal 0.983259 0.182215 0
    outer loop
      vertex 50.3746 10.7075 -30
      vertex 50.8659 8.05637 0
      vertex 50.8659 8.05637 -30
    endloop
  endfacet
  facet normal 0.477149 -0.878822 0
    outer loop
      vertex 23.3805 -45.8868 -30
      vertex 25.75 -44.6003 0
      vertex 23.3805 -45.8868 0
    endloop
  endfacet
  facet normal 0.477149 -0.878822 0
    outer loop
      vertex 25.75 -44.6003 0
      vertex 23.3805 -45.8868 -30
      vertex 25.75 -44.6003 -30
    endloop
  endfacet
  facet normal 0.99144 0.130561 0
    outer loop
      vertex 50.8659 8.05637 0
      vertex 51.1367 6 -18.01
      vertex 50.8659 8.05637 -30
    endloop
  endfacet
  facet normal 0.991441 0.130552 1.01913e-06
    outer loop
      vertex 51.2179 5.38321 0
      vertex 51.1367 6 -18.01
      vertex 50.8659 8.05637 0
    endloop
  endfacet
  facet normal 0.991445 0.130523 0
    outer loop
      vertex 51.1367 6 -18.01
      vertex 51.2179 5.38321 0
      vertex 51.2179 5.38321 -18.01
    endloop
  endfacet
  facet normal 0.99144 0.130561 -0
    outer loop
      vertex 51.1367 6 -28.01
      vertex 50.8659 8.05637 -30
      vertex 51.1367 6 -18.01
    endloop
  endfacet
  facet normal 0.991445 0.130523 -0
    outer loop
      vertex 51.2179 5.38321 -30
      vertex 51.1367 6 -28.01
      vertex 51.2179 5.38321 -28.01
    endloop
  endfacet
  facet normal 0.991441 0.130552 -9.22336e-06
    outer loop
      vertex 51.1367 6 -28.01
      vertex 51.2179 5.38321 -30
      vertex 50.8659 8.05637 -30
    endloop
  endfacet
  facet normal 0.793351 0.608764 0
    outer loop
      vertex 41.6644 30.2709 0
      vertex 40.023 32.41 -30
      vertex 40.023 32.41 0
    endloop
  endfacet
  facet normal 0.793351 0.608764 0
    outer loop
      vertex 40.023 32.41 -30
      vertex 41.6644 30.2709 0
      vertex 41.6644 30.2709 -30
    endloop
  endfacet
  facet normal -0.92388 0.382682 0
    outer loop
      vertex -48.0794 18.4559 -30
      vertex -47.0476 20.9469 0
      vertex -47.0476 20.9469 -30
    endloop
  endfacet
  facet normal -0.92388 0.382682 0
    outer loop
      vertex -47.0476 20.9469 0
      vertex -48.0794 18.4559 -30
      vertex -48.0794 18.4559 0
    endloop
  endfacet
  facet normal 0.608764 0.793351 -0
    outer loop
      vertex 32.41 40.023 -30
      vertex 30.2709 41.6644 0
      vertex 32.41 40.023 0
    endloop
  endfacet
  facet normal 0.608764 0.793351 0
    outer loop
      vertex 30.2709 41.6644 0
      vertex 32.41 40.023 -30
      vertex 30.2709 41.6644 -30
    endloop
  endfacet
  facet normal -0.477149 -0.878822 0
    outer loop
      vertex -25.75 -44.6003 -30
      vertex -23.3805 -45.8868 0
      vertex -25.75 -44.6003 0
    endloop
  endfacet
  facet normal -0.477149 -0.878822 -0
    outer loop
      vertex -23.3805 -45.8868 0
      vertex -25.75 -44.6003 -30
      vertex -23.3805 -45.8868 -30
    endloop
  endfacet
  facet normal -0.983259 -0.182215 0
    outer loop
      vertex -50.3746 -10.7075 -30
      vertex -50.8659 -8.05637 0
      vertex -50.8659 -8.05637 -30
    endloop
  endfacet
  facet normal -0.983259 -0.182215 0
    outer loop
      vertex -50.8659 -8.05637 0
      vertex -50.3746 -10.7075 -30
      vertex -50.3746 -10.7075 0
    endloop
  endfacet
  facet normal 0.793351 -0.608764 0
    outer loop
      vertex 40.023 -32.41 0
      vertex 41.6644 -30.2709 -30
      vertex 41.6644 -30.2709 0
    endloop
  endfacet
  facet normal 0.793351 -0.608764 0
    outer loop
      vertex 41.6644 -30.2709 -30
      vertex 40.023 -32.41 0
      vertex 40.023 -32.41 -30
    endloop
  endfacet
  facet normal -0.760413 -0.64944 0
    outer loop
      vertex -38.272 -34.4602 -30
      vertex -40.023 -32.41 0
      vertex -40.023 -32.41 -30
    endloop
  endfacet
  facet normal -0.760413 -0.64944 0
    outer loop
      vertex -40.023 -32.41 0
      vertex -38.272 -34.4602 -30
      vertex -38.272 -34.4602 0
    endloop
  endfacet
  facet normal -0.0261848 -0.999657 0
    outer loop
      vertex -2.6953 -51.4294 -30
      vertex 0 -51.5 0
      vertex -2.6953 -51.4294 0
    endloop
  endfacet
  facet normal -0.0261848 -0.999657 -0
    outer loop
      vertex 0 -51.5 0
      vertex -2.6953 -51.4294 -30
      vertex 0 -51.5 -30
    endloop
  endfacet
  facet normal 0.182215 -0.983259 0
    outer loop
      vertex 8.05637 -50.8659 -30
      vertex 10.7075 -50.3746 0
      vertex 8.05637 -50.8659 0
    endloop
  endfacet
  facet normal 0.182215 -0.983259 0
    outer loop
      vertex 10.7075 -50.3746 0
      vertex 8.05637 -50.8659 -30
      vertex 10.7075 -50.3746 -30
    endloop
  endfacet
  facet normal -0.522507 0.852635 0
    outer loop
      vertex -25.75 44.6003 -30
      vertex -28.0489 43.1915 0
      vertex -25.75 44.6003 0
    endloop
  endfacet
  facet normal -0.522507 0.852635 0
    outer loop
      vertex -28.0489 43.1915 0
      vertex -25.75 44.6003 -30
      vertex -28.0489 43.1915 -30
    endloop
  endfacet
  facet normal 0.852635 -0.522507 0
    outer loop
      vertex 43.1915 -28.0489 0
      vertex 44.6003 -25.75 -30
      vertex 44.6003 -25.75 0
    endloop
  endfacet
  facet normal 0.852635 -0.522507 0
    outer loop
      vertex 44.6003 -25.75 -30
      vertex 43.1915 -28.0489 0
      vertex 43.1915 -28.0489 -30
    endloop
  endfacet
  facet normal -0.688358 -0.725372 0
    outer loop
      vertex -36.416 -36.416 -30
      vertex -34.4602 -38.272 0
      vertex -36.416 -36.416 0
    endloop
  endfacet
  facet normal -0.688358 -0.725372 -0
    outer loop
      vertex -34.4602 -38.272 0
      vertex -36.416 -36.416 -30
      vertex -34.4602 -38.272 -30
    endloop
  endfacet
  facet normal -0.760413 0.64944 0
    outer loop
      vertex -40.023 32.41 -30
      vertex -38.272 34.4602 0
      vertex -38.272 34.4602 -30
    endloop
  endfacet
  facet normal -0.760413 0.64944 0
    outer loop
      vertex -38.272 34.4602 0
      vertex -40.023 32.41 -30
      vertex -40.023 32.41 0
    endloop
  endfacet
  facet normal 0.522507 -0.852635 0
    outer loop
      vertex 25.75 -44.6003 -30
      vertex 28.0489 -43.1915 0
      vertex 25.75 -44.6003 0
    endloop
  endfacet
  facet normal 0.522507 -0.852635 0
    outer loop
      vertex 28.0489 -43.1915 0
      vertex 25.75 -44.6003 -30
      vertex 28.0489 -43.1915 -30
    endloop
  endfacet
  facet normal 0.64944 -0.760413 0
    outer loop
      vertex 32.41 -40.023 -30
      vertex 34.4602 -38.272 0
      vertex 32.41 -40.023 0
    endloop
  endfacet
  facet normal 0.64944 -0.760413 0
    outer loop
      vertex 34.4602 -38.272 0
      vertex 32.41 -40.023 -30
      vertex 34.4602 -38.272 -30
    endloop
  endfacet
  facet normal -0.824133 0.566397 0
    outer loop
      vertex -43.1915 28.0489 -30
      vertex -41.6644 30.2709 0
      vertex -41.6644 30.2709 -30
    endloop
  endfacet
  facet normal -0.824133 0.566397 0
    outer loop
      vertex -41.6644 30.2709 0
      vertex -43.1915 28.0489 -30
      vertex -43.1915 28.0489 0
    endloop
  endfacet
  facet normal -0.382682 0.92388 0
    outer loop
      vertex -18.4559 48.0794 -30
      vertex -20.9469 47.0476 0
      vertex -18.4559 48.0794 0
    endloop
  endfacet
  facet normal -0.382682 0.92388 0
    outer loop
      vertex -20.9469 47.0476 0
      vertex -18.4559 48.0794 -30
      vertex -20.9469 47.0476 -30
    endloop
  endfacet
  facet normal 0.983259 -0.182215 0
    outer loop
      vertex 50.3746 -10.7075 0
      vertex 50.8659 -8.05637 -30
      vertex 50.8659 -8.05637 0
    endloop
  endfacet
  facet normal 0.983259 -0.182215 0
    outer loop
      vertex 50.8659 -8.05637 -30
      vertex 50.3746 -10.7075 0
      vertex 50.3746 -10.7075 -30
    endloop
  endfacet
  facet normal -0.284025 -0.958817 0
    outer loop
      vertex -15.9144 -48.9794 -30
      vertex -13.3292 -49.7452 0
      vertex -15.9144 -48.9794 0
    endloop
  endfacet
  facet normal -0.284025 -0.958817 -0
    outer loop
      vertex -13.3292 -49.7452 0
      vertex -15.9144 -48.9794 -30
      vertex -13.3292 -49.7452 -30
    endloop
  endfacet
  facet normal -0.23344 -0.972371 0
    outer loop
      vertex -13.3292 -49.7452 -30
      vertex -10.7075 -50.3746 0
      vertex -13.3292 -49.7452 0
    endloop
  endfacet
  facet normal -0.23344 -0.972371 -0
    outer loop
      vertex -10.7075 -50.3746 0
      vertex -13.3292 -49.7452 -30
      vertex -10.7075 -50.3746 -30
    endloop
  endfacet
  facet normal -0.477149 0.878822 0
    outer loop
      vertex -23.3805 45.8868 -30
      vertex -25.75 44.6003 0
      vertex -23.3805 45.8868 0
    endloop
  endfacet
  facet normal -0.477149 0.878822 0
    outer loop
      vertex -25.75 44.6003 0
      vertex -23.3805 45.8868 -30
      vertex -25.75 44.6003 -30
    endloop
  endfacet
  facet normal -0.793351 -0.608764 0
    outer loop
      vertex -40.023 -32.41 -30
      vertex -41.6644 -30.2709 0
      vertex -41.6644 -30.2709 -30
    endloop
  endfacet
  facet normal -0.793351 -0.608764 0
    outer loop
      vertex -41.6644 -30.2709 0
      vertex -40.023 -32.41 -30
      vertex -40.023 -32.41 0
    endloop
  endfacet
  facet normal -0.0784432 -0.996919 0
    outer loop
      vertex -5.38321 -51.2179 -30
      vertex -2.6953 -51.4294 0
      vertex -5.38321 -51.2179 0
    endloop
  endfacet
  facet normal -0.0784432 -0.996919 -0
    outer loop
      vertex -2.6953 -51.4294 0
      vertex -5.38321 -51.2179 -30
      vertex -2.6953 -51.4294 -30
    endloop
  endfacet
  facet normal -0.972371 -0.23344 0
    outer loop
      vertex -49.7452 -13.3292 -30
      vertex -50.3746 -10.7075 0
      vertex -50.3746 -10.7075 -30
    endloop
  endfacet
  facet normal -0.972371 -0.23344 0
    outer loop
      vertex -50.3746 -10.7075 0
      vertex -49.7452 -13.3292 -30
      vertex -49.7452 -13.3292 0
    endloop
  endfacet
  facet normal -0.608764 0.793351 0
    outer loop
      vertex -30.2709 41.6644 -30
      vertex -32.41 40.023 0
      vertex -30.2709 41.6644 0
    endloop
  endfacet
  facet normal -0.608764 0.793351 0
    outer loop
      vertex -32.41 40.023 0
      vertex -30.2709 41.6644 -30
      vertex -32.41 40.023 -30
    endloop
  endfacet
  facet normal -0.983259 0.182215 0
    outer loop
      vertex -50.8659 8.05637 -30
      vertex -50.3746 10.7075 0
      vertex -50.3746 10.7075 -30
    endloop
  endfacet
  facet normal -0.983259 0.182215 0
    outer loop
      vertex -50.3746 10.7075 0
      vertex -50.8659 8.05637 -30
      vertex -50.8659 8.05637 0
    endloop
  endfacet
  facet normal -0.991441 0.130552 0
    outer loop
      vertex -51.2179 5.38321 -30
      vertex -50.8659 8.05637 0
      vertex -50.8659 8.05637 -30
    endloop
  endfacet
  facet normal -0.991441 0.130552 0
    outer loop
      vertex -50.8659 8.05637 0
      vertex -51.2179 5.38321 -30
      vertex -51.2179 5.38321 0
    endloop
  endfacet
  facet normal -0.902581 0.430521 0
    outer loop
      vertex -47.0476 20.9469 -30
      vertex -45.8868 23.3805 0
      vertex -45.8868 23.3805 -30
    endloop
  endfacet
  facet normal -0.902581 0.430521 0
    outer loop
      vertex -45.8868 23.3805 0
      vertex -47.0476 20.9469 -30
      vertex -47.0476 20.9469 0
    endloop
  endfacet
  facet normal 0.23344 0.972371 -0
    outer loop
      vertex 13.3292 49.7452 -30
      vertex 10.7075 50.3746 0
      vertex 13.3292 49.7452 0
    endloop
  endfacet
  facet normal 0.23344 0.972371 0
    outer loop
      vertex 10.7075 50.3746 0
      vertex 13.3292 49.7452 -30
      vertex 10.7075 50.3746 -30
    endloop
  endfacet
  facet normal -0.23344 0.972371 0
    outer loop
      vertex -10.7075 50.3746 -30
      vertex -13.3292 49.7452 0
      vertex -10.7075 50.3746 0
    endloop
  endfacet
  facet normal -0.23344 0.972371 0
    outer loop
      vertex -13.3292 49.7452 0
      vertex -10.7075 50.3746 -30
      vertex -13.3292 49.7452 -30
    endloop
  endfacet
  facet normal -0.284025 0.958817 0
    outer loop
      vertex -13.3292 49.7452 -30
      vertex -15.9144 48.9794 0
      vertex -13.3292 49.7452 0
    endloop
  endfacet
  facet normal -0.284025 0.958817 0
    outer loop
      vertex -15.9144 48.9794 0
      vertex -13.3292 49.7452 -30
      vertex -15.9144 48.9794 -30
    endloop
  endfacet
  facet normal 0.725372 -0.688358 0
    outer loop
      vertex 36.416 -36.416 0
      vertex 38.272 -34.4602 -30
      vertex 38.272 -34.4602 0
    endloop
  endfacet
  facet normal 0.725372 -0.688358 0
    outer loop
      vertex 38.272 -34.4602 -30
      vertex 36.416 -36.416 0
      vertex 36.416 -36.416 -30
    endloop
  endfacet
  facet normal -0.972371 0.23344 0
    outer loop
      vertex -50.3746 10.7075 -30
      vertex -49.7452 13.3292 0
      vertex -49.7452 13.3292 -30
    endloop
  endfacet
  facet normal -0.972371 0.23344 0
    outer loop
      vertex -49.7452 13.3292 0
      vertex -50.3746 10.7075 -30
      vertex -50.3746 10.7075 0
    endloop
  endfacet
  facet normal -0.878822 -0.477149 0
    outer loop
      vertex -44.6003 -25.75 -30
      vertex -45.8868 -23.3805 0
      vertex -45.8868 -23.3805 -30
    endloop
  endfacet
  facet normal -0.878822 -0.477149 0
    outer loop
      vertex -45.8868 -23.3805 0
      vertex -44.6003 -25.75 -30
      vertex -44.6003 -25.75 0
    endloop
  endfacet
  facet normal -0.958817 -0.284025 0
    outer loop
      vertex -48.9794 -15.9144 -30
      vertex -49.7452 -13.3292 0
      vertex -49.7452 -13.3292 -30
    endloop
  endfacet
  facet normal -0.958817 -0.284025 0
    outer loop
      vertex -49.7452 -13.3292 0
      vertex -48.9794 -15.9144 -30
      vertex -48.9794 -15.9144 0
    endloop
  endfacet
  facet normal -0.64944 -0.760413 0
    outer loop
      vertex -34.4602 -38.272 -30
      vertex -32.41 -40.023 0
      vertex -34.4602 -38.272 0
    endloop
  endfacet
  facet normal -0.64944 -0.760413 -0
    outer loop
      vertex -32.41 -40.023 0
      vertex -34.4602 -38.272 -30
      vertex -32.41 -40.023 -30
    endloop
  endfacet
  facet normal 0 0 -1
    outer loop
      vertex 51.4294 -2.6953 -30
      vertex 51.4294 2.6953 -30
      vertex 51.5 0 -30
    endloop
  endfacet
  facet normal 0 0 -1
    outer loop
      vertex 51.2179 -5.38321 -30
      vertex 51.4294 2.6953 -30
      vertex 51.4294 -2.6953 -30
    endloop
  endfacet
  facet normal 0 0 -1
    outer loop
      vertex 51.2179 -5.38321 -30
      vertex 51.2179 5.38321 -30
      vertex 51.4294 2.6953 -30
    endloop
  endfacet
  facet normal 0 0 -1
    outer loop
      vertex 50.8659 -8.05637 -30
      vertex 51.2179 5.38321 -30
      vertex 51.2179 -5.38321 -30
    endloop
  endfacet
  facet normal 0 0 -1
    outer loop
      vertex 50.8659 -8.05637 -30
      vertex 50.8659 8.05637 -30
      vertex 51.2179 5.38321 -30
    endloop
  endfacet
  facet normal 0 0 -1
    outer loop
      vertex 50.3746 -10.7075 -30
      vertex 50.8659 8.05637 -30
      vertex 50.8659 -8.05637 -30
    endloop
  endfacet
  facet normal 0 0 -1
    outer loop
      vertex 50.3746 -10.7075 -30
      vertex 50.3746 10.7075 -30
      vertex 50.8659 8.05637 -30
    endloop
  endfacet
  facet normal 0 0 -1
    outer loop
      vertex 49.7452 -13.3292 -30
      vertex 50.3746 10.7075 -30
      vertex 50.3746 -10.7075 -30
    endloop
  endfacet
  facet normal 0 0 -1
    outer loop
      vertex 49.7452 -13.3292 -30
      vertex 49.7452 13.3292 -30
      vertex 50.3746 10.7075 -30
    endloop
  endfacet
  facet normal 0 0 -1
    outer loop
      vertex 48.9794 -15.9144 -30
      vertex 49.7452 13.3292 -30
      vertex 49.7452 -13.3292 -30
    endloop
  endfacet
  facet normal 0 0 -1
    outer loop
      vertex 48.9794 -15.9144 -30
      vertex 48.9794 15.9144 -30
      vertex 49.7452 13.3292 -30
    endloop
  endfacet
  facet normal 0 0 -1
    outer loop
      vertex 48.0794 -18.4559 -30
      vertex 48.9794 15.9144 -30
      vertex 48.9794 -15.9144 -30
    endloop
  endfacet
  facet normal 0 0 -1
    outer loop
      vertex 48.0794 -18.4559 -30
      vertex 48.0794 18.4559 -30
      vertex 48.9794 15.9144 -30
    endloop
  endfacet
  facet normal 0 0 -1
    outer loop
      vertex 47.0476 -20.9469 -30
      vertex 48.0794 18.4559 -30
      vertex 48.0794 -18.4559 -30
    endloop
  endfacet
  facet normal 0 0 -1
    outer loop
      vertex 47.0476 -20.9469 -30
      vertex 47.0476 20.9469 -30
      vertex 48.0794 18.4559 -30
    endloop
  endfacet
  facet normal 0 0 -1
    outer loop
      vertex 45.8868 -23.3805 -30
      vertex 47.0476 20.9469 -30
      vertex 47.0476 -20.9469 -30
    endloop
  endfacet
  facet normal 0 0 -1
    outer loop
      vertex 45.8868 -23.3805 -30
      vertex 45.8868 23.3805 -30
      vertex 47.0476 20.9469 -30
    endloop
  endfacet
  facet normal 0 0 -1
    outer loop
      vertex 44.6003 -25.75 -30
      vertex 45.8868 23.3805 -30
      vertex 45.8868 -23.3805 -30
    endloop
  endfacet
  facet normal 0 0 -1
    outer loop
      vertex 44.6003 -25.75 -30
      vertex 44.6003 25.75 -30
      vertex 45.8868 23.3805 -30
    endloop
  endfacet
  facet normal 0 0 -1
    outer loop
      vertex 43.1915 -28.0489 -30
      vertex 44.6003 25.75 -30
      vertex 44.6003 -25.75 -30
    endloop
  endfacet
  facet normal 0 0 -1
    outer loop
      vertex 43.1915 -28.0489 -30
      vertex 43.1915 28.0489 -30
      vertex 44.6003 25.75 -30
    endloop
  endfacet
  facet normal 0 0 -1
    outer loop
      vertex 41.6644 -30.2709 -30
      vertex 43.1915 28.0489 -30
      vertex 43.1915 -28.0489 -30
    endloop
  endfacet
  facet normal 0 0 -1
    outer loop
      vertex 41.6644 -30.2709 -30
      vertex 41.6644 30.2709 -30
      vertex 43.1915 28.0489 -30
    endloop
  endfacet
  facet normal 0 0 -1
    outer loop
      vertex 40.023 -32.41 -30
      vertex 41.6644 30.2709 -30
      vertex 41.6644 -30.2709 -30
    endloop
  endfacet
  facet normal 0 0 -1
    outer loop
      vertex 40.023 -32.41 -30
      vertex 40.023 32.41 -30
      vertex 41.6644 30.2709 -30
    endloop
  endfacet
  facet normal 0 0 -1
    outer loop
      vertex 38.272 -34.4602 -30
      vertex 40.023 32.41 -30
      vertex 40.023 -32.41 -30
    endloop
  endfacet
  facet normal 0 0 -1
    outer loop
      vertex 38.272 -34.4602 -30
      vertex 38.272 34.4602 -30
      vertex 40.023 32.41 -30
    endloop
  endfacet
  facet normal 0 0 -1
    outer loop
      vertex 36.416 -36.416 -30
      vertex 38.272 34.4602 -30
      vertex 38.272 -34.4602 -30
    endloop
  endfacet
  facet normal 0 0 -1
    outer loop
      vertex 36.416 -36.416 -30
      vertex 36.416 36.416 -30
      vertex 38.272 34.4602 -30
    endloop
  endfacet
  facet normal 0 0 -1
    outer loop
      vertex 34.4602 -38.272 -30
      vertex 36.416 36.416 -30
      vertex 36.416 -36.416 -30
    endloop
  endfacet
  facet normal 0 0 -1
    outer loop
      vertex 34.4602 -38.272 -30
      vertex 34.4602 38.272 -30
      vertex 36.416 36.416 -30
    endloop
  endfacet
  facet normal 0 0 -1
    outer loop
      vertex 32.41 -40.023 -30
      vertex 34.4602 38.272 -30
      vertex 34.4602 -38.272 -30
    endloop
  endfacet
  facet normal 0 0 -1
    outer loop
      vertex 32.41 -40.023 -30
      vertex 32.41 40.023 -30
      vertex 34.4602 38.272 -30
    endloop
  endfacet
  facet normal 0 0 -1
    outer loop
      vertex 30.2709 -41.6644 -30
      vertex 32.41 40.023 -30
      vertex 32.41 -40.023 -30
    endloop
  endfacet
  facet normal 0 0 -1
    outer loop
      vertex 30.2709 -41.6644 -30
      vertex 30.2709 41.6644 -30
      vertex 32.41 40.023 -30
    endloop
  endfacet
  facet normal 0 0 -1
    outer loop
      vertex 28.0489 -43.1915 -30
      vertex 30.2709 41.6644 -30
      vertex 30.2709 -41.6644 -30
    endloop
  endfacet
  facet normal 0 0 -1
    outer loop
      vertex 28.0489 -43.1915 -30
      vertex 28.0489 43.1915 -30
      vertex 30.2709 41.6644 -30
    endloop
  endfacet
  facet normal 0 0 -1
    outer loop
      vertex 25.75 -44.6003 -30
      vertex 28.0489 43.1915 -30
      vertex 28.0489 -43.1915 -30
    endloop
  endfacet
  facet normal 0 0 -1
    outer loop
      vertex 25.75 -44.6003 -30
      vertex 25.75 44.6003 -30
      vertex 28.0489 43.1915 -30
    endloop
  endfacet
  facet normal 0 0 -1
    outer loop
      vertex 23.3805 -45.8868 -30
      vertex 25.75 44.6003 -30
      vertex 25.75 -44.6003 -30
    endloop
  endfacet
  facet normal 0 0 -1
    outer loop
      vertex 23.3805 -45.8868 -30
      vertex 23.3805 45.8868 -30
      vertex 25.75 44.6003 -30
    endloop
  endfacet
  facet normal 0 0 -1
    outer loop
      vertex 20.9469 -47.0476 -30
      vertex 23.3805 45.8868 -30
      vertex 23.3805 -45.8868 -30
    endloop
  endfacet
  facet normal 0 0 -1
    outer loop
      vertex 20.9469 -47.0476 -30
      vertex 20.9469 47.0476 -30
      vertex 23.3805 45.8868 -30
    endloop
  endfacet
  facet normal 0 0 -1
    outer loop
      vertex 18.4559 -48.0794 -30
      vertex 20.9469 47.0476 -30
      vertex 20.9469 -47.0476 -30
    endloop
  endfacet
  facet normal 0 0 -1
    outer loop
      vertex 18.4559 -48.0794 -30
      vertex 18.4559 48.0794 -30
      vertex 20.9469 47.0476 -30
    endloop
  endfacet
  facet normal 0 0 -1
    outer loop
      vertex 15.9144 -48.9794 -30
      vertex 18.4559 48.0794 -30
      vertex 18.4559 -48.0794 -30
    endloop
  endfacet
  facet normal 0 0 -1
    outer loop
      vertex 15.9144 -48.9794 -30
      vertex 15.9144 48.9794 -30
      vertex 18.4559 48.0794 -30
    endloop
  endfacet
  facet normal 0 0 -1
    outer loop
      vertex 13.3292 -49.7452 -30
      vertex 15.9144 48.9794 -30
      vertex 15.9144 -48.9794 -30
    endloop
  endfacet
  facet normal 0 0 -1
    outer loop
      vertex 13.3292 -49.7452 -30
      vertex 13.3292 49.7452 -30
      vertex 15.9144 48.9794 -30
    endloop
  endfacet
  facet normal 0 0 -1
    outer loop
      vertex 10.7075 -50.3746 -30
      vertex 13.3292 49.7452 -30
      vertex 13.3292 -49.7452 -30
    endloop
  endfacet
  facet normal 0 0 -1
    outer loop
      vertex 10.7075 -50.3746 -30
      vertex 10.7075 50.3746 -30
      vertex 13.3292 49.7452 -30
    endloop
  endfacet
  facet normal 0 0 -1
    outer loop
      vertex 8.05637 -50.8659 -30
      vertex 10.7075 50.3746 -30
      vertex 10.7075 -50.3746 -30
    endloop
  endfacet
  facet normal 0 0 -1
    outer loop
      vertex 8.05637 -50.8659 -30
      vertex 8.05637 50.8659 -30
      vertex 10.7075 50.3746 -30
    endloop
  endfacet
  facet normal 0 0 -1
    outer loop
      vertex 5.38321 -51.2179 -30
      vertex 8.05637 50.8659 -30
      vertex 8.05637 -50.8659 -30
    endloop
  endfacet
  facet normal 0 0 -1
    outer loop
      vertex 5.38321 -51.2179 -30
      vertex 5.38321 51.2179 -30
      vertex 8.05637 50.8659 -30
    endloop
  endfacet
  facet normal 0 0 -1
    outer loop
      vertex 2.6953 -51.4294 -30
      vertex 5.38321 51.2179 -30
      vertex 5.38321 -51.2179 -30
    endloop
  endfacet
  facet normal 0 0 -1
    outer loop
      vertex 2.6953 -51.4294 -30
      vertex 2.6953 51.4294 -30
      vertex 5.38321 51.2179 -30
    endloop
  endfacet
  facet normal 0 0 -1
    outer loop
      vertex 0 -51.5 -30
      vertex 2.6953 51.4294 -30
      vertex 2.6953 -51.4294 -30
    endloop
  endfacet
  facet normal 0 0 -1
    outer loop
      vertex 0 -51.5 -30
      vertex 0 51.5 -30
      vertex 2.6953 51.4294 -30
    endloop
  endfacet
  facet normal 0 0 -1
    outer loop
      vertex -2.6953 -51.4294 -30
      vertex 0 51.5 -30
      vertex 0 -51.5 -30
    endloop
  endfacet
  facet normal 0 0 -1
    outer loop
      vertex -2.6953 -51.4294 -30
      vertex -2.6953 51.4294 -30
      vertex 0 51.5 -30
    endloop
  endfacet
  facet normal 0 0 -1
    outer loop
      vertex -5.38321 -51.2179 -30
      vertex -2.6953 51.4294 -30
      vertex -2.6953 -51.4294 -30
    endloop
  endfacet
  facet normal 0 0 -1
    outer loop
      vertex -5.38321 -51.2179 -30
      vertex -5.38321 51.2179 -30
      vertex -2.6953 51.4294 -30
    endloop
  endfacet
  facet normal 0 0 -1
    outer loop
      vertex -8.05637 -50.8659 -30
      vertex -5.38321 51.2179 -30
      vertex -5.38321 -51.2179 -30
    endloop
  endfacet
  facet normal 0 0 -1
    outer loop
      vertex -8.05637 -50.8659 -30
      vertex -8.05637 50.8659 -30
      vertex -5.38321 51.2179 -30
    endloop
  endfacet
  facet normal 0 0 -1
    outer loop
      vertex -10.7075 -50.3746 -30
      vertex -8.05637 50.8659 -30
      vertex -8.05637 -50.8659 -30
    endloop
  endfacet
  facet normal 0 0 -1
    outer loop
      vertex -10.7075 -50.3746 -30
      vertex -10.7075 50.3746 -30
      vertex -8.05637 50.8659 -30
    endloop
  endfacet
  facet normal 0 0 -1
    outer loop
      vertex -13.3292 -49.7452 -30
      vertex -10.7075 50.3746 -30
      vertex -10.7075 -50.3746 -30
    endloop
  endfacet
  facet normal 0 0 -1
    outer loop
      vertex -13.3292 -49.7452 -30
      vertex -13.3292 49.7452 -30
      vertex -10.7075 50.3746 -30
    endloop
  endfacet
  facet normal 0 0 -1
    outer loop
      vertex -15.9144 -48.9794 -30
      vertex -13.3292 49.7452 -30
      vertex -13.3292 -49.7452 -30
    endloop
  endfacet
  facet normal 0 0 -1
    outer loop
      vertex -15.9144 -48.9794 -30
      vertex -15.9144 48.9794 -30
      vertex -13.3292 49.7452 -30
    endloop
  endfacet
  facet normal 0 0 -1
    outer loop
      vertex -18.4559 -48.0794 -30
      vertex -15.9144 48.9794 -30
      vertex -15.9144 -48.9794 -30
    endloop
  endfacet
  facet normal 0 0 -1
    outer loop
      vertex -18.4559 -48.0794 -30
      vertex -18.4559 48.0794 -30
      vertex -15.9144 48.9794 -30
    endloop
  endfacet
  facet normal 0 0 -1
    outer loop
      vertex -20.9469 -47.0476 -30
      vertex -18.4559 48.0794 -30
      vertex -18.4559 -48.0794 -30
    endloop
  endfacet
  facet normal 0 0 -1
    outer loop
      vertex -20.9469 -47.0476 -30
      vertex -20.9469 47.0476 -30
      vertex -18.4559 48.0794 -30
    endloop
  endfacet
  facet normal 0 0 -1
    outer loop
      vertex -23.3805 -45.8868 -30
      vertex -20.9469 47.0476 -30
      vertex -20.9469 -47.0476 -30
    endloop
  endfacet
  facet normal 0 0 -1
    outer loop
      vertex -23.3805 -45.8868 -30
      vertex -23.3805 45.8868 -30
      vertex -20.9469 47.0476 -30
    endloop
  endfacet
  facet normal 0 0 -1
    outer loop
      vertex -25.75 -44.6003 -30
      vertex -23.3805 45.8868 -30
      vertex -23.3805 -45.8868 -30
    endloop
  endfacet
  facet normal 0 0 -1
    outer loop
      vertex -25.75 -44.6003 -30
      vertex -25.75 44.6003 -30
      vertex -23.3805 45.8868 -30
    endloop
  endfacet
  facet normal 0 0 -1
    outer loop
      vertex -28.0489 -43.1915 -30
      vertex -25.75 44.6003 -30
      vertex -25.75 -44.6003 -30
    endloop
  endfacet
  facet normal 0 0 -1
    outer loop
      vertex -28.0489 -43.1915 -30
      vertex -28.0489 43.1915 -30
      vertex -25.75 44.6003 -30
    endloop
  endfacet
  facet normal 0 0 -1
    outer loop
      vertex -30.2709 -41.6644 -30
      vertex -28.0489 43.1915 -30
      vertex -28.0489 -43.1915 -30
    endloop
  endfacet
  facet normal 0 0 -1
    outer loop
      vertex -30.2709 -41.6644 -30
      vertex -30.2709 41.6644 -30
      vertex -28.0489 43.1915 -30
    endloop
  endfacet
  facet normal 0 0 -1
    outer loop
      vertex -32.41 -40.023 -30
      vertex -30.2709 41.6644 -30
      vertex -30.2709 -41.6644 -30
    endloop
  endfacet
  facet normal 0 0 -1
    outer loop
      vertex -32.41 -40.023 -30
      vertex -32.41 40.023 -30
      vertex -30.2709 41.6644 -30
    endloop
  endfacet
  facet normal 0 0 -1
    outer loop
      vertex -34.4602 -38.272 -30
      vertex -32.41 40.023 -30
      vertex -32.41 -40.023 -30
    endloop
  endfacet
  facet normal 0 0 -1
    outer loop
      vertex -34.4602 -38.272 -30
      vertex -34.4602 38.272 -30
      vertex -32.41 40.023 -30
    endloop
  endfacet
  facet normal 0 0 -1
    outer loop
      vertex -36.416 -36.416 -30
      vertex -34.4602 38.272 -30
      vertex -34.4602 -38.272 -30
    endloop
  endfacet
  facet normal 0 0 -1
    outer loop
      vertex -36.416 -36.416 -30
      vertex -36.416 36.416 -30
      vertex -34.4602 38.272 -30
    endloop
  endfacet
  facet normal 0 0 -1
    outer loop
      vertex -38.272 -34.4602 -30
      vertex -36.416 36.416 -30
      vertex -36.416 -36.416 -30
    endloop
  endfacet
  facet normal 0 0 -1
    outer loop
      vertex -38.272 -34.4602 -30
      vertex -38.272 34.4602 -30
      vertex -36.416 36.416 -30
    endloop
  endfacet
  facet normal 0 0 -1
    outer loop
      vertex -40.023 -32.41 -30
      vertex -38.272 34.4602 -30
      vertex -38.272 -34.4602 -30
    endloop
  endfacet
  facet normal 0 0 -1
    outer loop
      vertex -40.023 -32.41 -30
      vertex -40.023 32.41 -30
      vertex -38.272 34.4602 -30
    endloop
  endfacet
  facet normal 0 0 -1
    outer loop
      vertex -41.6644 -30.2709 -30
      vertex -40.023 32.41 -30
      vertex -40.023 -32.41 -30
    endloop
  endfacet
  facet normal 0 0 -1
    outer loop
      vertex -41.6644 -30.2709 -30
      vertex -41.6644 30.2709 -30
      vertex -40.023 32.41 -30
    endloop
  endfacet
  facet normal 0 0 -1
    outer loop
      vertex -43.1915 -28.0489 -30
      vertex -41.6644 30.2709 -30
      vertex -41.6644 -30.2709 -30
    endloop
  endfacet
  facet normal 0 0 -1
    outer loop
      vertex -43.1915 -28.0489 -30
      vertex -43.1915 28.0489 -30
      vertex -41.6644 30.2709 -30
    endloop
  endfacet
  facet normal 0 0 -1
    outer loop
      vertex -44.6003 -25.75 -30
      vertex -43.1915 28.0489 -30
      vertex -43.1915 -28.0489 -30
    endloop
  endfacet
  facet normal 0 0 -1
    outer loop
      vertex -44.6003 -25.75 -30
      vertex -44.6003 25.75 -30
      vertex -43.1915 28.0489 -30
    endloop
  endfacet
  facet normal 0 0 -1
    outer loop
      vertex -45.8868 -23.3805 -30
      vertex -44.6003 25.75 -30
      vertex -44.6003 -25.75 -30
    endloop
  endfacet
  facet normal 0 0 -1
    outer loop
      vertex -45.8868 -23.3805 -30
      vertex -45.8868 23.3805 -30
      vertex -44.6003 25.75 -30
    endloop
  endfacet
  facet normal 0 0 -1
    outer loop
      vertex -47.0476 -20.9469 -30
      vertex -45.8868 23.3805 -30
      vertex -45.8868 -23.3805 -30
    endloop
  endfacet
  facet normal 0 0 -1
    outer loop
      vertex -47.0476 -20.9469 -30
      vertex -47.0476 20.9469 -30
      vertex -45.8868 23.3805 -30
    endloop
  endfacet
  facet normal 0 0 -1
    outer loop
      vertex -48.0794 -18.4559 -30
      vertex -47.0476 20.9469 -30
      vertex -47.0476 -20.9469 -30
    endloop
  endfacet
  facet normal 0 0 -1
    outer loop
      vertex -48.0794 -18.4559 -30
      vertex -48.0794 18.4559 -30
      vertex -47.0476 20.9469 -30
    endloop
  endfacet
  facet normal 0 0 -1
    outer loop
      vertex -48.9794 -15.9144 -30
      vertex -48.0794 18.4559 -30
      vertex -48.0794 -18.4559 -30
    endloop
  endfacet
  facet normal 0 0 -1
    outer loop
      vertex -48.9794 -15.9144 -30
      vertex -48.9794 15.9144 -30
      vertex -48.0794 18.4559 -30
    endloop
  endfacet
  facet normal 0 0 -1
    outer loop
      vertex -49.7452 -13.3292 -30
      vertex -48.9794 15.9144 -30
      vertex -48.9794 -15.9144 -30
    endloop
  endfacet
  facet normal 0 0 -1
    outer loop
      vertex -49.7452 -13.3292 -30
      vertex -49.7452 13.3292 -30
      vertex -48.9794 15.9144 -30
    endloop
  endfacet
  facet normal 0 0 -1
    outer loop
      vertex -50.3746 -10.7075 -30
      vertex -49.7452 13.3292 -30
      vertex -49.7452 -13.3292 -30
    endloop
  endfacet
  facet normal 0 0 -1
    outer loop
      vertex -50.3746 -10.7075 -30
      vertex -50.3746 10.7075 -30
      vertex -49.7452 13.3292 -30
    endloop
  endfacet
  facet normal 0 0 -1
    outer loop
      vertex -50.8659 -8.05637 -30
      vertex -50.3746 10.7075 -30
      vertex -50.3746 -10.7075 -30
    endloop
  endfacet
  facet normal 0 0 -1
    outer loop
      vertex -50.8659 -8.05637 -30
      vertex -50.8659 8.05637 -30
      vertex -50.3746 10.7075 -30
    endloop
  endfacet
  facet normal 0 0 -1
    outer loop
      vertex -51.2179 -5.38321 -30
      vertex -50.8659 8.05637 -30
      vertex -50.8659 -8.05637 -30
    endloop
  endfacet
  facet normal 0 0 -1
    outer loop
      vertex -51.2179 -5.38321 -30
      vertex -51.2179 5.38321 -30
      vertex -50.8659 8.05637 -30
    endloop
  endfacet
  facet normal 0 0 -1
    outer loop
      vertex -51.4294 -2.6953 -30
      vertex -51.2179 5.38321 -30
      vertex -51.2179 -5.38321 -30
    endloop
  endfacet
  facet normal 0 0 -1
    outer loop
      vertex -51.4294 -2.6953 -30
      vertex -51.4294 2.6953 -30
      vertex -51.2179 5.38321 -30
    endloop
  endfacet
  facet normal 0 -0 -1
    outer loop
      vertex -51.4294 2.6953 -30
      vertex -51.4294 -2.6953 -30
      vertex -51.5 0 -30
    endloop
  endfacet
  facet normal -0.92388 -0.382682 0
    outer loop
      vertex -47.0476 -20.9469 -30
      vertex -48.0794 -18.4559 0
      vertex -48.0794 -18.4559 -30
    endloop
  endfacet
  facet normal -0.92388 -0.382682 0
    outer loop
      vertex -48.0794 -18.4559 0
      vertex -47.0476 -20.9469 -30
      vertex -47.0476 -20.9469 0
    endloop
  endfacet
  facet normal -0.566397 -0.824133 0
    outer loop
      vertex -30.2709 -41.6644 -30
      vertex -28.0489 -43.1915 0
      vertex -30.2709 -41.6644 0
    endloop
  endfacet
  facet normal -0.566397 -0.824133 -0
    outer loop
      vertex -28.0489 -43.1915 0
      vertex -30.2709 -41.6644 -30
      vertex -28.0489 -43.1915 -30
    endloop
  endfacet
  facet normal -0.522507 -0.852635 0
    outer loop
      vertex -28.0489 -43.1915 -30
      vertex -25.75 -44.6003 0
      vertex -28.0489 -43.1915 0
    endloop
  endfacet
  facet normal -0.522507 -0.852635 -0
    outer loop
      vertex -25.75 -44.6003 0
      vertex -28.0489 -43.1915 -30
      vertex -25.75 -44.6003 -30
    endloop
  endfacet
  facet normal 0 0 1
    outer loop
      vertex 48 0 0
      vertex 51.5 0 0
      vertex 51.4294 2.6953 0
    endloop
  endfacet
  facet normal 0 0 1
    outer loop
      vertex 47.9342 2.51213 0
      vertex 51.4294 2.6953 0
      vertex 51.2179 5.38321 0
    endloop
  endfacet
  facet normal 0 0 1
    outer loop
      vertex 51.5 0 0
      vertex 48 0 0
      vertex 51.4294 -2.6953 0
    endloop
  endfacet
  facet normal 0 0 1
    outer loop
      vertex 47.737 5.01737 0
      vertex 51.2179 5.38321 0
      vertex 50.8659 8.05637 0
    endloop
  endfacet
  facet normal -0 0 1
    outer loop
      vertex 47.9342 -2.51213 0
      vertex 51.4294 -2.6953 0
      vertex 48 0 0
    endloop
  endfacet
  facet normal 0 0 1
    outer loop
      vertex 47.409 7.50885 0
      vertex 50.8659 8.05637 0
      vertex 50.3746 10.7075 0
    endloop
  endfacet
  facet normal 0 0 1
    outer loop
      vertex 51.4294 -2.6953 0
      vertex 47.9342 -2.51213 0
      vertex 51.2179 -5.38321 0
    endloop
  endfacet
  facet normal 0 0 1
    outer loop
      vertex 46.9511 9.97976 0
      vertex 50.3746 10.7075 0
      vertex 49.7452 13.3292 0
    endloop
  endfacet
  facet normal -0 0 1
    outer loop
      vertex 47.737 -5.01737 0
      vertex 51.2179 -5.38321 0
      vertex 47.9342 -2.51213 0
    endloop
  endfacet
  facet normal 0 0 1
    outer loop
      vertex 46.3644 12.4233 0
      vertex 49.7452 13.3292 0
      vertex 48.9794 15.9144 0
    endloop
  endfacet
  facet normal 0 0 1
    outer loop
      vertex 51.2179 -5.38321 0
      vertex 47.737 -5.01737 0
      vertex 50.8659 -8.05637 0
    endloop
  endfacet
  facet normal 0 0 1
    outer loop
      vertex 45.6507 14.8328 0
      vertex 48.9794 15.9144 0
      vertex 48.0794 18.4559 0
    endloop
  endfacet
  facet normal -0 0 1
    outer loop
      vertex 47.409 -7.50885 0
      vertex 50.8659 -8.05637 0
      vertex 47.737 -5.01737 0
    endloop
  endfacet
  facet normal 0 0 1
    outer loop
      vertex 50.8659 -8.05637 0
      vertex 47.409 -7.50885 0
      vertex 50.3746 -10.7075 0
    endloop
  endfacet
  facet normal 0 0 1
    outer loop
      vertex 51.4294 2.6953 0
      vertex 47.9342 2.51213 0
      vertex 48 0 0
    endloop
  endfacet
  facet normal 0 0 1
    outer loop
      vertex 51.2179 5.38321 0
      vertex 47.737 5.01737 0
      vertex 47.9342 2.51213 0
    endloop
  endfacet
  facet normal 0 0 1
    outer loop
      vertex 50.8659 8.05637 0
      vertex 47.409 7.50885 0
      vertex 47.737 5.01737 0
    endloop
  endfacet
  facet normal 0 0 1
    outer loop
      vertex 44.8119 17.2017 0
      vertex 48.0794 18.4559 0
      vertex 47.0476 20.9469 0
    endloop
  endfacet
  facet normal 0 0 1
    outer loop
      vertex 50.3746 10.7075 0
      vertex 46.9511 9.97976 0
      vertex 47.409 7.50885 0
    endloop
  endfacet
  facet normal 0 0 1
    outer loop
      vertex 49.7452 13.3292 0
      vertex 46.3644 12.4233 0
      vertex 46.9511 9.97976 0
    endloop
  endfacet
  facet normal 0 0 1
    outer loop
      vertex 43.8502 19.5234 0
      vertex 47.0476 20.9469 0
      vertex 45.8868 23.3805 0
    endloop
  endfacet
  facet normal 0 0 1
    outer loop
      vertex 48.9794 15.9144 0
      vertex 45.6507 14.8328 0
      vertex 46.3644 12.4233 0
    endloop
  endfacet
  facet normal 0 0 1
    outer loop
      vertex 48.0794 18.4559 0
      vertex 44.8119 17.2017 0
      vertex 45.6507 14.8328 0
    endloop
  endfacet
  facet normal 0 0 1
    outer loop
      vertex 42.7683 21.7915 0
      vertex 45.8868 23.3805 0
      vertex 44.6003 25.75 0
    endloop
  endfacet
  facet normal 0 0 1
    outer loop
      vertex 47.0476 20.9469 0
      vertex 43.8502 19.5234 0
      vertex 44.8119 17.2017 0
    endloop
  endfacet
  facet normal 0 0 1
    outer loop
      vertex 41.5692 24 0
      vertex 44.6003 25.75 0
      vertex 43.1915 28.0489 0
    endloop
  endfacet
  facet normal 0 0 1
    outer loop
      vertex 45.8868 23.3805 0
      vertex 42.7683 21.7915 0
      vertex 43.8502 19.5234 0
    endloop
  endfacet
  facet normal 0 0 1
    outer loop
      vertex 40.2562 26.1427 0
      vertex 43.1915 28.0489 0
      vertex 41.6644 30.2709 0
    endloop
  endfacet
  facet normal 0 0 1
    outer loop
      vertex 44.6003 25.75 0
      vertex 41.5692 24 0
      vertex 42.7683 21.7915 0
    endloop
  endfacet
  facet normal 0 0 1
    outer loop
      vertex 43.1915 28.0489 0
      vertex 40.2562 26.1427 0
      vertex 41.5692 24 0
    endloop
  endfacet
  facet normal 0 0 1
    outer loop
      vertex 38.8328 28.2137 0
      vertex 41.6644 30.2709 0
      vertex 40.023 32.41 0
    endloop
  endfacet
  facet normal 0 0 1
    outer loop
      vertex 41.6644 30.2709 0
      vertex 38.8328 28.2137 0
      vertex 40.2562 26.1427 0
    endloop
  endfacet
  facet normal 0 0 1
    outer loop
      vertex 37.303 30.2074 0
      vertex 40.023 32.41 0
      vertex 38.272 34.4602 0
    endloop
  endfacet
  facet normal 0 0 1
    outer loop
      vertex 40.023 32.41 0
      vertex 37.303 30.2074 0
      vertex 38.8328 28.2137 0
    endloop
  endfacet
  facet normal 0 0 1
    outer loop
      vertex 35.671 32.1183 0
      vertex 38.272 34.4602 0
      vertex 36.416 36.416 0
    endloop
  endfacet
  facet normal 0 0 1
    outer loop
      vertex 38.272 34.4602 0
      vertex 35.671 32.1183 0
      vertex 37.303 30.2074 0
    endloop
  endfacet
  facet normal 0 0 1
    outer loop
      vertex 33.9411 33.9411 0
      vertex 36.416 36.416 0
      vertex 34.4602 38.272 0
    endloop
  endfacet
  facet normal 0 0 1
    outer loop
      vertex 36.416 36.416 0
      vertex 33.9411 33.9411 0
      vertex 35.671 32.1183 0
    endloop
  endfacet
  facet normal 0 0 1
    outer loop
      vertex 32.1183 35.671 0
      vertex 34.4602 38.272 0
      vertex 32.41 40.023 0
    endloop
  endfacet
  facet normal 0 0 1
    outer loop
      vertex 34.4602 38.272 0
      vertex 32.1183 35.671 0
      vertex 33.9411 33.9411 0
    endloop
  endfacet
  facet normal 0 0 1
    outer loop
      vertex 30.2074 37.303 0
      vertex 32.41 40.023 0
      vertex 30.2709 41.6644 0
    endloop
  endfacet
  facet normal 0 0 1
    outer loop
      vertex 32.41 40.023 0
      vertex 30.2074 37.303 0
      vertex 32.1183 35.671 0
    endloop
  endfacet
  facet normal 0 0 1
    outer loop
      vertex 30.2709 41.6644 0
      vertex 28.2137 38.8328 0
      vertex 30.2074 37.303 0
    endloop
  endfacet
  facet normal 0 0 1
    outer loop
      vertex 28.0489 43.1915 0
      vertex 28.2137 38.8328 0
      vertex 30.2709 41.6644 0
    endloop
  endfacet
  facet normal 0 0 1
    outer loop
      vertex 28.0489 43.1915 0
      vertex 26.1427 40.2562 0
      vertex 28.2137 38.8328 0
    endloop
  endfacet
  facet normal 0 0 1
    outer loop
      vertex 25.75 44.6003 0
      vertex 26.1427 40.2562 0
      vertex 28.0489 43.1915 0
    endloop
  endfacet
  facet normal 0 0 1
    outer loop
      vertex 25.75 44.6003 0
      vertex 24 41.5692 0
      vertex 26.1427 40.2562 0
    endloop
  endfacet
  facet normal 0 0 1
    outer loop
      vertex 23.3805 45.8868 0
      vertex 24 41.5692 0
      vertex 25.75 44.6003 0
    endloop
  endfacet
  facet normal 0 0 1
    outer loop
      vertex 23.3805 45.8868 0
      vertex 21.7915 42.7683 0
      vertex 24 41.5692 0
    endloop
  endfacet
  facet normal 0 0 1
    outer loop
      vertex 20.9469 47.0476 0
      vertex 21.7915 42.7683 0
      vertex 23.3805 45.8868 0
    endloop
  endfacet
  facet normal 0 0 1
    outer loop
      vertex 20.9469 47.0476 0
      vertex 19.5234 43.8502 0
      vertex 21.7915 42.7683 0
    endloop
  endfacet
  facet normal 0 0 1
    outer loop
      vertex 18.4559 48.0794 0
      vertex 19.5234 43.8502 0
      vertex 20.9469 47.0476 0
    endloop
  endfacet
  facet normal 0 0 1
    outer loop
      vertex 18.4559 48.0794 0
      vertex 17.2017 44.8119 0
      vertex 19.5234 43.8502 0
    endloop
  endfacet
  facet normal 0 0 1
    outer loop
      vertex 15.9144 48.9794 0
      vertex 17.2017 44.8119 0
      vertex 18.4559 48.0794 0
    endloop
  endfacet
  facet normal 0 0 1
    outer loop
      vertex 15.9144 48.9794 0
      vertex 14.8328 45.6507 0
      vertex 17.2017 44.8119 0
    endloop
  endfacet
  facet normal 0 0 1
    outer loop
      vertex 13.3292 49.7452 0
      vertex 14.8328 45.6507 0
      vertex 15.9144 48.9794 0
    endloop
  endfacet
  facet normal 0 0 1
    outer loop
      vertex 13.3292 49.7452 0
      vertex 12.4233 46.3644 0
      vertex 14.8328 45.6507 0
    endloop
  endfacet
  facet normal 0 0 1
    outer loop
      vertex 10.7075 50.3746 0
      vertex 12.4233 46.3644 0
      vertex 13.3292 49.7452 0
    endloop
  endfacet
  facet normal 0 0 1
    outer loop
      vertex 10.7075 50.3746 0
      vertex 9.97976 46.9511 0
      vertex 12.4233 46.3644 0
    endloop
  endfacet
  facet normal 0 0 1
    outer loop
      vertex 8.05637 50.8659 0
      vertex 9.97976 46.9511 0
      vertex 10.7075 50.3746 0
    endloop
  endfacet
  facet normal 0 0 1
    outer loop
      vertex 8.05637 50.8659 0
      vertex 7.50885 47.409 0
      vertex 9.97976 46.9511 0
    endloop
  endfacet
  facet normal 0 0 1
    outer loop
      vertex 5.38321 51.2179 0
      vertex 7.50885 47.409 0
      vertex 8.05637 50.8659 0
    endloop
  endfacet
  facet normal 0 0 1
    outer loop
      vertex 5.38321 51.2179 0
      vertex 5.01737 47.737 0
      vertex 7.50885 47.409 0
    endloop
  endfacet
  facet normal 0 0 1
    outer loop
      vertex 2.6953 51.4294 0
      vertex 5.01737 47.737 0
      vertex 5.38321 51.2179 0
    endloop
  endfacet
  facet normal 0 0 1
    outer loop
      vertex 2.6953 51.4294 0
      vertex 2.51213 47.9342 0
      vertex 5.01737 47.737 0
    endloop
  endfacet
  facet normal 0 0 1
    outer loop
      vertex 0 51.5 0
      vertex 2.51213 47.9342 0
      vertex 2.6953 51.4294 0
    endloop
  endfacet
  facet normal 0 0 1
    outer loop
      vertex 0 51.5 0
      vertex 0 48 0
      vertex 2.51213 47.9342 0
    endloop
  endfacet
  facet normal 0 0 1
    outer loop
      vertex 0 51.5 0
      vertex -2.51213 47.9342 0
      vertex 0 48 0
    endloop
  endfacet
  facet normal -0 0 1
    outer loop
      vertex -2.6953 51.4294 0
      vertex -2.51213 47.9342 0
      vertex 0 51.5 0
    endloop
  endfacet
  facet normal 0 0 1
    outer loop
      vertex -2.6953 51.4294 0
      vertex -5.01737 47.737 0
      vertex -2.51213 47.9342 0
    endloop
  endfacet
  facet normal -0 0 1
    outer loop
      vertex -5.38321 51.2179 0
      vertex -5.01737 47.737 0
      vertex -2.6953 51.4294 0
    endloop
  endfacet
  facet normal 0 0 1
    outer loop
      vertex -5.38321 51.2179 0
      vertex -7.50885 47.409 0
      vertex -5.01737 47.737 0
    endloop
  endfacet
  facet normal -0 0 1
    outer loop
      vertex -8.05637 50.8659 0
      vertex -7.50885 47.409 0
      vertex -5.38321 51.2179 0
    endloop
  endfacet
  facet normal 0 0 1
    outer loop
      vertex -8.05637 50.8659 0
      vertex -9.97976 46.9511 0
      vertex -7.50885 47.409 0
    endloop
  endfacet
  facet normal -0 0 1
    outer loop
      vertex -10.7075 50.3746 0
      vertex -9.97976 46.9511 0
      vertex -8.05637 50.8659 0
    endloop
  endfacet
  facet normal 0 0 1
    outer loop
      vertex -10.7075 50.3746 0
      vertex -12.4233 46.3644 0
      vertex -9.97976 46.9511 0
    endloop
  endfacet
  facet normal -0 0 1
    outer loop
      vertex -13.3292 49.7452 0
      vertex -12.4233 46.3644 0
      vertex -10.7075 50.3746 0
    endloop
  endfacet
  facet normal 0 0 1
    outer loop
      vertex -13.3292 49.7452 0
      vertex -14.8328 45.6507 0
      vertex -12.4233 46.3644 0
    endloop
  endfacet
  facet normal -0 0 1
    outer loop
      vertex -15.9144 48.9794 0
      vertex -14.8328 45.6507 0
      vertex -13.3292 49.7452 0
    endloop
  endfacet
  facet normal 0 0 1
    outer loop
      vertex -15.9144 48.9794 0
      vertex -17.2017 44.8119 0
      vertex -14.8328 45.6507 0
    endloop
  endfacet
  facet normal -0 0 1
    outer loop
      vertex -18.4559 48.0794 0
      vertex -17.2017 44.8119 0
      vertex -15.9144 48.9794 0
    endloop
  endfacet
  facet normal 0 0 1
    outer loop
      vertex -18.4559 48.0794 0
      vertex -19.5234 43.8502 0
      vertex -17.2017 44.8119 0
    endloop
  endfacet
  facet normal -0 0 1
    outer loop
      vertex -20.9469 47.0476 0
      vertex -19.5234 43.8502 0
      vertex -18.4559 48.0794 0
    endloop
  endfacet
  facet normal 0 0 1
    outer loop
      vertex -20.9469 47.0476 0
      vertex -21.7915 42.7683 0
      vertex -19.5234 43.8502 0
    endloop
  endfacet
  facet normal -0 0 1
    outer loop
      vertex -23.3805 45.8868 0
      vertex -21.7915 42.7683 0
      vertex -20.9469 47.0476 0
    endloop
  endfacet
  facet normal 0 0 1
    outer loop
      vertex -23.3805 45.8868 0
      vertex -24 41.5692 0
      vertex -21.7915 42.7683 0
    endloop
  endfacet
  facet normal -0 0 1
    outer loop
      vertex -25.75 44.6003 0
      vertex -24 41.5692 0
      vertex -23.3805 45.8868 0
    endloop
  endfacet
  facet normal 0 0 1
    outer loop
      vertex -25.75 44.6003 0
      vertex -26.1427 40.2562 0
      vertex -24 41.5692 0
    endloop
  endfacet
  facet normal -0 0 1
    outer loop
      vertex -28.0489 43.1915 0
      vertex -26.1427 40.2562 0
      vertex -25.75 44.6003 0
    endloop
  endfacet
  facet normal 0 0 1
    outer loop
      vertex -28.0489 43.1915 0
      vertex -28.2137 38.8328 0
      vertex -26.1427 40.2562 0
    endloop
  endfacet
  facet normal -0 0 1
    outer loop
      vertex -30.2709 41.6644 0
      vertex -28.2137 38.8328 0
      vertex -28.0489 43.1915 0
    endloop
  endfacet
  facet normal 0 0 1
    outer loop
      vertex -28.2137 38.8328 0
      vertex -30.2709 41.6644 0
      vertex -30.2074 37.303 0
    endloop
  endfacet
  facet normal -0 0 1
    outer loop
      vertex -32.41 40.023 0
      vertex -30.2074 37.303 0
      vertex -30.2709 41.6644 0
    endloop
  endfacet
  facet normal 0 0 1
    outer loop
      vertex -30.2074 37.303 0
      vertex -32.41 40.023 0
      vertex -32.1183 35.671 0
    endloop
  endfacet
  facet normal -0 0 1
    outer loop
      vertex -34.4602 38.272 0
      vertex -32.1183 35.671 0
      vertex -32.41 40.023 0
    endloop
  endfacet
  facet normal 0 0 1
    outer loop
      vertex -32.1183 35.671 0
      vertex -34.4602 38.272 0
      vertex -33.9411 33.9411 0
    endloop
  endfacet
  facet normal -0 0 1
    outer loop
      vertex -36.416 36.416 0
      vertex -33.9411 33.9411 0
      vertex -34.4602 38.272 0
    endloop
  endfacet
  facet normal 0 0 1
    outer loop
      vertex -33.9411 33.9411 0
      vertex -36.416 36.416 0
      vertex -35.671 32.1183 0
    endloop
  endfacet
  facet normal -0 0 1
    outer loop
      vertex -38.272 34.4602 0
      vertex -35.671 32.1183 0
      vertex -36.416 36.416 0
    endloop
  endfacet
  facet normal 0 0 1
    outer loop
      vertex -35.671 32.1183 0
      vertex -38.272 34.4602 0
      vertex -37.303 30.2074 0
    endloop
  endfacet
  facet normal -0 0 1
    outer loop
      vertex -40.023 32.41 0
      vertex -37.303 30.2074 0
      vertex -38.272 34.4602 0
    endloop
  endfacet
  facet normal 0 0 1
    outer loop
      vertex -37.303 30.2074 0
      vertex -40.023 32.41 0
      vertex -38.8328 28.2137 0
    endloop
  endfacet
  facet normal -0 0 1
    outer loop
      vertex -41.6644 30.2709 0
      vertex -38.8328 28.2137 0
      vertex -40.023 32.41 0
    endloop
  endfacet
  facet normal 0 0 1
    outer loop
      vertex -38.8328 28.2137 0
      vertex -41.6644 30.2709 0
      vertex -40.2562 26.1427 0
    endloop
  endfacet
  facet normal -0 0 1
    outer loop
      vertex -43.1915 28.0489 0
      vertex -40.2562 26.1427 0
      vertex -41.6644 30.2709 0
    endloop
  endfacet
  facet normal 0 0 1
    outer loop
      vertex -40.2562 26.1427 0
      vertex -43.1915 28.0489 0
      vertex -41.5692 24 0
    endloop
  endfacet
  facet normal -0 0 1
    outer loop
      vertex -44.6003 25.75 0
      vertex -41.5692 24 0
      vertex -43.1915 28.0489 0
    endloop
  endfacet
  facet normal 0 0 1
    outer loop
      vertex -41.5692 24 0
      vertex -44.6003 25.75 0
      vertex -42.7683 21.7915 0
    endloop
  endfacet
  facet normal -0 0 1
    outer loop
      vertex -45.8868 23.3805 0
      vertex -42.7683 21.7915 0
      vertex -44.6003 25.75 0
    endloop
  endfacet
  facet normal 0 0 1
    outer loop
      vertex -42.7683 21.7915 0
      vertex -45.8868 23.3805 0
      vertex -43.8502 19.5234 0
    endloop
  endfacet
  facet normal -0 0 1
    outer loop
      vertex -47.0476 20.9469 0
      vertex -43.8502 19.5234 0
      vertex -45.8868 23.3805 0
    endloop
  endfacet
  facet normal 0 0 1
    outer loop
      vertex -43.8502 19.5234 0
      vertex -47.0476 20.9469 0
      vertex -44.8119 17.2017 0
    endloop
  endfacet
  facet normal -0 0 1
    outer loop
      vertex -48.0794 18.4559 0
      vertex -44.8119 17.2017 0
      vertex -47.0476 20.9469 0
    endloop
  endfacet
  facet normal 0 0 1
    outer loop
      vertex -44.8119 17.2017 0
      vertex -48.0794 18.4559 0
      vertex -45.6507 14.8328 0
    endloop
  endfacet
  facet normal -0 0 1
    outer loop
      vertex -48.9794 15.9144 0
      vertex -45.6507 14.8328 0
      vertex -48.0794 18.4559 0
    endloop
  endfacet
  facet normal 0 0 1
    outer loop
      vertex -45.6507 14.8328 0
      vertex -48.9794 15.9144 0
      vertex -46.3644 12.4233 0
    endloop
  endfacet
  facet normal -0 0 1
    outer loop
      vertex -49.7452 13.3292 0
      vertex -46.3644 12.4233 0
      vertex -48.9794 15.9144 0
    endloop
  endfacet
  facet normal 0 0 1
    outer loop
      vertex -46.3644 12.4233 0
      vertex -49.7452 13.3292 0
      vertex -46.9511 9.97976 0
    endloop
  endfacet
  facet normal 0 0 1
    outer loop
      vertex -46.9511 9.97976 0
      vertex -50.3746 10.7075 0
      vertex -47.409 7.50885 0
    endloop
  endfacet
  facet normal -0 0 1
    outer loop
      vertex -50.3746 10.7075 0
      vertex -46.9511 9.97976 0
      vertex -49.7452 13.3292 0
    endloop
  endfacet
  facet normal -0 0 1
    outer loop
      vertex 46.9511 -9.97976 0
      vertex 50.3746 -10.7075 0
      vertex 47.409 -7.50885 0
    endloop
  endfacet
  facet normal 0 0 1
    outer loop
      vertex 50.3746 -10.7075 0
      vertex 46.9511 -9.97976 0
      vertex 49.7452 -13.3292 0
    endloop
  endfacet
  facet normal -0 0 1
    outer loop
      vertex 46.3644 -12.4233 0
      vertex 49.7452 -13.3292 0
      vertex 46.9511 -9.97976 0
    endloop
  endfacet
  facet normal 0 0 1
    outer loop
      vertex 49.7452 -13.3292 0
      vertex 46.3644 -12.4233 0
      vertex 48.9794 -15.9144 0
    endloop
  endfacet
  facet normal -0 0 1
    outer loop
      vertex 45.6507 -14.8328 0
      vertex 48.9794 -15.9144 0
      vertex 46.3644 -12.4233 0
    endloop
  endfacet
  facet normal 0 0 1
    outer loop
      vertex 48.9794 -15.9144 0
      vertex 45.6507 -14.8328 0
      vertex 48.0794 -18.4559 0
    endloop
  endfacet
  facet normal -0 0 1
    outer loop
      vertex 44.8119 -17.2017 0
      vertex 48.0794 -18.4559 0
      vertex 45.6507 -14.8328 0
    endloop
  endfacet
  facet normal 0 0 1
    outer loop
      vertex 48.0794 -18.4559 0
      vertex 44.8119 -17.2017 0
      vertex 47.0476 -20.9469 0
    endloop
  endfacet
  facet normal -0 0 1
    outer loop
      vertex 43.8502 -19.5234 0
      vertex 47.0476 -20.9469 0
      vertex 44.8119 -17.2017 0
    endloop
  endfacet
  facet normal 0 0 1
    outer loop
      vertex 47.0476 -20.9469 0
      vertex 43.8502 -19.5234 0
      vertex 45.8868 -23.3805 0
    endloop
  endfacet
  facet normal -0 0 1
    outer loop
      vertex 42.7683 -21.7915 0
      vertex 45.8868 -23.3805 0
      vertex 43.8502 -19.5234 0
    endloop
  endfacet
  facet normal 0 0 1
    outer loop
      vertex 45.8868 -23.3805 0
      vertex 42.7683 -21.7915 0
      vertex 44.6003 -25.75 0
    endloop
  endfacet
  facet normal -0 0 1
    outer loop
      vertex 41.5692 -24 0
      vertex 44.6003 -25.75 0
      vertex 42.7683 -21.7915 0
    endloop
  endfacet
  facet normal 0 0 1
    outer loop
      vertex 44.6003 -25.75 0
      vertex 41.5692 -24 0
      vertex 43.1915 -28.0489 0
    endloop
  endfacet
  facet normal -0 0 1
    outer loop
      vertex 40.2562 -26.1427 0
      vertex 43.1915 -28.0489 0
      vertex 41.5692 -24 0
    endloop
  endfacet
  facet normal 0 0 1
    outer loop
      vertex 43.1915 -28.0489 0
      vertex 40.2562 -26.1427 0
      vertex 41.6644 -30.2709 0
    endloop
  endfacet
  facet normal -0 0 1
    outer loop
      vertex 38.8328 -28.2137 0
      vertex 41.6644 -30.2709 0
      vertex 40.2562 -26.1427 0
    endloop
  endfacet
  facet normal 0 0 1
    outer loop
      vertex 41.6644 -30.2709 0
      vertex 38.8328 -28.2137 0
      vertex 40.023 -32.41 0
    endloop
  endfacet
  facet normal -0 0 1
    outer loop
      vertex 37.303 -30.2074 0
      vertex 40.023 -32.41 0
      vertex 38.8328 -28.2137 0
    endloop
  endfacet
  facet normal 0 0 1
    outer loop
      vertex 40.023 -32.41 0
      vertex 37.303 -30.2074 0
      vertex 38.272 -34.4602 0
    endloop
  endfacet
  facet normal -0 0 1
    outer loop
      vertex 35.671 -32.1183 0
      vertex 38.272 -34.4602 0
      vertex 37.303 -30.2074 0
    endloop
  endfacet
  facet normal 0 0 1
    outer loop
      vertex 38.272 -34.4602 0
      vertex 35.671 -32.1183 0
      vertex 36.416 -36.416 0
    endloop
  endfacet
  facet normal -0 0 1
    outer loop
      vertex 33.9411 -33.9411 0
      vertex 36.416 -36.416 0
      vertex 35.671 -32.1183 0
    endloop
  endfacet
  facet normal 0 0 1
    outer loop
      vertex 36.416 -36.416 0
      vertex 33.9411 -33.9411 0
      vertex 34.4602 -38.272 0
    endloop
  endfacet
  facet normal -0 0 1
    outer loop
      vertex 32.1183 -35.671 0
      vertex 34.4602 -38.272 0
      vertex 33.9411 -33.9411 0
    endloop
  endfacet
  facet normal 0 0 1
    outer loop
      vertex 34.4602 -38.272 0
      vertex 32.1183 -35.671 0
      vertex 32.41 -40.023 0
    endloop
  endfacet
  facet normal -0 0 1
    outer loop
      vertex 30.2074 -37.303 0
      vertex 32.41 -40.023 0
      vertex 32.1183 -35.671 0
    endloop
  endfacet
  facet normal 0 0 1
    outer loop
      vertex 32.41 -40.023 0
      vertex 30.2074 -37.303 0
      vertex 30.2709 -41.6644 0
    endloop
  endfacet
  facet normal -0 0 1
    outer loop
      vertex 28.2137 -38.8328 0
      vertex 30.2709 -41.6644 0
      vertex 30.2074 -37.303 0
    endloop
  endfacet
  facet normal 0 0 1
    outer loop
      vertex 28.2137 -38.8328 0
      vertex 28.0489 -43.1915 0
      vertex 30.2709 -41.6644 0
    endloop
  endfacet
  facet normal -0 0 1
    outer loop
      vertex 26.1427 -40.2562 0
      vertex 28.0489 -43.1915 0
      vertex 28.2137 -38.8328 0
    endloop
  endfacet
  facet normal 0 0 1
    outer loop
      vertex 26.1427 -40.2562 0
      vertex 25.75 -44.6003 0
      vertex 28.0489 -43.1915 0
    endloop
  endfacet
  facet normal -0 0 1
    outer loop
      vertex 24 -41.5692 0
      vertex 25.75 -44.6003 0
      vertex 26.1427 -40.2562 0
    endloop
  endfacet
  facet normal 0 0 1
    outer loop
      vertex 24 -41.5692 0
      vertex 23.3805 -45.8868 0
      vertex 25.75 -44.6003 0
    endloop
  endfacet
  facet normal -0 0 1
    outer loop
      vertex 21.7915 -42.7683 0
      vertex 23.3805 -45.8868 0
      vertex 24 -41.5692 0
    endloop
  endfacet
  facet normal 0 0 1
    outer loop
      vertex 21.7915 -42.7683 0
      vertex 20.9469 -47.0476 0
      vertex 23.3805 -45.8868 0
    endloop
  endfacet
  facet normal -0 0 1
    outer loop
      vertex 19.5234 -43.8502 0
      vertex 20.9469 -47.0476 0
      vertex 21.7915 -42.7683 0
    endloop
  endfacet
  facet normal 0 0 1
    outer loop
      vertex 19.5234 -43.8502 0
      vertex 18.4559 -48.0794 0
      vertex 20.9469 -47.0476 0
    endloop
  endfacet
  facet normal -0 0 1
    outer loop
      vertex 17.2017 -44.8119 0
      vertex 18.4559 -48.0794 0
      vertex 19.5234 -43.8502 0
    endloop
  endfacet
  facet normal 0 0 1
    outer loop
      vertex 17.2017 -44.8119 0
      vertex 15.9144 -48.9794 0
      vertex 18.4559 -48.0794 0
    endloop
  endfacet
  facet normal -0 0 1
    outer loop
      vertex 14.8328 -45.6507 0
      vertex 15.9144 -48.9794 0
      vertex 17.2017 -44.8119 0
    endloop
  endfacet
  facet normal 0 0 1
    outer loop
      vertex 14.8328 -45.6507 0
      vertex 13.3292 -49.7452 0
      vertex 15.9144 -48.9794 0
    endloop
  endfacet
  facet normal -0 0 1
    outer loop
      vertex 12.4233 -46.3644 0
      vertex 13.3292 -49.7452 0
      vertex 14.8328 -45.6507 0
    endloop
  endfacet
  facet normal 0 0 1
    outer loop
      vertex 12.4233 -46.3644 0
      vertex 10.7075 -50.3746 0
      vertex 13.3292 -49.7452 0
    endloop
  endfacet
  facet normal -0 0 1
    outer loop
      vertex 9.97976 -46.9511 0
      vertex 10.7075 -50.3746 0
      vertex 12.4233 -46.3644 0
    endloop
  endfacet
  facet normal 0 0 1
    outer loop
      vertex 9.97976 -46.9511 0
      vertex 8.05637 -50.8659 0
      vertex 10.7075 -50.3746 0
    endloop
  endfacet
  facet normal -0 0 1
    outer loop
      vertex 7.50885 -47.409 0
      vertex 8.05637 -50.8659 0
      vertex 9.97976 -46.9511 0
    endloop
  endfacet
  facet normal 0 0 1
    outer loop
      vertex 7.50885 -47.409 0
      vertex 5.38321 -51.2179 0
      vertex 8.05637 -50.8659 0
    endloop
  endfacet
  facet normal -0 0 1
    outer loop
      vertex 5.01737 -47.737 0
      vertex 5.38321 -51.2179 0
      vertex 7.50885 -47.409 0
    endloop
  endfacet
  facet normal 0 0 1
    outer loop
      vertex 5.01737 -47.737 0
      vertex 2.6953 -51.4294 0
      vertex 5.38321 -51.2179 0
    endloop
  endfacet
  facet normal -0 0 1
    outer loop
      vertex 2.51213 -47.9342 0
      vertex 2.6953 -51.4294 0
      vertex 5.01737 -47.737 0
    endloop
  endfacet
  facet normal -0 0 1
    outer loop
      vertex 0 -48 0
      vertex 2.6953 -51.4294 0
      vertex 2.51213 -47.9342 0
    endloop
  endfacet
  facet normal 0 0 1
    outer loop
      vertex 0 -48 0
      vertex 0 -51.5 0
      vertex 2.6953 -51.4294 0
    endloop
  endfacet
  facet normal 0 0 1
    outer loop
      vertex -2.51213 -47.9342 0
      vertex 0 -51.5 0
      vertex 0 -48 0
    endloop
  endfacet
  facet normal 0 0 1
    outer loop
      vertex -2.51213 -47.9342 0
      vertex -2.6953 -51.4294 0
      vertex 0 -51.5 0
    endloop
  endfacet
  facet normal 0 0 1
    outer loop
      vertex -5.01737 -47.737 0
      vertex -2.6953 -51.4294 0
      vertex -2.51213 -47.9342 0
    endloop
  endfacet
  facet normal 0 0 1
    outer loop
      vertex -5.01737 -47.737 0
      vertex -5.38321 -51.2179 0
      vertex -2.6953 -51.4294 0
    endloop
  endfacet
  facet normal 0 0 1
    outer loop
      vertex -7.50885 -47.409 0
      vertex -5.38321 -51.2179 0
      vertex -5.01737 -47.737 0
    endloop
  endfacet
  facet normal 0 0 1
    outer loop
      vertex -7.50885 -47.409 0
      vertex -8.05637 -50.8659 0
      vertex -5.38321 -51.2179 0
    endloop
  endfacet
  facet normal 0 0 1
    outer loop
      vertex -9.97976 -46.9511 0
      vertex -8.05637 -50.8659 0
      vertex -7.50885 -47.409 0
    endloop
  endfacet
  facet normal 0 0 1
    outer loop
      vertex -9.97976 -46.9511 0
      vertex -10.7075 -50.3746 0
      vertex -8.05637 -50.8659 0
    endloop
  endfacet
  facet normal 0 0 1
    outer loop
      vertex -12.4233 -46.3644 0
      vertex -10.7075 -50.3746 0
      vertex -9.97976 -46.9511 0
    endloop
  endfacet
  facet normal 0 0 1
    outer loop
      vertex -12.4233 -46.3644 0
      vertex -13.3292 -49.7452 0
      vertex -10.7075 -50.3746 0
    endloop
  endfacet
  facet normal 0 0 1
    outer loop
      vertex -14.8328 -45.6507 0
      vertex -13.3292 -49.7452 0
      vertex -12.4233 -46.3644 0
    endloop
  endfacet
  facet normal 0 0 1
    outer loop
      vertex -14.8328 -45.6507 0
      vertex -15.9144 -48.9794 0
      vertex -13.3292 -49.7452 0
    endloop
  endfacet
  facet normal 0 0 1
    outer loop
      vertex -17.2017 -44.8119 0
      vertex -15.9144 -48.9794 0
      vertex -14.8328 -45.6507 0
    endloop
  endfacet
  facet normal 0 0 1
    outer loop
      vertex -17.2017 -44.8119 0
      vertex -18.4559 -48.0794 0
      vertex -15.9144 -48.9794 0
    endloop
  endfacet
  facet normal 0 0 1
    outer loop
      vertex -19.5234 -43.8502 0
      vertex -18.4559 -48.0794 0
      vertex -17.2017 -44.8119 0
    endloop
  endfacet
  facet normal 0 0 1
    outer loop
      vertex -19.5234 -43.8502 0
      vertex -20.9469 -47.0476 0
      vertex -18.4559 -48.0794 0
    endloop
  endfacet
  facet normal 0 0 1
    outer loop
      vertex -21.7915 -42.7683 0
      vertex -20.9469 -47.0476 0
      vertex -19.5234 -43.8502 0
    endloop
  endfacet
  facet normal 0 0 1
    outer loop
      vertex -21.7915 -42.7683 0
      vertex -23.3805 -45.8868 0
      vertex -20.9469 -47.0476 0
    endloop
  endfacet
  facet normal 0 0 1
    outer loop
      vertex -24 -41.5692 0
      vertex -23.3805 -45.8868 0
      vertex -21.7915 -42.7683 0
    endloop
  endfacet
  facet normal 0 0 1
    outer loop
      vertex -24 -41.5692 0
      vertex -25.75 -44.6003 0
      vertex -23.3805 -45.8868 0
    endloop
  endfacet
  facet normal 0 0 1
    outer loop
      vertex -26.1427 -40.2562 0
      vertex -25.75 -44.6003 0
      vertex -24 -41.5692 0
    endloop
  endfacet
  facet normal 0 0 1
    outer loop
      vertex -26.1427 -40.2562 0
      vertex -28.0489 -43.1915 0
      vertex -25.75 -44.6003 0
    endloop
  endfacet
  facet normal 0 0 1
    outer loop
      vertex -28.2137 -38.8328 0
      vertex -28.0489 -43.1915 0
      vertex -26.1427 -40.2562 0
    endloop
  endfacet
  facet normal 0 0 1
    outer loop
      vertex -30.2709 -41.6644 0
      vertex -28.2137 -38.8328 0
      vertex -30.2074 -37.303 0
    endloop
  endfacet
  facet normal 0 0 1
    outer loop
      vertex -28.2137 -38.8328 0
      vertex -30.2709 -41.6644 0
      vertex -28.0489 -43.1915 0
    endloop
  endfacet
  facet normal 0 0 1
    outer loop
      vertex -32.41 -40.023 0
      vertex -30.2074 -37.303 0
      vertex -32.1183 -35.671 0
    endloop
  endfacet
  facet normal 0 0 1
    outer loop
      vertex -30.2074 -37.303 0
      vertex -32.41 -40.023 0
      vertex -30.2709 -41.6644 0
    endloop
  endfacet
  facet normal 0 0 1
    outer loop
      vertex -34.4602 -38.272 0
      vertex -32.1183 -35.671 0
      vertex -33.9411 -33.9411 0
    endloop
  endfacet
  facet normal 0 0 1
    outer loop
      vertex -32.1183 -35.671 0
      vertex -34.4602 -38.272 0
      vertex -32.41 -40.023 0
    endloop
  endfacet
  facet normal 0 0 1
    outer loop
      vertex -36.416 -36.416 0
      vertex -33.9411 -33.9411 0
      vertex -35.671 -32.1183 0
    endloop
  endfacet
  facet normal 0 0 1
    outer loop
      vertex -33.9411 -33.9411 0
      vertex -36.416 -36.416 0
      vertex -34.4602 -38.272 0
    endloop
  endfacet
  facet normal 0 0 1
    outer loop
      vertex -38.272 -34.4602 0
      vertex -35.671 -32.1183 0
      vertex -37.303 -30.2074 0
    endloop
  endfacet
  facet normal 0 0 1
    outer loop
      vertex -35.671 -32.1183 0
      vertex -38.272 -34.4602 0
      vertex -36.416 -36.416 0
    endloop
  endfacet
  facet normal 0 0 1
    outer loop
      vertex -40.023 -32.41 0
      vertex -37.303 -30.2074 0
      vertex -38.8328 -28.2137 0
    endloop
  endfacet
  facet normal 0 0 1
    outer loop
      vertex -37.303 -30.2074 0
      vertex -40.023 -32.41 0
      vertex -38.272 -34.4602 0
    endloop
  endfacet
  facet normal 0 0 1
    outer loop
      vertex -41.6644 -30.2709 0
      vertex -38.8328 -28.2137 0
      vertex -40.2562 -26.1427 0
    endloop
  endfacet
  facet normal 0 0 1
    outer loop
      vertex -43.1915 -28.0489 0
      vertex -40.2562 -26.1427 0
      vertex -41.5692 -24 0
    endloop
  endfacet
  facet normal 0 0 1
    outer loop
      vertex -38.8328 -28.2137 0
      vertex -41.6644 -30.2709 0
      vertex -40.023 -32.41 0
    endloop
  endfacet
  facet normal 0 0 1
    outer loop
      vertex -44.6003 -25.75 0
      vertex -41.5692 -24 0
      vertex -42.7683 -21.7915 0
    endloop
  endfacet
  facet normal 0 0 1
    outer loop
      vertex -40.2562 -26.1427 0
      vertex -43.1915 -28.0489 0
      vertex -41.6644 -30.2709 0
    endloop
  endfacet
  facet normal 0 0 1
    outer loop
      vertex -45.8868 -23.3805 0
      vertex -42.7683 -21.7915 0
      vertex -43.8502 -19.5234 0
    endloop
  endfacet
  facet normal 0 0 1
    outer loop
      vertex -41.5692 -24 0
      vertex -44.6003 -25.75 0
      vertex -43.1915 -28.0489 0
    endloop
  endfacet
  facet normal 0 0 1
    outer loop
      vertex -47.0476 -20.9469 0
      vertex -43.8502 -19.5234 0
      vertex -44.8119 -17.2017 0
    endloop
  endfacet
  facet normal 0 0 1
    outer loop
      vertex -48.0794 -18.4559 0
      vertex -44.8119 -17.2017 0
      vertex -45.6507 -14.8328 0
    endloop
  endfacet
  facet normal 0 0 1
    outer loop
      vertex -42.7683 -21.7915 0
      vertex -45.8868 -23.3805 0
      vertex -44.6003 -25.75 0
    endloop
  endfacet
  facet normal 0 0 1
    outer loop
      vertex -48.9794 -15.9144 0
      vertex -45.6507 -14.8328 0
      vertex -46.3644 -12.4233 0
    endloop
  endfacet
  facet normal 0 0 1
    outer loop
      vertex -49.7452 -13.3292 0
      vertex -46.3644 -12.4233 0
      vertex -46.9511 -9.97976 0
    endloop
  endfacet
  facet normal 0 0 1
    outer loop
      vertex -43.8502 -19.5234 0
      vertex -47.0476 -20.9469 0
      vertex -45.8868 -23.3805 0
    endloop
  endfacet
  facet normal 0 0 1
    outer loop
      vertex -50.3746 -10.7075 0
      vertex -46.9511 -9.97976 0
      vertex -47.409 -7.50885 0
    endloop
  endfacet
  facet normal 0 0 1
    outer loop
      vertex -50.8659 -8.05637 0
      vertex -47.409 -7.50885 0
      vertex -47.737 -5.01737 0
    endloop
  endfacet
  facet normal 0 0 1
    outer loop
      vertex -51.2179 -5.38321 0
      vertex -47.737 -5.01737 0
      vertex -47.9342 -2.51213 0
    endloop
  endfacet
  facet normal 0 0 1
    outer loop
      vertex -44.8119 -17.2017 0
      vertex -48.0794 -18.4559 0
      vertex -47.0476 -20.9469 0
    endloop
  endfacet
  facet normal 0 0 1
    outer loop
      vertex -51.4294 -2.6953 0
      vertex -47.9342 -2.51213 0
      vertex -48 0 0
    endloop
  endfacet
  facet normal -0 0 1
    outer loop
      vertex -50.8659 8.05637 0
      vertex -47.409 7.50885 0
      vertex -50.3746 10.7075 0
    endloop
  endfacet
  facet normal 0 0 1
    outer loop
      vertex -47.409 7.50885 0
      vertex -50.8659 8.05637 0
      vertex -47.737 5.01737 0
    endloop
  endfacet
  facet normal 0 0 1
    outer loop
      vertex -45.6507 -14.8328 0
      vertex -48.9794 -15.9144 0
      vertex -48.0794 -18.4559 0
    endloop
  endfacet
  facet normal -0 0 1
    outer loop
      vertex -51.2179 5.38321 0
      vertex -47.737 5.01737 0
      vertex -50.8659 8.05637 0
    endloop
  endfacet
  facet normal 0 0 1
    outer loop
      vertex -46.3644 -12.4233 0
      vertex -49.7452 -13.3292 0
      vertex -48.9794 -15.9144 0
    endloop
  endfacet
  facet normal 0 0 1
    outer loop
      vertex -47.737 5.01737 0
      vertex -51.2179 5.38321 0
      vertex -47.9342 2.51213 0
    endloop
  endfacet
  facet normal 0 0 1
    outer loop
      vertex -46.9511 -9.97976 0
      vertex -50.3746 -10.7075 0
      vertex -49.7452 -13.3292 0
    endloop
  endfacet
  facet normal -0 0 1
    outer loop
      vertex -51.4294 2.6953 0
      vertex -47.9342 2.51213 0
      vertex -51.2179 5.38321 0
    endloop
  endfacet
  facet normal 0 0 1
    outer loop
      vertex -47.409 -7.50885 0
      vertex -50.8659 -8.05637 0
      vertex -50.3746 -10.7075 0
    endloop
  endfacet
  facet normal 0 0 1
    outer loop
      vertex -47.9342 2.51213 0
      vertex -51.4294 2.6953 0
      vertex -48 0 0
    endloop
  endfacet
  facet normal 0 0 1
    outer loop
      vertex -47.737 -5.01737 0
      vertex -51.2179 -5.38321 0
      vertex -50.8659 -8.05637 0
    endloop
  endfacet
  facet normal 0 0 1
    outer loop
      vertex -51.5 0 0
      vertex -48 0 0
      vertex -51.4294 2.6953 0
    endloop
  endfacet
  facet normal 0 0 1
    outer loop
      vertex -47.9342 -2.51213 0
      vertex -51.4294 -2.6953 0
      vertex -51.2179 -5.38321 0
    endloop
  endfacet
  facet normal 0 0 1
    outer loop
      vertex -48 0 0
      vertex -51.5 0 0
      vertex -51.4294 -2.6953 0
    endloop
  endfacet
  facet normal -0.902581 -0.430521 0
    outer loop
      vertex -45.8868 -23.3805 -30
      vertex -47.0476 -20.9469 0
      vertex -47.0476 -20.9469 -30
    endloop
  endfacet
  facet normal -0.902581 -0.430521 0
    outer loop
      vertex -47.0476 -20.9469 0
      vertex -45.8868 -23.3805 -30
      vertex -45.8868 -23.3805 0
    endloop
  endfacet
  facet normal -0.996916 -0.0784723 0
    outer loop
      vertex 47.9342 2.51213 -12
      vertex 47.737 5.01737 0
      vertex 47.737 5.01737 -12
    endloop
  endfacet
  facet normal -0.996916 -0.0784723 0
    outer loop
      vertex 47.737 5.01737 0
      vertex 47.9342 2.51213 -12
      vertex 47.9342 2.51213 0
    endloop
  endfacet
  facet normal -0.999657 -0.0261839 0
    outer loop
      vertex 48 0 -12
      vertex 47.9342 2.51213 0
      vertex 47.9342 2.51213 -12
    endloop
  endfacet
  facet normal -0.999657 -0.0261839 0
    outer loop
      vertex 47.9342 2.51213 0
      vertex 48 0 -12
      vertex 48 0 0
    endloop
  endfacet
  facet normal -0.991443 -0.130543 -0
    outer loop
      vertex 47.476 7 -12
      vertex 47.409 7.50885 -26
      vertex 47.476 7 -20
    endloop
  endfacet
  facet normal -0.99144 -0.130562 -1.70239e-06
    outer loop
      vertex 47.6077 6 -26
      vertex 47.476 7 -20
      vertex 47.409 7.50885 -26
    endloop
  endfacet
  facet normal -0.991439 -0.130572 0
    outer loop
      vertex 47.476 7 -20
      vertex 47.6077 6 -26
      vertex 47.6077 6 -20
    endloop
  endfacet
  facet normal -0.991443 -0.130543 0
    outer loop
      vertex 47.409 7.50885 -26
      vertex 47.476 7 -12
      vertex 47.409 7.50885 0
    endloop
  endfacet
  facet normal -0.991446 -0.130517 -0
    outer loop
      vertex 47.737 5.01737 0
      vertex 47.476 7 -12
      vertex 47.737 5.01737 -12
    endloop
  endfacet
  facet normal -0.991445 -0.130522 -8.74129e-07
    outer loop
      vertex 47.476 7 -12
      vertex 47.737 5.01737 0
      vertex 47.409 7.50885 0
    endloop
  endfacet
  facet normal 0.725349 0.688381 0
    outer loop
      vertex -33.9411 -33.9411 0
      vertex -35.671 -32.1183 -26
      vertex -35.671 -32.1183 0
    endloop
  endfacet
  facet normal 0.725349 0.688381 0
    outer loop
      vertex -35.671 -32.1183 -26
      vertex -33.9411 -33.9411 0
      vertex -33.9411 -33.9411 -26
    endloop
  endfacet
  facet normal -0.430534 0.902574 0
    outer loop
      vertex 21.7915 -42.7683 -26
      vertex 19.5234 -43.8502 0
      vertex 21.7915 -42.7683 0
    endloop
  endfacet
  facet normal -0.430534 0.902574 0
    outer loop
      vertex 19.5234 -43.8502 0
      vertex 21.7915 -42.7683 -26
      vertex 19.5234 -43.8502 -26
    endloop
  endfacet
  facet normal 0.991445 -0.130522 0
    outer loop
      vertex -47.737 5.01737 0
      vertex -47.409 7.50885 -26
      vertex -47.409 7.50885 0
    endloop
  endfacet
  facet normal 0.991445 -0.130522 0
    outer loop
      vertex -47.409 7.50885 -26
      vertex -47.737 5.01737 0
      vertex -47.737 5.01737 -26
    endloop
  endfacet
  facet normal 0.0261839 0.999657 -0
    outer loop
      vertex 0 -48 -26
      vertex -2.51213 -47.9342 0
      vertex 0 -48 0
    endloop
  endfacet
  facet normal 0.0261839 0.999657 0
    outer loop
      vertex -2.51213 -47.9342 0
      vertex 0 -48 -26
      vertex -2.51213 -47.9342 -26
    endloop
  endfacet
  facet normal 0.972365 0.233467 0
    outer loop
      vertex -46.3644 -12.4233 0
      vertex -46.9511 -9.97976 -26
      vertex -46.9511 -9.97976 0
    endloop
  endfacet
  facet normal 0.972365 0.233467 0
    outer loop
      vertex -46.9511 -9.97976 -26
      vertex -46.3644 -12.4233 0
      vertex -46.3644 -12.4233 -26
    endloop
  endfacet
  facet normal -0.760418 0.649434 0
    outer loop
      vertex 35.671 -32.1183 -26
      vertex 37.303 -30.2074 0
      vertex 37.303 -30.2074 -26
    endloop
  endfacet
  facet normal -0.760418 0.649434 0
    outer loop
      vertex 37.303 -30.2074 0
      vertex 35.671 -32.1183 -26
      vertex 35.671 -32.1183 0
    endloop
  endfacet
  facet normal 0.38269 -0.923877 0
    outer loop
      vertex -19.5234 43.8502 -26
      vertex -17.2017 44.8119 0
      vertex -19.5234 43.8502 0
    endloop
  endfacet
  facet normal 0.38269 -0.923877 0
    outer loop
      vertex -17.2017 44.8119 0
      vertex -19.5234 43.8502 -26
      vertex -17.2017 44.8119 -26
    endloop
  endfacet
  facet normal -0.566417 0.824119 0
    outer loop
      vertex 28.2137 -38.8328 -26
      vertex 26.1427 -40.2562 0
      vertex 28.2137 -38.8328 0
    endloop
  endfacet
  facet normal -0.566417 0.824119 0
    outer loop
      vertex 26.1427 -40.2562 0
      vertex 28.2137 -38.8328 -26
      vertex 26.1427 -40.2562 -26
    endloop
  endfacet
  facet normal -0.972365 0.233467 0
    outer loop
      vertex 46.3644 -12.4233 -26
      vertex 46.9511 -9.97976 0
      vertex 46.9511 -9.97976 -26
    endloop
  endfacet
  facet normal -0.972365 0.233467 0
    outer loop
      vertex 46.9511 -9.97976 0
      vertex 46.3644 -12.4233 -26
      vertex 46.3644 -12.4233 0
    endloop
  endfacet
  facet normal -0.725349 0.688381 0
    outer loop
      vertex 33.9411 -33.9411 -26
      vertex 35.671 -32.1183 0
      vertex 35.671 -32.1183 -26
    endloop
  endfacet
  facet normal -0.725349 0.688381 0
    outer loop
      vertex 35.671 -32.1183 0
      vertex 33.9411 -33.9411 -26
      vertex 33.9411 -33.9411 0
    endloop
  endfacet
  facet normal 0.923877 -0.38269 0
    outer loop
      vertex -44.8119 17.2017 0
      vertex -43.8502 19.5234 -26
      vertex -43.8502 19.5234 0
    endloop
  endfacet
  facet normal 0.923877 -0.38269 0
    outer loop
      vertex -43.8502 19.5234 -26
      vertex -44.8119 17.2017 0
      vertex -44.8119 17.2017 -26
    endloop
  endfacet
  facet normal 0.688381 -0.725349 0
    outer loop
      vertex -33.9411 33.9411 -26
      vertex -32.1183 35.671 0
      vertex -33.9411 33.9411 0
    endloop
  endfacet
  facet normal 0.688381 -0.725349 0
    outer loop
      vertex -32.1183 35.671 0
      vertex -33.9411 33.9411 -26
      vertex -32.1183 35.671 -26
    endloop
  endfacet
  facet normal -0.688381 0.725349 0
    outer loop
      vertex 33.9411 -33.9411 -26
      vertex 32.1183 -35.671 0
      vertex 33.9411 -33.9411 0
    endloop
  endfacet
  facet normal -0.688381 0.725349 0
    outer loop
      vertex 32.1183 -35.671 0
      vertex 33.9411 -33.9411 -26
      vertex 32.1183 -35.671 -26
    endloop
  endfacet
  facet normal 0.923877 0.38269 0
    outer loop
      vertex -43.8502 -19.5234 0
      vertex -44.8119 -17.2017 -26
      vertex -44.8119 -17.2017 0
    endloop
  endfacet
  facet normal 0.923877 0.38269 0
    outer loop
      vertex -44.8119 -17.2017 -26
      vertex -43.8502 -19.5234 0
      vertex -43.8502 -19.5234 -26
    endloop
  endfacet
  facet normal 0.608756 0.793357 -0
    outer loop
      vertex -28.2137 -38.8328 -26
      vertex -30.2074 -37.303 0
      vertex -28.2137 -38.8328 0
    endloop
  endfacet
  facet normal 0.608756 0.793357 0
    outer loop
      vertex -30.2074 -37.303 0
      vertex -28.2137 -38.8328 -26
      vertex -30.2074 -37.303 -26
    endloop
  endfacet
  facet normal -0.923877 -0.38269 0
    outer loop
      vertex 44.8119 17.2017 -26
      vertex 43.8502 19.5234 0
      vertex 43.8502 19.5234 -26
    endloop
  endfacet
  facet normal -0.923877 -0.38269 0
    outer loop
      vertex 43.8502 19.5234 0
      vertex 44.8119 17.2017 -26
      vertex 44.8119 17.2017 0
    endloop
  endfacet
  facet normal -0.566417 -0.824119 0
    outer loop
      vertex 26.1427 40.2562 -26
      vertex 28.2137 38.8328 0
      vertex 26.1427 40.2562 0
    endloop
  endfacet
  facet normal -0.566417 -0.824119 -0
    outer loop
      vertex 28.2137 38.8328 0
      vertex 26.1427 40.2562 -26
      vertex 28.2137 38.8328 -26
    endloop
  endfacet
  facet normal 0.130522 0.991445 -0
    outer loop
      vertex -5.01737 -47.737 -26
      vertex -7.50885 -47.409 0
      vertex -5.01737 -47.737 0
    endloop
  endfacet
  facet normal 0.130522 0.991445 0
    outer loop
      vertex -7.50885 -47.409 0
      vertex -5.01737 -47.737 -26
      vertex -7.50885 -47.409 -26
    endloop
  endfacet
  facet normal -0.824119 0.566417 0
    outer loop
      vertex 38.8328 -28.2137 -26
      vertex 40.2562 -26.1427 0
      vertex 40.2562 -26.1427 -26
    endloop
  endfacet
  facet normal -0.824119 0.566417 0
    outer loop
      vertex 40.2562 -26.1427 0
      vertex 38.8328 -28.2137 -26
      vertex 38.8328 -28.2137 0
    endloop
  endfacet
  facet normal -0.130522 -0.991445 0
    outer loop
      vertex 5.01737 47.737 -26
      vertex 7.50885 47.409 0
      vertex 5.01737 47.737 0
    endloop
  endfacet
  facet normal -0.130522 -0.991445 -0
    outer loop
      vertex 7.50885 47.409 0
      vertex 5.01737 47.737 -26
      vertex 7.50885 47.409 -26
    endloop
  endfacet
  facet normal -0.0261839 0.999657 0
    outer loop
      vertex 2.51213 -47.9342 -26
      vertex 0 -48 0
      vertex 2.51213 -47.9342 0
    endloop
  endfacet
  facet normal -0.0261839 0.999657 0
    outer loop
      vertex 0 -48 0
      vertex 2.51213 -47.9342 -26
      vertex 0 -48 -26
    endloop
  endfacet
  facet normal 0.608756 -0.793357 0
    outer loop
      vertex -30.2074 37.303 -26
      vertex -28.2137 38.8328 0
      vertex -30.2074 37.303 0
    endloop
  endfacet
  facet normal 0.608756 -0.793357 0
    outer loop
      vertex -28.2137 38.8328 0
      vertex -30.2074 37.303 -26
      vertex -28.2137 38.8328 -26
    endloop
  endfacet
  facet normal -0.824119 -0.566417 0
    outer loop
      vertex 40.2562 26.1427 -26
      vertex 38.8328 28.2137 0
      vertex 38.8328 28.2137 -26
    endloop
  endfacet
  facet normal -0.824119 -0.566417 0
    outer loop
      vertex 38.8328 28.2137 0
      vertex 40.2562 26.1427 -26
      vertex 40.2562 26.1427 0
    endloop
  endfacet
  facet normal -0.38269 0.923877 0
    outer loop
      vertex 19.5234 -43.8502 -26
      vertex 17.2017 -44.8119 0
      vertex 19.5234 -43.8502 0
    endloop
  endfacet
  facet normal -0.38269 0.923877 0
    outer loop
      vertex 17.2017 -44.8119 0
      vertex 19.5234 -43.8502 -26
      vertex 17.2017 -44.8119 -26
    endloop
  endfacet
  facet normal -0.852649 -0.522485 0
    outer loop
      vertex 41.5692 24 -26
      vertex 40.2562 26.1427 0
      vertex 40.2562 26.1427 -26
    endloop
  endfacet
  facet normal -0.852649 -0.522485 0
    outer loop
      vertex 40.2562 26.1427 0
      vertex 41.5692 24 -26
      vertex 41.5692 24 0
    endloop
  endfacet
  facet normal -0.477153 -0.87882 0
    outer loop
      vertex 21.7915 42.7683 -26
      vertex 24 41.5692 0
      vertex 21.7915 42.7683 0
    endloop
  endfacet
  facet normal -0.477153 -0.87882 -0
    outer loop
      vertex 24 41.5692 0
      vertex 21.7915 42.7683 -26
      vertex 24 41.5692 -26
    endloop
  endfacet
  facet normal 0.566417 -0.824119 0
    outer loop
      vertex -28.2137 38.8328 -26
      vertex -26.1427 40.2562 0
      vertex -28.2137 38.8328 0
    endloop
  endfacet
  facet normal 0.566417 -0.824119 0
    outer loop
      vertex -26.1427 40.2562 0
      vertex -28.2137 38.8328 -26
      vertex -26.1427 40.2562 -26
    endloop
  endfacet
  facet normal -0.958823 -0.284006 0
    outer loop
      vertex 46.3644 12.4233 -26
      vertex 45.6507 14.8328 0
      vertex 45.6507 14.8328 -26
    endloop
  endfacet
  facet normal -0.958823 -0.284006 0
    outer loop
      vertex 45.6507 14.8328 0
      vertex 46.3644 12.4233 -26
      vertex 46.3644 12.4233 0
    endloop
  endfacet
  facet normal -0.999657 0.0261839 0
    outer loop
      vertex 47.9342 -2.51213 -12
      vertex 48 0 0
      vertex 48 0 -12
    endloop
  endfacet
  facet normal -0.999657 0.0261839 0
    outer loop
      vertex 48 0 0
      vertex 47.9342 -2.51213 -12
      vertex 47.9342 -2.51213 0
    endloop
  endfacet
  facet normal 0.760418 -0.649434 0
    outer loop
      vertex -37.303 30.2074 0
      vertex -35.671 32.1183 -26
      vertex -35.671 32.1183 0
    endloop
  endfacet
  facet normal 0.760418 -0.649434 0
    outer loop
      vertex -35.671 32.1183 -26
      vertex -37.303 30.2074 0
      vertex -37.303 30.2074 -26
    endloop
  endfacet
  facet normal 0.182214 0.983259 -0
    outer loop
      vertex -7.50885 -47.409 -26
      vertex -9.97976 -46.9511 0
      vertex -7.50885 -47.409 0
    endloop
  endfacet
  facet normal 0.182214 0.983259 0
    outer loop
      vertex -9.97976 -46.9511 0
      vertex -7.50885 -47.409 -26
      vertex -9.97976 -46.9511 -26
    endloop
  endfacet
  facet normal -0.38269 -0.923877 0
    outer loop
      vertex 17.2017 44.8119 -26
      vertex 19.5234 43.8502 0
      vertex 17.2017 44.8119 0
    endloop
  endfacet
  facet normal -0.38269 -0.923877 -0
    outer loop
      vertex 19.5234 43.8502 0
      vertex 17.2017 44.8119 -26
      vertex 19.5234 43.8502 -26
    endloop
  endfacet
  facet normal 0.94265 0.333782 0
    outer loop
      vertex -44.8119 -17.2017 0
      vertex -45.6507 -14.8328 -26
      vertex -45.6507 -14.8328 0
    endloop
  endfacet
  facet normal 0.94265 0.333782 0
    outer loop
      vertex -45.6507 -14.8328 -26
      vertex -44.8119 -17.2017 0
      vertex -44.8119 -17.2017 -26
    endloop
  endfacet
  facet normal -0.793357 0.608756 0
    outer loop
      vertex 37.303 -30.2074 -26
      vertex 38.8328 -28.2137 0
      vertex 38.8328 -28.2137 -26
    endloop
  endfacet
  facet normal -0.793357 0.608756 0
    outer loop
      vertex 38.8328 -28.2137 0
      vertex 37.303 -30.2074 -26
      vertex 37.303 -30.2074 0
    endloop
  endfacet
  facet normal -0.94265 0.333782 0
    outer loop
      vertex 44.8119 -17.2017 -26
      vertex 45.6507 -14.8328 0
      vertex 45.6507 -14.8328 -26
    endloop
  endfacet
  facet normal -0.94265 0.333782 0
    outer loop
      vertex 45.6507 -14.8328 0
      vertex 44.8119 -17.2017 -26
      vertex 44.8119 -17.2017 0
    endloop
  endfacet
  facet normal -0.182214 0.983259 0
    outer loop
      vertex 9.97976 -46.9511 -26
      vertex 7.50885 -47.409 0
      vertex 9.97976 -46.9511 0
    endloop
  endfacet
  facet normal -0.182214 0.983259 0
    outer loop
      vertex 7.50885 -47.409 0
      vertex 9.97976 -46.9511 -26
      vertex 7.50885 -47.409 -26
    endloop
  endfacet
  facet normal -0.333782 0.94265 0
    outer loop
      vertex 17.2017 -44.8119 -26
      vertex 14.8328 -45.6507 0
      vertex 17.2017 -44.8119 0
    endloop
  endfacet
  facet normal -0.333782 0.94265 0
    outer loop
      vertex 14.8328 -45.6507 0
      vertex 17.2017 -44.8119 -26
      vertex 14.8328 -45.6507 -26
    endloop
  endfacet
  facet normal -0.991439 0.130572 0
    outer loop
      vertex 47.6077 -6 -26
      vertex 47.476 -7 -20
      vertex 47.6077 -6 -20
    endloop
  endfacet
  facet normal -0.991443 0.130543 0
    outer loop
      vertex 47.476 -7 -20
      vertex 47.409 -7.50885 -26
      vertex 47.476 -7 -12
    endloop
  endfacet
  facet normal -0.99144 0.130562 -1.70239e-06
    outer loop
      vertex 47.409 -7.50885 -26
      vertex 47.476 -7 -20
      vertex 47.6077 -6 -26
    endloop
  endfacet
  facet normal -0.991446 0.130517 0
    outer loop
      vertex 47.476 -7 -12
      vertex 47.737 -5.01737 0
      vertex 47.737 -5.01737 -12
    endloop
  endfacet
  facet normal -0.991445 0.130522 -8.74129e-07
    outer loop
      vertex 47.476 -7 -12
      vertex 47.409 -7.50885 0
      vertex 47.737 -5.01737 0
    endloop
  endfacet
  facet normal -0.991443 0.130543 0
    outer loop
      vertex 47.409 -7.50885 0
      vertex 47.476 -7 -12
      vertex 47.409 -7.50885 -26
    endloop
  endfacet
  facet normal 0.333782 -0.94265 0
    outer loop
      vertex -17.2017 44.8119 -26
      vertex -14.8328 45.6507 0
      vertex -17.2017 44.8119 0
    endloop
  endfacet
  facet normal 0.333782 -0.94265 0
    outer loop
      vertex -14.8328 45.6507 0
      vertex -17.2017 44.8119 -26
      vertex -14.8328 45.6507 -26
    endloop
  endfacet
  facet normal -0.958823 0.284006 0
    outer loop
      vertex 45.6507 -14.8328 -26
      vertex 46.3644 -12.4233 0
      vertex 46.3644 -12.4233 -26
    endloop
  endfacet
  facet normal -0.958823 0.284006 0
    outer loop
      vertex 46.3644 -12.4233 0
      vertex 45.6507 -14.8328 -26
      vertex 45.6507 -14.8328 0
    endloop
  endfacet
  facet normal -0.996916 0.0784723 0
    outer loop
      vertex 47.737 -5.01737 -12
      vertex 47.9342 -2.51213 0
      vertex 47.9342 -2.51213 -12
    endloop
  endfacet
  facet normal -0.996916 0.0784723 0
    outer loop
      vertex 47.9342 -2.51213 0
      vertex 47.737 -5.01737 -12
      vertex 47.737 -5.01737 0
    endloop
  endfacet
  facet normal -0.522485 0.852649 0
    outer loop
      vertex 26.1427 -40.2562 -26
      vertex 24 -41.5692 0
      vertex 26.1427 -40.2562 0
    endloop
  endfacet
  facet normal -0.522485 0.852649 0
    outer loop
      vertex 24 -41.5692 0
      vertex 26.1427 -40.2562 -26
      vertex 24 -41.5692 -26
    endloop
  endfacet
  facet normal -0.87882 -0.477153 0
    outer loop
      vertex 42.7683 21.7915 -26
      vertex 41.5692 24 0
      vertex 41.5692 24 -26
    endloop
  endfacet
  facet normal -0.87882 -0.477153 0
    outer loop
      vertex 41.5692 24 0
      vertex 42.7683 21.7915 -26
      vertex 42.7683 21.7915 0
    endloop
  endfacet
  facet normal -0.852649 0.522485 0
    outer loop
      vertex 40.2562 -26.1427 -26
      vertex 41.5692 -24 0
      vertex 41.5692 -24 -26
    endloop
  endfacet
  facet normal -0.852649 0.522485 0
    outer loop
      vertex 41.5692 -24 0
      vertex 40.2562 -26.1427 -26
      vertex 40.2562 -26.1427 0
    endloop
  endfacet
  facet normal -0.522485 -0.852649 0
    outer loop
      vertex 24 41.5692 -26
      vertex 26.1427 40.2562 0
      vertex 24 41.5692 0
    endloop
  endfacet
  facet normal -0.522485 -0.852649 -0
    outer loop
      vertex 26.1427 40.2562 0
      vertex 24 41.5692 -26
      vertex 26.1427 40.2562 -26
    endloop
  endfacet
  facet normal -0.0784723 0.996916 0
    outer loop
      vertex 5.01737 -47.737 -26
      vertex 2.51213 -47.9342 0
      vertex 5.01737 -47.737 0
    endloop
  endfacet
  facet normal -0.0784723 0.996916 0
    outer loop
      vertex 2.51213 -47.9342 0
      vertex 5.01737 -47.737 -26
      vertex 2.51213 -47.9342 -26
    endloop
  endfacet
  facet normal 0.996916 0.0784723 0
    outer loop
      vertex -47.737 -5.01737 0
      vertex -47.9342 -2.51213 -26
      vertex -47.9342 -2.51213 0
    endloop
  endfacet
  facet normal 0.996916 0.0784723 0
    outer loop
      vertex -47.9342 -2.51213 -26
      vertex -47.737 -5.01737 0
      vertex -47.737 -5.01737 -26
    endloop
  endfacet
  facet normal -0.333782 -0.94265 0
    outer loop
      vertex 14.8328 45.6507 -26
      vertex 17.2017 44.8119 0
      vertex 14.8328 45.6507 0
    endloop
  endfacet
  facet normal -0.333782 -0.94265 -0
    outer loop
      vertex 17.2017 44.8119 0
      vertex 14.8328 45.6507 -26
      vertex 17.2017 44.8119 -26
    endloop
  endfacet
  facet normal 0.983259 0.182214 0
    outer loop
      vertex -46.9511 -9.97976 0
      vertex -47.409 -7.50885 -26
      vertex -47.409 -7.50885 0
    endloop
  endfacet
  facet normal 0.983259 0.182214 0
    outer loop
      vertex -47.409 -7.50885 -26
      vertex -46.9511 -9.97976 0
      vertex -46.9511 -9.97976 -26
    endloop
  endfacet
  facet normal 0.38269 0.923877 -0
    outer loop
      vertex -17.2017 -44.8119 -26
      vertex -19.5234 -43.8502 0
      vertex -17.2017 -44.8119 0
    endloop
  endfacet
  facet normal 0.38269 0.923877 0
    outer loop
      vertex -19.5234 -43.8502 0
      vertex -17.2017 -44.8119 -26
      vertex -19.5234 -43.8502 -26
    endloop
  endfacet
  facet normal 0.902574 0.430534 0
    outer loop
      vertex -42.7683 -21.7915 0
      vertex -43.8502 -19.5234 -26
      vertex -43.8502 -19.5234 0
    endloop
  endfacet
  facet normal 0.902574 0.430534 0
    outer loop
      vertex -43.8502 -19.5234 -26
      vertex -42.7683 -21.7915 0
      vertex -42.7683 -21.7915 -26
    endloop
  endfacet
  facet normal -0.430534 -0.902574 0
    outer loop
      vertex 19.5234 43.8502 -26
      vertex 21.7915 42.7683 0
      vertex 19.5234 43.8502 0
    endloop
  endfacet
  facet normal -0.430534 -0.902574 -0
    outer loop
      vertex 21.7915 42.7683 0
      vertex 19.5234 43.8502 -26
      vertex 21.7915 42.7683 -26
    endloop
  endfacet
  facet normal -0.94265 -0.333782 0
    outer loop
      vertex 45.6507 14.8328 -26
      vertex 44.8119 17.2017 0
      vertex 44.8119 17.2017 -26
    endloop
  endfacet
  facet normal -0.94265 -0.333782 0
    outer loop
      vertex 44.8119 17.2017 0
      vertex 45.6507 14.8328 -26
      vertex 45.6507 14.8328 0
    endloop
  endfacet
  facet normal 0.130522 -0.991445 0
    outer loop
      vertex -7.50885 47.409 -26
      vertex -5.01737 47.737 0
      vertex -7.50885 47.409 0
    endloop
  endfacet
  facet normal 0.130522 -0.991445 0
    outer loop
      vertex -5.01737 47.737 0
      vertex -7.50885 47.409 -26
      vertex -5.01737 47.737 -26
    endloop
  endfacet
  facet normal 0.0784723 -0.996916 0
    outer loop
      vertex -5.01737 47.737 -26
      vertex -2.51213 47.9342 0
      vertex -5.01737 47.737 0
    endloop
  endfacet
  facet normal 0.0784723 -0.996916 0
    outer loop
      vertex -2.51213 47.9342 0
      vertex -5.01737 47.737 -26
      vertex -2.51213 47.9342 -26
    endloop
  endfacet
  facet normal -0.760418 -0.649434 0
    outer loop
      vertex 37.303 30.2074 -26
      vertex 35.671 32.1183 0
      vertex 35.671 32.1183 -26
    endloop
  endfacet
  facet normal -0.760418 -0.649434 0
    outer loop
      vertex 35.671 32.1183 0
      vertex 37.303 30.2074 -26
      vertex 37.303 30.2074 0
    endloop
  endfacet
  facet normal -0.0784723 -0.996916 0
    outer loop
      vertex 2.51213 47.9342 -26
      vertex 5.01737 47.737 0
      vertex 2.51213 47.9342 0
    endloop
  endfacet
  facet normal -0.0784723 -0.996916 -0
    outer loop
      vertex 5.01737 47.737 0
      vertex 2.51213 47.9342 -26
      vertex 5.01737 47.737 -26
    endloop
  endfacet
  facet normal -0.233467 -0.972365 0
    outer loop
      vertex 9.97976 46.9511 -26
      vertex 12.4233 46.3644 0
      vertex 9.97976 46.9511 0
    endloop
  endfacet
  facet normal -0.233467 -0.972365 -0
    outer loop
      vertex 12.4233 46.3644 0
      vertex 9.97976 46.9511 -26
      vertex 12.4233 46.3644 -26
    endloop
  endfacet
  facet normal 0.999657 0.0261839 0
    outer loop
      vertex -47.9342 -2.51213 0
      vertex -48 0 -26
      vertex -48 0 0
    endloop
  endfacet
  facet normal 0.999657 0.0261839 0
    outer loop
      vertex -48 0 -26
      vertex -47.9342 -2.51213 0
      vertex -47.9342 -2.51213 -26
    endloop
  endfacet
  facet normal 0.996916 -0.0784723 0
    outer loop
      vertex -47.9342 2.51213 0
      vertex -47.737 5.01737 -26
      vertex -47.737 5.01737 0
    endloop
  endfacet
  facet normal 0.996916 -0.0784723 0
    outer loop
      vertex -47.737 5.01737 -26
      vertex -47.9342 2.51213 0
      vertex -47.9342 2.51213 -26
    endloop
  endfacet
  facet normal -0.983259 0.182214 0
    outer loop
      vertex 46.9511 -9.97976 -26
      vertex 47.409 -7.50885 0
      vertex 47.409 -7.50885 -26
    endloop
  endfacet
  facet normal -0.983259 0.182214 0
    outer loop
      vertex 47.409 -7.50885 0
      vertex 46.9511 -9.97976 -26
      vertex 46.9511 -9.97976 0
    endloop
  endfacet
  facet normal 0.991445 0.130522 0
    outer loop
      vertex -47.409 -7.50885 0
      vertex -47.737 -5.01737 -26
      vertex -47.737 -5.01737 0
    endloop
  endfacet
  facet normal 0.991445 0.130522 0
    outer loop
      vertex -47.737 -5.01737 -26
      vertex -47.409 -7.50885 0
      vertex -47.409 -7.50885 -26
    endloop
  endfacet
  facet normal -0.182214 -0.983259 0
    outer loop
      vertex 7.50885 47.409 -26
      vertex 9.97976 46.9511 0
      vertex 7.50885 47.409 0
    endloop
  endfacet
  facet normal -0.182214 -0.983259 -0
    outer loop
      vertex 9.97976 46.9511 0
      vertex 7.50885 47.409 -26
      vertex 9.97976 46.9511 -26
    endloop
  endfacet
  facet normal 0.824119 0.566417 0
    outer loop
      vertex -38.8328 -28.2137 0
      vertex -40.2562 -26.1427 -26
      vertex -40.2562 -26.1427 0
    endloop
  endfacet
  facet normal 0.824119 0.566417 0
    outer loop
      vertex -40.2562 -26.1427 -26
      vertex -38.8328 -28.2137 0
      vertex -38.8328 -28.2137 -26
    endloop
  endfacet
  facet normal -0.983259 -0.182214 0
    outer loop
      vertex 47.409 7.50885 -26
      vertex 46.9511 9.97976 0
      vertex 46.9511 9.97976 -26
    endloop
  endfacet
  facet normal -0.983259 -0.182214 0
    outer loop
      vertex 46.9511 9.97976 0
      vertex 47.409 7.50885 -26
      vertex 47.409 7.50885 0
    endloop
  endfacet
  facet normal 0.333782 0.94265 -0
    outer loop
      vertex -14.8328 -45.6507 -26
      vertex -17.2017 -44.8119 0
      vertex -14.8328 -45.6507 0
    endloop
  endfacet
  facet normal 0.333782 0.94265 0
    outer loop
      vertex -17.2017 -44.8119 0
      vertex -14.8328 -45.6507 -26
      vertex -17.2017 -44.8119 -26
    endloop
  endfacet
  facet normal -0.902574 -0.430534 0
    outer loop
      vertex 43.8502 19.5234 -26
      vertex 42.7683 21.7915 0
      vertex 42.7683 21.7915 -26
    endloop
  endfacet
  facet normal -0.902574 -0.430534 0
    outer loop
      vertex 42.7683 21.7915 0
      vertex 43.8502 19.5234 -26
      vertex 43.8502 19.5234 0
    endloop
  endfacet
  facet normal -0.902574 0.430534 0
    outer loop
      vertex 42.7683 -21.7915 -26
      vertex 43.8502 -19.5234 0
      vertex 43.8502 -19.5234 -26
    endloop
  endfacet
  facet normal -0.902574 0.430534 0
    outer loop
      vertex 43.8502 -19.5234 0
      vertex 42.7683 -21.7915 -26
      vertex 42.7683 -21.7915 0
    endloop
  endfacet
  facet normal -0.87882 0.477153 0
    outer loop
      vertex 41.5692 -24 -26
      vertex 42.7683 -21.7915 0
      vertex 42.7683 -21.7915 -26
    endloop
  endfacet
  facet normal -0.87882 0.477153 0
    outer loop
      vertex 42.7683 -21.7915 0
      vertex 41.5692 -24 -26
      vertex 41.5692 -24 0
    endloop
  endfacet
  facet normal 0.522485 0.852649 -0
    outer loop
      vertex -24 -41.5692 -26
      vertex -26.1427 -40.2562 0
      vertex -24 -41.5692 0
    endloop
  endfacet
  facet normal 0.522485 0.852649 0
    outer loop
      vertex -26.1427 -40.2562 0
      vertex -24 -41.5692 -26
      vertex -26.1427 -40.2562 -26
    endloop
  endfacet
  facet normal -0.923877 0.38269 0
    outer loop
      vertex 43.8502 -19.5234 -26
      vertex 44.8119 -17.2017 0
      vertex 44.8119 -17.2017 -26
    endloop
  endfacet
  facet normal -0.923877 0.38269 0
    outer loop
      vertex 44.8119 -17.2017 0
      vertex 43.8502 -19.5234 -26
      vertex 43.8502 -19.5234 0
    endloop
  endfacet
  facet normal -0.608756 0.793357 0
    outer loop
      vertex 30.2074 -37.303 -26
      vertex 28.2137 -38.8328 0
      vertex 30.2074 -37.303 0
    endloop
  endfacet
  facet normal -0.608756 0.793357 0
    outer loop
      vertex 28.2137 -38.8328 0
      vertex 30.2074 -37.303 -26
      vertex 28.2137 -38.8328 -26
    endloop
  endfacet
  facet normal 0.182214 -0.983259 0
    outer loop
      vertex -9.97976 46.9511 -26
      vertex -7.50885 47.409 0
      vertex -9.97976 46.9511 0
    endloop
  endfacet
  facet normal 0.182214 -0.983259 0
    outer loop
      vertex -7.50885 47.409 0
      vertex -9.97976 46.9511 -26
      vertex -7.50885 47.409 -26
    endloop
  endfacet
  facet normal -0.725349 -0.688381 0
    outer loop
      vertex 35.671 32.1183 -26
      vertex 33.9411 33.9411 0
      vertex 33.9411 33.9411 -26
    endloop
  endfacet
  facet normal -0.725349 -0.688381 0
    outer loop
      vertex 33.9411 33.9411 0
      vertex 35.671 32.1183 -26
      vertex 35.671 32.1183 0
    endloop
  endfacet
  facet normal -0.972365 -0.233467 0
    outer loop
      vertex 46.9511 9.97976 -26
      vertex 46.3644 12.4233 0
      vertex 46.3644 12.4233 -26
    endloop
  endfacet
  facet normal -0.972365 -0.233467 0
    outer loop
      vertex 46.3644 12.4233 0
      vertex 46.9511 9.97976 -26
      vertex 46.9511 9.97976 0
    endloop
  endfacet
  facet normal 0.649434 -0.760418 0
    outer loop
      vertex -32.1183 35.671 -26
      vertex -30.2074 37.303 0
      vertex -32.1183 35.671 0
    endloop
  endfacet
  facet normal 0.649434 -0.760418 0
    outer loop
      vertex -30.2074 37.303 0
      vertex -32.1183 35.671 -26
      vertex -30.2074 37.303 -26
    endloop
  endfacet
  facet normal 0.477153 0.87882 -0
    outer loop
      vertex -21.7915 -42.7683 -26
      vertex -24 -41.5692 0
      vertex -21.7915 -42.7683 0
    endloop
  endfacet
  facet normal 0.477153 0.87882 0
    outer loop
      vertex -24 -41.5692 0
      vertex -21.7915 -42.7683 -26
      vertex -24 -41.5692 -26
    endloop
  endfacet
  facet normal 0.793357 0.608756 0
    outer loop
      vertex -37.303 -30.2074 0
      vertex -38.8328 -28.2137 -26
      vertex -38.8328 -28.2137 0
    endloop
  endfacet
  facet normal 0.793357 0.608756 0
    outer loop
      vertex -38.8328 -28.2137 -26
      vertex -37.303 -30.2074 0
      vertex -37.303 -30.2074 -26
    endloop
  endfacet
  facet normal -0.284006 0.958823 0
    outer loop
      vertex 14.8328 -45.6507 -26
      vertex 12.4233 -46.3644 0
      vertex 14.8328 -45.6507 0
    endloop
  endfacet
  facet normal -0.284006 0.958823 0
    outer loop
      vertex 12.4233 -46.3644 0
      vertex 14.8328 -45.6507 -26
      vertex 12.4233 -46.3644 -26
    endloop
  endfacet
  facet normal -0.649434 0.760418 0
    outer loop
      vertex 32.1183 -35.671 -26
      vertex 30.2074 -37.303 0
      vertex 32.1183 -35.671 0
    endloop
  endfacet
  facet normal -0.649434 0.760418 0
    outer loop
      vertex 30.2074 -37.303 0
      vertex 32.1183 -35.671 -26
      vertex 30.2074 -37.303 -26
    endloop
  endfacet
  facet normal -0.649434 -0.760418 0
    outer loop
      vertex 30.2074 37.303 -26
      vertex 32.1183 35.671 0
      vertex 30.2074 37.303 0
    endloop
  endfacet
  facet normal -0.649434 -0.760418 -0
    outer loop
      vertex 32.1183 35.671 0
      vertex 30.2074 37.303 -26
      vertex 32.1183 35.671 -26
    endloop
  endfacet
  facet normal 0.0261839 -0.999657 0
    outer loop
      vertex -2.51213 47.9342 -26
      vertex 0 48 0
      vertex -2.51213 47.9342 0
    endloop
  endfacet
  facet normal 0.0261839 -0.999657 0
    outer loop
      vertex 0 48 0
      vertex -2.51213 47.9342 -26
      vertex 0 48 -26
    endloop
  endfacet
  facet normal -0.608756 -0.793357 0
    outer loop
      vertex 28.2137 38.8328 -26
      vertex 30.2074 37.303 0
      vertex 28.2137 38.8328 0
    endloop
  endfacet
  facet normal -0.608756 -0.793357 -0
    outer loop
      vertex 30.2074 37.303 0
      vertex 28.2137 38.8328 -26
      vertex 30.2074 37.303 -26
    endloop
  endfacet
  facet normal 0.824119 -0.566417 0
    outer loop
      vertex -40.2562 26.1427 0
      vertex -38.8328 28.2137 -26
      vertex -38.8328 28.2137 0
    endloop
  endfacet
  facet normal 0.824119 -0.566417 0
    outer loop
      vertex -38.8328 28.2137 -26
      vertex -40.2562 26.1427 0
      vertex -40.2562 26.1427 -26
    endloop
  endfacet
  facet normal 0.94265 -0.333782 0
    outer loop
      vertex -45.6507 14.8328 0
      vertex -44.8119 17.2017 -26
      vertex -44.8119 17.2017 0
    endloop
  endfacet
  facet normal 0.94265 -0.333782 0
    outer loop
      vertex -44.8119 17.2017 -26
      vertex -45.6507 14.8328 0
      vertex -45.6507 14.8328 -26
    endloop
  endfacet
  facet normal -0.793357 -0.608756 0
    outer loop
      vertex 38.8328 28.2137 -26
      vertex 37.303 30.2074 0
      vertex 37.303 30.2074 -26
    endloop
  endfacet
  facet normal -0.793357 -0.608756 0
    outer loop
      vertex 37.303 30.2074 0
      vertex 38.8328 28.2137 -26
      vertex 38.8328 28.2137 0
    endloop
  endfacet
  facet normal 0.688381 0.725349 -0
    outer loop
      vertex -32.1183 -35.671 -26
      vertex -33.9411 -33.9411 0
      vertex -32.1183 -35.671 0
    endloop
  endfacet
  facet normal 0.688381 0.725349 0
    outer loop
      vertex -33.9411 -33.9411 0
      vertex -32.1183 -35.671 -26
      vertex -33.9411 -33.9411 -26
    endloop
  endfacet
  facet normal 0.972365 -0.233467 0
    outer loop
      vertex -46.9511 9.97976 0
      vertex -46.3644 12.4233 -26
      vertex -46.3644 12.4233 0
    endloop
  endfacet
  facet normal 0.972365 -0.233467 0
    outer loop
      vertex -46.3644 12.4233 -26
      vertex -46.9511 9.97976 0
      vertex -46.9511 9.97976 -26
    endloop
  endfacet
  facet normal 0.852649 -0.522485 0
    outer loop
      vertex -41.5692 24 0
      vertex -40.2562 26.1427 -26
      vertex -40.2562 26.1427 0
    endloop
  endfacet
  facet normal 0.852649 -0.522485 0
    outer loop
      vertex -40.2562 26.1427 -26
      vertex -41.5692 24 0
      vertex -41.5692 24 -26
    endloop
  endfacet
  facet normal 0.958823 -0.284006 0
    outer loop
      vertex -46.3644 12.4233 0
      vertex -45.6507 14.8328 -26
      vertex -45.6507 14.8328 0
    endloop
  endfacet
  facet normal 0.958823 -0.284006 0
    outer loop
      vertex -45.6507 14.8328 -26
      vertex -46.3644 12.4233 0
      vertex -46.3644 12.4233 -26
    endloop
  endfacet
  facet normal -0.233467 0.972365 0
    outer loop
      vertex 12.4233 -46.3644 -26
      vertex 9.97976 -46.9511 0
      vertex 12.4233 -46.3644 0
    endloop
  endfacet
  facet normal -0.233467 0.972365 0
    outer loop
      vertex 9.97976 -46.9511 0
      vertex 12.4233 -46.3644 -26
      vertex 9.97976 -46.9511 -26
    endloop
  endfacet
  facet normal -0.130522 0.991445 0
    outer loop
      vertex 7.50885 -47.409 -26
      vertex 5.01737 -47.737 0
      vertex 7.50885 -47.409 0
    endloop
  endfacet
  facet normal -0.130522 0.991445 0
    outer loop
      vertex 5.01737 -47.737 0
      vertex 7.50885 -47.409 -26
      vertex 5.01737 -47.737 -26
    endloop
  endfacet
  facet normal 0 0 1
    outer loop
      vertex 19.0745 6 -26
      vertex 47.409 7.50885 -26
      vertex 46.9511 9.97976 -26
    endloop
  endfacet
  facet normal 0 0 1
    outer loop
      vertex 19.0745 6 -26
      vertex 46.9511 9.97976 -26
      vertex 46.3644 12.4233 -26
    endloop
  endfacet
  facet normal 0 0 1
    outer loop
      vertex 19.0745 6 -26
      vertex 46.3644 12.4233 -26
      vertex 45.6507 14.8328 -26
    endloop
  endfacet
  facet normal 0 0 1
    outer loop
      vertex 19.0211 6.18034 -26
      vertex 45.6507 14.8328 -26
      vertex 44.8119 17.2017 -26
    endloop
  endfacet
  facet normal 0 0 1
    outer loop
      vertex 18.6716 7.16736 -26
      vertex 44.8119 17.2017 -26
      vertex 43.8502 19.5234 -26
    endloop
  endfacet
  facet normal 0 0 1
    outer loop
      vertex 18.2709 8.13473 -26
      vertex 43.8502 19.5234 -26
      vertex 42.7683 21.7915 -26
    endloop
  endfacet
  facet normal 0 0 1
    outer loop
      vertex 17.8201 9.07981 -26
      vertex 42.7683 21.7915 -26
      vertex 41.5692 24 -26
    endloop
  endfacet
  facet normal 0 0 1
    outer loop
      vertex 17.3205 10 -26
      vertex 41.5692 24 -26
      vertex 40.2562 26.1427 -26
    endloop
  endfacet
  facet normal 0 0 1
    outer loop
      vertex 16.7734 10.8928 -26
      vertex 40.2562 26.1427 -26
      vertex 38.8328 28.2137 -26
    endloop
  endfacet
  facet normal 0 0 1
    outer loop
      vertex 16.1803 11.7557 -26
      vertex 38.8328 28.2137 -26
      vertex 37.303 30.2074 -26
    endloop
  endfacet
  facet normal 0 0 1
    outer loop
      vertex 15.5429 12.5864 -26
      vertex 37.303 30.2074 -26
      vertex 35.671 32.1183 -26
    endloop
  endfacet
  facet normal 0 0 1
    outer loop
      vertex 14.8629 13.3826 -26
      vertex 35.671 32.1183 -26
      vertex 33.9411 33.9411 -26
    endloop
  endfacet
  facet normal 0 0 1
    outer loop
      vertex 14.1421 14.1421 -26
      vertex 33.9411 33.9411 -26
      vertex 32.1183 35.671 -26
    endloop
  endfacet
  facet normal 0 0 1
    outer loop
      vertex 13.3826 14.8629 -26
      vertex 32.1183 35.671 -26
      vertex 30.2074 37.303 -26
    endloop
  endfacet
  facet normal 0 0 1
    outer loop
      vertex 12.5864 15.5429 -26
      vertex 30.2074 37.303 -26
      vertex 28.2137 38.8328 -26
    endloop
  endfacet
  facet normal 0 0 1
    outer loop
      vertex 11.7557 16.1803 -26
      vertex 28.2137 38.8328 -26
      vertex 26.1427 40.2562 -26
    endloop
  endfacet
  facet normal 0 0 1
    outer loop
      vertex 10.8928 16.7734 -26
      vertex 26.1427 40.2562 -26
      vertex 24 41.5692 -26
    endloop
  endfacet
  facet normal 0 0 1
    outer loop
      vertex 10 17.3205 -26
      vertex 24 41.5692 -26
      vertex 21.7915 42.7683 -26
    endloop
  endfacet
  facet normal 0 0 1
    outer loop
      vertex 9.07981 17.8201 -26
      vertex 21.7915 42.7683 -26
      vertex 19.5234 43.8502 -26
    endloop
  endfacet
  facet normal 0 0 1
    outer loop
      vertex 38.8328 28.2137 -26
      vertex 16.1803 11.7557 -26
      vertex 16.7734 10.8928 -26
    endloop
  endfacet
  facet normal 0 0 1
    outer loop
      vertex 47.409 7.50885 -26
      vertex 19.0745 6 -26
      vertex 47.6077 6 -26
    endloop
  endfacet
  facet normal 0 0 1
    outer loop
      vertex 45.6507 14.8328 -26
      vertex 19.0211 6.18034 -26
      vertex 19.0745 6 -26
    endloop
  endfacet
  facet normal 0 0 1
    outer loop
      vertex 44.8119 17.2017 -26
      vertex 18.6716 7.16736 -26
      vertex 19.0211 6.18034 -26
    endloop
  endfacet
  facet normal 0 0 1
    outer loop
      vertex 43.8502 19.5234 -26
      vertex 18.2709 8.13473 -26
      vertex 18.6716 7.16736 -26
    endloop
  endfacet
  facet normal 0 0 1
    outer loop
      vertex 42.7683 21.7915 -26
      vertex 17.8201 9.07981 -26
      vertex 18.2709 8.13473 -26
    endloop
  endfacet
  facet normal 0 0 1
    outer loop
      vertex 8.13473 18.2709 -26
      vertex 19.5234 43.8502 -26
      vertex 17.2017 44.8119 -26
    endloop
  endfacet
  facet normal 0 0 1
    outer loop
      vertex 41.5692 24 -26
      vertex 17.3205 10 -26
      vertex 17.8201 9.07981 -26
    endloop
  endfacet
  facet normal 0 0 1
    outer loop
      vertex 40.2562 26.1427 -26
      vertex 16.7734 10.8928 -26
      vertex 17.3205 10 -26
    endloop
  endfacet
  facet normal 0 0 1
    outer loop
      vertex 37.303 30.2074 -26
      vertex 15.5429 12.5864 -26
      vertex 16.1803 11.7557 -26
    endloop
  endfacet
  facet normal 0 0 1
    outer loop
      vertex 35.671 32.1183 -26
      vertex 14.8629 13.3826 -26
      vertex 15.5429 12.5864 -26
    endloop
  endfacet
  facet normal 0 0 1
    outer loop
      vertex 7.16736 18.6716 -26
      vertex 17.2017 44.8119 -26
      vertex 14.8328 45.6507 -26
    endloop
  endfacet
  facet normal 0 0 1
    outer loop
      vertex 33.9411 33.9411 -26
      vertex 14.1421 14.1421 -26
      vertex 14.8629 13.3826 -26
    endloop
  endfacet
  facet normal 0 0 1
    outer loop
      vertex 32.1183 35.671 -26
      vertex 13.3826 14.8629 -26
      vertex 14.1421 14.1421 -26
    endloop
  endfacet
  facet normal 0 0 1
    outer loop
      vertex 30.2074 37.303 -26
      vertex 12.5864 15.5429 -26
      vertex 13.3826 14.8629 -26
    endloop
  endfacet
  facet normal 0 0 1
    outer loop
      vertex 6.18034 19.0211 -26
      vertex 14.8328 45.6507 -26
      vertex 12.4233 46.3644 -26
    endloop
  endfacet
  facet normal 0 0 1
    outer loop
      vertex 28.2137 38.8328 -26
      vertex 11.7557 16.1803 -26
      vertex 12.5864 15.5429 -26
    endloop
  endfacet
  facet normal 0 0 1
    outer loop
      vertex 26.1427 40.2562 -26
      vertex 10.8928 16.7734 -26
      vertex 11.7557 16.1803 -26
    endloop
  endfacet
  facet normal 0 0 1
    outer loop
      vertex 24 41.5692 -26
      vertex 10 17.3205 -26
      vertex 10.8928 16.7734 -26
    endloop
  endfacet
  facet normal 0 0 1
    outer loop
      vertex 5.17638 19.3185 -26
      vertex 12.4233 46.3644 -26
      vertex 9.97976 46.9511 -26
    endloop
  endfacet
  facet normal 0 0 1
    outer loop
      vertex 21.7915 42.7683 -26
      vertex 9.07981 17.8201 -26
      vertex 10 17.3205 -26
    endloop
  endfacet
  facet normal 0 0 1
    outer loop
      vertex 19.5234 43.8502 -26
      vertex 8.13473 18.2709 -26
      vertex 9.07981 17.8201 -26
    endloop
  endfacet
  facet normal 0 0 1
    outer loop
      vertex 4.15823 19.563 -26
      vertex 9.97976 46.9511 -26
      vertex 7.50885 47.409 -26
    endloop
  endfacet
  facet normal 0 0 1
    outer loop
      vertex 17.2017 44.8119 -26
      vertex 7.16736 18.6716 -26
      vertex 8.13473 18.2709 -26
    endloop
  endfacet
  facet normal 0 0 1
    outer loop
      vertex 14.8328 45.6507 -26
      vertex 6.18034 19.0211 -26
      vertex 7.16736 18.6716 -26
    endloop
  endfacet
  facet normal 0 0 1
    outer loop
      vertex 12.4233 46.3644 -26
      vertex 5.17638 19.3185 -26
      vertex 6.18034 19.0211 -26
    endloop
  endfacet
  facet normal 0 0 1
    outer loop
      vertex 3.12869 19.7538 -26
      vertex 7.50885 47.409 -26
      vertex 5.01737 47.737 -26
    endloop
  endfacet
  facet normal 0 0 1
    outer loop
      vertex 9.97976 46.9511 -26
      vertex 4.15823 19.563 -26
      vertex 5.17638 19.3185 -26
    endloop
  endfacet
  facet normal 0 0 1
    outer loop
      vertex 7.50885 47.409 -26
      vertex 3.12869 19.7538 -26
      vertex 4.15823 19.563 -26
    endloop
  endfacet
  facet normal 0 0 1
    outer loop
      vertex 2.09057 19.8904 -26
      vertex 5.01737 47.737 -26
      vertex 2.51213 47.9342 -26
    endloop
  endfacet
  facet normal 0 0 1
    outer loop
      vertex 5.01737 47.737 -26
      vertex 2.09057 19.8904 -26
      vertex 3.12869 19.7538 -26
    endloop
  endfacet
  facet normal 0 0 1
    outer loop
      vertex 2.51213 47.9342 -26
      vertex 1.04672 19.9726 -26
      vertex 2.09057 19.8904 -26
    endloop
  endfacet
  facet normal 0 0 1
    outer loop
      vertex 0 48 -26
      vertex 1.04672 19.9726 -26
      vertex 2.51213 47.9342 -26
    endloop
  endfacet
  facet normal 0 0 1
    outer loop
      vertex 0 48 -26
      vertex 0 20 -26
      vertex 1.04672 19.9726 -26
    endloop
  endfacet
  facet normal 0 0 1
    outer loop
      vertex 0 48 -26
      vertex -1.04672 19.9726 -26
      vertex 0 20 -26
    endloop
  endfacet
  facet normal -0 0 1
    outer loop
      vertex -2.51213 47.9342 -26
      vertex -1.04672 19.9726 -26
      vertex 0 48 -26
    endloop
  endfacet
  facet normal 0 0 1
    outer loop
      vertex -1.04672 19.9726 -26
      vertex -2.51213 47.9342 -26
      vertex -2.09057 19.8904 -26
    endloop
  endfacet
  facet normal -0 0 1
    outer loop
      vertex -5.01737 47.737 -26
      vertex -2.09057 19.8904 -26
      vertex -2.51213 47.9342 -26
    endloop
  endfacet
  facet normal 0 0 1
    outer loop
      vertex -2.09057 19.8904 -26
      vertex -5.01737 47.737 -26
      vertex -3.12869 19.7538 -26
    endloop
  endfacet
  facet normal -0 0 1
    outer loop
      vertex -7.50885 47.409 -26
      vertex -3.12869 19.7538 -26
      vertex -5.01737 47.737 -26
    endloop
  endfacet
  facet normal 0 0 1
    outer loop
      vertex -3.12869 19.7538 -26
      vertex -7.50885 47.409 -26
      vertex -4.15823 19.563 -26
    endloop
  endfacet
  facet normal -0 0 1
    outer loop
      vertex -9.97976 46.9511 -26
      vertex -4.15823 19.563 -26
      vertex -7.50885 47.409 -26
    endloop
  endfacet
  facet normal 0 0 1
    outer loop
      vertex -4.15823 19.563 -26
      vertex -9.97976 46.9511 -26
      vertex -5.17638 19.3185 -26
    endloop
  endfacet
  facet normal -0 0 1
    outer loop
      vertex -12.4233 46.3644 -26
      vertex -5.17638 19.3185 -26
      vertex -9.97976 46.9511 -26
    endloop
  endfacet
  facet normal 0 0 1
    outer loop
      vertex -5.17638 19.3185 -26
      vertex -12.4233 46.3644 -26
      vertex -6.18034 19.0211 -26
    endloop
  endfacet
  facet normal -0 0 1
    outer loop
      vertex -14.8328 45.6507 -26
      vertex -6.18034 19.0211 -26
      vertex -12.4233 46.3644 -26
    endloop
  endfacet
  facet normal 0 0 1
    outer loop
      vertex -6.18034 19.0211 -26
      vertex -14.8328 45.6507 -26
      vertex -7.16736 18.6716 -26
    endloop
  endfacet
  facet normal -0 0 1
    outer loop
      vertex -17.2017 44.8119 -26
      vertex -7.16736 18.6716 -26
      vertex -14.8328 45.6507 -26
    endloop
  endfacet
  facet normal 0 0 1
    outer loop
      vertex -7.16736 18.6716 -26
      vertex -17.2017 44.8119 -26
      vertex -8.13473 18.2709 -26
    endloop
  endfacet
  facet normal -0 0 1
    outer loop
      vertex -19.5234 43.8502 -26
      vertex -8.13473 18.2709 -26
      vertex -17.2017 44.8119 -26
    endloop
  endfacet
  facet normal 0 0 1
    outer loop
      vertex -8.13473 18.2709 -26
      vertex -19.5234 43.8502 -26
      vertex -9.07981 17.8201 -26
    endloop
  endfacet
  facet normal -0 0 1
    outer loop
      vertex -21.7915 42.7683 -26
      vertex -9.07981 17.8201 -26
      vertex -19.5234 43.8502 -26
    endloop
  endfacet
  facet normal 0 0 1
    outer loop
      vertex -9.07981 17.8201 -26
      vertex -21.7915 42.7683 -26
      vertex -10 17.3205 -26
    endloop
  endfacet
  facet normal -0 0 1
    outer loop
      vertex -24 41.5692 -26
      vertex -10 17.3205 -26
      vertex -21.7915 42.7683 -26
    endloop
  endfacet
  facet normal 0 0 1
    outer loop
      vertex -10 17.3205 -26
      vertex -24 41.5692 -26
      vertex -10.8928 16.7734 -26
    endloop
  endfacet
  facet normal -0 0 1
    outer loop
      vertex -26.1427 40.2562 -26
      vertex -10.8928 16.7734 -26
      vertex -24 41.5692 -26
    endloop
  endfacet
  facet normal 0 0 1
    outer loop
      vertex -10.8928 16.7734 -26
      vertex -26.1427 40.2562 -26
      vertex -11.7557 16.1803 -26
    endloop
  endfacet
  facet normal -0 0 1
    outer loop
      vertex -28.2137 38.8328 -26
      vertex -11.7557 16.1803 -26
      vertex -26.1427 40.2562 -26
    endloop
  endfacet
  facet normal 0 0 1
    outer loop
      vertex -11.7557 16.1803 -26
      vertex -28.2137 38.8328 -26
      vertex -12.5864 15.5429 -26
    endloop
  endfacet
  facet normal -0 0 1
    outer loop
      vertex -30.2074 37.303 -26
      vertex -12.5864 15.5429 -26
      vertex -28.2137 38.8328 -26
    endloop
  endfacet
  facet normal 0 0 1
    outer loop
      vertex -12.5864 15.5429 -26
      vertex -30.2074 37.303 -26
      vertex -13.3826 14.8629 -26
    endloop
  endfacet
  facet normal -0 0 1
    outer loop
      vertex -32.1183 35.671 -26
      vertex -13.3826 14.8629 -26
      vertex -30.2074 37.303 -26
    endloop
  endfacet
  facet normal 0 0 1
    outer loop
      vertex -13.3826 14.8629 -26
      vertex -32.1183 35.671 -26
      vertex -14.1421 14.1421 -26
    endloop
  endfacet
  facet normal -0 0 1
    outer loop
      vertex -33.9411 33.9411 -26
      vertex -14.1421 14.1421 -26
      vertex -32.1183 35.671 -26
    endloop
  endfacet
  facet normal 0 0 1
    outer loop
      vertex -14.1421 14.1421 -26
      vertex -33.9411 33.9411 -26
      vertex -14.8629 13.3826 -26
    endloop
  endfacet
  facet normal -0 0 1
    outer loop
      vertex -35.671 32.1183 -26
      vertex -14.8629 13.3826 -26
      vertex -33.9411 33.9411 -26
    endloop
  endfacet
  facet normal 0 0 1
    outer loop
      vertex -14.8629 13.3826 -26
      vertex -35.671 32.1183 -26
      vertex -15.5429 12.5864 -26
    endloop
  endfacet
  facet normal -0 0 1
    outer loop
      vertex -37.303 30.2074 -26
      vertex -15.5429 12.5864 -26
      vertex -35.671 32.1183 -26
    endloop
  endfacet
  facet normal 0 0 1
    outer loop
      vertex -15.5429 12.5864 -26
      vertex -37.303 30.2074 -26
      vertex -16.1803 11.7557 -26
    endloop
  endfacet
  facet normal -0 0 1
    outer loop
      vertex -38.8328 28.2137 -26
      vertex -16.1803 11.7557 -26
      vertex -37.303 30.2074 -26
    endloop
  endfacet
  facet normal 0 0 1
    outer loop
      vertex -16.1803 11.7557 -26
      vertex -38.8328 28.2137 -26
      vertex -16.7734 10.8928 -26
    endloop
  endfacet
  facet normal -0 0 1
    outer loop
      vertex -40.2562 26.1427 -26
      vertex -16.7734 10.8928 -26
      vertex -38.8328 28.2137 -26
    endloop
  endfacet
  facet normal 0 0 1
    outer loop
      vertex -16.7734 10.8928 -26
      vertex -40.2562 26.1427 -26
      vertex -17.3205 10 -26
    endloop
  endfacet
  facet normal -0 0 1
    outer loop
      vertex 19.0745 -6 -26
      vertex 47.409 -7.50885 -26
      vertex 47.6077 -6 -26
    endloop
  endfacet
  facet normal 0 0 1
    outer loop
      vertex 47.409 -7.50885 -26
      vertex 19.0745 -6 -26
      vertex 46.9511 -9.97976 -26
    endloop
  endfacet
  facet normal 0 0 1
    outer loop
      vertex 46.9511 -9.97976 -26
      vertex 19.0745 -6 -26
      vertex 46.3644 -12.4233 -26
    endloop
  endfacet
  facet normal 0 0 1
    outer loop
      vertex 46.3644 -12.4233 -26
      vertex 19.0745 -6 -26
      vertex 45.6507 -14.8328 -26
    endloop
  endfacet
  facet normal -0 0 1
    outer loop
      vertex 19.0211 -6.18034 -26
      vertex 45.6507 -14.8328 -26
      vertex 19.0745 -6 -26
    endloop
  endfacet
  facet normal 0 0 1
    outer loop
      vertex 45.6507 -14.8328 -26
      vertex 19.0211 -6.18034 -26
      vertex 44.8119 -17.2017 -26
    endloop
  endfacet
  facet normal 0 0 1
    outer loop
      vertex 44.8119 -17.2017 -26
      vertex 18.6716 -7.16736 -26
      vertex 43.8502 -19.5234 -26
    endloop
  endfacet
  facet normal -0 0 1
    outer loop
      vertex 18.2709 -8.13473 -26
      vertex 43.8502 -19.5234 -26
      vertex 18.6716 -7.16736 -26
    endloop
  endfacet
  facet normal -0 0 1
    outer loop
      vertex 17.8201 -9.07981 -26
      vertex 42.7683 -21.7915 -26
      vertex 18.2709 -8.13473 -26
    endloop
  endfacet
  facet normal 0 0 1
    outer loop
      vertex 42.7683 -21.7915 -26
      vertex 17.8201 -9.07981 -26
      vertex 41.5692 -24 -26
    endloop
  endfacet
  facet normal 0 0 1
    outer loop
      vertex 41.5692 -24 -26
      vertex 17.3205 -10 -26
      vertex 40.2562 -26.1427 -26
    endloop
  endfacet
  facet normal -0 0 1
    outer loop
      vertex 16.7734 -10.8928 -26
      vertex 40.2562 -26.1427 -26
      vertex 17.3205 -10 -26
    endloop
  endfacet
  facet normal -0 0 1
    outer loop
      vertex 16.1803 -11.7557 -26
      vertex 38.8328 -28.2137 -26
      vertex 16.7734 -10.8928 -26
    endloop
  endfacet
  facet normal 0 0 1
    outer loop
      vertex 38.8328 -28.2137 -26
      vertex 16.1803 -11.7557 -26
      vertex 37.303 -30.2074 -26
    endloop
  endfacet
  facet normal 0 0 1
    outer loop
      vertex 37.303 -30.2074 -26
      vertex 15.5429 -12.5864 -26
      vertex 35.671 -32.1183 -26
    endloop
  endfacet
  facet normal -0 0 1
    outer loop
      vertex 14.8629 -13.3826 -26
      vertex 35.671 -32.1183 -26
      vertex 15.5429 -12.5864 -26
    endloop
  endfacet
  facet normal -0 0 1
    outer loop
      vertex 14.1421 -14.1421 -26
      vertex 33.9411 -33.9411 -26
      vertex 14.8629 -13.3826 -26
    endloop
  endfacet
  facet normal 0 0 1
    outer loop
      vertex 33.9411 -33.9411 -26
      vertex 14.1421 -14.1421 -26
      vertex 32.1183 -35.671 -26
    endloop
  endfacet
  facet normal 0 0 1
    outer loop
      vertex 32.1183 -35.671 -26
      vertex 13.3826 -14.8629 -26
      vertex 30.2074 -37.303 -26
    endloop
  endfacet
  facet normal -0 0 1
    outer loop
      vertex 18.6716 -7.16736 -26
      vertex 44.8119 -17.2017 -26
      vertex 19.0211 -6.18034 -26
    endloop
  endfacet
  facet normal 0 0 1
    outer loop
      vertex 43.8502 -19.5234 -26
      vertex 18.2709 -8.13473 -26
      vertex 42.7683 -21.7915 -26
    endloop
  endfacet
  facet normal -0 0 1
    outer loop
      vertex 17.3205 -10 -26
      vertex 41.5692 -24 -26
      vertex 17.8201 -9.07981 -26
    endloop
  endfacet
  facet normal 0 0 1
    outer loop
      vertex 40.2562 -26.1427 -26
      vertex 16.7734 -10.8928 -26
      vertex 38.8328 -28.2137 -26
    endloop
  endfacet
  facet normal -0 0 1
    outer loop
      vertex 15.5429 -12.5864 -26
      vertex 37.303 -30.2074 -26
      vertex 16.1803 -11.7557 -26
    endloop
  endfacet
  facet normal 0 0 1
    outer loop
      vertex 35.671 -32.1183 -26
      vertex 14.8629 -13.3826 -26
      vertex 33.9411 -33.9411 -26
    endloop
  endfacet
  facet normal -0 0 1
    outer loop
      vertex 13.3826 -14.8629 -26
      vertex 32.1183 -35.671 -26
      vertex 14.1421 -14.1421 -26
    endloop
  endfacet
  facet normal -0 0 1
    outer loop
      vertex 12.5864 -15.5429 -26
      vertex 30.2074 -37.303 -26
      vertex 13.3826 -14.8629 -26
    endloop
  endfacet
  facet normal 0 0 1
    outer loop
      vertex 30.2074 -37.303 -26
      vertex 12.5864 -15.5429 -26
      vertex 28.2137 -38.8328 -26
    endloop
  endfacet
  facet normal -0 0 1
    outer loop
      vertex 11.7557 -16.1803 -26
      vertex 28.2137 -38.8328 -26
      vertex 12.5864 -15.5429 -26
    endloop
  endfacet
  facet normal 0 0 1
    outer loop
      vertex 28.2137 -38.8328 -26
      vertex 11.7557 -16.1803 -26
      vertex 26.1427 -40.2562 -26
    endloop
  endfacet
  facet normal -0 0 1
    outer loop
      vertex 10.8928 -16.7734 -26
      vertex 26.1427 -40.2562 -26
      vertex 11.7557 -16.1803 -26
    endloop
  endfacet
  facet normal 0 0 1
    outer loop
      vertex 26.1427 -40.2562 -26
      vertex 10.8928 -16.7734 -26
      vertex 24 -41.5692 -26
    endloop
  endfacet
  facet normal -0 0 1
    outer loop
      vertex 10 -17.3205 -26
      vertex 24 -41.5692 -26
      vertex 10.8928 -16.7734 -26
    endloop
  endfacet
  facet normal 0 0 1
    outer loop
      vertex 24 -41.5692 -26
      vertex 10 -17.3205 -26
      vertex 21.7915 -42.7683 -26
    endloop
  endfacet
  facet normal -0 0 1
    outer loop
      vertex 9.07981 -17.8201 -26
      vertex 21.7915 -42.7683 -26
      vertex 10 -17.3205 -26
    endloop
  endfacet
  facet normal 0 0 1
    outer loop
      vertex 21.7915 -42.7683 -26
      vertex 9.07981 -17.8201 -26
      vertex 19.5234 -43.8502 -26
    endloop
  endfacet
  facet normal -0 0 1
    outer loop
      vertex 8.13473 -18.2709 -26
      vertex 19.5234 -43.8502 -26
      vertex 9.07981 -17.8201 -26
    endloop
  endfacet
  facet normal 0 0 1
    outer loop
      vertex 19.5234 -43.8502 -26
      vertex 8.13473 -18.2709 -26
      vertex 17.2017 -44.8119 -26
    endloop
  endfacet
  facet normal -0 0 1
    outer loop
      vertex 7.16736 -18.6716 -26
      vertex 17.2017 -44.8119 -26
      vertex 8.13473 -18.2709 -26
    endloop
  endfacet
  facet normal 0 0 1
    outer loop
      vertex 17.2017 -44.8119 -26
      vertex 7.16736 -18.6716 -26
      vertex 14.8328 -45.6507 -26
    endloop
  endfacet
  facet normal -0 0 1
    outer loop
      vertex 6.18034 -19.0211 -26
      vertex 14.8328 -45.6507 -26
      vertex 7.16736 -18.6716 -26
    endloop
  endfacet
  facet normal 0 0 1
    outer loop
      vertex 14.8328 -45.6507 -26
      vertex 6.18034 -19.0211 -26
      vertex 12.4233 -46.3644 -26
    endloop
  endfacet
  facet normal -0 0 1
    outer loop
      vertex 5.17638 -19.3185 -26
      vertex 12.4233 -46.3644 -26
      vertex 6.18034 -19.0211 -26
    endloop
  endfacet
  facet normal 0 0 1
    outer loop
      vertex 12.4233 -46.3644 -26
      vertex 5.17638 -19.3185 -26
      vertex 9.97976 -46.9511 -26
    endloop
  endfacet
  facet normal -0 0 1
    outer loop
      vertex 4.15823 -19.563 -26
      vertex 9.97976 -46.9511 -26
      vertex 5.17638 -19.3185 -26
    endloop
  endfacet
  facet normal 0 0 1
    outer loop
      vertex 9.97976 -46.9511 -26
      vertex 4.15823 -19.563 -26
      vertex 7.50885 -47.409 -26
    endloop
  endfacet
  facet normal -0 0 1
    outer loop
      vertex 3.12869 -19.7538 -26
      vertex 7.50885 -47.409 -26
      vertex 4.15823 -19.563 -26
    endloop
  endfacet
  facet normal 0 0 1
    outer loop
      vertex 7.50885 -47.409 -26
      vertex 3.12869 -19.7538 -26
      vertex 5.01737 -47.737 -26
    endloop
  endfacet
  facet normal -0 0 1
    outer loop
      vertex 2.09057 -19.8904 -26
      vertex 5.01737 -47.737 -26
      vertex 3.12869 -19.7538 -26
    endloop
  endfacet
  facet normal 0 0 1
    outer loop
      vertex 5.01737 -47.737 -26
      vertex 2.09057 -19.8904 -26
      vertex 2.51213 -47.9342 -26
    endloop
  endfacet
  facet normal -0 0 1
    outer loop
      vertex 1.04672 -19.9726 -26
      vertex 2.51213 -47.9342 -26
      vertex 2.09057 -19.8904 -26
    endloop
  endfacet
  facet normal -0 0 1
    outer loop
      vertex 0 -20 -26
      vertex 2.51213 -47.9342 -26
      vertex 1.04672 -19.9726 -26
    endloop
  endfacet
  facet normal 0 0 1
    outer loop
      vertex 0 -20 -26
      vertex 0 -48 -26
      vertex 2.51213 -47.9342 -26
    endloop
  endfacet
  facet normal 0 0 1
    outer loop
      vertex -1.04672 -19.9726 -26
      vertex 0 -48 -26
      vertex 0 -20 -26
    endloop
  endfacet
  facet normal 0 0 1
    outer loop
      vertex -2.51213 -47.9342 -26
      vertex -1.04672 -19.9726 -26
      vertex -2.09057 -19.8904 -26
    endloop
  endfacet
  facet normal 0 0 1
    outer loop
      vertex -1.04672 -19.9726 -26
      vertex -2.51213 -47.9342 -26
      vertex 0 -48 -26
    endloop
  endfacet
  facet normal 0 0 1
    outer loop
      vertex -5.01737 -47.737 -26
      vertex -2.09057 -19.8904 -26
      vertex -3.12869 -19.7538 -26
    endloop
  endfacet
  facet normal 0 0 1
    outer loop
      vertex -7.50885 -47.409 -26
      vertex -3.12869 -19.7538 -26
      vertex -4.15823 -19.563 -26
    endloop
  endfacet
  facet normal 0 0 1
    outer loop
      vertex -2.09057 -19.8904 -26
      vertex -5.01737 -47.737 -26
      vertex -2.51213 -47.9342 -26
    endloop
  endfacet
  facet normal 0 0 1
    outer loop
      vertex -9.97976 -46.9511 -26
      vertex -4.15823 -19.563 -26
      vertex -5.17638 -19.3185 -26
    endloop
  endfacet
  facet normal 0 0 1
    outer loop
      vertex -12.4233 -46.3644 -26
      vertex -5.17638 -19.3185 -26
      vertex -6.18034 -19.0211 -26
    endloop
  endfacet
  facet normal 0 0 1
    outer loop
      vertex -14.8328 -45.6507 -26
      vertex -6.18034 -19.0211 -26
      vertex -7.16736 -18.6716 -26
    endloop
  endfacet
  facet normal 0 0 1
    outer loop
      vertex -3.12869 -19.7538 -26
      vertex -7.50885 -47.409 -26
      vertex -5.01737 -47.737 -26
    endloop
  endfacet
  facet normal 0 0 1
    outer loop
      vertex -17.2017 -44.8119 -26
      vertex -7.16736 -18.6716 -26
      vertex -8.13473 -18.2709 -26
    endloop
  endfacet
  facet normal 0 0 1
    outer loop
      vertex -19.5234 -43.8502 -26
      vertex -8.13473 -18.2709 -26
      vertex -9.07981 -17.8201 -26
    endloop
  endfacet
  facet normal 0 0 1
    outer loop
      vertex -4.15823 -19.563 -26
      vertex -9.97976 -46.9511 -26
      vertex -7.50885 -47.409 -26
    endloop
  endfacet
  facet normal 0 0 1
    outer loop
      vertex -21.7915 -42.7683 -26
      vertex -9.07981 -17.8201 -26
      vertex -10 -17.3205 -26
    endloop
  endfacet
  facet normal 0 0 1
    outer loop
      vertex -24 -41.5692 -26
      vertex -10 -17.3205 -26
      vertex -10.8928 -16.7734 -26
    endloop
  endfacet
  facet normal 0 0 1
    outer loop
      vertex -26.1427 -40.2562 -26
      vertex -10.8928 -16.7734 -26
      vertex -11.7557 -16.1803 -26
    endloop
  endfacet
  facet normal 0 0 1
    outer loop
      vertex -5.17638 -19.3185 -26
      vertex -12.4233 -46.3644 -26
      vertex -9.97976 -46.9511 -26
    endloop
  endfacet
  facet normal 0 0 1
    outer loop
      vertex -28.2137 -38.8328 -26
      vertex -11.7557 -16.1803 -26
      vertex -12.5864 -15.5429 -26
    endloop
  endfacet
  facet normal 0 0 1
    outer loop
      vertex -30.2074 -37.303 -26
      vertex -12.5864 -15.5429 -26
      vertex -13.3826 -14.8629 -26
    endloop
  endfacet
  facet normal 0 0 1
    outer loop
      vertex -32.1183 -35.671 -26
      vertex -13.3826 -14.8629 -26
      vertex -14.1421 -14.1421 -26
    endloop
  endfacet
  facet normal 0 0 1
    outer loop
      vertex -6.18034 -19.0211 -26
      vertex -14.8328 -45.6507 -26
      vertex -12.4233 -46.3644 -26
    endloop
  endfacet
  facet normal 0 0 1
    outer loop
      vertex -33.9411 -33.9411 -26
      vertex -14.1421 -14.1421 -26
      vertex -14.8629 -13.3826 -26
    endloop
  endfacet
  facet normal 0 0 1
    outer loop
      vertex -35.671 -32.1183 -26
      vertex -14.8629 -13.3826 -26
      vertex -15.5429 -12.5864 -26
    endloop
  endfacet
  facet normal 0 0 1
    outer loop
      vertex -37.303 -30.2074 -26
      vertex -15.5429 -12.5864 -26
      vertex -16.1803 -11.7557 -26
    endloop
  endfacet
  facet normal 0 0 1
    outer loop
      vertex -38.8328 -28.2137 -26
      vertex -16.1803 -11.7557 -26
      vertex -16.7734 -10.8928 -26
    endloop
  endfacet
  facet normal 0 0 1
    outer loop
      vertex -7.16736 -18.6716 -26
      vertex -17.2017 -44.8119 -26
      vertex -14.8328 -45.6507 -26
    endloop
  endfacet
  facet normal 0 0 1
    outer loop
      vertex -40.2562 -26.1427 -26
      vertex -16.7734 -10.8928 -26
      vertex -17.3205 -10 -26
    endloop
  endfacet
  facet normal 0 0 1
    outer loop
      vertex -41.5692 -24 -26
      vertex -17.3205 -10 -26
      vertex -17.8201 -9.07981 -26
    endloop
  endfacet
  facet normal 0 0 1
    outer loop
      vertex -42.7683 -21.7915 -26
      vertex -17.8201 -9.07981 -26
      vertex -18.2709 -8.13473 -26
    endloop
  endfacet
  facet normal 0 0 1
    outer loop
      vertex -43.8502 -19.5234 -26
      vertex -18.2709 -8.13473 -26
      vertex -18.6716 -7.16736 -26
    endloop
  endfacet
  facet normal 0 0 1
    outer loop
      vertex -44.8119 -17.2017 -26
      vertex -18.6716 -7.16736 -26
      vertex -19.0211 -6.18034 -26
    endloop
  endfacet
  facet normal 0 0 1
    outer loop
      vertex -45.6507 -14.8328 -26
      vertex -19.0211 -6.18034 -26
      vertex -19.3185 -5.17638 -26
    endloop
  endfacet
  facet normal 0 0 1
    outer loop
      vertex -8.13473 -18.2709 -26
      vertex -19.5234 -43.8502 -26
      vertex -17.2017 -44.8119 -26
    endloop
  endfacet
  facet normal 0 0 1
    outer loop
      vertex -46.3644 -12.4233 -26
      vertex -19.3185 -5.17638 -26
      vertex -19.563 -4.15823 -26
    endloop
  endfacet
  facet normal 0 0 1
    outer loop
      vertex -46.9511 -9.97976 -26
      vertex -19.563 -4.15823 -26
      vertex -19.7538 -3.12869 -26
    endloop
  endfacet
  facet normal 0 0 1
    outer loop
      vertex -47.409 -7.50885 -26
      vertex -19.7538 -3.12869 -26
      vertex -19.8904 -2.09057 -26
    endloop
  endfacet
  facet normal 0 0 1
    outer loop
      vertex -47.737 -5.01737 -26
      vertex -19.8904 -2.09057 -26
      vertex -19.9726 -1.04672 -26
    endloop
  endfacet
  facet normal 0 0 1
    outer loop
      vertex -47.9342 -2.51213 -26
      vertex -19.9726 -1.04672 -26
      vertex -20 0 -26
    endloop
  endfacet
  facet normal -0 0 1
    outer loop
      vertex -41.5692 24 -26
      vertex -17.3205 10 -26
      vertex -40.2562 26.1427 -26
    endloop
  endfacet
  facet normal 0 0 1
    outer loop
      vertex -9.07981 -17.8201 -26
      vertex -21.7915 -42.7683 -26
      vertex -19.5234 -43.8502 -26
    endloop
  endfacet
  facet normal 0 0 1
    outer loop
      vertex -17.3205 10 -26
      vertex -41.5692 24 -26
      vertex -17.8201 9.07981 -26
    endloop
  endfacet
  facet normal 0 0 1
    outer loop
      vertex -10 -17.3205 -26
      vertex -24 -41.5692 -26
      vertex -21.7915 -42.7683 -26
    endloop
  endfacet
  facet normal -0 0 1
    outer loop
      vertex -42.7683 21.7915 -26
      vertex -17.8201 9.07981 -26
      vertex -41.5692 24 -26
    endloop
  endfacet
  facet normal 0 0 1
    outer loop
      vertex -10.8928 -16.7734 -26
      vertex -26.1427 -40.2562 -26
      vertex -24 -41.5692 -26
    endloop
  endfacet
  facet normal 0 0 1
    outer loop
      vertex -17.8201 9.07981 -26
      vertex -42.7683 21.7915 -26
      vertex -18.2709 8.13473 -26
    endloop
  endfacet
  facet normal 0 0 1
    outer loop
      vertex -11.7557 -16.1803 -26
      vertex -28.2137 -38.8328 -26
      vertex -26.1427 -40.2562 -26
    endloop
  endfacet
  facet normal -0 0 1
    outer loop
      vertex -43.8502 19.5234 -26
      vertex -18.2709 8.13473 -26
      vertex -42.7683 21.7915 -26
    endloop
  endfacet
  facet normal 0 0 1
    outer loop
      vertex -12.5864 -15.5429 -26
      vertex -30.2074 -37.303 -26
      vertex -28.2137 -38.8328 -26
    endloop
  endfacet
  facet normal 0 0 1
    outer loop
      vertex -18.2709 8.13473 -26
      vertex -43.8502 19.5234 -26
      vertex -18.6716 7.16736 -26
    endloop
  endfacet
  facet normal 0 0 1
    outer loop
      vertex -13.3826 -14.8629 -26
      vertex -32.1183 -35.671 -26
      vertex -30.2074 -37.303 -26
    endloop
  endfacet
  facet normal -0 0 1
    outer loop
      vertex -44.8119 17.2017 -26
      vertex -18.6716 7.16736 -26
      vertex -43.8502 19.5234 -26
    endloop
  endfacet
  facet normal 0 0 1
    outer loop
      vertex -14.1421 -14.1421 -26
      vertex -33.9411 -33.9411 -26
      vertex -32.1183 -35.671 -26
    endloop
  endfacet
  facet normal 0 0 1
    outer loop
      vertex -18.6716 7.16736 -26
      vertex -44.8119 17.2017 -26
      vertex -19.0211 6.18034 -26
    endloop
  endfacet
  facet normal 0 0 1
    outer loop
      vertex -14.8629 -13.3826 -26
      vertex -35.671 -32.1183 -26
      vertex -33.9411 -33.9411 -26
    endloop
  endfacet
  facet normal -0 0 1
    outer loop
      vertex -45.6507 14.8328 -26
      vertex -19.0211 6.18034 -26
      vertex -44.8119 17.2017 -26
    endloop
  endfacet
  facet normal 0 0 1
    outer loop
      vertex -15.5429 -12.5864 -26
      vertex -37.303 -30.2074 -26
      vertex -35.671 -32.1183 -26
    endloop
  endfacet
  facet normal 0 0 1
    outer loop
      vertex -19.0211 6.18034 -26
      vertex -45.6507 14.8328 -26
      vertex -19.3185 5.17638 -26
    endloop
  endfacet
  facet normal 0 0 1
    outer loop
      vertex -16.1803 -11.7557 -26
      vertex -38.8328 -28.2137 -26
      vertex -37.303 -30.2074 -26
    endloop
  endfacet
  facet normal -0 0 1
    outer loop
      vertex -46.3644 12.4233 -26
      vertex -19.3185 5.17638 -26
      vertex -45.6507 14.8328 -26
    endloop
  endfacet
  facet normal 0 0 1
    outer loop
      vertex -16.7734 -10.8928 -26
      vertex -40.2562 -26.1427 -26
      vertex -38.8328 -28.2137 -26
    endloop
  endfacet
  facet normal 0 0 1
    outer loop
      vertex -19.3185 5.17638 -26
      vertex -46.3644 12.4233 -26
      vertex -19.563 4.15823 -26
    endloop
  endfacet
  facet normal 0 0 1
    outer loop
      vertex -17.3205 -10 -26
      vertex -41.5692 -24 -26
      vertex -40.2562 -26.1427 -26
    endloop
  endfacet
  facet normal -0 0 1
    outer loop
      vertex -46.9511 9.97976 -26
      vertex -19.563 4.15823 -26
      vertex -46.3644 12.4233 -26
    endloop
  endfacet
  facet normal 0 0 1
    outer loop
      vertex -17.8201 -9.07981 -26
      vertex -42.7683 -21.7915 -26
      vertex -41.5692 -24 -26
    endloop
  endfacet
  facet normal 0 0 1
    outer loop
      vertex -19.563 4.15823 -26
      vertex -46.9511 9.97976 -26
      vertex -19.7538 3.12869 -26
    endloop
  endfacet
  facet normal 0 0 1
    outer loop
      vertex -18.2709 -8.13473 -26
      vertex -43.8502 -19.5234 -26
      vertex -42.7683 -21.7915 -26
    endloop
  endfacet
  facet normal -0 0 1
    outer loop
      vertex -47.409 7.50885 -26
      vertex -19.7538 3.12869 -26
      vertex -46.9511 9.97976 -26
    endloop
  endfacet
  facet normal 0 0 1
    outer loop
      vertex -18.6716 -7.16736 -26
      vertex -44.8119 -17.2017 -26
      vertex -43.8502 -19.5234 -26
    endloop
  endfacet
  facet normal 0 0 1
    outer loop
      vertex -19.7538 3.12869 -26
      vertex -47.409 7.50885 -26
      vertex -19.8904 2.09057 -26
    endloop
  endfacet
  facet normal 0 0 1
    outer loop
      vertex -19.0211 -6.18034 -26
      vertex -45.6507 -14.8328 -26
      vertex -44.8119 -17.2017 -26
    endloop
  endfacet
  facet normal -0 0 1
    outer loop
      vertex -47.737 5.01737 -26
      vertex -19.8904 2.09057 -26
      vertex -47.409 7.50885 -26
    endloop
  endfacet
  facet normal 0 0 1
    outer loop
      vertex -19.3185 -5.17638 -26
      vertex -46.3644 -12.4233 -26
      vertex -45.6507 -14.8328 -26
    endloop
  endfacet
  facet normal 0 0 1
    outer loop
      vertex -19.8904 2.09057 -26
      vertex -47.737 5.01737 -26
      vertex -19.9726 1.04672 -26
    endloop
  endfacet
  facet normal 0 0 1
    outer loop
      vertex -19.563 -4.15823 -26
      vertex -46.9511 -9.97976 -26
      vertex -46.3644 -12.4233 -26
    endloop
  endfacet
  facet normal -0 0 1
    outer loop
      vertex -47.9342 2.51213 -26
      vertex -19.9726 1.04672 -26
      vertex -47.737 5.01737 -26
    endloop
  endfacet
  facet normal 0 0 1
    outer loop
      vertex -19.7538 -3.12869 -26
      vertex -47.409 -7.50885 -26
      vertex -46.9511 -9.97976 -26
    endloop
  endfacet
  facet normal 0 0 1
    outer loop
      vertex -19.9726 1.04672 -26
      vertex -47.9342 2.51213 -26
      vertex -20 0 -26
    endloop
  endfacet
  facet normal 0 0 1
    outer loop
      vertex -19.8904 -2.09057 -26
      vertex -47.737 -5.01737 -26
      vertex -47.409 -7.50885 -26
    endloop
  endfacet
  facet normal 0 0 1
    outer loop
      vertex -48 0 -26
      vertex -20 0 -26
      vertex -47.9342 2.51213 -26
    endloop
  endfacet
  facet normal 0 0 1
    outer loop
      vertex -19.9726 -1.04672 -26
      vertex -47.9342 -2.51213 -26
      vertex -47.737 -5.01737 -26
    endloop
  endfacet
  facet normal 0 0 1
    outer loop
      vertex -20 0 -26
      vertex -48 0 -26
      vertex -47.9342 -2.51213 -26
    endloop
  endfacet
  facet normal 0.760418 0.649434 0
    outer loop
      vertex -35.671 -32.1183 0
      vertex -37.303 -30.2074 -26
      vertex -37.303 -30.2074 0
    endloop
  endfacet
  facet normal 0.760418 0.649434 0
    outer loop
      vertex -37.303 -30.2074 -26
      vertex -35.671 -32.1183 0
      vertex -35.671 -32.1183 -26
    endloop
  endfacet
  facet normal -0.477153 0.87882 0
    outer loop
      vertex 24 -41.5692 -26
      vertex 21.7915 -42.7683 0
      vertex 24 -41.5692 0
    endloop
  endfacet
  facet normal -0.477153 0.87882 0
    outer loop
      vertex 21.7915 -42.7683 0
      vertex 24 -41.5692 -26
      vertex 21.7915 -42.7683 -26
    endloop
  endfacet
  facet normal 0.725349 -0.688381 0
    outer loop
      vertex -35.671 32.1183 0
      vertex -33.9411 33.9411 -26
      vertex -33.9411 33.9411 0
    endloop
  endfacet
  facet normal 0.725349 -0.688381 0
    outer loop
      vertex -33.9411 33.9411 -26
      vertex -35.671 32.1183 0
      vertex -35.671 32.1183 -26
    endloop
  endfacet
  facet normal 0.233467 0.972365 -0
    outer loop
      vertex -9.97976 -46.9511 -26
      vertex -12.4233 -46.3644 0
      vertex -9.97976 -46.9511 0
    endloop
  endfacet
  facet normal 0.233467 0.972365 0
    outer loop
      vertex -12.4233 -46.3644 0
      vertex -9.97976 -46.9511 -26
      vertex -12.4233 -46.3644 -26
    endloop
  endfacet
  facet normal 0.87882 0.477153 0
    outer loop
      vertex -41.5692 -24 0
      vertex -42.7683 -21.7915 -26
      vertex -42.7683 -21.7915 0
    endloop
  endfacet
  facet normal 0.87882 0.477153 0
    outer loop
      vertex -42.7683 -21.7915 -26
      vertex -41.5692 -24 0
      vertex -41.5692 -24 -26
    endloop
  endfacet
  facet normal 0.566417 0.824119 -0
    outer loop
      vertex -26.1427 -40.2562 -26
      vertex -28.2137 -38.8328 0
      vertex -26.1427 -40.2562 0
    endloop
  endfacet
  facet normal 0.566417 0.824119 0
    outer loop
      vertex -28.2137 -38.8328 0
      vertex -26.1427 -40.2562 -26
      vertex -28.2137 -38.8328 -26
    endloop
  endfacet
  facet normal 0.430534 -0.902574 0
    outer loop
      vertex -21.7915 42.7683 -26
      vertex -19.5234 43.8502 0
      vertex -21.7915 42.7683 0
    endloop
  endfacet
  facet normal 0.430534 -0.902574 0
    outer loop
      vertex -19.5234 43.8502 0
      vertex -21.7915 42.7683 -26
      vertex -19.5234 43.8502 -26
    endloop
  endfacet
  facet normal -0.688381 -0.725349 0
    outer loop
      vertex 32.1183 35.671 -26
      vertex 33.9411 33.9411 0
      vertex 32.1183 35.671 0
    endloop
  endfacet
  facet normal -0.688381 -0.725349 -0
    outer loop
      vertex 33.9411 33.9411 0
      vertex 32.1183 35.671 -26
      vertex 33.9411 33.9411 -26
    endloop
  endfacet
  facet normal -0.0261839 -0.999657 0
    outer loop
      vertex 0 48 -26
      vertex 2.51213 47.9342 0
      vertex 0 48 0
    endloop
  endfacet
  facet normal -0.0261839 -0.999657 -0
    outer loop
      vertex 2.51213 47.9342 0
      vertex 0 48 -26
      vertex 2.51213 47.9342 -26
    endloop
  endfacet
  facet normal -0.284006 -0.958823 0
    outer loop
      vertex 12.4233 46.3644 -26
      vertex 14.8328 45.6507 0
      vertex 12.4233 46.3644 0
    endloop
  endfacet
  facet normal -0.284006 -0.958823 -0
    outer loop
      vertex 14.8328 45.6507 0
      vertex 12.4233 46.3644 -26
      vertex 14.8328 45.6507 -26
    endloop
  endfacet
  facet normal 0.0784723 0.996916 -0
    outer loop
      vertex -2.51213 -47.9342 -26
      vertex -5.01737 -47.737 0
      vertex -2.51213 -47.9342 0
    endloop
  endfacet
  facet normal 0.0784723 0.996916 0
    outer loop
      vertex -5.01737 -47.737 0
      vertex -2.51213 -47.9342 -26
      vertex -5.01737 -47.737 -26
    endloop
  endfacet
  facet normal 0.522485 -0.852649 0
    outer loop
      vertex -26.1427 40.2562 -26
      vertex -24 41.5692 0
      vertex -26.1427 40.2562 0
    endloop
  endfacet
  facet normal 0.522485 -0.852649 0
    outer loop
      vertex -24 41.5692 0
      vertex -26.1427 40.2562 -26
      vertex -24 41.5692 -26
    endloop
  endfacet
  facet normal 0.793357 -0.608756 0
    outer loop
      vertex -38.8328 28.2137 0
      vertex -37.303 30.2074 -26
      vertex -37.303 30.2074 0
    endloop
  endfacet
  facet normal 0.793357 -0.608756 0
    outer loop
      vertex -37.303 30.2074 -26
      vertex -38.8328 28.2137 0
      vertex -38.8328 28.2137 -26
    endloop
  endfacet
  facet normal 0.649434 0.760418 -0
    outer loop
      vertex -30.2074 -37.303 -26
      vertex -32.1183 -35.671 0
      vertex -30.2074 -37.303 0
    endloop
  endfacet
  facet normal 0.649434 0.760418 0
    outer loop
      vertex -32.1183 -35.671 0
      vertex -30.2074 -37.303 -26
      vertex -32.1183 -35.671 -26
    endloop
  endfacet
  facet normal 0.999657 -0.0261839 0
    outer loop
      vertex -48 0 0
      vertex -47.9342 2.51213 -26
      vertex -47.9342 2.51213 0
    endloop
  endfacet
  facet normal 0.999657 -0.0261839 0
    outer loop
      vertex -47.9342 2.51213 -26
      vertex -48 0 0
      vertex -48 0 -26
    endloop
  endfacet
  facet normal 0.233467 -0.972365 0
    outer loop
      vertex -12.4233 46.3644 -26
      vertex -9.97976 46.9511 0
      vertex -12.4233 46.3644 0
    endloop
  endfacet
  facet normal 0.233467 -0.972365 0
    outer loop
      vertex -9.97976 46.9511 0
      vertex -12.4233 46.3644 -26
      vertex -9.97976 46.9511 -26
    endloop
  endfacet
  facet normal 0.983259 -0.182214 0
    outer loop
      vertex -47.409 7.50885 0
      vertex -46.9511 9.97976 -26
      vertex -46.9511 9.97976 0
    endloop
  endfacet
  facet normal 0.983259 -0.182214 0
    outer loop
      vertex -46.9511 9.97976 -26
      vertex -47.409 7.50885 0
      vertex -47.409 7.50885 -26
    endloop
  endfacet
  facet normal 0.284006 -0.958823 0
    outer loop
      vertex -14.8328 45.6507 -26
      vertex -12.4233 46.3644 0
      vertex -14.8328 45.6507 0
    endloop
  endfacet
  facet normal 0.284006 -0.958823 0
    outer loop
      vertex -12.4233 46.3644 0
      vertex -14.8328 45.6507 -26
      vertex -12.4233 46.3644 -26
    endloop
  endfacet
  facet normal 0.87882 -0.477153 0
    outer loop
      vertex -42.7683 21.7915 0
      vertex -41.5692 24 -26
      vertex -41.5692 24 0
    endloop
  endfacet
  facet normal 0.87882 -0.477153 0
    outer loop
      vertex -41.5692 24 -26
      vertex -42.7683 21.7915 0
      vertex -42.7683 21.7915 -26
    endloop
  endfacet
  facet normal 0.902574 -0.430534 0
    outer loop
      vertex -43.8502 19.5234 0
      vertex -42.7683 21.7915 -26
      vertex -42.7683 21.7915 0
    endloop
  endfacet
  facet normal 0.902574 -0.430534 0
    outer loop
      vertex -42.7683 21.7915 -26
      vertex -43.8502 19.5234 0
      vertex -43.8502 19.5234 -26
    endloop
  endfacet
  facet normal 0.284006 0.958823 -0
    outer loop
      vertex -12.4233 -46.3644 -26
      vertex -14.8328 -45.6507 0
      vertex -12.4233 -46.3644 0
    endloop
  endfacet
  facet normal 0.284006 0.958823 0
    outer loop
      vertex -14.8328 -45.6507 0
      vertex -12.4233 -46.3644 -26
      vertex -14.8328 -45.6507 -26
    endloop
  endfacet
  facet normal 0.852649 0.522485 0
    outer loop
      vertex -40.2562 -26.1427 0
      vertex -41.5692 -24 -26
      vertex -41.5692 -24 0
    endloop
  endfacet
  facet normal 0.852649 0.522485 0
    outer loop
      vertex -41.5692 -24 -26
      vertex -40.2562 -26.1427 0
      vertex -40.2562 -26.1427 -26
    endloop
  endfacet
  facet normal 0.958823 0.284006 0
    outer loop
      vertex -45.6507 -14.8328 0
      vertex -46.3644 -12.4233 -26
      vertex -46.3644 -12.4233 0
    endloop
  endfacet
  facet normal 0.958823 0.284006 0
    outer loop
      vertex -46.3644 -12.4233 -26
      vertex -45.6507 -14.8328 0
      vertex -45.6507 -14.8328 -26
    endloop
  endfacet
  facet normal 0.430534 0.902574 -0
    outer loop
      vertex -19.5234 -43.8502 -26
      vertex -21.7915 -42.7683 0
      vertex -19.5234 -43.8502 0
    endloop
  endfacet
  facet normal 0.430534 0.902574 0
    outer loop
      vertex -21.7915 -42.7683 0
      vertex -19.5234 -43.8502 -26
      vertex -21.7915 -42.7683 -26
    endloop
  endfacet
  facet normal 0.477153 -0.87882 0
    outer loop
      vertex -24 41.5692 -26
      vertex -21.7915 42.7683 0
      vertex -24 41.5692 0
    endloop
  endfacet
  facet normal 0.477153 -0.87882 0
    outer loop
      vertex -21.7915 42.7683 0
      vertex -24 41.5692 -26
      vertex -21.7915 42.7683 -26
    endloop
  endfacet
  facet normal 0 0 -1
    outer loop
      vertex 48.5 -6 -18.01
      vertex 51.5 0 -18.01
      vertex 51.4294 -2.6953 -18.01
    endloop
  endfacet
  facet normal 0 0 -1
    outer loop
      vertex 48.5 -6 -18.01
      vertex 51.4294 -2.6953 -18.01
      vertex 51.2179 -5.38321 -18.01
    endloop
  endfacet
  facet normal 0 0 -1
    outer loop
      vertex 48.5 6 -18.01
      vertex 51.5 0 -18.01
      vertex 48.5 -6 -18.01
    endloop
  endfacet
  facet normal 0 0 -1
    outer loop
      vertex 48.5 -6 -18.01
      vertex 51.2179 -5.38321 -18.01
      vertex 51.1367 -6 -18.01
    endloop
  endfacet
  facet normal 0 0 -1
    outer loop
      vertex 51.5 0 -18.01
      vertex 48.5 6 -18.01
      vertex 51.4294 2.6953 -18.01
    endloop
  endfacet
  facet normal 0 0 -1
    outer loop
      vertex 51.4294 2.6953 -18.01
      vertex 48.5 6 -18.01
      vertex 51.2179 5.38321 -18.01
    endloop
  endfacet
  facet normal 0 0 -1
    outer loop
      vertex 51.2179 5.38321 -18.01
      vertex 48.5 6 -18.01
      vertex 51.1367 6 -18.01
    endloop
  endfacet
  facet normal 0 0 1
    outer loop
      vertex 0 6 -28.01
      vertex 51.5 0 -28.01
      vertex 51.4294 2.6953 -28.01
    endloop
  endfacet
  facet normal 0 0 1
    outer loop
      vertex 0 6 -28.01
      vertex 51.4294 2.6953 -28.01
      vertex 51.2179 5.38321 -28.01
    endloop
  endfacet
  facet normal 0 0 1
    outer loop
      vertex 0 -6 -28.01
      vertex 51.5 0 -28.01
      vertex 0 6 -28.01
    endloop
  endfacet
  facet normal -0 0 1
    outer loop
      vertex 0 6 -28.01
      vertex 51.2179 5.38321 -28.01
      vertex 51.1367 6 -28.01
    endloop
  endfacet
  facet normal 0 0 1
    outer loop
      vertex 51.5 0 -28.01
      vertex 0 -6 -28.01
      vertex 51.4294 -2.6953 -28.01
    endloop
  endfacet
  facet normal 0 0 1
    outer loop
      vertex 51.4294 -2.6953 -28.01
      vertex 0 -6 -28.01
      vertex 51.2179 -5.38321 -28.01
    endloop
  endfacet
  facet normal 0 0 1
    outer loop
      vertex 51.2179 -5.38321 -28.01
      vertex 0 -6 -28.01
      vertex 51.1367 -6 -28.01
    endloop
  endfacet
  facet normal 1 -0 0
    outer loop
      vertex 0 -6 -26.01
      vertex 0 6 -28.01
      vertex 0 6 -26.01
    endloop
  endfacet
  facet normal 1 0 0
    outer loop
      vertex 0 6 -28.01
      vertex 0 -6 -26.01
      vertex 0 -6 -28.01
    endloop
  endfacet
  facet normal 0 -1 0
    outer loop
      vertex 0 6 -26.01
      vertex 0 6 -28.01
      vertex 19.0745 6 -26.01
    endloop
  endfacet
  facet normal 0 -1 0
    outer loop
      vertex 19.0745 6 -26
      vertex 19.0745 6 -26.01
      vertex 47.6077 6 -26
    endloop
  endfacet
  facet normal 0 -1 0
    outer loop
      vertex 47.6077 6 -20
      vertex 47.6077 6 -26
      vertex 48.5 6 -20
    endloop
  endfacet
  facet normal 0 -1 0
    outer loop
      vertex 48.5 6 -20
      vertex 51.1367 6 -18.01
      vertex 48.5 6 -18.01
    endloop
  endfacet
  facet normal 0 -1 0
    outer loop
      vertex 51.1367 6 -28.01
      vertex 48.5 6 -20
      vertex 47.6077 6 -26
    endloop
  endfacet
  facet normal 0 -1 0
    outer loop
      vertex 51.1367 6 -28.01
      vertex 19.0745 6 -26.01
      vertex 0 6 -28.01
    endloop
  endfacet
  facet normal 0 -1 0
    outer loop
      vertex 48.5 6 -20
      vertex 51.1367 6 -28.01
      vertex 51.1367 6 -18.01
    endloop
  endfacet
  facet normal 0 -1 0
    outer loop
      vertex 19.0745 6 -26.01
      vertex 51.1367 6 -28.01
      vertex 47.6077 6 -26
    endloop
  endfacet
  facet normal 0 1 0
    outer loop
      vertex 51.1367 -6 -18.01
      vertex 48.5 -6 -20
      vertex 48.5 -6 -18.01
    endloop
  endfacet
  facet normal 0 1 0
    outer loop
      vertex 48.5 -6 -20
      vertex 47.6077 -6 -26
      vertex 47.6077 -6 -20
    endloop
  endfacet
  facet normal 0 1 -0
    outer loop
      vertex 51.1367 -6 -28.01
      vertex 48.5 -6 -20
      vertex 51.1367 -6 -18.01
    endloop
  endfacet
  facet normal 0 1 0
    outer loop
      vertex 47.6077 -6 -26
      vertex 19.0745 -6 -26.01
      vertex 19.0745 -6 -26
    endloop
  endfacet
  facet normal 0 1 0
    outer loop
      vertex 48.5 -6 -20
      vertex 51.1367 -6 -28.01
      vertex 47.6077 -6 -26
    endloop
  endfacet
  facet normal 0 1 0
    outer loop
      vertex 51.1367 -6 -28.01
      vertex 19.0745 -6 -26.01
      vertex 47.6077 -6 -26
    endloop
  endfacet
  facet normal 0 1 0
    outer loop
      vertex 0 -6 -28.01
      vertex 19.0745 -6 -26.01
      vertex 51.1367 -6 -28.01
    endloop
  endfacet
  facet normal 0 1 0
    outer loop
      vertex 19.0745 -6 -26.01
      vertex 0 -6 -28.01
      vertex 0 -6 -26.01
    endloop
  endfacet
  facet normal -1 0 0
    outer loop
      vertex 48.5 -6 -20
      vertex 48.5 -7 -20
      vertex 48.5 -6 -18.01
    endloop
  endfacet
  facet normal -1 0 0
    outer loop
      vertex 48.5 6 -18.01
      vertex 48.5 7 -20
      vertex 48.5 6 -20
    endloop
  endfacet
  facet normal -1 0 0
    outer loop
      vertex 48.5 7 -20
      vertex 48.5 6 -18.01
      vertex 48.5 7 -12
    endloop
  endfacet
  facet normal -1 0 0
    outer loop
      vertex 48.5 -6 -18.01
      vertex 48.5 7 -12
      vertex 48.5 6 -18.01
    endloop
  endfacet
  facet normal -1 0 0
    outer loop
      vertex 48.5 -6 -18.01
      vertex 48.5 -7 -12
      vertex 48.5 7 -12
    endloop
  endfacet
  facet normal -1 0 0
    outer loop
      vertex 48.5 -7 -12
      vertex 48.5 -6 -18.01
      vertex 48.5 -7 -20
    endloop
  endfacet
  facet normal 0 0 -1
    outer loop
      vertex 48.5 -7 -12
      vertex 48 0 -12
      vertex 48.5 7 -12
    endloop
  endfacet
  facet normal 0 0 -1
    outer loop
      vertex 48.5 -7 -12
      vertex 47.9342 -2.51213 -12
      vertex 48 0 -12
    endloop
  endfacet
  facet normal 0 0 -1
    outer loop
      vertex 48.5 -7 -12
      vertex 47.737 -5.01737 -12
      vertex 47.9342 -2.51213 -12
    endloop
  endfacet
  facet normal 0 -0 -1
    outer loop
      vertex 47.737 -5.01737 -12
      vertex 48.5 -7 -12
      vertex 47.476 -7 -12
    endloop
  endfacet
  facet normal 0 0 -1
    outer loop
      vertex 47.9342 2.51213 -12
      vertex 48.5 7 -12
      vertex 48 0 -12
    endloop
  endfacet
  facet normal 0 0 -1
    outer loop
      vertex 47.737 5.01737 -12
      vertex 48.5 7 -12
      vertex 47.9342 2.51213 -12
    endloop
  endfacet
  facet normal -0 0 -1
    outer loop
      vertex 48.5 7 -12
      vertex 47.737 5.01737 -12
      vertex 47.476 7 -12
    endloop
  endfacet
  facet normal 0 0 1
    outer loop
      vertex 48.5 7 -20
      vertex 47.6077 6 -20
      vertex 48.5 6 -20
    endloop
  endfacet
  facet normal 0 -0 1
    outer loop
      vertex 47.6077 6 -20
      vertex 48.5 7 -20
      vertex 47.476 7 -20
    endloop
  endfacet
  facet normal -0 0 1
    outer loop
      vertex 47.6077 -6 -20
      vertex 48.5 -7 -20
      vertex 48.5 -6 -20
    endloop
  endfacet
  facet normal 0 0 1
    outer loop
      vertex 48.5 -7 -20
      vertex 47.6077 -6 -20
      vertex 47.476 -7 -20
    endloop
  endfacet
  facet normal 0 -1 0
    outer loop
      vertex 47.476 7 -20
      vertex 48.5 7 -12
      vertex 47.476 7 -12
    endloop
  endfacet
  facet normal 0 -1 -0
    outer loop
      vertex 48.5 7 -12
      vertex 47.476 7 -20
      vertex 48.5 7 -20
    endloop
  endfacet
  facet normal 0 1 -0
    outer loop
      vertex 48.5 -7 -20
      vertex 47.476 -7 -12
      vertex 48.5 -7 -12
    endloop
  endfacet
  facet normal 0 1 0
    outer loop
      vertex 47.476 -7 -12
      vertex 48.5 -7 -20
      vertex 47.476 -7 -20
    endloop
  endfacet
  facet normal -0.0785039 0.996914 0
    outer loop
      vertex -1.04672 19.9726 -26
      vertex -2.09057 19.8904 -12.01
      vertex -1.04672 19.9726 -12.01
    endloop
  endfacet
  facet normal -0.0785039 0.996914 0
    outer loop
      vertex -2.09057 19.8904 -12.01
      vertex -1.04672 19.9726 -26
      vertex -2.09057 19.8904 -26
    endloop
  endfacet
  facet normal 0.996914 0.0785039 0
    outer loop
      vertex 19.9726 1.04672 -12.01
      vertex 19.8904 2.09057 -26.01
      vertex 19.8904 2.09057 -12.01
    endloop
  endfacet
  facet normal 0.996914 0.0785039 0
    outer loop
      vertex 19.8904 2.09057 -26.01
      vertex 19.9726 1.04672 -12.01
      vertex 19.9726 1.04672 -26.01
    endloop
  endfacet
  facet normal 0.999658 0.026168 0
    outer loop
      vertex 20 0 -12.01
      vertex 19.9726 1.04672 -26.01
      vertex 19.9726 1.04672 -12.01
    endloop
  endfacet
  facet normal 0.999658 0.026168 0
    outer loop
      vertex 19.9726 1.04672 -26.01
      vertex 20 0 -12.01
      vertex 20 0 -26.01
    endloop
  endfacet
  facet normal 0.991454 0.130459 0
    outer loop
      vertex 19.8904 2.09057 -12.01
      vertex 19.7538 3.12869 -26.01
      vertex 19.7538 3.12869 -12.01
    endloop
  endfacet
  facet normal 0.991454 0.130459 0
    outer loop
      vertex 19.7538 3.12869 -26.01
      vertex 19.8904 2.09057 -12.01
      vertex 19.8904 2.09057 -26.01
    endloop
  endfacet
  facet normal 0.942648 0.333788 0
    outer loop
      vertex 19.0211 6.18034 -12.01
      vertex 18.6716 7.16736 -26
      vertex 18.6716 7.16736 -12.01
    endloop
  endfacet
  facet normal 0.942648 0.333788 0
    outer loop
      vertex 18.6716 7.16736 -26
      vertex 19.0211 6.18034 -12.01
      vertex 19.0211 6.18034 -26
    endloop
  endfacet
  facet normal -0.996914 0.0785039 0
    outer loop
      vertex -19.9726 1.04672 -26
      vertex -19.8904 2.09057 -12.01
      vertex -19.8904 2.09057 -26
    endloop
  endfacet
  facet normal -0.996914 0.0785039 0
    outer loop
      vertex -19.8904 2.09057 -12.01
      vertex -19.9726 1.04672 -26
      vertex -19.9726 1.04672 -12.01
    endloop
  endfacet
  facet normal 0.0785039 -0.996914 0
    outer loop
      vertex 1.04672 -19.9726 -26
      vertex 2.09057 -19.8904 -12.01
      vertex 1.04672 -19.9726 -12.01
    endloop
  endfacet
  facet normal 0.0785039 -0.996914 0
    outer loop
      vertex 2.09057 -19.8904 -12.01
      vertex 1.04672 -19.9726 -26
      vertex 2.09057 -19.8904 -26
    endloop
  endfacet
  facet normal -0.852644 0.522493 0
    outer loop
      vertex -17.3205 10 -26
      vertex -16.7734 10.8928 -12.01
      vertex -16.7734 10.8928 -26
    endloop
  endfacet
  facet normal -0.852644 0.522493 0
    outer loop
      vertex -16.7734 10.8928 -12.01
      vertex -17.3205 10 -26
      vertex -17.3205 10 -12.01
    endloop
  endfacet
  facet normal 0.972356 -0.233503 0
    outer loop
      vertex 19.3185 -5.17638 -12.01
      vertex 19.563 -4.15823 -26.01
      vertex 19.563 -4.15823 -12.01
    endloop
  endfacet
  facet normal 0.972356 -0.233503 0
    outer loop
      vertex 19.563 -4.15823 -26.01
      vertex 19.3185 -5.17638 -12.01
      vertex 19.3185 -5.17638 -26.01
    endloop
  endfacet
  facet normal 0.999658 -0.026168 0
    outer loop
      vertex 19.9726 -1.04672 -12.01
      vertex 20 0 -26.01
      vertex 20 0 -12.01
    endloop
  endfacet
  facet normal 0.999658 -0.026168 0
    outer loop
      vertex 20 0 -26.01
      vertex 19.9726 -1.04672 -12.01
      vertex 19.9726 -1.04672 -26.01
    endloop
  endfacet
  facet normal 0.477142 -0.878826 0
    outer loop
      vertex 9.07981 -17.8201 -26
      vertex 10 -17.3205 -12.01
      vertex 9.07981 -17.8201 -12.01
    endloop
  endfacet
  facet normal 0.477142 -0.878826 0
    outer loop
      vertex 10 -17.3205 -12.01
      vertex 9.07981 -17.8201 -26
      vertex 10 -17.3205 -26
    endloop
  endfacet
  facet normal -0.566436 -0.824106 0
    outer loop
      vertex -11.7557 -16.1803 -26
      vertex -10.8928 -16.7734 -12.01
      vertex -11.7557 -16.1803 -12.01
    endloop
  endfacet
  facet normal -0.566436 -0.824106 -0
    outer loop
      vertex -10.8928 -16.7734 -12.01
      vertex -11.7557 -16.1803 -26
      vertex -10.8928 -16.7734 -26
    endloop
  endfacet
  facet normal 0.430527 0.902578 -0
    outer loop
      vertex 9.07981 17.8201 -26
      vertex 8.13473 18.2709 -12.01
      vertex 9.07981 17.8201 -12.01
    endloop
  endfacet
  facet normal 0.430527 0.902578 0
    outer loop
      vertex 8.13473 18.2709 -12.01
      vertex 9.07981 17.8201 -26
      vertex 8.13473 18.2709 -26
    endloop
  endfacet
  facet normal 0.0785039 0.996914 -0
    outer loop
      vertex 2.09057 19.8904 -26
      vertex 1.04672 19.9726 -12.01
      vertex 2.09057 19.8904 -12.01
    endloop
  endfacet
  facet normal 0.0785039 0.996914 0
    outer loop
      vertex 1.04672 19.9726 -12.01
      vertex 2.09057 19.8904 -26
      vertex 1.04672 19.9726 -26
    endloop
  endfacet
  facet normal 0.566436 0.824106 -0
    outer loop
      vertex 11.7557 16.1803 -26
      vertex 10.8928 16.7734 -12.01
      vertex 11.7557 16.1803 -12.01
    endloop
  endfacet
  facet normal 0.566436 0.824106 0
    outer loop
      vertex 10.8928 16.7734 -12.01
      vertex 11.7557 16.1803 -26
      vertex 10.8928 16.7734 -26
    endloop
  endfacet
  facet normal 0.60875 0.793362 -0
    outer loop
      vertex 12.5864 15.5429 -26
      vertex 11.7557 16.1803 -12.01
      vertex 12.5864 15.5429 -12.01
    endloop
  endfacet
  facet normal 0.60875 0.793362 0
    outer loop
      vertex 11.7557 16.1803 -12.01
      vertex 12.5864 15.5429 -26
      vertex 11.7557 16.1803 -26
    endloop
  endfacet
  facet normal -0.430527 -0.902578 0
    outer loop
      vertex -9.07981 -17.8201 -26
      vertex -8.13473 -18.2709 -12.01
      vertex -9.07981 -17.8201 -12.01
    endloop
  endfacet
  facet normal -0.430527 -0.902578 -0
    outer loop
      vertex -8.13473 -18.2709 -12.01
      vertex -9.07981 -17.8201 -26
      vertex -8.13473 -18.2709 -26
    endloop
  endfacet
  facet normal 0.333788 0.942648 -0
    outer loop
      vertex 7.16736 18.6716 -26
      vertex 6.18034 19.0211 -12.01
      vertex 7.16736 18.6716 -12.01
    endloop
  endfacet
  facet normal 0.333788 0.942648 0
    outer loop
      vertex 6.18034 19.0211 -12.01
      vertex 7.16736 18.6716 -26
      vertex 6.18034 19.0211 -26
    endloop
  endfacet
  facet normal 0.793362 -0.60875 0
    outer loop
      vertex 15.5429 -12.5864 -12.01
      vertex 16.1803 -11.7557 -26
      vertex 16.1803 -11.7557 -12.01
    endloop
  endfacet
  facet normal 0.793362 -0.60875 0
    outer loop
      vertex 16.1803 -11.7557 -26
      vertex 15.5429 -12.5864 -12.01
      vertex 15.5429 -12.5864 -26
    endloop
  endfacet
  facet normal 0.958847 0.283922 0
    outer loop
      vertex 19.0211 6.18034 -12.01
      vertex 19.0745 6 -26
      vertex 19.0211 6.18034 -26
    endloop
  endfacet
  facet normal 0.958816 0.284027 -1.47808e-06
    outer loop
      vertex 19.3185 5.17638 -12.01
      vertex 19.0745 6 -26
      vertex 19.0211 6.18034 -12.01
    endloop
  endfacet
  facet normal 0.958809 0.28405 -0
    outer loop
      vertex 19.3185 5.17638 -26.01
      vertex 19.0745 6 -26
      vertex 19.3185 5.17638 -12.01
    endloop
  endfacet
  facet normal 0.958809 0.28405 0
    outer loop
      vertex 19.0745 6 -26
      vertex 19.3185 5.17638 -26.01
      vertex 19.0745 6 -26.01
    endloop
  endfacet
  facet normal -0.382685 -0.923879 0
    outer loop
      vertex -8.13473 -18.2709 -26
      vertex -7.16736 -18.6716 -12.01
      vertex -8.13473 -18.2709 -12.01
    endloop
  endfacet
  facet normal -0.382685 -0.923879 -0
    outer loop
      vertex -7.16736 -18.6716 -12.01
      vertex -8.13473 -18.2709 -26
      vertex -7.16736 -18.6716 -26
    endloop
  endfacet
  facet normal 0.182223 0.983257 -0
    outer loop
      vertex 4.15823 19.563 -26
      vertex 3.12869 19.7538 -12.01
      vertex 4.15823 19.563 -12.01
    endloop
  endfacet
  facet normal 0.182223 0.983257 0
    outer loop
      vertex 3.12869 19.7538 -12.01
      vertex 4.15823 19.563 -26
      vertex 3.12869 19.7538 -26
    endloop
  endfacet
  facet normal 0.760415 -0.649438 0
    outer loop
      vertex 14.8629 -13.3826 -12.01
      vertex 15.5429 -12.5864 -26
      vertex 15.5429 -12.5864 -12.01
    endloop
  endfacet
  facet normal 0.760415 -0.649438 0
    outer loop
      vertex 15.5429 -12.5864 -26
      vertex 14.8629 -13.3826 -12.01
      vertex 14.8629 -13.3826 -26
    endloop
  endfacet
  facet normal -0.60875 0.793362 0
    outer loop
      vertex -11.7557 16.1803 -26
      vertex -12.5864 15.5429 -12.01
      vertex -11.7557 16.1803 -12.01
    endloop
  endfacet
  facet normal -0.60875 0.793362 0
    outer loop
      vertex -12.5864 15.5429 -12.01
      vertex -11.7557 16.1803 -26
      vertex -12.5864 15.5429 -26
    endloop
  endfacet
  facet normal 0.688385 0.725345 -0
    outer loop
      vertex 14.1421 14.1421 -26
      vertex 13.3826 14.8629 -12.01
      vertex 14.1421 14.1421 -12.01
    endloop
  endfacet
  facet normal 0.688385 0.725345 0
    outer loop
      vertex 13.3826 14.8629 -12.01
      vertex 14.1421 14.1421 -26
      vertex 13.3826 14.8629 -26
    endloop
  endfacet
  facet normal 0.942648 -0.333788 0
    outer loop
      vertex 18.6716 -7.16736 -12.01
      vertex 19.0211 -6.18034 -26
      vertex 19.0211 -6.18034 -12.01
    endloop
  endfacet
  facet normal 0.942648 -0.333788 0
    outer loop
      vertex 19.0211 -6.18034 -26
      vertex 18.6716 -7.16736 -12.01
      vertex 18.6716 -7.16736 -26
    endloop
  endfacet
  facet normal 0.284027 -0.958816 0
    outer loop
      vertex 5.17638 -19.3185 -26
      vertex 6.18034 -19.0211 -12.01
      vertex 5.17638 -19.3185 -12.01
    endloop
  endfacet
  facet normal 0.284027 -0.958816 0
    outer loop
      vertex 6.18034 -19.0211 -12.01
      vertex 5.17638 -19.3185 -26
      vertex 6.18034 -19.0211 -26
    endloop
  endfacet
  facet normal 0.182223 -0.983257 0
    outer loop
      vertex 3.12869 -19.7538 -26
      vertex 4.15823 -19.563 -12.01
      vertex 3.12869 -19.7538 -12.01
    endloop
  endfacet
  facet normal 0.182223 -0.983257 0
    outer loop
      vertex 4.15823 -19.563 -12.01
      vertex 3.12869 -19.7538 -26
      vertex 4.15823 -19.563 -26
    endloop
  endfacet
  facet normal -0.958816 0.284027 0
    outer loop
      vertex -19.3185 5.17638 -26
      vertex -19.0211 6.18034 -12.01
      vertex -19.0211 6.18034 -26
    endloop
  endfacet
  facet normal -0.958816 0.284027 0
    outer loop
      vertex -19.0211 6.18034 -12.01
      vertex -19.3185 5.17638 -26
      vertex -19.3185 5.17638 -12.01
    endloop
  endfacet
  facet normal -0.130459 -0.991454 0
    outer loop
      vertex -3.12869 -19.7538 -26
      vertex -2.09057 -19.8904 -12.01
      vertex -3.12869 -19.7538 -12.01
    endloop
  endfacet
  facet normal -0.130459 -0.991454 -0
    outer loop
      vertex -2.09057 -19.8904 -12.01
      vertex -3.12869 -19.7538 -26
      vertex -2.09057 -19.8904 -26
    endloop
  endfacet
  facet normal 0.852644 0.522493 0
    outer loop
      vertex 17.3205 10 -12.01
      vertex 16.7734 10.8928 -26
      vertex 16.7734 10.8928 -12.01
    endloop
  endfacet
  facet normal 0.852644 0.522493 0
    outer loop
      vertex 16.7734 10.8928 -26
      vertex 17.3205 10 -12.01
      vertex 17.3205 10 -26
    endloop
  endfacet
  facet normal -0.999658 0.026168 0
    outer loop
      vertex -20 0 -26
      vertex -19.9726 1.04672 -12.01
      vertex -19.9726 1.04672 -26
    endloop
  endfacet
  facet normal -0.999658 0.026168 0
    outer loop
      vertex -19.9726 1.04672 -12.01
      vertex -20 0 -26
      vertex -20 0 -12.01
    endloop
  endfacet
  facet normal 0.958809 -0.28405 0
    outer loop
      vertex 19.3185 -5.17638 -12.01
      vertex 19.0745 -6 -26
      vertex 19.3185 -5.17638 -26.01
    endloop
  endfacet
  facet normal 0.958816 -0.284027 -1.47808e-06
    outer loop
      vertex 19.0211 -6.18034 -12.01
      vertex 19.0745 -6 -26
      vertex 19.3185 -5.17638 -12.01
    endloop
  endfacet
  facet normal 0.958847 -0.283922 0
    outer loop
      vertex 19.0745 -6 -26
      vertex 19.0211 -6.18034 -12.01
      vertex 19.0211 -6.18034 -26
    endloop
  endfacet
  facet normal 0.958809 -0.28405 0
    outer loop
      vertex 19.3185 -5.17638 -26.01
      vertex 19.0745 -6 -26
      vertex 19.0745 -6 -26.01
    endloop
  endfacet
  facet normal -0.026168 0.999658 0
    outer loop
      vertex 0 20 -26
      vertex -1.04672 19.9726 -12.01
      vertex 0 20 -12.01
    endloop
  endfacet
  facet normal -0.026168 0.999658 0
    outer loop
      vertex -1.04672 19.9726 -12.01
      vertex 0 20 -26
      vertex -1.04672 19.9726 -26
    endloop
  endfacet
  facet normal 0.793362 0.60875 0
    outer loop
      vertex 16.1803 11.7557 -12.01
      vertex 15.5429 12.5864 -26
      vertex 15.5429 12.5864 -12.01
    endloop
  endfacet
  facet normal 0.793362 0.60875 0
    outer loop
      vertex 15.5429 12.5864 -26
      vertex 16.1803 11.7557 -12.01
      vertex 16.1803 11.7557 -26
    endloop
  endfacet
  facet normal 0.725345 0.688385 0
    outer loop
      vertex 14.8629 13.3826 -12.01
      vertex 14.1421 14.1421 -26
      vertex 14.1421 14.1421 -12.01
    endloop
  endfacet
  facet normal 0.725345 0.688385 0
    outer loop
      vertex 14.1421 14.1421 -26
      vertex 14.8629 13.3826 -12.01
      vertex 14.8629 13.3826 -26
    endloop
  endfacet
  facet normal 0.688385 -0.725345 0
    outer loop
      vertex 13.3826 -14.8629 -26
      vertex 14.1421 -14.1421 -12.01
      vertex 13.3826 -14.8629 -12.01
    endloop
  endfacet
  facet normal 0.688385 -0.725345 0
    outer loop
      vertex 14.1421 -14.1421 -12.01
      vertex 13.3826 -14.8629 -26
      vertex 14.1421 -14.1421 -26
    endloop
  endfacet
  facet normal 0.991454 -0.130459 0
    outer loop
      vertex 19.7538 -3.12869 -12.01
      vertex 19.8904 -2.09057 -26.01
      vertex 19.8904 -2.09057 -12.01
    endloop
  endfacet
  facet normal 0.991454 -0.130459 0
    outer loop
      vertex 19.8904 -2.09057 -26.01
      vertex 19.7538 -3.12869 -12.01
      vertex 19.7538 -3.12869 -26.01
    endloop
  endfacet
  facet normal 0.333788 -0.942648 0
    outer loop
      vertex 6.18034 -19.0211 -26
      vertex 7.16736 -18.6716 -12.01
      vertex 6.18034 -19.0211 -12.01
    endloop
  endfacet
  facet normal 0.333788 -0.942648 0
    outer loop
      vertex 7.16736 -18.6716 -12.01
      vertex 6.18034 -19.0211 -26
      vertex 7.16736 -18.6716 -26
    endloop
  endfacet
  facet normal -0.996914 -0.0785039 0
    outer loop
      vertex -19.8904 -2.09057 -26
      vertex -19.9726 -1.04672 -12.01
      vertex -19.9726 -1.04672 -26
    endloop
  endfacet
  facet normal -0.996914 -0.0785039 0
    outer loop
      vertex -19.9726 -1.04672 -12.01
      vertex -19.8904 -2.09057 -26
      vertex -19.8904 -2.09057 -12.01
    endloop
  endfacet
  facet normal 0.026168 -0.999658 0
    outer loop
      vertex 0 -20 -26
      vertex 1.04672 -19.9726 -12.01
      vertex 0 -20 -12.01
    endloop
  endfacet
  facet normal 0.026168 -0.999658 0
    outer loop
      vertex 1.04672 -19.9726 -12.01
      vertex 0 -20 -26
      vertex 1.04672 -19.9726 -26
    endloop
  endfacet
  facet normal 0.996914 -0.0785039 0
    outer loop
      vertex 19.8904 -2.09057 -12.01
      vertex 19.9726 -1.04672 -26.01
      vertex 19.9726 -1.04672 -12.01
    endloop
  endfacet
  facet normal 0.996914 -0.0785039 0
    outer loop
      vertex 19.9726 -1.04672 -26.01
      vertex 19.8904 -2.09057 -12.01
      vertex 19.8904 -2.09057 -26.01
    endloop
  endfacet
  facet normal 0.130459 0.991454 -0
    outer loop
      vertex 3.12869 19.7538 -26
      vertex 2.09057 19.8904 -12.01
      vertex 3.12869 19.7538 -12.01
    endloop
  endfacet
  facet normal 0.130459 0.991454 0
    outer loop
      vertex 2.09057 19.8904 -12.01
      vertex 3.12869 19.7538 -26
      vertex 2.09057 19.8904 -26
    endloop
  endfacet
  facet normal 0.878826 0.477142 0
    outer loop
      vertex 17.8201 9.07981 -12.01
      vertex 17.3205 10 -26
      vertex 17.3205 10 -12.01
    endloop
  endfacet
  facet normal 0.878826 0.477142 0
    outer loop
      vertex 17.3205 10 -26
      vertex 17.8201 9.07981 -12.01
      vertex 17.8201 9.07981 -26
    endloop
  endfacet
  facet normal -0.649438 -0.760415 0
    outer loop
      vertex -13.3826 -14.8629 -26
      vertex -12.5864 -15.5429 -12.01
      vertex -13.3826 -14.8629 -12.01
    endloop
  endfacet
  facet normal -0.649438 -0.760415 -0
    outer loop
      vertex -12.5864 -15.5429 -12.01
      vertex -13.3826 -14.8629 -26
      vertex -12.5864 -15.5429 -26
    endloop
  endfacet
  facet normal -0.026168 -0.999658 0
    outer loop
      vertex -1.04672 -19.9726 -26
      vertex 0 -20 -12.01
      vertex -1.04672 -19.9726 -12.01
    endloop
  endfacet
  facet normal -0.026168 -0.999658 -0
    outer loop
      vertex 0 -20 -12.01
      vertex -1.04672 -19.9726 -26
      vertex 0 -20 -26
    endloop
  endfacet
  facet normal 0.649438 0.760415 -0
    outer loop
      vertex 13.3826 14.8629 -26
      vertex 12.5864 15.5429 -12.01
      vertex 13.3826 14.8629 -12.01
    endloop
  endfacet
  facet normal 0.649438 0.760415 0
    outer loop
      vertex 12.5864 15.5429 -12.01
      vertex 13.3826 14.8629 -26
      vertex 12.5864 15.5429 -26
    endloop
  endfacet
  facet normal -0.760415 0.649438 0
    outer loop
      vertex -15.5429 12.5864 -26
      vertex -14.8629 13.3826 -12.01
      vertex -14.8629 13.3826 -26
    endloop
  endfacet
  facet normal -0.760415 0.649438 0
    outer loop
      vertex -14.8629 13.3826 -12.01
      vertex -15.5429 12.5864 -26
      vertex -15.5429 12.5864 -12.01
    endloop
  endfacet
  facet normal -0.522493 0.852644 0
    outer loop
      vertex -10 17.3205 -26
      vertex -10.8928 16.7734 -12.01
      vertex -10 17.3205 -12.01
    endloop
  endfacet
  facet normal -0.522493 0.852644 0
    outer loop
      vertex -10.8928 16.7734 -12.01
      vertex -10 17.3205 -26
      vertex -10.8928 16.7734 -26
    endloop
  endfacet
  facet normal -0.824106 -0.566436 0
    outer loop
      vertex -16.1803 -11.7557 -26
      vertex -16.7734 -10.8928 -12.01
      vertex -16.7734 -10.8928 -26
    endloop
  endfacet
  facet normal -0.824106 -0.566436 0
    outer loop
      vertex -16.7734 -10.8928 -12.01
      vertex -16.1803 -11.7557 -26
      vertex -16.1803 -11.7557 -12.01
    endloop
  endfacet
  facet normal -0.649438 0.760415 0
    outer loop
      vertex -12.5864 15.5429 -26
      vertex -13.3826 14.8629 -12.01
      vertex -12.5864 15.5429 -12.01
    endloop
  endfacet
  facet normal -0.649438 0.760415 0
    outer loop
      vertex -13.3826 14.8629 -12.01
      vertex -12.5864 15.5429 -26
      vertex -13.3826 14.8629 -26
    endloop
  endfacet
  facet normal -0.902578 0.430527 0
    outer loop
      vertex -18.2709 8.13473 -26
      vertex -17.8201 9.07981 -12.01
      vertex -17.8201 9.07981 -26
    endloop
  endfacet
  facet normal -0.902578 0.430527 0
    outer loop
      vertex -17.8201 9.07981 -12.01
      vertex -18.2709 8.13473 -26
      vertex -18.2709 8.13473 -12.01
    endloop
  endfacet
  facet normal 0.824106 -0.566436 0
    outer loop
      vertex 16.1803 -11.7557 -12.01
      vertex 16.7734 -10.8928 -26
      vertex 16.7734 -10.8928 -12.01
    endloop
  endfacet
  facet normal 0.824106 -0.566436 0
    outer loop
      vertex 16.7734 -10.8928 -26
      vertex 16.1803 -11.7557 -12.01
      vertex 16.1803 -11.7557 -26
    endloop
  endfacet
  facet normal -0.0785039 -0.996914 0
    outer loop
      vertex -2.09057 -19.8904 -26
      vertex -1.04672 -19.9726 -12.01
      vertex -2.09057 -19.8904 -12.01
    endloop
  endfacet
  facet normal -0.0785039 -0.996914 -0
    outer loop
      vertex -1.04672 -19.9726 -12.01
      vertex -2.09057 -19.8904 -26
      vertex -1.04672 -19.9726 -26
    endloop
  endfacet
  facet normal -0.725345 -0.688385 0
    outer loop
      vertex -14.1421 -14.1421 -26
      vertex -14.8629 -13.3826 -12.01
      vertex -14.8629 -13.3826 -26
    endloop
  endfacet
  facet normal -0.725345 -0.688385 0
    outer loop
      vertex -14.8629 -13.3826 -12.01
      vertex -14.1421 -14.1421 -26
      vertex -14.1421 -14.1421 -12.01
    endloop
  endfacet
  facet normal 0.923879 -0.382685 0
    outer loop
      vertex 18.2709 -8.13473 -12.01
      vertex 18.6716 -7.16736 -26
      vertex 18.6716 -7.16736 -12.01
    endloop
  endfacet
  facet normal 0.923879 -0.382685 0
    outer loop
      vertex 18.6716 -7.16736 -26
      vertex 18.2709 -8.13473 -12.01
      vertex 18.2709 -8.13473 -26
    endloop
  endfacet
  facet normal 0.824106 0.566436 0
    outer loop
      vertex 16.7734 10.8928 -12.01
      vertex 16.1803 11.7557 -26
      vertex 16.1803 11.7557 -12.01
    endloop
  endfacet
  facet normal 0.824106 0.566436 0
    outer loop
      vertex 16.1803 11.7557 -26
      vertex 16.7734 10.8928 -12.01
      vertex 16.7734 10.8928 -26
    endloop
  endfacet
  facet normal -0.999658 -0.026168 0
    outer loop
      vertex -19.9726 -1.04672 -26
      vertex -20 0 -12.01
      vertex -20 0 -26
    endloop
  endfacet
  facet normal -0.999658 -0.026168 0
    outer loop
      vertex -20 0 -12.01
      vertex -19.9726 -1.04672 -26
      vertex -19.9726 -1.04672 -12.01
    endloop
  endfacet
  facet normal 0.852644 -0.522493 0
    outer loop
      vertex 16.7734 -10.8928 -12.01
      vertex 17.3205 -10 -26
      vertex 17.3205 -10 -12.01
    endloop
  endfacet
  facet normal 0.852644 -0.522493 0
    outer loop
      vertex 17.3205 -10 -26
      vertex 16.7734 -10.8928 -12.01
      vertex 16.7734 -10.8928 -26
    endloop
  endfacet
  facet normal 0.923879 0.382685 0
    outer loop
      vertex 18.6716 7.16736 -12.01
      vertex 18.2709 8.13473 -26
      vertex 18.2709 8.13473 -12.01
    endloop
  endfacet
  facet normal 0.923879 0.382685 0
    outer loop
      vertex 18.2709 8.13473 -26
      vertex 18.6716 7.16736 -12.01
      vertex 18.6716 7.16736 -26
    endloop
  endfacet
  facet normal 0.477142 0.878826 -0
    outer loop
      vertex 10 17.3205 -26
      vertex 9.07981 17.8201 -12.01
      vertex 10 17.3205 -12.01
    endloop
  endfacet
  facet normal 0.477142 0.878826 0
    outer loop
      vertex 9.07981 17.8201 -12.01
      vertex 10 17.3205 -26
      vertex 9.07981 17.8201 -26
    endloop
  endfacet
  facet normal -0.233503 -0.972356 0
    outer loop
      vertex -5.17638 -19.3185 -26
      vertex -4.15823 -19.563 -12.01
      vertex -5.17638 -19.3185 -12.01
    endloop
  endfacet
  facet normal -0.233503 -0.972356 -0
    outer loop
      vertex -4.15823 -19.563 -12.01
      vertex -5.17638 -19.3185 -26
      vertex -4.15823 -19.563 -26
    endloop
  endfacet
  facet normal -0.878826 0.477142 0
    outer loop
      vertex -17.8201 9.07981 -26
      vertex -17.3205 10 -12.01
      vertex -17.3205 10 -26
    endloop
  endfacet
  facet normal -0.878826 0.477142 0
    outer loop
      vertex -17.3205 10 -12.01
      vertex -17.8201 9.07981 -26
      vertex -17.8201 9.07981 -12.01
    endloop
  endfacet
  facet normal -0.430527 0.902578 0
    outer loop
      vertex -8.13473 18.2709 -26
      vertex -9.07981 17.8201 -12.01
      vertex -8.13473 18.2709 -12.01
    endloop
  endfacet
  facet normal -0.430527 0.902578 0
    outer loop
      vertex -9.07981 17.8201 -12.01
      vertex -8.13473 18.2709 -26
      vertex -9.07981 17.8201 -26
    endloop
  endfacet
  facet normal 0.725345 -0.688385 0
    outer loop
      vertex 14.1421 -14.1421 -12.01
      vertex 14.8629 -13.3826 -26
      vertex 14.8629 -13.3826 -12.01
    endloop
  endfacet
  facet normal 0.725345 -0.688385 0
    outer loop
      vertex 14.8629 -13.3826 -26
      vertex 14.1421 -14.1421 -12.01
      vertex 14.1421 -14.1421 -26
    endloop
  endfacet
  facet normal 0.130459 -0.991454 0
    outer loop
      vertex 2.09057 -19.8904 -26
      vertex 3.12869 -19.7538 -12.01
      vertex 2.09057 -19.8904 -12.01
    endloop
  endfacet
  facet normal 0.130459 -0.991454 0
    outer loop
      vertex 3.12869 -19.7538 -12.01
      vertex 2.09057 -19.8904 -26
      vertex 3.12869 -19.7538 -26
    endloop
  endfacet
  facet normal 0.566436 -0.824106 0
    outer loop
      vertex 10.8928 -16.7734 -26
      vertex 11.7557 -16.1803 -12.01
      vertex 10.8928 -16.7734 -12.01
    endloop
  endfacet
  facet normal 0.566436 -0.824106 0
    outer loop
      vertex 11.7557 -16.1803 -12.01
      vertex 10.8928 -16.7734 -26
      vertex 11.7557 -16.1803 -26
    endloop
  endfacet
  facet normal -0.522493 -0.852644 0
    outer loop
      vertex -10.8928 -16.7734 -26
      vertex -10 -17.3205 -12.01
      vertex -10.8928 -16.7734 -12.01
    endloop
  endfacet
  facet normal -0.522493 -0.852644 -0
    outer loop
      vertex -10 -17.3205 -12.01
      vertex -10.8928 -16.7734 -26
      vertex -10 -17.3205 -26
    endloop
  endfacet
  facet normal -0.942648 0.333788 0
    outer loop
      vertex -19.0211 6.18034 -26
      vertex -18.6716 7.16736 -12.01
      vertex -18.6716 7.16736 -26
    endloop
  endfacet
  facet normal -0.942648 0.333788 0
    outer loop
      vertex -18.6716 7.16736 -12.01
      vertex -19.0211 6.18034 -26
      vertex -19.0211 6.18034 -12.01
    endloop
  endfacet
  facet normal 0.983257 0.182223 0
    outer loop
      vertex 19.7538 3.12869 -12.01
      vertex 19.563 4.15823 -26.01
      vertex 19.563 4.15823 -12.01
    endloop
  endfacet
  facet normal 0.983257 0.182223 0
    outer loop
      vertex 19.563 4.15823 -26.01
      vertex 19.7538 3.12869 -12.01
      vertex 19.7538 3.12869 -26.01
    endloop
  endfacet
  facet normal -0.983257 0.182223 0
    outer loop
      vertex -19.7538 3.12869 -26
      vertex -19.563 4.15823 -12.01
      vertex -19.563 4.15823 -26
    endloop
  endfacet
  facet normal -0.983257 0.182223 0
    outer loop
      vertex -19.563 4.15823 -12.01
      vertex -19.7538 3.12869 -26
      vertex -19.7538 3.12869 -12.01
    endloop
  endfacet
  facet normal 0.902578 0.430527 0
    outer loop
      vertex 18.2709 8.13473 -12.01
      vertex 17.8201 9.07981 -26
      vertex 17.8201 9.07981 -12.01
    endloop
  endfacet
  facet normal 0.902578 0.430527 0
    outer loop
      vertex 17.8201 9.07981 -26
      vertex 18.2709 8.13473 -12.01
      vertex 18.2709 8.13473 -26
    endloop
  endfacet
  facet normal -0.182223 -0.983257 0
    outer loop
      vertex -4.15823 -19.563 -26
      vertex -3.12869 -19.7538 -12.01
      vertex -4.15823 -19.563 -12.01
    endloop
  endfacet
  facet normal -0.182223 -0.983257 -0
    outer loop
      vertex -3.12869 -19.7538 -12.01
      vertex -4.15823 -19.563 -26
      vertex -3.12869 -19.7538 -26
    endloop
  endfacet
  facet normal 0.026168 0.999658 -0
    outer loop
      vertex 1.04672 19.9726 -26
      vertex 0 20 -12.01
      vertex 1.04672 19.9726 -12.01
    endloop
  endfacet
  facet normal 0.026168 0.999658 0
    outer loop
      vertex 0 20 -12.01
      vertex 1.04672 19.9726 -26
      vertex 0 20 -26
    endloop
  endfacet
  facet normal -0.824106 0.566436 0
    outer loop
      vertex -16.7734 10.8928 -26
      vertex -16.1803 11.7557 -12.01
      vertex -16.1803 11.7557 -26
    endloop
  endfacet
  facet normal -0.824106 0.566436 0
    outer loop
      vertex -16.1803 11.7557 -12.01
      vertex -16.7734 10.8928 -26
      vertex -16.7734 10.8928 -12.01
    endloop
  endfacet
  facet normal -0.284027 -0.958816 0
    outer loop
      vertex -6.18034 -19.0211 -26
      vertex -5.17638 -19.3185 -12.01
      vertex -6.18034 -19.0211 -12.01
    endloop
  endfacet
  facet normal -0.284027 -0.958816 -0
    outer loop
      vertex -5.17638 -19.3185 -12.01
      vertex -6.18034 -19.0211 -26
      vertex -5.17638 -19.3185 -26
    endloop
  endfacet
  facet normal -0.477142 0.878826 0
    outer loop
      vertex -9.07981 17.8201 -26
      vertex -10 17.3205 -12.01
      vertex -9.07981 17.8201 -12.01
    endloop
  endfacet
  facet normal -0.477142 0.878826 0
    outer loop
      vertex -10 17.3205 -12.01
      vertex -9.07981 17.8201 -26
      vertex -10 17.3205 -26
    endloop
  endfacet
  facet normal 0.972356 0.233503 0
    outer loop
      vertex 19.563 4.15823 -12.01
      vertex 19.3185 5.17638 -26.01
      vertex 19.3185 5.17638 -12.01
    endloop
  endfacet
  facet normal 0.972356 0.233503 0
    outer loop
      vertex 19.3185 5.17638 -26.01
      vertex 19.563 4.15823 -12.01
      vertex 19.563 4.15823 -26.01
    endloop
  endfacet
  facet normal -0.333788 -0.942648 0
    outer loop
      vertex -7.16736 -18.6716 -26
      vertex -6.18034 -19.0211 -12.01
      vertex -7.16736 -18.6716 -12.01
    endloop
  endfacet
  facet normal -0.333788 -0.942648 -0
    outer loop
      vertex -6.18034 -19.0211 -12.01
      vertex -7.16736 -18.6716 -26
      vertex -6.18034 -19.0211 -26
    endloop
  endfacet
  facet normal 0.382685 0.923879 -0
    outer loop
      vertex 8.13473 18.2709 -26
      vertex 7.16736 18.6716 -12.01
      vertex 8.13473 18.2709 -12.01
    endloop
  endfacet
  facet normal 0.382685 0.923879 0
    outer loop
      vertex 7.16736 18.6716 -12.01
      vertex 8.13473 18.2709 -26
      vertex 7.16736 18.6716 -26
    endloop
  endfacet
  facet normal -0.130459 0.991454 0
    outer loop
      vertex -2.09057 19.8904 -26
      vertex -3.12869 19.7538 -12.01
      vertex -2.09057 19.8904 -12.01
    endloop
  endfacet
  facet normal -0.130459 0.991454 0
    outer loop
      vertex -3.12869 19.7538 -12.01
      vertex -2.09057 19.8904 -26
      vertex -3.12869 19.7538 -26
    endloop
  endfacet
  facet normal 0.233503 -0.972356 0
    outer loop
      vertex 4.15823 -19.563 -26
      vertex 5.17638 -19.3185 -12.01
      vertex 4.15823 -19.563 -12.01
    endloop
  endfacet
  facet normal 0.233503 -0.972356 0
    outer loop
      vertex 5.17638 -19.3185 -12.01
      vertex 4.15823 -19.563 -26
      vertex 5.17638 -19.3185 -26
    endloop
  endfacet
  facet normal -0.958816 -0.284027 0
    outer loop
      vertex -19.0211 -6.18034 -26
      vertex -19.3185 -5.17638 -12.01
      vertex -19.3185 -5.17638 -26
    endloop
  endfacet
  facet normal -0.958816 -0.284027 0
    outer loop
      vertex -19.3185 -5.17638 -12.01
      vertex -19.0211 -6.18034 -26
      vertex -19.0211 -6.18034 -12.01
    endloop
  endfacet
  facet normal -0.942648 -0.333788 0
    outer loop
      vertex -18.6716 -7.16736 -26
      vertex -19.0211 -6.18034 -12.01
      vertex -19.0211 -6.18034 -26
    endloop
  endfacet
  facet normal -0.942648 -0.333788 0
    outer loop
      vertex -19.0211 -6.18034 -12.01
      vertex -18.6716 -7.16736 -26
      vertex -18.6716 -7.16736 -12.01
    endloop
  endfacet
  facet normal -0.284027 0.958816 0
    outer loop
      vertex -5.17638 19.3185 -26
      vertex -6.18034 19.0211 -12.01
      vertex -5.17638 19.3185 -12.01
    endloop
  endfacet
  facet normal -0.284027 0.958816 0
    outer loop
      vertex -6.18034 19.0211 -12.01
      vertex -5.17638 19.3185 -26
      vertex -6.18034 19.0211 -26
    endloop
  endfacet
  facet normal 0.878826 -0.477142 0
    outer loop
      vertex 17.3205 -10 -12.01
      vertex 17.8201 -9.07981 -26
      vertex 17.8201 -9.07981 -12.01
    endloop
  endfacet
  facet normal 0.878826 -0.477142 0
    outer loop
      vertex 17.8201 -9.07981 -26
      vertex 17.3205 -10 -12.01
      vertex 17.3205 -10 -26
    endloop
  endfacet
  facet normal 0.284027 0.958816 -0
    outer loop
      vertex 6.18034 19.0211 -26
      vertex 5.17638 19.3185 -12.01
      vertex 6.18034 19.0211 -12.01
    endloop
  endfacet
  facet normal 0.284027 0.958816 0
    outer loop
      vertex 5.17638 19.3185 -12.01
      vertex 6.18034 19.0211 -26
      vertex 5.17638 19.3185 -26
    endloop
  endfacet
  facet normal 0 0 1
    outer loop
      vertex 19.9726 1.04672 -12.01
      vertex 19.9726 -1.04672 -12.01
      vertex 20 0 -12.01
    endloop
  endfacet
  facet normal 0 0 1
    outer loop
      vertex 19.8904 2.09057 -12.01
      vertex 19.9726 -1.04672 -12.01
      vertex 19.9726 1.04672 -12.01
    endloop
  endfacet
  facet normal 0 0 1
    outer loop
      vertex 19.8904 2.09057 -12.01
      vertex 19.8904 -2.09057 -12.01
      vertex 19.9726 -1.04672 -12.01
    endloop
  endfacet
  facet normal 0 0 1
    outer loop
      vertex 19.7538 3.12869 -12.01
      vertex 19.8904 -2.09057 -12.01
      vertex 19.8904 2.09057 -12.01
    endloop
  endfacet
  facet normal 0 0 1
    outer loop
      vertex 19.7538 3.12869 -12.01
      vertex 19.7538 -3.12869 -12.01
      vertex 19.8904 -2.09057 -12.01
    endloop
  endfacet
  facet normal 0 0 1
    outer loop
      vertex 19.563 4.15823 -12.01
      vertex 19.7538 -3.12869 -12.01
      vertex 19.7538 3.12869 -12.01
    endloop
  endfacet
  facet normal 0 0 1
    outer loop
      vertex 19.563 4.15823 -12.01
      vertex 19.563 -4.15823 -12.01
      vertex 19.7538 -3.12869 -12.01
    endloop
  endfacet
  facet normal 0 0 1
    outer loop
      vertex 19.3185 5.17638 -12.01
      vertex 19.563 -4.15823 -12.01
      vertex 19.563 4.15823 -12.01
    endloop
  endfacet
  facet normal 0 0 1
    outer loop
      vertex 19.3185 5.17638 -12.01
      vertex 19.3185 -5.17638 -12.01
      vertex 19.563 -4.15823 -12.01
    endloop
  endfacet
  facet normal 0 0 1
    outer loop
      vertex 19.0211 6.18034 -12.01
      vertex 19.3185 -5.17638 -12.01
      vertex 19.3185 5.17638 -12.01
    endloop
  endfacet
  facet normal 0 0 1
    outer loop
      vertex 19.0211 6.18034 -12.01
      vertex 19.0211 -6.18034 -12.01
      vertex 19.3185 -5.17638 -12.01
    endloop
  endfacet
  facet normal 0 0 1
    outer loop
      vertex 18.6716 7.16736 -12.01
      vertex 19.0211 -6.18034 -12.01
      vertex 19.0211 6.18034 -12.01
    endloop
  endfacet
  facet normal 0 0 1
    outer loop
      vertex 18.6716 7.16736 -12.01
      vertex 18.6716 -7.16736 -12.01
      vertex 19.0211 -6.18034 -12.01
    endloop
  endfacet
  facet normal 0 0 1
    outer loop
      vertex 18.2709 8.13473 -12.01
      vertex 18.6716 -7.16736 -12.01
      vertex 18.6716 7.16736 -12.01
    endloop
  endfacet
  facet normal 0 0 1
    outer loop
      vertex 18.2709 8.13473 -12.01
      vertex 18.2709 -8.13473 -12.01
      vertex 18.6716 -7.16736 -12.01
    endloop
  endfacet
  facet normal 0 0 1
    outer loop
      vertex 17.8201 9.07981 -12.01
      vertex 18.2709 -8.13473 -12.01
      vertex 18.2709 8.13473 -12.01
    endloop
  endfacet
  facet normal 0 0 1
    outer loop
      vertex 17.8201 9.07981 -12.01
      vertex 17.8201 -9.07981 -12.01
      vertex 18.2709 -8.13473 -12.01
    endloop
  endfacet
  facet normal 0 0 1
    outer loop
      vertex 17.3205 10 -12.01
      vertex 17.8201 -9.07981 -12.01
      vertex 17.8201 9.07981 -12.01
    endloop
  endfacet
  facet normal 0 0 1
    outer loop
      vertex 17.3205 10 -12.01
      vertex 17.3205 -10 -12.01
      vertex 17.8201 -9.07981 -12.01
    endloop
  endfacet
  facet normal 0 0 1
    outer loop
      vertex 16.7734 10.8928 -12.01
      vertex 17.3205 -10 -12.01
      vertex 17.3205 10 -12.01
    endloop
  endfacet
  facet normal 0 0 1
    outer loop
      vertex 16.7734 10.8928 -12.01
      vertex 16.7734 -10.8928 -12.01
      vertex 17.3205 -10 -12.01
    endloop
  endfacet
  facet normal 0 0 1
    outer loop
      vertex 16.1803 11.7557 -12.01
      vertex 16.7734 -10.8928 -12.01
      vertex 16.7734 10.8928 -12.01
    endloop
  endfacet
  facet normal 0 0 1
    outer loop
      vertex 16.1803 11.7557 -12.01
      vertex 16.1803 -11.7557 -12.01
      vertex 16.7734 -10.8928 -12.01
    endloop
  endfacet
  facet normal 0 0 1
    outer loop
      vertex 15.5429 12.5864 -12.01
      vertex 16.1803 -11.7557 -12.01
      vertex 16.1803 11.7557 -12.01
    endloop
  endfacet
  facet normal 0 0 1
    outer loop
      vertex 15.5429 12.5864 -12.01
      vertex 15.5429 -12.5864 -12.01
      vertex 16.1803 -11.7557 -12.01
    endloop
  endfacet
  facet normal 0 0 1
    outer loop
      vertex 14.8629 13.3826 -12.01
      vertex 15.5429 -12.5864 -12.01
      vertex 15.5429 12.5864 -12.01
    endloop
  endfacet
  facet normal 0 0 1
    outer loop
      vertex 14.8629 13.3826 -12.01
      vertex 14.8629 -13.3826 -12.01
      vertex 15.5429 -12.5864 -12.01
    endloop
  endfacet
  facet normal 0 0 1
    outer loop
      vertex 14.1421 14.1421 -12.01
      vertex 14.8629 -13.3826 -12.01
      vertex 14.8629 13.3826 -12.01
    endloop
  endfacet
  facet normal 0 0 1
    outer loop
      vertex 14.1421 14.1421 -12.01
      vertex 14.1421 -14.1421 -12.01
      vertex 14.8629 -13.3826 -12.01
    endloop
  endfacet
  facet normal 0 0 1
    outer loop
      vertex 13.3826 14.8629 -12.01
      vertex 14.1421 -14.1421 -12.01
      vertex 14.1421 14.1421 -12.01
    endloop
  endfacet
  facet normal 0 0 1
    outer loop
      vertex 13.3826 14.8629 -12.01
      vertex 13.3826 -14.8629 -12.01
      vertex 14.1421 -14.1421 -12.01
    endloop
  endfacet
  facet normal 0 0 1
    outer loop
      vertex 12.5864 15.5429 -12.01
      vertex 13.3826 -14.8629 -12.01
      vertex 13.3826 14.8629 -12.01
    endloop
  endfacet
  facet normal 0 0 1
    outer loop
      vertex 12.5864 15.5429 -12.01
      vertex 12.5864 -15.5429 -12.01
      vertex 13.3826 -14.8629 -12.01
    endloop
  endfacet
  facet normal 0 0 1
    outer loop
      vertex 11.7557 16.1803 -12.01
      vertex 12.5864 -15.5429 -12.01
      vertex 12.5864 15.5429 -12.01
    endloop
  endfacet
  facet normal 0 0 1
    outer loop
      vertex 11.7557 16.1803 -12.01
      vertex 11.7557 -16.1803 -12.01
      vertex 12.5864 -15.5429 -12.01
    endloop
  endfacet
  facet normal 0 0 1
    outer loop
      vertex 10.8928 16.7734 -12.01
      vertex 11.7557 -16.1803 -12.01
      vertex 11.7557 16.1803 -12.01
    endloop
  endfacet
  facet normal 0 0 1
    outer loop
      vertex 10.8928 16.7734 -12.01
      vertex 10.8928 -16.7734 -12.01
      vertex 11.7557 -16.1803 -12.01
    endloop
  endfacet
  facet normal 0 0 1
    outer loop
      vertex 10 17.3205 -12.01
      vertex 10.8928 -16.7734 -12.01
      vertex 10.8928 16.7734 -12.01
    endloop
  endfacet
  facet normal 0 0 1
    outer loop
      vertex 10 17.3205 -12.01
      vertex 10 -17.3205 -12.01
      vertex 10.8928 -16.7734 -12.01
    endloop
  endfacet
  facet normal 0 0 1
    outer loop
      vertex 9.07981 17.8201 -12.01
      vertex 10 -17.3205 -12.01
      vertex 10 17.3205 -12.01
    endloop
  endfacet
  facet normal 0 0 1
    outer loop
      vertex 9.07981 17.8201 -12.01
      vertex 9.07981 -17.8201 -12.01
      vertex 10 -17.3205 -12.01
    endloop
  endfacet
  facet normal 0 0 1
    outer loop
      vertex 8.13473 18.2709 -12.01
      vertex 9.07981 -17.8201 -12.01
      vertex 9.07981 17.8201 -12.01
    endloop
  endfacet
  facet normal 0 0 1
    outer loop
      vertex 8.13473 18.2709 -12.01
      vertex 8.13473 -18.2709 -12.01
      vertex 9.07981 -17.8201 -12.01
    endloop
  endfacet
  facet normal 0 0 1
    outer loop
      vertex 7.16736 18.6716 -12.01
      vertex 8.13473 -18.2709 -12.01
      vertex 8.13473 18.2709 -12.01
    endloop
  endfacet
  facet normal 0 0 1
    outer loop
      vertex 7.16736 18.6716 -12.01
      vertex 7.16736 -18.6716 -12.01
      vertex 8.13473 -18.2709 -12.01
    endloop
  endfacet
  facet normal 0 0 1
    outer loop
      vertex 6.18034 19.0211 -12.01
      vertex 7.16736 -18.6716 -12.01
      vertex 7.16736 18.6716 -12.01
    endloop
  endfacet
  facet normal 0 0 1
    outer loop
      vertex 6.18034 19.0211 -12.01
      vertex 6.18034 -19.0211 -12.01
      vertex 7.16736 -18.6716 -12.01
    endloop
  endfacet
  facet normal 0 0 1
    outer loop
      vertex 5.17638 19.3185 -12.01
      vertex 6.18034 -19.0211 -12.01
      vertex 6.18034 19.0211 -12.01
    endloop
  endfacet
  facet normal 0 0 1
    outer loop
      vertex 5.17638 19.3185 -12.01
      vertex 5.17638 -19.3185 -12.01
      vertex 6.18034 -19.0211 -12.01
    endloop
  endfacet
  facet normal 0 0 1
    outer loop
      vertex 4.15823 19.563 -12.01
      vertex 5.17638 -19.3185 -12.01
      vertex 5.17638 19.3185 -12.01
    endloop
  endfacet
  facet normal 0 0 1
    outer loop
      vertex 4.15823 19.563 -12.01
      vertex 4.15823 -19.563 -12.01
      vertex 5.17638 -19.3185 -12.01
    endloop
  endfacet
  facet normal 0 0 1
    outer loop
      vertex 3.12869 19.7538 -12.01
      vertex 4.15823 -19.563 -12.01
      vertex 4.15823 19.563 -12.01
    endloop
  endfacet
  facet normal 0 0 1
    outer loop
      vertex 3.12869 19.7538 -12.01
      vertex 3.12869 -19.7538 -12.01
      vertex 4.15823 -19.563 -12.01
    endloop
  endfacet
  facet normal 0 0 1
    outer loop
      vertex 2.09057 19.8904 -12.01
      vertex 3.12869 -19.7538 -12.01
      vertex 3.12869 19.7538 -12.01
    endloop
  endfacet
  facet normal 0 0 1
    outer loop
      vertex 2.09057 19.8904 -12.01
      vertex 2.09057 -19.8904 -12.01
      vertex 3.12869 -19.7538 -12.01
    endloop
  endfacet
  facet normal 0 0 1
    outer loop
      vertex 1.04672 19.9726 -12.01
      vertex 2.09057 -19.8904 -12.01
      vertex 2.09057 19.8904 -12.01
    endloop
  endfacet
  facet normal 0 0 1
    outer loop
      vertex 1.04672 19.9726 -12.01
      vertex 1.04672 -19.9726 -12.01
      vertex 2.09057 -19.8904 -12.01
    endloop
  endfacet
  facet normal 0 0 1
    outer loop
      vertex 0 20 -12.01
      vertex 1.04672 -19.9726 -12.01
      vertex 1.04672 19.9726 -12.01
    endloop
  endfacet
  facet normal 0 0 1
    outer loop
      vertex 0 20 -12.01
      vertex 0 -20 -12.01
      vertex 1.04672 -19.9726 -12.01
    endloop
  endfacet
  facet normal -0 0 1
    outer loop
      vertex -1.04672 19.9726 -12.01
      vertex 0 -20 -12.01
      vertex 0 20 -12.01
    endloop
  endfacet
  facet normal 0 0 1
    outer loop
      vertex -1.04672 19.9726 -12.01
      vertex -1.04672 -19.9726 -12.01
      vertex 0 -20 -12.01
    endloop
  endfacet
  facet normal -0 0 1
    outer loop
      vertex -2.09057 19.8904 -12.01
      vertex -1.04672 -19.9726 -12.01
      vertex -1.04672 19.9726 -12.01
    endloop
  endfacet
  facet normal 0 0 1
    outer loop
      vertex -2.09057 19.8904 -12.01
      vertex -2.09057 -19.8904 -12.01
      vertex -1.04672 -19.9726 -12.01
    endloop
  endfacet
  facet normal -0 0 1
    outer loop
      vertex -3.12869 19.7538 -12.01
      vertex -2.09057 -19.8904 -12.01
      vertex -2.09057 19.8904 -12.01
    endloop
  endfacet
  facet normal 0 0 1
    outer loop
      vertex -3.12869 19.7538 -12.01
      vertex -3.12869 -19.7538 -12.01
      vertex -2.09057 -19.8904 -12.01
    endloop
  endfacet
  facet normal -0 0 1
    outer loop
      vertex -4.15823 19.563 -12.01
      vertex -3.12869 -19.7538 -12.01
      vertex -3.12869 19.7538 -12.01
    endloop
  endfacet
  facet normal 0 0 1
    outer loop
      vertex -4.15823 19.563 -12.01
      vertex -4.15823 -19.563 -12.01
      vertex -3.12869 -19.7538 -12.01
    endloop
  endfacet
  facet normal -0 0 1
    outer loop
      vertex -5.17638 19.3185 -12.01
      vertex -4.15823 -19.563 -12.01
      vertex -4.15823 19.563 -12.01
    endloop
  endfacet
  facet normal 0 0 1
    outer loop
      vertex -5.17638 19.3185 -12.01
      vertex -5.17638 -19.3185 -12.01
      vertex -4.15823 -19.563 -12.01
    endloop
  endfacet
  facet normal -0 0 1
    outer loop
      vertex -6.18034 19.0211 -12.01
      vertex -5.17638 -19.3185 -12.01
      vertex -5.17638 19.3185 -12.01
    endloop
  endfacet
  facet normal 0 0 1
    outer loop
      vertex -6.18034 19.0211 -12.01
      vertex -6.18034 -19.0211 -12.01
      vertex -5.17638 -19.3185 -12.01
    endloop
  endfacet
  facet normal -0 0 1
    outer loop
      vertex -7.16736 18.6716 -12.01
      vertex -6.18034 -19.0211 -12.01
      vertex -6.18034 19.0211 -12.01
    endloop
  endfacet
  facet normal 0 0 1
    outer loop
      vertex -7.16736 18.6716 -12.01
      vertex -7.16736 -18.6716 -12.01
      vertex -6.18034 -19.0211 -12.01
    endloop
  endfacet
  facet normal -0 0 1
    outer loop
      vertex -8.13473 18.2709 -12.01
      vertex -7.16736 -18.6716 -12.01
      vertex -7.16736 18.6716 -12.01
    endloop
  endfacet
  facet normal 0 0 1
    outer loop
      vertex -8.13473 18.2709 -12.01
      vertex -8.13473 -18.2709 -12.01
      vertex -7.16736 -18.6716 -12.01
    endloop
  endfacet
  facet normal -0 0 1
    outer loop
      vertex -9.07981 17.8201 -12.01
      vertex -8.13473 -18.2709 -12.01
      vertex -8.13473 18.2709 -12.01
    endloop
  endfacet
  facet normal 0 0 1
    outer loop
      vertex -9.07981 17.8201 -12.01
      vertex -9.07981 -17.8201 -12.01
      vertex -8.13473 -18.2709 -12.01
    endloop
  endfacet
  facet normal -0 0 1
    outer loop
      vertex -10 17.3205 -12.01
      vertex -9.07981 -17.8201 -12.01
      vertex -9.07981 17.8201 -12.01
    endloop
  endfacet
  facet normal 0 0 1
    outer loop
      vertex -10 17.3205 -12.01
      vertex -10 -17.3205 -12.01
      vertex -9.07981 -17.8201 -12.01
    endloop
  endfacet
  facet normal -0 0 1
    outer loop
      vertex -10.8928 16.7734 -12.01
      vertex -10 -17.3205 -12.01
      vertex -10 17.3205 -12.01
    endloop
  endfacet
  facet normal 0 0 1
    outer loop
      vertex -10.8928 16.7734 -12.01
      vertex -10.8928 -16.7734 -12.01
      vertex -10 -17.3205 -12.01
    endloop
  endfacet
  facet normal -0 0 1
    outer loop
      vertex -11.7557 16.1803 -12.01
      vertex -10.8928 -16.7734 -12.01
      vertex -10.8928 16.7734 -12.01
    endloop
  endfacet
  facet normal 0 0 1
    outer loop
      vertex -11.7557 16.1803 -12.01
      vertex -11.7557 -16.1803 -12.01
      vertex -10.8928 -16.7734 -12.01
    endloop
  endfacet
  facet normal -0 0 1
    outer loop
      vertex -12.5864 15.5429 -12.01
      vertex -11.7557 -16.1803 -12.01
      vertex -11.7557 16.1803 -12.01
    endloop
  endfacet
  facet normal 0 0 1
    outer loop
      vertex -12.5864 15.5429 -12.01
      vertex -12.5864 -15.5429 -12.01
      vertex -11.7557 -16.1803 -12.01
    endloop
  endfacet
  facet normal -0 0 1
    outer loop
      vertex -13.3826 14.8629 -12.01
      vertex -12.5864 -15.5429 -12.01
      vertex -12.5864 15.5429 -12.01
    endloop
  endfacet
  facet normal 0 0 1
    outer loop
      vertex -13.3826 14.8629 -12.01
      vertex -13.3826 -14.8629 -12.01
      vertex -12.5864 -15.5429 -12.01
    endloop
  endfacet
  facet normal -0 0 1
    outer loop
      vertex -14.1421 14.1421 -12.01
      vertex -13.3826 -14.8629 -12.01
      vertex -13.3826 14.8629 -12.01
    endloop
  endfacet
  facet normal 0 0 1
    outer loop
      vertex -14.1421 14.1421 -12.01
      vertex -14.1421 -14.1421 -12.01
      vertex -13.3826 -14.8629 -12.01
    endloop
  endfacet
  facet normal -0 0 1
    outer loop
      vertex -14.8629 13.3826 -12.01
      vertex -14.1421 -14.1421 -12.01
      vertex -14.1421 14.1421 -12.01
    endloop
  endfacet
  facet normal 0 0 1
    outer loop
      vertex -14.8629 13.3826 -12.01
      vertex -14.8629 -13.3826 -12.01
      vertex -14.1421 -14.1421 -12.01
    endloop
  endfacet
  facet normal -0 0 1
    outer loop
      vertex -15.5429 12.5864 -12.01
      vertex -14.8629 -13.3826 -12.01
      vertex -14.8629 13.3826 -12.01
    endloop
  endfacet
  facet normal 0 0 1
    outer loop
      vertex -15.5429 12.5864 -12.01
      vertex -15.5429 -12.5864 -12.01
      vertex -14.8629 -13.3826 -12.01
    endloop
  endfacet
  facet normal -0 0 1
    outer loop
      vertex -16.1803 11.7557 -12.01
      vertex -15.5429 -12.5864 -12.01
      vertex -15.5429 12.5864 -12.01
    endloop
  endfacet
  facet normal 0 0 1
    outer loop
      vertex -16.1803 11.7557 -12.01
      vertex -16.1803 -11.7557 -12.01
      vertex -15.5429 -12.5864 -12.01
    endloop
  endfacet
  facet normal -0 0 1
    outer loop
      vertex -16.7734 10.8928 -12.01
      vertex -16.1803 -11.7557 -12.01
      vertex -16.1803 11.7557 -12.01
    endloop
  endfacet
  facet normal 0 0 1
    outer loop
      vertex -16.7734 10.8928 -12.01
      vertex -16.7734 -10.8928 -12.01
      vertex -16.1803 -11.7557 -12.01
    endloop
  endfacet
  facet normal -0 0 1
    outer loop
      vertex -17.3205 10 -12.01
      vertex -16.7734 -10.8928 -12.01
      vertex -16.7734 10.8928 -12.01
    endloop
  endfacet
  facet normal 0 0 1
    outer loop
      vertex -17.3205 10 -12.01
      vertex -17.3205 -10 -12.01
      vertex -16.7734 -10.8928 -12.01
    endloop
  endfacet
  facet normal -0 0 1
    outer loop
      vertex -17.8201 9.07981 -12.01
      vertex -17.3205 -10 -12.01
      vertex -17.3205 10 -12.01
    endloop
  endfacet
  facet normal 0 0 1
    outer loop
      vertex -17.8201 9.07981 -12.01
      vertex -17.8201 -9.07981 -12.01
      vertex -17.3205 -10 -12.01
    endloop
  endfacet
  facet normal -0 0 1
    outer loop
      vertex -18.2709 8.13473 -12.01
      vertex -17.8201 -9.07981 -12.01
      vertex -17.8201 9.07981 -12.01
    endloop
  endfacet
  facet normal 0 0 1
    outer loop
      vertex -18.2709 8.13473 -12.01
      vertex -18.2709 -8.13473 -12.01
      vertex -17.8201 -9.07981 -12.01
    endloop
  endfacet
  facet normal -0 0 1
    outer loop
      vertex -18.6716 7.16736 -12.01
      vertex -18.2709 -8.13473 -12.01
      vertex -18.2709 8.13473 -12.01
    endloop
  endfacet
  facet normal 0 0 1
    outer loop
      vertex -18.6716 7.16736 -12.01
      vertex -18.6716 -7.16736 -12.01
      vertex -18.2709 -8.13473 -12.01
    endloop
  endfacet
  facet normal -0 0 1
    outer loop
      vertex -19.0211 6.18034 -12.01
      vertex -18.6716 -7.16736 -12.01
      vertex -18.6716 7.16736 -12.01
    endloop
  endfacet
  facet normal 0 0 1
    outer loop
      vertex -19.0211 6.18034 -12.01
      vertex -19.0211 -6.18034 -12.01
      vertex -18.6716 -7.16736 -12.01
    endloop
  endfacet
  facet normal -0 0 1
    outer loop
      vertex -19.3185 5.17638 -12.01
      vertex -19.0211 -6.18034 -12.01
      vertex -19.0211 6.18034 -12.01
    endloop
  endfacet
  facet normal 0 0 1
    outer loop
      vertex -19.3185 5.17638 -12.01
      vertex -19.3185 -5.17638 -12.01
      vertex -19.0211 -6.18034 -12.01
    endloop
  endfacet
  facet normal -0 0 1
    outer loop
      vertex -19.563 4.15823 -12.01
      vertex -19.3185 -5.17638 -12.01
      vertex -19.3185 5.17638 -12.01
    endloop
  endfacet
  facet normal 0 0 1
    outer loop
      vertex -19.563 4.15823 -12.01
      vertex -19.563 -4.15823 -12.01
      vertex -19.3185 -5.17638 -12.01
    endloop
  endfacet
  facet normal -0 0 1
    outer loop
      vertex -19.7538 3.12869 -12.01
      vertex -19.563 -4.15823 -12.01
      vertex -19.563 4.15823 -12.01
    endloop
  endfacet
  facet normal 0 0 1
    outer loop
      vertex -19.7538 3.12869 -12.01
      vertex -19.7538 -3.12869 -12.01
      vertex -19.563 -4.15823 -12.01
    endloop
  endfacet
  facet normal -0 0 1
    outer loop
      vertex -19.8904 2.09057 -12.01
      vertex -19.7538 -3.12869 -12.01
      vertex -19.7538 3.12869 -12.01
    endloop
  endfacet
  facet normal 0 0 1
    outer loop
      vertex -19.8904 2.09057 -12.01
      vertex -19.8904 -2.09057 -12.01
      vertex -19.7538 -3.12869 -12.01
    endloop
  endfacet
  facet normal -0 0 1
    outer loop
      vertex -19.9726 1.04672 -12.01
      vertex -19.8904 -2.09057 -12.01
      vertex -19.8904 2.09057 -12.01
    endloop
  endfacet
  facet normal 0 0 1
    outer loop
      vertex -19.9726 1.04672 -12.01
      vertex -19.9726 -1.04672 -12.01
      vertex -19.8904 -2.09057 -12.01
    endloop
  endfacet
  facet normal 0 -0 1
    outer loop
      vertex -19.9726 -1.04672 -12.01
      vertex -19.9726 1.04672 -12.01
      vertex -20 0 -12.01
    endloop
  endfacet
  facet normal -0.972356 0.233503 0
    outer loop
      vertex -19.563 4.15823 -26
      vertex -19.3185 5.17638 -12.01
      vertex -19.3185 5.17638 -26
    endloop
  endfacet
  facet normal -0.972356 0.233503 0
    outer loop
      vertex -19.3185 5.17638 -12.01
      vertex -19.563 4.15823 -26
      vertex -19.563 4.15823 -12.01
    endloop
  endfacet
  facet normal -0.333788 0.942648 0
    outer loop
      vertex -6.18034 19.0211 -26
      vertex -7.16736 18.6716 -12.01
      vertex -6.18034 19.0211 -12.01
    endloop
  endfacet
  facet normal -0.333788 0.942648 0
    outer loop
      vertex -7.16736 18.6716 -12.01
      vertex -6.18034 19.0211 -26
      vertex -7.16736 18.6716 -26
    endloop
  endfacet
  facet normal 0.382685 -0.923879 0
    outer loop
      vertex 7.16736 -18.6716 -26
      vertex 8.13473 -18.2709 -12.01
      vertex 7.16736 -18.6716 -12.01
    endloop
  endfacet
  facet normal 0.382685 -0.923879 0
    outer loop
      vertex 8.13473 -18.2709 -12.01
      vertex 7.16736 -18.6716 -26
      vertex 8.13473 -18.2709 -26
    endloop
  endfacet
  facet normal -0.688385 0.725345 0
    outer loop
      vertex -13.3826 14.8629 -26
      vertex -14.1421 14.1421 -12.01
      vertex -13.3826 14.8629 -12.01
    endloop
  endfacet
  facet normal -0.688385 0.725345 0
    outer loop
      vertex -14.1421 14.1421 -12.01
      vertex -13.3826 14.8629 -26
      vertex -14.1421 14.1421 -26
    endloop
  endfacet
  facet normal -0.760415 -0.649438 0
    outer loop
      vertex -14.8629 -13.3826 -26
      vertex -15.5429 -12.5864 -12.01
      vertex -15.5429 -12.5864 -26
    endloop
  endfacet
  facet normal -0.760415 -0.649438 0
    outer loop
      vertex -15.5429 -12.5864 -12.01
      vertex -14.8629 -13.3826 -26
      vertex -14.8629 -13.3826 -12.01
    endloop
  endfacet
  facet normal 0.649438 -0.760415 0
    outer loop
      vertex 12.5864 -15.5429 -26
      vertex 13.3826 -14.8629 -12.01
      vertex 12.5864 -15.5429 -12.01
    endloop
  endfacet
  facet normal 0.649438 -0.760415 0
    outer loop
      vertex 13.3826 -14.8629 -12.01
      vertex 12.5864 -15.5429 -26
      vertex 13.3826 -14.8629 -26
    endloop
  endfacet
  facet normal -0.688385 -0.725345 0
    outer loop
      vertex -14.1421 -14.1421 -26
      vertex -13.3826 -14.8629 -12.01
      vertex -14.1421 -14.1421 -12.01
    endloop
  endfacet
  facet normal -0.688385 -0.725345 -0
    outer loop
      vertex -13.3826 -14.8629 -12.01
      vertex -14.1421 -14.1421 -26
      vertex -13.3826 -14.8629 -26
    endloop
  endfacet
  facet normal 0.430527 -0.902578 0
    outer loop
      vertex 8.13473 -18.2709 -26
      vertex 9.07981 -17.8201 -12.01
      vertex 8.13473 -18.2709 -12.01
    endloop
  endfacet
  facet normal 0.430527 -0.902578 0
    outer loop
      vertex 9.07981 -17.8201 -12.01
      vertex 8.13473 -18.2709 -26
      vertex 9.07981 -17.8201 -26
    endloop
  endfacet
  facet normal -0.991454 -0.130459 0
    outer loop
      vertex -19.7538 -3.12869 -26
      vertex -19.8904 -2.09057 -12.01
      vertex -19.8904 -2.09057 -26
    endloop
  endfacet
  facet normal -0.991454 -0.130459 0
    outer loop
      vertex -19.8904 -2.09057 -12.01
      vertex -19.7538 -3.12869 -26
      vertex -19.7538 -3.12869 -12.01
    endloop
  endfacet
  facet normal -0.725345 0.688385 0
    outer loop
      vertex -14.8629 13.3826 -26
      vertex -14.1421 14.1421 -12.01
      vertex -14.1421 14.1421 -26
    endloop
  endfacet
  facet normal -0.725345 0.688385 0
    outer loop
      vertex -14.1421 14.1421 -12.01
      vertex -14.8629 13.3826 -26
      vertex -14.8629 13.3826 -12.01
    endloop
  endfacet
  facet normal 0.522493 0.852644 -0
    outer loop
      vertex 10.8928 16.7734 -26
      vertex 10 17.3205 -12.01
      vertex 10.8928 16.7734 -12.01
    endloop
  endfacet
  facet normal 0.522493 0.852644 0
    outer loop
      vertex 10 17.3205 -12.01
      vertex 10.8928 16.7734 -26
      vertex 10 17.3205 -26
    endloop
  endfacet
  facet normal -0.566436 0.824106 0
    outer loop
      vertex -10.8928 16.7734 -26
      vertex -11.7557 16.1803 -12.01
      vertex -10.8928 16.7734 -12.01
    endloop
  endfacet
  facet normal -0.566436 0.824106 0
    outer loop
      vertex -11.7557 16.1803 -12.01
      vertex -10.8928 16.7734 -26
      vertex -11.7557 16.1803 -26
    endloop
  endfacet
  facet normal 0.522493 -0.852644 0
    outer loop
      vertex 10 -17.3205 -26
      vertex 10.8928 -16.7734 -12.01
      vertex 10 -17.3205 -12.01
    endloop
  endfacet
  facet normal 0.522493 -0.852644 0
    outer loop
      vertex 10.8928 -16.7734 -12.01
      vertex 10 -17.3205 -26
      vertex 10.8928 -16.7734 -26
    endloop
  endfacet
  facet normal 0.60875 -0.793362 0
    outer loop
      vertex 11.7557 -16.1803 -26
      vertex 12.5864 -15.5429 -12.01
      vertex 11.7557 -16.1803 -12.01
    endloop
  endfacet
  facet normal 0.60875 -0.793362 0
    outer loop
      vertex 12.5864 -15.5429 -12.01
      vertex 11.7557 -16.1803 -26
      vertex 12.5864 -15.5429 -26
    endloop
  endfacet
  facet normal 0.760415 0.649438 0
    outer loop
      vertex 15.5429 12.5864 -12.01
      vertex 14.8629 13.3826 -26
      vertex 14.8629 13.3826 -12.01
    endloop
  endfacet
  facet normal 0.760415 0.649438 0
    outer loop
      vertex 14.8629 13.3826 -26
      vertex 15.5429 12.5864 -12.01
      vertex 15.5429 12.5864 -26
    endloop
  endfacet
  facet normal -0.182223 0.983257 0
    outer loop
      vertex -3.12869 19.7538 -26
      vertex -4.15823 19.563 -12.01
      vertex -3.12869 19.7538 -12.01
    endloop
  endfacet
  facet normal -0.182223 0.983257 0
    outer loop
      vertex -4.15823 19.563 -12.01
      vertex -3.12869 19.7538 -26
      vertex -4.15823 19.563 -26
    endloop
  endfacet
  facet normal 0.983257 -0.182223 0
    outer loop
      vertex 19.563 -4.15823 -12.01
      vertex 19.7538 -3.12869 -26.01
      vertex 19.7538 -3.12869 -12.01
    endloop
  endfacet
  facet normal 0.983257 -0.182223 0
    outer loop
      vertex 19.7538 -3.12869 -26.01
      vertex 19.563 -4.15823 -12.01
      vertex 19.563 -4.15823 -26.01
    endloop
  endfacet
  facet normal -0.793362 0.60875 0
    outer loop
      vertex -16.1803 11.7557 -26
      vertex -15.5429 12.5864 -12.01
      vertex -15.5429 12.5864 -26
    endloop
  endfacet
  facet normal -0.793362 0.60875 0
    outer loop
      vertex -15.5429 12.5864 -12.01
      vertex -16.1803 11.7557 -26
      vertex -16.1803 11.7557 -12.01
    endloop
  endfacet
  facet normal 0 0 -1
    outer loop
      vertex 0 -6 -26.01
      vertex 20 0 -26.01
      vertex 19.9726 -1.04672 -26.01
    endloop
  endfacet
  facet normal 0 0 -1
    outer loop
      vertex 0 -6 -26.01
      vertex 19.9726 -1.04672 -26.01
      vertex 19.8904 -2.09057 -26.01
    endloop
  endfacet
  facet normal 0 0 -1
    outer loop
      vertex 0 6 -26.01
      vertex 20 0 -26.01
      vertex 0 -6 -26.01
    endloop
  endfacet
  facet normal 0 0 -1
    outer loop
      vertex 0 -6 -26.01
      vertex 19.8904 -2.09057 -26.01
      vertex 19.7538 -3.12869 -26.01
    endloop
  endfacet
  facet normal 0 0 -1
    outer loop
      vertex 20 0 -26.01
      vertex 0 6 -26.01
      vertex 19.9726 1.04672 -26.01
    endloop
  endfacet
  facet normal 0 0 -1
    outer loop
      vertex 0 -6 -26.01
      vertex 19.7538 -3.12869 -26.01
      vertex 19.563 -4.15823 -26.01
    endloop
  endfacet
  facet normal 0 0 -1
    outer loop
      vertex 19.9726 1.04672 -26.01
      vertex 0 6 -26.01
      vertex 19.8904 2.09057 -26.01
    endloop
  endfacet
  facet normal 0 0 -1
    outer loop
      vertex 0 -6 -26.01
      vertex 19.563 -4.15823 -26.01
      vertex 19.3185 -5.17638 -26.01
    endloop
  endfacet
  facet normal 0 0 -1
    outer loop
      vertex 19.8904 2.09057 -26.01
      vertex 0 6 -26.01
      vertex 19.7538 3.12869 -26.01
    endloop
  endfacet
  facet normal 0 0 -1
    outer loop
      vertex 0 -6 -26.01
      vertex 19.3185 -5.17638 -26.01
      vertex 19.0745 -6 -26.01
    endloop
  endfacet
  facet normal 0 0 -1
    outer loop
      vertex 19.7538 3.12869 -26.01
      vertex 0 6 -26.01
      vertex 19.563 4.15823 -26.01
    endloop
  endfacet
  facet normal 0 0 -1
    outer loop
      vertex 19.563 4.15823 -26.01
      vertex 0 6 -26.01
      vertex 19.3185 5.17638 -26.01
    endloop
  endfacet
  facet normal 0 0 -1
    outer loop
      vertex 19.3185 5.17638 -26.01
      vertex 0 6 -26.01
      vertex 19.0745 6 -26.01
    endloop
  endfacet
  facet normal -0.793362 -0.60875 0
    outer loop
      vertex -15.5429 -12.5864 -26
      vertex -16.1803 -11.7557 -12.01
      vertex -16.1803 -11.7557 -26
    endloop
  endfacet
  facet normal -0.793362 -0.60875 0
    outer loop
      vertex -16.1803 -11.7557 -12.01
      vertex -15.5429 -12.5864 -26
      vertex -15.5429 -12.5864 -12.01
    endloop
  endfacet
  facet normal -0.983257 -0.182223 0
    outer loop
      vertex -19.563 -4.15823 -26
      vertex -19.7538 -3.12869 -12.01
      vertex -19.7538 -3.12869 -26
    endloop
  endfacet
  facet normal -0.983257 -0.182223 0
    outer loop
      vertex -19.7538 -3.12869 -12.01
      vertex -19.563 -4.15823 -26
      vertex -19.563 -4.15823 -12.01
    endloop
  endfacet
  facet normal -0.991454 0.130459 0
    outer loop
      vertex -19.8904 2.09057 -26
      vertex -19.7538 3.12869 -12.01
      vertex -19.7538 3.12869 -26
    endloop
  endfacet
  facet normal -0.991454 0.130459 0
    outer loop
      vertex -19.7538 3.12869 -12.01
      vertex -19.8904 2.09057 -26
      vertex -19.8904 2.09057 -12.01
    endloop
  endfacet
  facet normal -0.233503 0.972356 0
    outer loop
      vertex -4.15823 19.563 -26
      vertex -5.17638 19.3185 -12.01
      vertex -4.15823 19.563 -12.01
    endloop
  endfacet
  facet normal -0.233503 0.972356 0
    outer loop
      vertex -5.17638 19.3185 -12.01
      vertex -4.15823 19.563 -26
      vertex -5.17638 19.3185 -26
    endloop
  endfacet
  facet normal 0.233503 0.972356 -0
    outer loop
      vertex 5.17638 19.3185 -26
      vertex 4.15823 19.563 -12.01
      vertex 5.17638 19.3185 -12.01
    endloop
  endfacet
  facet normal 0.233503 0.972356 0
    outer loop
      vertex 4.15823 19.563 -12.01
      vertex 5.17638 19.3185 -26
      vertex 4.15823 19.563 -26
    endloop
  endfacet
  facet normal -0.60875 -0.793362 0
    outer loop
      vertex -12.5864 -15.5429 -26
      vertex -11.7557 -16.1803 -12.01
      vertex -12.5864 -15.5429 -12.01
    endloop
  endfacet
  facet normal -0.60875 -0.793362 -0
    outer loop
      vertex -11.7557 -16.1803 -12.01
      vertex -12.5864 -15.5429 -26
      vertex -11.7557 -16.1803 -26
    endloop
  endfacet
  facet normal 0.902578 -0.430527 0
    outer loop
      vertex 17.8201 -9.07981 -12.01
      vertex 18.2709 -8.13473 -26
      vertex 18.2709 -8.13473 -12.01
    endloop
  endfacet
  facet normal 0.902578 -0.430527 0
    outer loop
      vertex 18.2709 -8.13473 -26
      vertex 17.8201 -9.07981 -12.01
      vertex 17.8201 -9.07981 -26
    endloop
  endfacet
  facet normal -0.878826 -0.477142 0
    outer loop
      vertex -17.3205 -10 -26
      vertex -17.8201 -9.07981 -12.01
      vertex -17.8201 -9.07981 -26
    endloop
  endfacet
  facet normal -0.878826 -0.477142 0
    outer loop
      vertex -17.8201 -9.07981 -12.01
      vertex -17.3205 -10 -26
      vertex -17.3205 -10 -12.01
    endloop
  endfacet
  facet normal -0.852644 -0.522493 0
    outer loop
      vertex -16.7734 -10.8928 -26
      vertex -17.3205 -10 -12.01
      vertex -17.3205 -10 -26
    endloop
  endfacet
  facet normal -0.852644 -0.522493 0
    outer loop
      vertex -17.3205 -10 -12.01
      vertex -16.7734 -10.8928 -26
      vertex -16.7734 -10.8928 -12.01
    endloop
  endfacet
  facet normal -0.972356 -0.233503 0
    outer loop
      vertex -19.3185 -5.17638 -26
      vertex -19.563 -4.15823 -12.01
      vertex -19.563 -4.15823 -26
    endloop
  endfacet
  facet normal -0.972356 -0.233503 0
    outer loop
      vertex -19.563 -4.15823 -12.01
      vertex -19.3185 -5.17638 -26
      vertex -19.3185 -5.17638 -12.01
    endloop
  endfacet
  facet normal -0.923879 0.382685 0
    outer loop
      vertex -18.6716 7.16736 -26
      vertex -18.2709 8.13473 -12.01
      vertex -18.2709 8.13473 -26
    endloop
  endfacet
  facet normal -0.923879 0.382685 0
    outer loop
      vertex -18.2709 8.13473 -12.01
      vertex -18.6716 7.16736 -26
      vertex -18.6716 7.16736 -12.01
    endloop
  endfacet
  facet normal -0.382685 0.923879 0
    outer loop
      vertex -7.16736 18.6716 -26
      vertex -8.13473 18.2709 -12.01
      vertex -7.16736 18.6716 -12.01
    endloop
  endfacet
  facet normal -0.382685 0.923879 0
    outer loop
      vertex -8.13473 18.2709 -12.01
      vertex -7.16736 18.6716 -26
      vertex -8.13473 18.2709 -26
    endloop
  endfacet
  facet normal -0.477142 -0.878826 0
    outer loop
      vertex -10 -17.3205 -26
      vertex -9.07981 -17.8201 -12.01
      vertex -10 -17.3205 -12.01
    endloop
  endfacet
  facet normal -0.477142 -0.878826 -0
    outer loop
      vertex -9.07981 -17.8201 -12.01
      vertex -10 -17.3205 -26
      vertex -9.07981 -17.8201 -26
    endloop
  endfacet
  facet normal -0.923879 -0.382685 0
    outer loop
      vertex -18.2709 -8.13473 -26
      vertex -18.6716 -7.16736 -12.01
      vertex -18.6716 -7.16736 -26
    endloop
  endfacet
  facet normal -0.923879 -0.382685 0
    outer loop
      vertex -18.6716 -7.16736 -12.01
      vertex -18.2709 -8.13473 -26
      vertex -18.2709 -8.13473 -12.01
    endloop
  endfacet
  facet normal -0.902578 -0.430527 0
    outer loop
      vertex -17.8201 -9.07981 -26
      vertex -18.2709 -8.13473 -12.01
      vertex -18.2709 -8.13473 -26
    endloop
  endfacet
  facet normal -0.902578 -0.430527 0
    outer loop
      vertex -18.2709 -8.13473 -12.01
      vertex -17.8201 -9.07981 -26
      vertex -17.8201 -9.07981 -12.01
    endloop
  endfacet
endsolid OpenSCAD_Model
