solid OpenSCAD_Model
  facet normal 0 0 -1
    outer loop
      vertex 26.1564 36.0013 23
      vertex 28.8497 37.7148 23
      vertex 27.1279 35.2558 23
    endloop
  endfacet
  facet normal -0 0 -1
    outer loop
      vertex 28.8497 37.7148 23
      vertex 26.1564 36.0013 23
      vertex 27.9198 38.4283 23
    endloop
  endfacet
  facet normal 0 0 -1
    outer loop
      vertex 26.1564 36.0013 23
      vertex 25.8704 39.8369 23
      vertex 27.9198 38.4283 23
    endloop
  endfacet
  facet normal 0 0 -1
    outer loop
      vertex 24.2364 37.3208 23
      vertex 25.8704 39.8369 23
      vertex 26.1564 36.0013 23
    endloop
  endfacet
  facet normal -0 0 -1
    outer loop
      vertex 25.8704 39.8369 23
      vertex 24.2364 37.3208 23
      vertex 25.578 40.016 23
    endloop
  endfacet
  facet normal 0 0 -1
    outer loop
      vertex 25.578 40.016 23
      vertex 24.2364 37.3208 23
      vertex 23.8546 37.5548 23
    endloop
  endfacet
  facet normal 0.573576 0.819152 -0
    outer loop
      vertex 26.9904 35.0594 5
      vertex 23.7138 37.3537 6
      vertex 26.9904 35.0594 6
    endloop
  endfacet
  facet normal 0.573576 0.819152 0
    outer loop
      vertex 23.7138 37.3537 6
      vertex 26.9904 35.0594 5
      vertex 23.7138 37.3537 5
    endloop
  endfacet
  facet normal 0.819144 -0.573587 0
    outer loop
      vertex 23.8546 37.5548 6
      vertex 25.578 40.016 23
      vertex 23.8546 37.5548 23
    endloop
  endfacet
  facet normal 0.819144 -0.573587 0
    outer loop
      vertex 25.578 40.016 23
      vertex 23.8546 37.5548 6
      vertex 25.578 40.016 5
    endloop
  endfacet
  facet normal 0.819175 -0.573544 0
    outer loop
      vertex 23.7138 37.3537 5
      vertex 23.8546 37.5548 6
      vertex 23.7138 37.3537 6
    endloop
  endfacet
  facet normal 0.819147 -0.573584 1.1932e-05
    outer loop
      vertex 23.8546 37.5548 6
      vertex 23.7138 37.3537 5
      vertex 25.578 40.016 5
    endloop
  endfacet
  facet normal 0 0 1
    outer loop
      vertex 27.9198 38.4283 5
      vertex 26.9904 35.0594 5
      vertex 28.8497 37.7148 5
    endloop
  endfacet
  facet normal 0 0 1
    outer loop
      vertex 23.7138 37.3537 5
      vertex 27.9198 38.4283 5
      vertex 25.8704 39.8369 5
    endloop
  endfacet
  facet normal 0 0 1
    outer loop
      vertex 23.7138 37.3537 5
      vertex 25.8704 39.8369 5
      vertex 25.578 40.016 5
    endloop
  endfacet
  facet normal 0 0 1
    outer loop
      vertex 27.9198 38.4283 5
      vertex 23.7138 37.3537 5
      vertex 26.9904 35.0594 5
    endloop
  endfacet
  facet normal -0.819154 0.573574 0
    outer loop
      vertex 28.8497 37.7148 5
      vertex 27.1279 35.2558 6
      vertex 28.8497 37.7148 23
    endloop
  endfacet
  facet normal -0.819157 0.57357 -1.5122e-05
    outer loop
      vertex 26.9904 35.0594 5
      vertex 27.1279 35.2558 6
      vertex 28.8497 37.7148 5
    endloop
  endfacet
  facet normal -0.819193 0.573518 0
    outer loop
      vertex 27.1279 35.2558 6
      vertex 26.9904 35.0594 5
      vertex 26.9904 35.0594 6
    endloop
  endfacet
  facet normal -0.819154 0.573574 0
    outer loop
      vertex 28.8497 37.7148 23
      vertex 27.1279 35.2558 6
      vertex 27.1279 35.2558 23
    endloop
  endfacet
  facet normal 0 0 -1
    outer loop
      vertex 11.5174 42.9837 23
      vertex 12.224 45.8983 23
      vertex 11.5741 42.9669 23
    endloop
  endfacet
  facet normal 0 0 -1
    outer loop
      vertex 9.25207 43.5276 23
      vertex 12.224 45.8983 23
      vertex 11.5174 42.9837 23
    endloop
  endfacet
  facet normal -0 0 -1
    outer loop
      vertex 12.224 45.8983 23
      vertex 9.25207 43.5276 23
      vertex 9.8758 46.462 23
    endloop
  endfacet
  facet normal 0 0 -1
    outer loop
      vertex 9.25207 43.5276 23
      vertex 8.31591 46.7511 23
      vertex 9.8758 46.462 23
    endloop
  endfacet
  facet normal 0 -0 -1
    outer loop
      vertex 8.31591 46.7511 23
      vertex 9.25207 43.5276 23
      vertex 7.66642 43.8214 23
    endloop
  endfacet
  facet normal 0.216451 0.976294 -0
    outer loop
      vertex 11.5192 42.7194 5
      vertex 7.61404 43.5852 6
      vertex 11.5192 42.7194 6
    endloop
  endfacet
  facet normal 0.216451 0.976294 0
    outer loop
      vertex 7.61404 43.5852 6
      vertex 11.5192 42.7194 5
      vertex 7.61404 43.5852 5
    endloop
  endfacet
  facet normal 0.976297 -0.216437 0
    outer loop
      vertex 7.66642 43.8214 6
      vertex 8.31591 46.7511 23
      vertex 7.66642 43.8214 23
    endloop
  endfacet
  facet normal 0.976297 -0.216437 0
    outer loop
      vertex 8.31591 46.7511 23
      vertex 7.66642 43.8214 6
      vertex 8.31591 46.7511 5
    endloop
  endfacet
  facet normal 0.976282 -0.216502 0
    outer loop
      vertex 7.61404 43.5852 5
      vertex 7.66642 43.8214 6
      vertex 7.61404 43.5852 6
    endloop
  endfacet
  facet normal 0.976296 -0.216442 -1.48478e-05
    outer loop
      vertex 7.66642 43.8214 6
      vertex 7.61404 43.5852 5
      vertex 8.31591 46.7511 5
    endloop
  endfacet
  facet normal 0 0 1
    outer loop
      vertex 9.8758 46.462 5
      vertex 11.5192 42.7194 5
      vertex 12.224 45.8983 5
    endloop
  endfacet
  facet normal 0 0 1
    outer loop
      vertex 7.61404 43.5852 5
      vertex 9.8758 46.462 5
      vertex 8.31591 46.7511 5
    endloop
  endfacet
  facet normal 0 0 1
    outer loop
      vertex 9.8758 46.462 5
      vertex 7.61404 43.5852 5
      vertex 11.5192 42.7194 5
    endloop
  endfacet
  facet normal -0.976294 0.216447 0
    outer loop
      vertex 12.224 45.8983 5
      vertex 11.5741 42.9669 6
      vertex 12.224 45.8983 23
    endloop
  endfacet
  facet normal -0.976292 0.216456 2.5678e-05
    outer loop
      vertex 11.5192 42.7194 5
      vertex 11.5741 42.9669 6
      vertex 12.224 45.8983 5
    endloop
  endfacet
  facet normal -0.976271 0.216555 0
    outer loop
      vertex 11.5741 42.9669 6
      vertex 11.5192 42.7194 5
      vertex 11.5192 42.7194 6
    endloop
  endfacet
  facet normal -0.976294 0.216447 0
    outer loop
      vertex 12.224 45.8983 23
      vertex 11.5741 42.9669 6
      vertex 11.5741 42.9669 23
    endloop
  endfacet
  facet normal 0 0 -1
    outer loop
      vertex -6.96133 43.9521 23
      vertex -6.26854 47.0682 23
      vertex -5.74728 44.112 23
    endloop
  endfacet
  facet normal 0 0 -1
    outer loop
      vertex -6.96133 43.9521 23
      vertex -7.43064 46.9152 23
      vertex -6.26854 47.0682 23
    endloop
  endfacet
  facet normal 0 0 -1
    outer loop
      vertex -9.25207 43.5276 23
      vertex -7.43064 46.9152 23
      vertex -6.96133 43.9521 23
    endloop
  endfacet
  facet normal 0 0 -1
    outer loop
      vertex -10.2092 46.382 23
      vertex -9.25207 43.5276 23
      vertex -9.6875 43.423 23
    endloop
  endfacet
  facet normal 0 0 -1
    outer loop
      vertex -9.25207 43.5276 23
      vertex -9.8758 46.462 23
      vertex -7.43064 46.9152 23
    endloop
  endfacet
  facet normal 0 0 -1
    outer loop
      vertex -9.25207 43.5276 23
      vertex -10.2092 46.382 23
      vertex -9.8758 46.462 23
    endloop
  endfacet
  facet normal -0.17365 0.984807 0
    outer loop
      vertex -5.70563 43.8758 5
      vertex -9.64486 43.1812 6
      vertex -5.70563 43.8758 6
    endloop
  endfacet
  facet normal -0.17365 0.984807 0
    outer loop
      vertex -9.64486 43.1812 6
      vertex -5.70563 43.8758 5
      vertex -9.64486 43.1812 5
    endloop
  endfacet
  facet normal -0 0 1
    outer loop
      vertex -7.43064 46.9152 5
      vertex -5.70563 43.8758 5
      vertex -6.26854 47.0682 5
    endloop
  endfacet
  facet normal 0 0 1
    outer loop
      vertex -7.43064 46.9152 5
      vertex -9.64486 43.1812 5
      vertex -5.70563 43.8758 5
    endloop
  endfacet
  facet normal -0 0 1
    outer loop
      vertex -9.8758 46.462 5
      vertex -9.64486 43.1812 5
      vertex -7.43064 46.9152 5
    endloop
  endfacet
  facet normal 0 0 1
    outer loop
      vertex -9.64486 43.1812 5
      vertex -9.8758 46.462 5
      vertex -10.2092 46.382 5
    endloop
  endfacet
  facet normal -0.984808 -0.173649 0
    outer loop
      vertex -6.26854 47.0682 5
      vertex -5.74728 44.112 6
      vertex -6.26854 47.0682 23
    endloop
  endfacet
  facet normal -0.984808 -0.173649 -1.27034e-06
    outer loop
      vertex -5.70563 43.8758 5
      vertex -5.74728 44.112 6
      vertex -6.26854 47.0682 5
    endloop
  endfacet
  facet normal -0.984807 -0.173655 0
    outer loop
      vertex -5.74728 44.112 6
      vertex -5.70563 43.8758 5
      vertex -5.70563 43.8758 6
    endloop
  endfacet
  facet normal -0.984808 -0.173649 0
    outer loop
      vertex -6.26854 47.0682 23
      vertex -5.74728 44.112 6
      vertex -5.74728 44.112 23
    endloop
  endfacet
  facet normal 0.984811 0.173632 -0
    outer loop
      vertex -9.6875 43.423 6
      vertex -10.2092 46.382 23
      vertex -9.6875 43.423 23
    endloop
  endfacet
  facet normal 0.984811 0.173632 0
    outer loop
      vertex -10.2092 46.382 23
      vertex -9.6875 43.423 6
      vertex -10.2092 46.382 5
    endloop
  endfacet
  facet normal 0.984805 0.173665 -0
    outer loop
      vertex -9.64486 43.1812 5
      vertex -9.6875 43.423 6
      vertex -9.64486 43.1812 6
    endloop
  endfacet
  facet normal 0.98481 0.173634 7.5996e-06
    outer loop
      vertex -9.6875 43.423 6
      vertex -9.64486 43.1812 5
      vertex -10.2092 46.382 5
    endloop
  endfacet
  facet normal 0 0 -1
    outer loop
      vertex -22.25 38.5381 23
      vertex -23.8113 41.0986 23
      vertex -22.1981 38.5663 23
    endloop
  endfacet
  facet normal 0 0 -1
    outer loop
      vertex -24.2364 37.3208 23
      vertex -23.8113 41.0986 23
      vertex -22.25 38.5381 23
    endloop
  endfacet
  facet normal 0 0 -1
    outer loop
      vertex -27.1778 38.9383 23
      vertex -24.2364 37.3208 23
      vertex -25.5655 36.4074 23
    endloop
  endfacet
  facet normal 0 0 -1
    outer loop
      vertex -24.2364 37.3208 23
      vertex -25.8704 39.8369 23
      vertex -23.8113 41.0986 23
    endloop
  endfacet
  facet normal 0 0 -1
    outer loop
      vertex -24.2364 37.3208 23
      vertex -27.1778 38.9383 23
      vertex -25.8704 39.8369 23
    endloop
  endfacet
  facet normal -0.537307 0.843387 0
    outer loop
      vertex -22.0619 38.3525 5
      vertex -25.4354 36.2033 6
      vertex -22.0619 38.3525 6
    endloop
  endfacet
  facet normal -0.537307 0.843387 0
    outer loop
      vertex -25.4354 36.2033 6
      vertex -22.0619 38.3525 5
      vertex -25.4354 36.2033 5
    endloop
  endfacet
  facet normal 0.843401 0.537285 -0
    outer loop
      vertex -25.5655 36.4074 6
      vertex -27.1778 38.9383 23
      vertex -25.5655 36.4074 23
    endloop
  endfacet
  facet normal 0.843401 0.537285 0
    outer loop
      vertex -27.1778 38.9383 23
      vertex -25.5655 36.4074 6
      vertex -27.1778 38.9383 5
    endloop
  endfacet
  facet normal 0.843253 0.537517 -0
    outer loop
      vertex -25.4354 36.2033 5
      vertex -25.5655 36.4074 6
      vertex -25.4354 36.2033 6
    endloop
  endfacet
  facet normal 0.84339 0.537302 6.1569e-05
    outer loop
      vertex -25.5655 36.4074 6
      vertex -25.4354 36.2033 5
      vertex -27.1778 38.9383 5
    endloop
  endfacet
  facet normal -0 0 1
    outer loop
      vertex -25.8704 39.8369 5
      vertex -22.0619 38.3525 5
      vertex -23.8113 41.0986 5
    endloop
  endfacet
  facet normal 0 0 1
    outer loop
      vertex -22.0619 38.3525 5
      vertex -25.8704 39.8369 5
      vertex -25.4354 36.2033 5
    endloop
  endfacet
  facet normal 0 0 1
    outer loop
      vertex -25.4354 36.2033 5
      vertex -25.8704 39.8369 5
      vertex -27.1778 38.9383 5
    endloop
  endfacet
  facet normal -0.843399 -0.537287 0
    outer loop
      vertex -23.8113 41.0986 5
      vertex -22.1981 38.5663 6
      vertex -23.8113 41.0986 23
    endloop
  endfacet
  facet normal -0.8434 -0.537287 8.90666e-07
    outer loop
      vertex -22.0619 38.3525 5
      vertex -22.1981 38.5663 6
      vertex -23.8113 41.0986 5
    endloop
  endfacet
  facet normal -0.843401 -0.537284 0
    outer loop
      vertex -22.1981 38.5663 6
      vertex -22.0619 38.3525 5
      vertex -22.0619 38.3525 6
    endloop
  endfacet
  facet normal -0.843399 -0.537287 0
    outer loop
      vertex -23.8113 41.0986 23
      vertex -22.1981 38.5663 6
      vertex -22.1981 38.5663 23
    endloop
  endfacet
  facet normal 0 0 -1
    outer loop
      vertex -36.0013 26.1564 23
      vertex -37.7148 28.8497 23
      vertex -35.2558 27.1279 23
    endloop
  endfacet
  facet normal 0 0 -1
    outer loop
      vertex -38.4283 27.9198 23
      vertex -36.0013 26.1564 23
      vertex -37.3208 24.2364 23
    endloop
  endfacet
  facet normal 0 0 -1
    outer loop
      vertex -40.016 25.578 23
      vertex -37.3208 24.2364 23
      vertex -37.5548 23.8546 23
    endloop
  endfacet
  facet normal 0 0 -1
    outer loop
      vertex -36.0013 26.1564 23
      vertex -38.4283 27.9198 23
      vertex -37.7148 28.8497 23
    endloop
  endfacet
  facet normal 0 0 -1
    outer loop
      vertex -37.3208 24.2364 23
      vertex -39.8369 25.8704 23
      vertex -38.4283 27.9198 23
    endloop
  endfacet
  facet normal 0 0 -1
    outer loop
      vertex -37.3208 24.2364 23
      vertex -40.016 25.578 23
      vertex -39.8369 25.8704 23
    endloop
  endfacet
  facet normal -0.819152 0.573576 0
    outer loop
      vertex -37.3537 23.7138 5
      vertex -35.0594 26.9904 6
      vertex -35.0594 26.9904 5
    endloop
  endfacet
  facet normal -0.819152 0.573576 0
    outer loop
      vertex -35.0594 26.9904 6
      vertex -37.3537 23.7138 5
      vertex -37.3537 23.7138 6
    endloop
  endfacet
  facet normal -0 0 1
    outer loop
      vertex -38.4283 27.9198 5
      vertex -35.0594 26.9904 5
      vertex -37.7148 28.8497 5
    endloop
  endfacet
  facet normal 0 0 1
    outer loop
      vertex -35.0594 26.9904 5
      vertex -38.4283 27.9198 5
      vertex -37.3537 23.7138 5
    endloop
  endfacet
  facet normal -0 0 1
    outer loop
      vertex -39.8369 25.8704 5
      vertex -37.3537 23.7138 5
      vertex -38.4283 27.9198 5
    endloop
  endfacet
  facet normal 0 0 1
    outer loop
      vertex -37.3537 23.7138 5
      vertex -39.8369 25.8704 5
      vertex -40.016 25.578 5
    endloop
  endfacet
  facet normal -0.573574 -0.819154 0
    outer loop
      vertex -37.7148 28.8497 23
      vertex -35.2558 27.1279 6
      vertex -35.2558 27.1279 23
    endloop
  endfacet
  facet normal -0.573574 -0.819154 0
    outer loop
      vertex -37.7148 28.8497 5
      vertex -35.2558 27.1279 6
      vertex -37.7148 28.8497 23
    endloop
  endfacet
  facet normal -0.57357 -0.819157 -1.5122e-05
    outer loop
      vertex -35.0594 26.9904 5
      vertex -35.2558 27.1279 6
      vertex -37.7148 28.8497 5
    endloop
  endfacet
  facet normal -0.573518 -0.819193 0
    outer loop
      vertex -35.2558 27.1279 6
      vertex -35.0594 26.9904 5
      vertex -35.0594 26.9904 6
    endloop
  endfacet
  facet normal 0.573544 0.819175 0
    outer loop
      vertex -37.3537 23.7138 6
      vertex -37.3537 23.7138 5
      vertex -37.5548 23.8546 6
    endloop
  endfacet
  facet normal 0.573587 0.819144 -0
    outer loop
      vertex -37.5548 23.8546 6
      vertex -40.016 25.578 23
      vertex -37.5548 23.8546 23
    endloop
  endfacet
  facet normal 0.573587 0.819144 0
    outer loop
      vertex -37.5548 23.8546 6
      vertex -40.016 25.578 5
      vertex -40.016 25.578 23
    endloop
  endfacet
  facet normal 0.573584 0.819147 1.1932e-05
    outer loop
      vertex -40.016 25.578 5
      vertex -37.5548 23.8546 6
      vertex -37.3537 23.7138 5
    endloop
  endfacet
  facet normal 0 0 -1
    outer loop
      vertex -42.9837 11.5174 23
      vertex -45.8983 12.224 23
      vertex -42.9669 11.5741 23
    endloop
  endfacet
  facet normal 0 0 -1
    outer loop
      vertex -43.5276 9.25207 23
      vertex -45.8983 12.224 23
      vertex -42.9837 11.5174 23
    endloop
  endfacet
  facet normal 0 0 -1
    outer loop
      vertex -46.7511 8.31591 23
      vertex -43.5276 9.25207 23
      vertex -43.8214 7.66642 23
    endloop
  endfacet
  facet normal 0 0 -1
    outer loop
      vertex -43.5276 9.25207 23
      vertex -46.462 9.8758 23
      vertex -45.8983 12.224 23
    endloop
  endfacet
  facet normal -0 0 -1
    outer loop
      vertex -43.5276 9.25207 23
      vertex -46.7511 8.31591 23
      vertex -46.462 9.8758 23
    endloop
  endfacet
  facet normal -0.976294 0.216451 0
    outer loop
      vertex -43.5852 7.61404 5
      vertex -42.7194 11.5192 6
      vertex -42.7194 11.5192 5
    endloop
  endfacet
  facet normal -0.976294 0.216451 0
    outer loop
      vertex -42.7194 11.5192 6
      vertex -43.5852 7.61404 5
      vertex -43.5852 7.61404 6
    endloop
  endfacet
  facet normal 0 0 1
    outer loop
      vertex -46.462 9.8758 5
      vertex -42.7194 11.5192 5
      vertex -45.8983 12.224 5
    endloop
  endfacet
  facet normal 0 0 1
    outer loop
      vertex -42.7194 11.5192 5
      vertex -46.462 9.8758 5
      vertex -43.5852 7.61404 5
    endloop
  endfacet
  facet normal 0 0 1
    outer loop
      vertex -43.5852 7.61404 5
      vertex -46.462 9.8758 5
      vertex -46.7511 8.31591 5
    endloop
  endfacet
  facet normal -0.216447 -0.976294 0
    outer loop
      vertex -45.8983 12.224 23
      vertex -42.9669 11.5741 6
      vertex -42.9669 11.5741 23
    endloop
  endfacet
  facet normal -0.216447 -0.976294 0
    outer loop
      vertex -45.8983 12.224 5
      vertex -42.9669 11.5741 6
      vertex -45.8983 12.224 23
    endloop
  endfacet
  facet normal -0.216456 -0.976292 2.5678e-05
    outer loop
      vertex -42.7194 11.5192 5
      vertex -42.9669 11.5741 6
      vertex -45.8983 12.224 5
    endloop
  endfacet
  facet normal -0.216555 -0.976271 0
    outer loop
      vertex -42.9669 11.5741 6
      vertex -42.7194 11.5192 5
      vertex -42.7194 11.5192 6
    endloop
  endfacet
  facet normal 0.216502 0.976282 0
    outer loop
      vertex -43.5852 7.61404 6
      vertex -43.5852 7.61404 5
      vertex -43.8214 7.66642 6
    endloop
  endfacet
  facet normal 0.216437 0.976297 -0
    outer loop
      vertex -43.8214 7.66642 6
      vertex -46.7511 8.31591 23
      vertex -43.8214 7.66642 23
    endloop
  endfacet
  facet normal 0.216437 0.976297 0
    outer loop
      vertex -43.8214 7.66642 6
      vertex -46.7511 8.31591 5
      vertex -46.7511 8.31591 23
    endloop
  endfacet
  facet normal 0.216442 0.976296 -1.48478e-05
    outer loop
      vertex -46.7511 8.31591 5
      vertex -43.8214 7.66642 6
      vertex -43.5852 7.61404 5
    endloop
  endfacet
  facet normal 0 0 -1
    outer loop
      vertex -46.382 -10.2092 23
      vertex -43.5276 -9.25207 23
      vertex -43.423 -9.6875 23
    endloop
  endfacet
  facet normal 0 0 -1
    outer loop
      vertex -46.462 -9.8758 23
      vertex -43.5276 -9.25207 23
      vertex -46.382 -10.2092 23
    endloop
  endfacet
  facet normal -0 0 -1
    outer loop
      vertex -43.5276 -9.25207 23
      vertex -46.462 -9.8758 23
      vertex -43.9521 -6.96133 23
    endloop
  endfacet
  facet normal 0 0 -1
    outer loop
      vertex -46.9152 -7.43064 23
      vertex -43.9521 -6.96133 23
      vertex -46.462 -9.8758 23
    endloop
  endfacet
  facet normal 0 0 -1
    outer loop
      vertex -47.0682 -6.26854 23
      vertex -43.9521 -6.96133 23
      vertex -46.9152 -7.43064 23
    endloop
  endfacet
  facet normal 0 0 -1
    outer loop
      vertex -43.9521 -6.96133 23
      vertex -47.0682 -6.26854 23
      vertex -44.112 -5.74728 23
    endloop
  endfacet
  facet normal -0 0 1
    outer loop
      vertex -46.9152 -7.43064 5
      vertex -43.1812 -9.64486 5
      vertex -43.8758 -5.70563 5
    endloop
  endfacet
  facet normal 0 0 1
    outer loop
      vertex -43.1812 -9.64486 5
      vertex -46.462 -9.8758 5
      vertex -46.382 -10.2092 5
    endloop
  endfacet
  facet normal 0 0 1
    outer loop
      vertex -43.1812 -9.64486 5
      vertex -46.9152 -7.43064 5
      vertex -46.462 -9.8758 5
    endloop
  endfacet
  facet normal 0 -0 1
    outer loop
      vertex -46.9152 -7.43064 5
      vertex -43.8758 -5.70563 5
      vertex -47.0682 -6.26854 5
    endloop
  endfacet
  facet normal -0.984807 -0.17365 0
    outer loop
      vertex -43.1812 -9.64486 5
      vertex -43.8758 -5.70563 6
      vertex -43.8758 -5.70563 5
    endloop
  endfacet
  facet normal -0.984807 -0.17365 0
    outer loop
      vertex -43.8758 -5.70563 6
      vertex -43.1812 -9.64486 5
      vertex -43.1812 -9.64486 6
    endloop
  endfacet
  facet normal -0.173665 0.984805 0
    outer loop
      vertex -43.1812 -9.64486 6
      vertex -43.1812 -9.64486 5
      vertex -43.423 -9.6875 6
    endloop
  endfacet
  facet normal -0.173632 0.984811 0
    outer loop
      vertex -43.423 -9.6875 6
      vertex -46.382 -10.2092 23
      vertex -43.423 -9.6875 23
    endloop
  endfacet
  facet normal -0.173632 0.984811 0
    outer loop
      vertex -43.423 -9.6875 6
      vertex -46.382 -10.2092 5
      vertex -46.382 -10.2092 23
    endloop
  endfacet
  facet normal -0.173634 0.98481 7.5996e-06
    outer loop
      vertex -46.382 -10.2092 5
      vertex -43.423 -9.6875 6
      vertex -43.1812 -9.64486 5
    endloop
  endfacet
  facet normal 0.173649 -0.984808 0
    outer loop
      vertex -47.0682 -6.26854 23
      vertex -44.112 -5.74728 6
      vertex -44.112 -5.74728 23
    endloop
  endfacet
  facet normal 0.173649 -0.984808 0
    outer loop
      vertex -47.0682 -6.26854 5
      vertex -44.112 -5.74728 6
      vertex -47.0682 -6.26854 23
    endloop
  endfacet
  facet normal 0.173649 -0.984808 -1.27034e-06
    outer loop
      vertex -43.8758 -5.70563 5
      vertex -44.112 -5.74728 6
      vertex -47.0682 -6.26854 5
    endloop
  endfacet
  facet normal 0.173655 -0.984807 0
    outer loop
      vertex -44.112 -5.74728 6
      vertex -43.8758 -5.70563 5
      vertex -43.8758 -5.70563 6
    endloop
  endfacet
  facet normal 0 0 -1
    outer loop
      vertex -38.9383 -27.1778 23
      vertex -37.3208 -24.2364 23
      vertex -36.4074 -25.5655 23
    endloop
  endfacet
  facet normal 0 0 -1
    outer loop
      vertex -39.8369 -25.8704 23
      vertex -37.3208 -24.2364 23
      vertex -38.9383 -27.1778 23
    endloop
  endfacet
  facet normal 0 0 -1
    outer loop
      vertex -41.0986 -23.8113 23
      vertex -37.3208 -24.2364 23
      vertex -39.8369 -25.8704 23
    endloop
  endfacet
  facet normal 0 0 -1
    outer loop
      vertex -37.3208 -24.2364 23
      vertex -41.0986 -23.8113 23
      vertex -38.5381 -22.25 23
    endloop
  endfacet
  facet normal -0 0 -1
    outer loop
      vertex -38.5381 -22.25 23
      vertex -41.0986 -23.8113 23
      vertex -38.5663 -22.1981 23
    endloop
  endfacet
  facet normal 0 0 1
    outer loop
      vertex -39.8369 -25.8704 5
      vertex -36.2033 -25.4354 5
      vertex -38.3525 -22.0619 5
    endloop
  endfacet
  facet normal 0 0 1
    outer loop
      vertex -36.2033 -25.4354 5
      vertex -39.8369 -25.8704 5
      vertex -38.9383 -27.1778 5
    endloop
  endfacet
  facet normal 0 -0 1
    outer loop
      vertex -39.8369 -25.8704 5
      vertex -38.3525 -22.0619 5
      vertex -41.0986 -23.8113 5
    endloop
  endfacet
  facet normal -0.843387 -0.537307 0
    outer loop
      vertex -36.2033 -25.4354 5
      vertex -38.3525 -22.0619 6
      vertex -38.3525 -22.0619 5
    endloop
  endfacet
  facet normal -0.843387 -0.537307 0
    outer loop
      vertex -38.3525 -22.0619 6
      vertex -36.2033 -25.4354 5
      vertex -36.2033 -25.4354 6
    endloop
  endfacet
  facet normal 0.537287 -0.843399 0
    outer loop
      vertex -41.0986 -23.8113 23
      vertex -38.5663 -22.1981 6
      vertex -38.5663 -22.1981 23
    endloop
  endfacet
  facet normal 0.537287 -0.843399 0
    outer loop
      vertex -41.0986 -23.8113 5
      vertex -38.5663 -22.1981 6
      vertex -41.0986 -23.8113 23
    endloop
  endfacet
  facet normal 0.537287 -0.8434 8.90666e-07
    outer loop
      vertex -38.3525 -22.0619 5
      vertex -38.5663 -22.1981 6
      vertex -41.0986 -23.8113 5
    endloop
  endfacet
  facet normal 0.537284 -0.843401 0
    outer loop
      vertex -38.5663 -22.1981 6
      vertex -38.3525 -22.0619 5
      vertex -38.3525 -22.0619 6
    endloop
  endfacet
  facet normal -0.537517 0.843253 0
    outer loop
      vertex -36.2033 -25.4354 6
      vertex -36.2033 -25.4354 5
      vertex -36.4074 -25.5655 6
    endloop
  endfacet
  facet normal -0.537285 0.843401 0
    outer loop
      vertex -36.4074 -25.5655 6
      vertex -38.9383 -27.1778 23
      vertex -36.4074 -25.5655 23
    endloop
  endfacet
  facet normal -0.537285 0.843401 0
    outer loop
      vertex -36.4074 -25.5655 6
      vertex -38.9383 -27.1778 5
      vertex -38.9383 -27.1778 23
    endloop
  endfacet
  facet normal -0.537302 0.84339 6.1569e-05
    outer loop
      vertex -38.9383 -27.1778 5
      vertex -36.4074 -25.5655 6
      vertex -36.2033 -25.4354 5
    endloop
  endfacet
  facet normal 0 0 -1
    outer loop
      vertex -25.578 -40.016 23
      vertex -24.2364 -37.3208 23
      vertex -23.8546 -37.5548 23
    endloop
  endfacet
  facet normal 0 0 -1
    outer loop
      vertex -25.8704 -39.8369 23
      vertex -24.2364 -37.3208 23
      vertex -25.578 -40.016 23
    endloop
  endfacet
  facet normal 0 0 -1
    outer loop
      vertex -25.8704 -39.8369 23
      vertex -26.1564 -36.0013 23
      vertex -24.2364 -37.3208 23
    endloop
  endfacet
  facet normal 0 0 -1
    outer loop
      vertex -27.9198 -38.4283 23
      vertex -26.1564 -36.0013 23
      vertex -25.8704 -39.8369 23
    endloop
  endfacet
  facet normal 0 0 -1
    outer loop
      vertex -28.8497 -37.7148 23
      vertex -26.1564 -36.0013 23
      vertex -27.9198 -38.4283 23
    endloop
  endfacet
  facet normal -0 0 -1
    outer loop
      vertex -26.1564 -36.0013 23
      vertex -28.8497 -37.7148 23
      vertex -27.1279 -35.2558 23
    endloop
  endfacet
  facet normal 0 0 1
    outer loop
      vertex -23.7138 -37.3537 5
      vertex -25.8704 -39.8369 5
      vertex -25.578 -40.016 5
    endloop
  endfacet
  facet normal 0 0 1
    outer loop
      vertex -27.9198 -38.4283 5
      vertex -23.7138 -37.3537 5
      vertex -26.9904 -35.0594 5
    endloop
  endfacet
  facet normal 0 0 1
    outer loop
      vertex -23.7138 -37.3537 5
      vertex -27.9198 -38.4283 5
      vertex -25.8704 -39.8369 5
    endloop
  endfacet
  facet normal 0 -0 1
    outer loop
      vertex -27.9198 -38.4283 5
      vertex -26.9904 -35.0594 5
      vertex -28.8497 -37.7148 5
    endloop
  endfacet
  facet normal -0.573576 -0.819152 0
    outer loop
      vertex -26.9904 -35.0594 5
      vertex -23.7138 -37.3537 6
      vertex -26.9904 -35.0594 6
    endloop
  endfacet
  facet normal -0.573576 -0.819152 -0
    outer loop
      vertex -23.7138 -37.3537 6
      vertex -26.9904 -35.0594 5
      vertex -23.7138 -37.3537 5
    endloop
  endfacet
  facet normal 0.819154 -0.573574 0
    outer loop
      vertex -27.1279 -35.2558 23
      vertex -28.8497 -37.7148 23
      vertex -27.1279 -35.2558 6
    endloop
  endfacet
  facet normal 0.819193 -0.573518 0
    outer loop
      vertex -27.1279 -35.2558 6
      vertex -26.9904 -35.0594 5
      vertex -26.9904 -35.0594 6
    endloop
  endfacet
  facet normal 0.819157 -0.57357 -1.5122e-05
    outer loop
      vertex -27.1279 -35.2558 6
      vertex -28.8497 -37.7148 5
      vertex -26.9904 -35.0594 5
    endloop
  endfacet
  facet normal 0.819154 -0.573574 0
    outer loop
      vertex -28.8497 -37.7148 5
      vertex -27.1279 -35.2558 6
      vertex -28.8497 -37.7148 23
    endloop
  endfacet
  facet normal -0.819175 0.573544 0
    outer loop
      vertex -23.7138 -37.3537 5
      vertex -23.8546 -37.5548 6
      vertex -23.7138 -37.3537 6
    endloop
  endfacet
  facet normal -0.819147 0.573584 1.1932e-05
    outer loop
      vertex -25.578 -40.016 5
      vertex -23.8546 -37.5548 6
      vertex -23.7138 -37.3537 5
    endloop
  endfacet
  facet normal -0.819144 0.573587 0
    outer loop
      vertex -25.578 -40.016 23
      vertex -23.8546 -37.5548 6
      vertex -25.578 -40.016 5
    endloop
  endfacet
  facet normal -0.819144 0.573587 0
    outer loop
      vertex -23.8546 -37.5548 6
      vertex -25.578 -40.016 23
      vertex -23.8546 -37.5548 23
    endloop
  endfacet
  facet normal 0 0 -1
    outer loop
      vertex -8.31591 -46.7511 23
      vertex -9.25207 -43.5276 23
      vertex -7.66642 -43.8214 23
    endloop
  endfacet
  facet normal 0 0 -1
    outer loop
      vertex -9.8758 -46.462 23
      vertex -9.25207 -43.5276 23
      vertex -8.31591 -46.7511 23
    endloop
  endfacet
  facet normal 0 0 -1
    outer loop
      vertex -12.224 -45.8983 23
      vertex -9.25207 -43.5276 23
      vertex -9.8758 -46.462 23
    endloop
  endfacet
  facet normal -0 0 -1
    outer loop
      vertex -9.25207 -43.5276 23
      vertex -12.224 -45.8983 23
      vertex -11.5174 -42.9837 23
    endloop
  endfacet
  facet normal -0 0 -1
    outer loop
      vertex -11.5174 -42.9837 23
      vertex -12.224 -45.8983 23
      vertex -11.5741 -42.9669 23
    endloop
  endfacet
  facet normal 0 0 1
    outer loop
      vertex -7.61404 -43.5852 5
      vertex -9.8758 -46.462 5
      vertex -8.31591 -46.7511 5
    endloop
  endfacet
  facet normal 0 0 1
    outer loop
      vertex -11.5192 -42.7194 5
      vertex -9.8758 -46.462 5
      vertex -7.61404 -43.5852 5
    endloop
  endfacet
  facet normal 0 0 1
    outer loop
      vertex -9.8758 -46.462 5
      vertex -11.5192 -42.7194 5
      vertex -12.224 -45.8983 5
    endloop
  endfacet
  facet normal -0.216451 -0.976294 0
    outer loop
      vertex -11.5192 -42.7194 5
      vertex -7.61404 -43.5852 6
      vertex -11.5192 -42.7194 6
    endloop
  endfacet
  facet normal -0.216451 -0.976294 -0
    outer loop
      vertex -7.61404 -43.5852 6
      vertex -11.5192 -42.7194 5
      vertex -7.61404 -43.5852 5
    endloop
  endfacet
  facet normal -0.976282 0.216502 0
    outer loop
      vertex -7.61404 -43.5852 5
      vertex -7.66642 -43.8214 6
      vertex -7.61404 -43.5852 6
    endloop
  endfacet
  facet normal -0.976296 0.216442 -1.48478e-05
    outer loop
      vertex -8.31591 -46.7511 5
      vertex -7.66642 -43.8214 6
      vertex -7.61404 -43.5852 5
    endloop
  endfacet
  facet normal -0.976297 0.216437 0
    outer loop
      vertex -8.31591 -46.7511 23
      vertex -7.66642 -43.8214 6
      vertex -8.31591 -46.7511 5
    endloop
  endfacet
  facet normal -0.976297 0.216437 0
    outer loop
      vertex -7.66642 -43.8214 6
      vertex -8.31591 -46.7511 23
      vertex -7.66642 -43.8214 23
    endloop
  endfacet
  facet normal 0.976294 -0.216447 0
    outer loop
      vertex -11.5741 -42.9669 23
      vertex -12.224 -45.8983 23
      vertex -11.5741 -42.9669 6
    endloop
  endfacet
  facet normal 0.976271 -0.216555 0
    outer loop
      vertex -11.5741 -42.9669 6
      vertex -11.5192 -42.7194 5
      vertex -11.5192 -42.7194 6
    endloop
  endfacet
  facet normal 0.976292 -0.216456 2.5678e-05
    outer loop
      vertex -11.5741 -42.9669 6
      vertex -12.224 -45.8983 5
      vertex -11.5192 -42.7194 5
    endloop
  endfacet
  facet normal 0.976294 -0.216447 0
    outer loop
      vertex -12.224 -45.8983 5
      vertex -11.5741 -42.9669 6
      vertex -12.224 -45.8983 23
    endloop
  endfacet
  facet normal 0 0 -1
    outer loop
      vertex 9.25207 -43.5276 23
      vertex 10.2092 -46.382 23
      vertex 9.8758 -46.462 23
    endloop
  endfacet
  facet normal 0 0 -1
    outer loop
      vertex 10.2092 -46.382 23
      vertex 9.25207 -43.5276 23
      vertex 9.6875 -43.423 23
    endloop
  endfacet
  facet normal 0 0 -1
    outer loop
      vertex 7.43064 -46.9152 23
      vertex 9.25207 -43.5276 23
      vertex 9.8758 -46.462 23
    endloop
  endfacet
  facet normal 0 0 -1
    outer loop
      vertex 7.43064 -46.9152 23
      vertex 6.96133 -43.9521 23
      vertex 9.25207 -43.5276 23
    endloop
  endfacet
  facet normal 0 0 -1
    outer loop
      vertex 6.26854 -47.0682 23
      vertex 6.96133 -43.9521 23
      vertex 7.43064 -46.9152 23
    endloop
  endfacet
  facet normal 0 0 -1
    outer loop
      vertex 6.96133 -43.9521 23
      vertex 6.26854 -47.0682 23
      vertex 5.74728 -44.112 23
    endloop
  endfacet
  facet normal 0 0 1
    outer loop
      vertex 9.64486 -43.1812 5
      vertex 9.8758 -46.462 5
      vertex 10.2092 -46.382 5
    endloop
  endfacet
  facet normal 0 0 1
    outer loop
      vertex 9.64486 -43.1812 5
      vertex 7.43064 -46.9152 5
      vertex 9.8758 -46.462 5
    endloop
  endfacet
  facet normal -0 0 1
    outer loop
      vertex 5.70563 -43.8758 5
      vertex 7.43064 -46.9152 5
      vertex 9.64486 -43.1812 5
    endloop
  endfacet
  facet normal 0 0 1
    outer loop
      vertex 7.43064 -46.9152 5
      vertex 5.70563 -43.8758 5
      vertex 6.26854 -47.0682 5
    endloop
  endfacet
  facet normal 0.17365 -0.984807 0
    outer loop
      vertex 5.70563 -43.8758 5
      vertex 9.64486 -43.1812 6
      vertex 5.70563 -43.8758 6
    endloop
  endfacet
  facet normal 0.17365 -0.984807 0
    outer loop
      vertex 9.64486 -43.1812 6
      vertex 5.70563 -43.8758 5
      vertex 9.64486 -43.1812 5
    endloop
  endfacet
  facet normal -0.984805 -0.173665 0
    outer loop
      vertex 9.64486 -43.1812 5
      vertex 9.6875 -43.423 6
      vertex 9.64486 -43.1812 6
    endloop
  endfacet
  facet normal -0.98481 -0.173634 7.5996e-06
    outer loop
      vertex 10.2092 -46.382 5
      vertex 9.6875 -43.423 6
      vertex 9.64486 -43.1812 5
    endloop
  endfacet
  facet normal -0.984811 -0.173632 -0
    outer loop
      vertex 10.2092 -46.382 23
      vertex 9.6875 -43.423 6
      vertex 10.2092 -46.382 5
    endloop
  endfacet
  facet normal -0.984811 -0.173632 0
    outer loop
      vertex 9.6875 -43.423 6
      vertex 10.2092 -46.382 23
      vertex 9.6875 -43.423 23
    endloop
  endfacet
  facet normal 0.984808 0.173649 0
    outer loop
      vertex 5.74728 -44.112 23
      vertex 6.26854 -47.0682 23
      vertex 5.74728 -44.112 6
    endloop
  endfacet
  facet normal 0.984807 0.173655 0
    outer loop
      vertex 5.74728 -44.112 6
      vertex 5.70563 -43.8758 5
      vertex 5.70563 -43.8758 6
    endloop
  endfacet
  facet normal 0.984808 0.173649 -1.27034e-06
    outer loop
      vertex 5.74728 -44.112 6
      vertex 6.26854 -47.0682 5
      vertex 5.70563 -43.8758 5
    endloop
  endfacet
  facet normal 0.984808 0.173649 -0
    outer loop
      vertex 6.26854 -47.0682 5
      vertex 5.74728 -44.112 6
      vertex 6.26854 -47.0682 23
    endloop
  endfacet
  facet normal 0 0 -1
    outer loop
      vertex 24.2364 -37.3208 23
      vertex 27.1778 -38.9383 23
      vertex 25.8704 -39.8369 23
    endloop
  endfacet
  facet normal 0 0 -1
    outer loop
      vertex 27.1778 -38.9383 23
      vertex 24.2364 -37.3208 23
      vertex 25.5655 -36.4074 23
    endloop
  endfacet
  facet normal 0 0 -1
    outer loop
      vertex 23.8113 -41.0986 23
      vertex 24.2364 -37.3208 23
      vertex 25.8704 -39.8369 23
    endloop
  endfacet
  facet normal 0 0 -1
    outer loop
      vertex 23.8113 -41.0986 23
      vertex 22.25 -38.5381 23
      vertex 24.2364 -37.3208 23
    endloop
  endfacet
  facet normal 0 -0 -1
    outer loop
      vertex 22.25 -38.5381 23
      vertex 23.8113 -41.0986 23
      vertex 22.1981 -38.5663 23
    endloop
  endfacet
  facet normal 0 0 1
    outer loop
      vertex 25.4354 -36.2033 5
      vertex 25.8704 -39.8369 5
      vertex 27.1778 -38.9383 5
    endloop
  endfacet
  facet normal -0 0 1
    outer loop
      vertex 22.0619 -38.3525 5
      vertex 25.8704 -39.8369 5
      vertex 25.4354 -36.2033 5
    endloop
  endfacet
  facet normal 0 0 1
    outer loop
      vertex 25.8704 -39.8369 5
      vertex 22.0619 -38.3525 5
      vertex 23.8113 -41.0986 5
    endloop
  endfacet
  facet normal 0.537307 -0.843387 0
    outer loop
      vertex 22.0619 -38.3525 5
      vertex 25.4354 -36.2033 6
      vertex 22.0619 -38.3525 6
    endloop
  endfacet
  facet normal 0.537307 -0.843387 0
    outer loop
      vertex 25.4354 -36.2033 6
      vertex 22.0619 -38.3525 5
      vertex 25.4354 -36.2033 5
    endloop
  endfacet
  facet normal -0.843253 -0.537517 0
    outer loop
      vertex 25.4354 -36.2033 5
      vertex 25.5655 -36.4074 6
      vertex 25.4354 -36.2033 6
    endloop
  endfacet
  facet normal -0.84339 -0.537302 6.1569e-05
    outer loop
      vertex 27.1778 -38.9383 5
      vertex 25.5655 -36.4074 6
      vertex 25.4354 -36.2033 5
    endloop
  endfacet
  facet normal -0.843401 -0.537285 -0
    outer loop
      vertex 27.1778 -38.9383 23
      vertex 25.5655 -36.4074 6
      vertex 27.1778 -38.9383 5
    endloop
  endfacet
  facet normal -0.843401 -0.537285 0
    outer loop
      vertex 25.5655 -36.4074 6
      vertex 27.1778 -38.9383 23
      vertex 25.5655 -36.4074 23
    endloop
  endfacet
  facet normal 0.843399 0.537287 0
    outer loop
      vertex 22.1981 -38.5663 23
      vertex 23.8113 -41.0986 23
      vertex 22.1981 -38.5663 6
    endloop
  endfacet
  facet normal 0.843401 0.537284 0
    outer loop
      vertex 22.1981 -38.5663 6
      vertex 22.0619 -38.3525 5
      vertex 22.0619 -38.3525 6
    endloop
  endfacet
  facet normal 0.8434 0.537287 8.90666e-07
    outer loop
      vertex 22.1981 -38.5663 6
      vertex 23.8113 -41.0986 5
      vertex 22.0619 -38.3525 5
    endloop
  endfacet
  facet normal 0.843399 0.537287 -0
    outer loop
      vertex 23.8113 -41.0986 5
      vertex 22.1981 -38.5663 6
      vertex 23.8113 -41.0986 23
    endloop
  endfacet
  facet normal -0.996919 -0.07844 0
    outer loop
      vertex 7.49794 0.0785036 64.99
      vertex 7.49178 0.156793 65
      vertex 7.49178 0.156793 64.99
    endloop
  endfacet
  facet normal -0.996919 -0.07844 0
    outer loop
      vertex 7.49178 0.156793 65
      vertex 7.49794 0.0785036 64.99
      vertex 7.49794 0.0785036 65
    endloop
  endfacet
  facet normal -0.999656 -0.0262318 0
    outer loop
      vertex 7.5 0 64.99
      vertex 7.49794 0.0785036 65
      vertex 7.49794 0.0785036 64.99
    endloop
  endfacet
  facet normal -0.999656 -0.0262318 0
    outer loop
      vertex 7.49794 0.0785036 65
      vertex 7.5 0 64.99
      vertex 7.5 0 65
    endloop
  endfacet
  facet normal -0.991445 -0.130522 0
    outer loop
      vertex 7.49178 0.156793 64.99
      vertex 7.48153 0.234652 65
      vertex 7.48153 0.234652 64.99
    endloop
  endfacet
  facet normal -0.991445 -0.130522 0
    outer loop
      vertex 7.48153 0.234652 65
      vertex 7.49178 0.156793 64.99
      vertex 7.49178 0.156793 65
    endloop
  endfacet
  facet normal -0.852651 -0.522481 0
    outer loop
      vertex 7.29904 0.75 64.99
      vertex 7.25801 0.816958 65
      vertex 7.25801 0.816958 64.99
    endloop
  endfacet
  facet normal -0.852651 -0.522481 0
    outer loop
      vertex 7.25801 0.816958 65
      vertex 7.29904 0.75 64.99
      vertex 7.29904 0.75 65
    endloop
  endfacet
  facet normal 0.72533 -0.688401 0
    outer loop
      vertex 4.88528 1.0037 65
      vertex 4.93934 1.06066 64.99
      vertex 4.93934 1.06066 65
    endloop
  endfacet
  facet normal 0.72533 -0.688401 0
    outer loop
      vertex 4.93934 1.06066 64.99
      vertex 4.88528 1.0037 65
      vertex 4.88528 1.0037 64.99
    endloop
  endfacet
  facet normal -0.566486 0.824072 0
    outer loop
      vertex 6.88168 -1.21352 64.99
      vertex 6.81696 -1.25801 65
      vertex 6.88168 -1.21352 65
    endloop
  endfacet
  facet normal -0.566486 0.824072 0
    outer loop
      vertex 6.81696 -1.25801 65
      vertex 6.88168 -1.21352 64.99
      vertex 6.81696 -1.25801 64.99
    endloop
  endfacet
  facet normal -0.522469 -0.852658 0
    outer loop
      vertex 6.75 1.29904 64.99
      vertex 6.81696 1.25801 65
      vertex 6.75 1.29904 65
    endloop
  endfacet
  facet normal -0.522469 -0.852658 -0
    outer loop
      vertex 6.81696 1.25801 65
      vertex 6.75 1.29904 64.99
      vertex 6.81696 1.25801 64.99
    endloop
  endfacet
  facet normal 0.284075 -0.958802 0
    outer loop
      vertex 5.53647 1.42658 64.99
      vertex 5.61177 1.44889 65
      vertex 5.53647 1.42658 65
    endloop
  endfacet
  facet normal 0.284075 -0.958802 0
    outer loop
      vertex 5.61177 1.44889 65
      vertex 5.53647 1.42658 64.99
      vertex 5.61177 1.44889 64.99
    endloop
  endfacet
  facet normal 0.958834 0.283969 0
    outer loop
      vertex 4.57341 -0.463525 65
      vertex 4.55111 -0.388228 64.99
      vertex 4.55111 -0.388228 65
    endloop
  endfacet
  facet normal 0.958834 0.283969 0
    outer loop
      vertex 4.55111 -0.388228 64.99
      vertex 4.57341 -0.463525 65
      vertex 4.57341 -0.463525 64.99
    endloop
  endfacet
  facet normal 0.942619 -0.333871 0
    outer loop
      vertex 4.57341 0.463525 65
      vertex 4.59963 0.537552 64.99
      vertex 4.59963 0.537552 65
    endloop
  endfacet
  facet normal 0.942619 -0.333871 0
    outer loop
      vertex 4.59963 0.537552 64.99
      vertex 4.57341 0.463525 65
      vertex 4.57341 0.463525 64.99
    endloop
  endfacet
  facet normal -0.852651 0.522481 0
    outer loop
      vertex 7.25801 -0.816958 64.99
      vertex 7.29904 -0.75 65
      vertex 7.29904 -0.75 64.99
    endloop
  endfacet
  facet normal -0.852651 0.522481 0
    outer loop
      vertex 7.29904 -0.75 65
      vertex 7.25801 -0.816958 64.99
      vertex 7.25801 -0.816958 65
    endloop
  endfacet
  facet normal 0.0784394 -0.996919 0
    outer loop
      vertex 5.84321 1.49178 64.99
      vertex 5.9215 1.49794 65
      vertex 5.84321 1.49178 65
    endloop
  endfacet
  facet normal 0.0784394 -0.996919 0
    outer loop
      vertex 5.9215 1.49794 65
      vertex 5.84321 1.49178 64.99
      vertex 5.9215 1.49794 64.99
    endloop
  endfacet
  facet normal 0.649406 0.760442 -0
    outer loop
      vertex 5.05602 -1.16572 64.99
      vertex 4.9963 -1.11472 65
      vertex 5.05602 -1.16572 65
    endloop
  endfacet
  facet normal 0.649406 0.760442 0
    outer loop
      vertex 4.9963 -1.11472 65
      vertex 5.05602 -1.16572 64.99
      vertex 4.9963 -1.11472 64.99
    endloop
  endfacet
  facet normal -0.13052 0.991446 0
    outer loop
      vertex 6.23465 -1.48153 64.99
      vertex 6.15679 -1.49178 65
      vertex 6.23465 -1.48153 65
    endloop
  endfacet
  facet normal -0.13052 0.991446 0
    outer loop
      vertex 6.15679 -1.49178 65
      vertex 6.23465 -1.48153 64.99
      vertex 6.15679 -1.49178 64.99
    endloop
  endfacet
  facet normal -0.72533 -0.688401 0
    outer loop
      vertex 7.11472 1.0037 64.99
      vertex 7.06066 1.06066 65
      vertex 7.06066 1.06066 64.99
    endloop
  endfacet
  facet normal -0.72533 -0.688401 0
    outer loop
      vertex 7.06066 1.06066 65
      vertex 7.11472 1.0037 64.99
      vertex 7.11472 1.0037 65
    endloop
  endfacet
  facet normal 0.983257 -0.182224 0
    outer loop
      vertex 4.51847 0.234652 65
      vertex 4.53278 0.311867 64.99
      vertex 4.53278 0.311867 65
    endloop
  endfacet
  facet normal 0.983257 -0.182224 0
    outer loop
      vertex 4.53278 0.311867 64.99
      vertex 4.51847 0.234652 65
      vertex 4.51847 0.234652 64.99
    endloop
  endfacet
  facet normal -0.983257 0.182224 0
    outer loop
      vertex 7.46722 -0.311867 64.99
      vertex 7.48153 -0.234652 65
      vertex 7.48153 -0.234652 64.99
    endloop
  endfacet
  facet normal -0.983257 0.182224 0
    outer loop
      vertex 7.48153 -0.234652 65
      vertex 7.46722 -0.311867 64.99
      vertex 7.46722 -0.311867 65
    endloop
  endfacet
  facet normal -0.333746 -0.942663 0
    outer loop
      vertex 6.46352 1.42658 64.99
      vertex 6.53755 1.40037 65
      vertex 6.46352 1.42658 65
    endloop
  endfacet
  facet normal -0.333746 -0.942663 -0
    outer loop
      vertex 6.53755 1.40037 65
      vertex 6.46352 1.42658 64.99
      vertex 6.53755 1.40037 64.99
    endloop
  endfacet
  facet normal -0.477165 0.878814 0
    outer loop
      vertex 6.75 -1.29904 64.99
      vertex 6.68099 -1.33651 65
      vertex 6.75 -1.29904 65
    endloop
  endfacet
  facet normal -0.477165 0.878814 0
    outer loop
      vertex 6.68099 -1.33651 65
      vertex 6.75 -1.29904 64.99
      vertex 6.68099 -1.33651 64.99
    endloop
  endfacet
  facet normal 0.760442 0.649406 0
    outer loop
      vertex 4.88528 -1.0037 65
      vertex 4.83428 -0.94398 64.99
      vertex 4.83428 -0.94398 65
    endloop
  endfacet
  facet normal 0.760442 0.649406 0
    outer loop
      vertex 4.83428 -0.94398 64.99
      vertex 4.88528 -1.0037 65
      vertex 4.88528 -1.0037 64.99
    endloop
  endfacet
  facet normal -0.430482 0.902599 0
    outer loop
      vertex 6.68099 -1.33651 64.99
      vertex 6.6101 -1.37032 65
      vertex 6.68099 -1.33651 65
    endloop
  endfacet
  facet normal -0.430482 0.902599 0
    outer loop
      vertex 6.6101 -1.37032 65
      vertex 6.68099 -1.33651 64.99
      vertex 6.6101 -1.37032 64.99
    endloop
  endfacet
  facet normal -0.999656 0.0262318 0
    outer loop
      vertex 7.49794 -0.0785036 64.99
      vertex 7.5 0 65
      vertex 7.5 0 64.99
    endloop
  endfacet
  facet normal -0.999656 0.0262318 0
    outer loop
      vertex 7.5 0 65
      vertex 7.49794 -0.0785036 64.99
      vertex 7.49794 -0.0785036 65
    endloop
  endfacet
  facet normal -0.878828 -0.477138 0
    outer loop
      vertex 7.33651 0.680985 64.99
      vertex 7.29904 0.75 65
      vertex 7.29904 0.75 64.99
    endloop
  endfacet
  facet normal -0.878828 -0.477138 0
    outer loop
      vertex 7.29904 0.75 65
      vertex 7.33651 0.680985 64.99
      vertex 7.33651 0.680985 65
    endloop
  endfacet
  facet normal 0.13052 -0.991446 0
    outer loop
      vertex 5.76535 1.48153 64.99
      vertex 5.84321 1.49178 65
      vertex 5.76535 1.48153 65
    endloop
  endfacet
  facet normal 0.13052 -0.991446 0
    outer loop
      vertex 5.84321 1.49178 65
      vertex 5.76535 1.48153 64.99
      vertex 5.84321 1.49178 64.99
    endloop
  endfacet
  facet normal -0.902576 -0.430532 0
    outer loop
      vertex 7.37032 0.610105 64.99
      vertex 7.33651 0.680985 65
      vertex 7.33651 0.680985 64.99
    endloop
  endfacet
  facet normal -0.902576 -0.430532 0
    outer loop
      vertex 7.33651 0.680985 65
      vertex 7.37032 0.610105 64.99
      vertex 7.37032 0.610105 65
    endloop
  endfacet
  facet normal 0.233416 0.972377 -0
    outer loop
      vertex 5.68813 -1.46722 64.99
      vertex 5.61177 -1.44889 65
      vertex 5.68813 -1.46722 65
    endloop
  endfacet
  facet normal 0.233416 0.972377 0
    outer loop
      vertex 5.61177 -1.44889 65
      vertex 5.68813 -1.46722 64.99
      vertex 5.61177 -1.44889 64.99
    endloop
  endfacet
  facet normal -0.430482 -0.902599 0
    outer loop
      vertex 6.6101 1.37032 64.99
      vertex 6.68099 1.33651 65
      vertex 6.6101 1.37032 65
    endloop
  endfacet
  facet normal -0.430482 -0.902599 -0
    outer loop
      vertex 6.68099 1.33651 65
      vertex 6.6101 1.37032 64.99
      vertex 6.68099 1.33651 64.99
    endloop
  endfacet
  facet normal -0.477165 -0.878814 0
    outer loop
      vertex 6.68099 1.33651 64.99
      vertex 6.75 1.29904 65
      vertex 6.68099 1.33651 65
    endloop
  endfacet
  facet normal -0.477165 -0.878814 -0
    outer loop
      vertex 6.75 1.29904 65
      vertex 6.68099 1.33651 64.99
      vertex 6.75 1.29904 64.99
    endloop
  endfacet
  facet normal -0.972378 0.233413 0
    outer loop
      vertex 7.44889 -0.388228 64.99
      vertex 7.46722 -0.311867 65
      vertex 7.46722 -0.311867 64.99
    endloop
  endfacet
  facet normal -0.972378 0.233413 0
    outer loop
      vertex 7.46722 -0.311867 65
      vertex 7.44889 -0.388228 64.99
      vertex 7.44889 -0.388228 65
    endloop
  endfacet
  facet normal 0.382625 -0.923904 0
    outer loop
      vertex 5.38989 1.37032 64.99
      vertex 5.46245 1.40037 65
      vertex 5.38989 1.37032 65
    endloop
  endfacet
  facet normal 0.382625 -0.923904 0
    outer loop
      vertex 5.46245 1.40037 65
      vertex 5.38989 1.37032 64.99
      vertex 5.46245 1.40037 64.99
    endloop
  endfacet
  facet normal 0.942619 0.333871 0
    outer loop
      vertex 4.59963 -0.537552 65
      vertex 4.57341 -0.463525 64.99
      vertex 4.57341 -0.463525 65
    endloop
  endfacet
  facet normal 0.942619 0.333871 0
    outer loop
      vertex 4.57341 -0.463525 64.99
      vertex 4.59963 -0.537552 65
      vertex 4.59963 -0.537552 64.99
    endloop
  endfacet
  facet normal 0.333786 -0.942649 0
    outer loop
      vertex 5.46245 1.40037 64.99
      vertex 5.53647 1.42658 65
      vertex 5.46245 1.40037 65
    endloop
  endfacet
  facet normal 0.333786 -0.942649 0
    outer loop
      vertex 5.53647 1.42658 65
      vertex 5.46245 1.40037 64.99
      vertex 5.53647 1.42658 64.99
    endloop
  endfacet
  facet normal 0.923891 0.382657 0
    outer loop
      vertex 4.62968 -0.610105 65
      vertex 4.59963 -0.537552 64.99
      vertex 4.59963 -0.537552 65
    endloop
  endfacet
  facet normal 0.923891 0.382657 0
    outer loop
      vertex 4.59963 -0.537552 64.99
      vertex 4.62968 -0.610105 65
      vertex 4.62968 -0.610105 64.99
    endloop
  endfacet
  facet normal 0.996919 0.07844 0
    outer loop
      vertex 4.50822 -0.156793 65
      vertex 4.50206 -0.0785036 64.99
      vertex 4.50206 -0.0785036 65
    endloop
  endfacet
  facet normal 0.996919 0.07844 0
    outer loop
      vertex 4.50206 -0.0785036 64.99
      vertex 4.50822 -0.156793 65
      vertex 4.50822 -0.156793 64.99
    endloop
  endfacet
  facet normal 0.284075 0.958802 -0
    outer loop
      vertex 5.61177 -1.44889 64.99
      vertex 5.53647 -1.42658 65
      vertex 5.61177 -1.44889 65
    endloop
  endfacet
  facet normal 0.284075 0.958802 0
    outer loop
      vertex 5.53647 -1.42658 65
      vertex 5.61177 -1.44889 64.99
      vertex 5.53647 -1.42658 64.99
    endloop
  endfacet
  facet normal -0.38267 0.923885 0
    outer loop
      vertex 6.6101 -1.37032 64.99
      vertex 6.53755 -1.40037 65
      vertex 6.6101 -1.37032 65
    endloop
  endfacet
  facet normal -0.38267 0.923885 0
    outer loop
      vertex 6.53755 -1.40037 65
      vertex 6.6101 -1.37032 64.99
      vertex 6.53755 -1.40037 64.99
    endloop
  endfacet
  facet normal -0.878828 0.477138 0
    outer loop
      vertex 7.29904 -0.75 64.99
      vertex 7.33651 -0.680985 65
      vertex 7.33651 -0.680985 64.99
    endloop
  endfacet
  facet normal -0.878828 0.477138 0
    outer loop
      vertex 7.33651 -0.680985 65
      vertex 7.29904 -0.75 64.99
      vertex 7.29904 -0.75 65
    endloop
  endfacet
  facet normal 0.72533 0.688401 0
    outer loop
      vertex 4.93934 -1.06066 65
      vertex 4.88528 -1.0037 64.99
      vertex 4.88528 -1.0037 65
    endloop
  endfacet
  facet normal 0.72533 0.688401 0
    outer loop
      vertex 4.88528 -1.0037 64.99
      vertex 4.93934 -1.06066 65
      vertex 4.93934 -1.06066 64.99
    endloop
  endfacet
  facet normal 0.522469 -0.852658 0
    outer loop
      vertex 5.18304 1.25801 64.99
      vertex 5.25 1.29904 65
      vertex 5.18304 1.25801 65
    endloop
  endfacet
  facet normal 0.522469 -0.852658 0
    outer loop
      vertex 5.25 1.29904 65
      vertex 5.18304 1.25801 64.99
      vertex 5.25 1.29904 64.99
    endloop
  endfacet
  facet normal 0.983257 0.182224 0
    outer loop
      vertex 4.53278 -0.311867 65
      vertex 4.51847 -0.234652 64.99
      vertex 4.51847 -0.234652 65
    endloop
  endfacet
  facet normal 0.983257 0.182224 0
    outer loop
      vertex 4.51847 -0.234652 64.99
      vertex 4.53278 -0.311867 65
      vertex 4.53278 -0.311867 64.99
    endloop
  endfacet
  facet normal -0.566486 -0.824072 0
    outer loop
      vertex 6.81696 1.25801 64.99
      vertex 6.88168 1.21352 65
      vertex 6.81696 1.25801 65
    endloop
  endfacet
  facet normal -0.566486 -0.824072 -0
    outer loop
      vertex 6.88168 1.21352 65
      vertex 6.81696 1.25801 64.99
      vertex 6.88168 1.21352 64.99
    endloop
  endfacet
  facet normal 0.566486 0.824072 -0
    outer loop
      vertex 5.18304 -1.25801 64.99
      vertex 5.11832 -1.21352 65
      vertex 5.18304 -1.25801 65
    endloop
  endfacet
  facet normal 0.566486 0.824072 0
    outer loop
      vertex 5.11832 -1.21352 65
      vertex 5.18304 -1.25801 64.99
      vertex 5.11832 -1.21352 64.99
    endloop
  endfacet
  facet normal -0.824072 -0.566486 0
    outer loop
      vertex 7.25801 0.816958 64.99
      vertex 7.21352 0.881678 65
      vertex 7.21352 0.881678 64.99
    endloop
  endfacet
  facet normal -0.824072 -0.566486 0
    outer loop
      vertex 7.21352 0.881678 65
      vertex 7.25801 0.816958 64.99
      vertex 7.25801 0.816958 65
    endloop
  endfacet
  facet normal -0.983257 -0.182224 0
    outer loop
      vertex 7.48153 0.234652 64.99
      vertex 7.46722 0.311867 65
      vertex 7.46722 0.311867 64.99
    endloop
  endfacet
  facet normal -0.983257 -0.182224 0
    outer loop
      vertex 7.46722 0.311867 65
      vertex 7.48153 0.234652 64.99
      vertex 7.48153 0.234652 65
    endloop
  endfacet
  facet normal 0.793329 -0.608793 0
    outer loop
      vertex 4.78647 0.881678 65
      vertex 4.83428 0.94398 64.99
      vertex 4.83428 0.94398 65
    endloop
  endfacet
  facet normal 0.793329 -0.608793 0
    outer loop
      vertex 4.83428 0.94398 64.99
      vertex 4.78647 0.881678 65
      vertex 4.78647 0.881678 64.99
    endloop
  endfacet
  facet normal -0.026233 0.999656 0
    outer loop
      vertex 6.0785 -1.49794 64.99
      vertex 6 -1.5 65
      vertex 6.0785 -1.49794 65
    endloop
  endfacet
  facet normal -0.026233 0.999656 0
    outer loop
      vertex 6 -1.5 65
      vertex 6.0785 -1.49794 64.99
      vertex 6 -1.5 64.99
    endloop
  endfacet
  facet normal 0.430532 0.902576 -0
    outer loop
      vertex 5.38989 -1.37032 64.99
      vertex 5.31901 -1.33651 65
      vertex 5.38989 -1.37032 65
    endloop
  endfacet
  facet normal 0.430532 0.902576 0
    outer loop
      vertex 5.31901 -1.33651 65
      vertex 5.38989 -1.37032 64.99
      vertex 5.31901 -1.33651 64.99
    endloop
  endfacet
  facet normal -0.996919 0.07844 0
    outer loop
      vertex 7.49178 -0.156793 64.99
      vertex 7.49794 -0.0785036 65
      vertex 7.49794 -0.0785036 64.99
    endloop
  endfacet
  facet normal -0.996919 0.07844 0
    outer loop
      vertex 7.49794 -0.0785036 65
      vertex 7.49178 -0.156793 64.99
      vertex 7.49178 -0.156793 65
    endloop
  endfacet
  facet normal 0.608726 -0.793381 0
    outer loop
      vertex 5.05602 1.16572 64.99
      vertex 5.11832 1.21352 65
      vertex 5.05602 1.16572 65
    endloop
  endfacet
  facet normal 0.608726 -0.793381 0
    outer loop
      vertex 5.11832 1.21352 65
      vertex 5.05602 1.16572 64.99
      vertex 5.11832 1.21352 64.99
    endloop
  endfacet
  facet normal 0.991445 0.130522 0
    outer loop
      vertex 4.51847 -0.234652 65
      vertex 4.50822 -0.156793 64.99
      vertex 4.50822 -0.156793 65
    endloop
  endfacet
  facet normal 0.991445 0.130522 0
    outer loop
      vertex 4.50822 -0.156793 64.99
      vertex 4.51847 -0.234652 65
      vertex 4.51847 -0.234652 64.99
    endloop
  endfacet
  facet normal 0.522469 0.852658 -0
    outer loop
      vertex 5.25 -1.29904 64.99
      vertex 5.18304 -1.25801 65
      vertex 5.25 -1.29904 65
    endloop
  endfacet
  facet normal 0.522469 0.852658 0
    outer loop
      vertex 5.18304 -1.25801 65
      vertex 5.25 -1.29904 64.99
      vertex 5.18304 -1.25801 64.99
    endloop
  endfacet
  facet normal 0.233416 -0.972377 0
    outer loop
      vertex 5.61177 1.44889 64.99
      vertex 5.68813 1.46722 65
      vertex 5.61177 1.44889 65
    endloop
  endfacet
  facet normal 0.233416 -0.972377 0
    outer loop
      vertex 5.68813 1.46722 65
      vertex 5.61177 1.44889 64.99
      vertex 5.68813 1.46722 64.99
    endloop
  endfacet
  facet normal 0.688401 -0.72533 0
    outer loop
      vertex 4.93934 1.06066 64.99
      vertex 4.9963 1.11472 65
      vertex 4.93934 1.06066 65
    endloop
  endfacet
  facet normal 0.688401 -0.72533 0
    outer loop
      vertex 4.9963 1.11472 65
      vertex 4.93934 1.06066 64.99
      vertex 4.9963 1.11472 64.99
    endloop
  endfacet
  facet normal -0.824072 0.566486 0
    outer loop
      vertex 7.21352 -0.881678 64.99
      vertex 7.25801 -0.816958 65
      vertex 7.25801 -0.816958 64.99
    endloop
  endfacet
  facet normal -0.824072 0.566486 0
    outer loop
      vertex 7.25801 -0.816958 65
      vertex 7.21352 -0.881678 64.99
      vertex 7.21352 -0.881678 65
    endloop
  endfacet
  facet normal 0.793329 0.608793 0
    outer loop
      vertex 4.83428 -0.94398 65
      vertex 4.78647 -0.881678 64.99
      vertex 4.78647 -0.881678 65
    endloop
  endfacet
  facet normal 0.793329 0.608793 0
    outer loop
      vertex 4.78647 -0.881678 64.99
      vertex 4.83428 -0.94398 65
      vertex 4.83428 -0.94398 64.99
    endloop
  endfacet
  facet normal -0.688401 -0.72533 0
    outer loop
      vertex 7.0037 1.11472 64.99
      vertex 7.06066 1.06066 65
      vertex 7.0037 1.11472 65
    endloop
  endfacet
  facet normal -0.688401 -0.72533 -0
    outer loop
      vertex 7.06066 1.06066 65
      vertex 7.0037 1.11472 64.99
      vertex 7.06066 1.06066 64.99
    endloop
  endfacet
  facet normal -0.608726 -0.793381 0
    outer loop
      vertex 6.88168 1.21352 64.99
      vertex 6.94398 1.16572 65
      vertex 6.88168 1.21352 65
    endloop
  endfacet
  facet normal -0.608726 -0.793381 -0
    outer loop
      vertex 6.94398 1.16572 65
      vertex 6.88168 1.21352 64.99
      vertex 6.94398 1.16572 64.99
    endloop
  endfacet
  facet normal -0.942659 0.333758 0
    outer loop
      vertex 7.40037 -0.537552 64.99
      vertex 7.42658 -0.463525 65
      vertex 7.42658 -0.463525 64.99
    endloop
  endfacet
  facet normal -0.942659 0.333758 0
    outer loop
      vertex 7.42658 -0.463525 65
      vertex 7.40037 -0.537552 64.99
      vertex 7.40037 -0.537552 65
    endloop
  endfacet
  facet normal -0.182212 -0.983259 0
    outer loop
      vertex 6.23465 1.48153 64.99
      vertex 6.31187 1.46722 65
      vertex 6.23465 1.48153 65
    endloop
  endfacet
  facet normal -0.182212 -0.983259 -0
    outer loop
      vertex 6.31187 1.46722 65
      vertex 6.23465 1.48153 64.99
      vertex 6.31187 1.46722 64.99
    endloop
  endfacet
  facet normal -0.923891 -0.382657 0
    outer loop
      vertex 7.40037 0.537552 64.99
      vertex 7.37032 0.610105 65
      vertex 7.37032 0.610105 64.99
    endloop
  endfacet
  facet normal -0.923891 -0.382657 0
    outer loop
      vertex 7.37032 0.610105 65
      vertex 7.40037 0.537552 64.99
      vertex 7.40037 0.537552 65
    endloop
  endfacet
  facet normal 0.026233 -0.999656 0
    outer loop
      vertex 5.9215 1.49794 64.99
      vertex 6 1.5 65
      vertex 5.9215 1.49794 65
    endloop
  endfacet
  facet normal 0.026233 -0.999656 0
    outer loop
      vertex 6 1.5 65
      vertex 5.9215 1.49794 64.99
      vertex 6 1.5 64.99
    endloop
  endfacet
  facet normal 0.824131 -0.566399 0
    outer loop
      vertex 4.74199 0.816958 65
      vertex 4.78647 0.881678 64.99
      vertex 4.78647 0.881678 65
    endloop
  endfacet
  facet normal 0.824131 -0.566399 0
    outer loop
      vertex 4.78647 0.881678 64.99
      vertex 4.74199 0.816958 65
      vertex 4.74199 0.816958 64.99
    endloop
  endfacet
  facet normal -0.28411 -0.958792 0
    outer loop
      vertex 6.38823 1.44889 64.99
      vertex 6.46352 1.42658 65
      vertex 6.38823 1.44889 65
    endloop
  endfacet
  facet normal -0.28411 -0.958792 -0
    outer loop
      vertex 6.46352 1.42658 65
      vertex 6.38823 1.44889 64.99
      vertex 6.46352 1.42658 64.99
    endloop
  endfacet
  facet normal -0.942659 -0.333758 0
    outer loop
      vertex 7.42658 0.463525 64.99
      vertex 7.40037 0.537552 65
      vertex 7.40037 0.537552 64.99
    endloop
  endfacet
  facet normal -0.942659 -0.333758 0
    outer loop
      vertex 7.40037 0.537552 65
      vertex 7.42658 0.463525 64.99
      vertex 7.42658 0.463525 65
    endloop
  endfacet
  facet normal 0.878828 0.477138 0
    outer loop
      vertex 4.70096 -0.75 65
      vertex 4.66349 -0.680985 64.99
      vertex 4.66349 -0.680985 65
    endloop
  endfacet
  facet normal 0.878828 0.477138 0
    outer loop
      vertex 4.66349 -0.680985 64.99
      vertex 4.70096 -0.75 65
      vertex 4.70096 -0.75 64.99
    endloop
  endfacet
  facet normal -0.0784394 0.996919 0
    outer loop
      vertex 6.15679 -1.49178 64.99
      vertex 6.0785 -1.49794 65
      vertex 6.15679 -1.49178 65
    endloop
  endfacet
  facet normal -0.0784394 0.996919 0
    outer loop
      vertex 6.0785 -1.49794 65
      vertex 6.15679 -1.49178 64.99
      vertex 6.0785 -1.49794 64.99
    endloop
  endfacet
  facet normal -0.991445 0.130522 0
    outer loop
      vertex 7.48153 -0.234652 64.99
      vertex 7.49178 -0.156793 65
      vertex 7.49178 -0.156793 64.99
    endloop
  endfacet
  facet normal -0.991445 0.130522 0
    outer loop
      vertex 7.49178 -0.156793 65
      vertex 7.48153 -0.234652 64.99
      vertex 7.48153 -0.234652 65
    endloop
  endfacet
  facet normal 0.566486 -0.824072 0
    outer loop
      vertex 5.11832 1.21352 64.99
      vertex 5.18304 1.25801 65
      vertex 5.11832 1.21352 65
    endloop
  endfacet
  facet normal 0.566486 -0.824072 0
    outer loop
      vertex 5.18304 1.25801 65
      vertex 5.11832 1.21352 64.99
      vertex 5.18304 1.25801 64.99
    endloop
  endfacet
  facet normal -0.38267 -0.923885 0
    outer loop
      vertex 6.53755 1.40037 64.99
      vertex 6.6101 1.37032 65
      vertex 6.53755 1.40037 65
    endloop
  endfacet
  facet normal -0.38267 -0.923885 -0
    outer loop
      vertex 6.6101 1.37032 65
      vertex 6.53755 1.40037 64.99
      vertex 6.6101 1.37032 64.99
    endloop
  endfacet
  facet normal -0.79339 -0.608713 0
    outer loop
      vertex 7.21352 0.881678 64.99
      vertex 7.16572 0.94398 65
      vertex 7.16572 0.94398 64.99
    endloop
  endfacet
  facet normal -0.79339 -0.608713 0
    outer loop
      vertex 7.16572 0.94398 65
      vertex 7.21352 0.881678 64.99
      vertex 7.21352 0.881678 65
    endloop
  endfacet
  facet normal 0.999656 0.0262318 0
    outer loop
      vertex 4.50206 -0.0785036 65
      vertex 4.5 0 64.99
      vertex 4.5 0 65
    endloop
  endfacet
  facet normal 0.999656 0.0262318 0
    outer loop
      vertex 4.5 0 64.99
      vertex 4.50206 -0.0785036 65
      vertex 4.50206 -0.0785036 64.99
    endloop
  endfacet
  facet normal 0.382625 0.923904 -0
    outer loop
      vertex 5.46245 -1.40037 64.99
      vertex 5.38989 -1.37032 65
      vertex 5.46245 -1.40037 65
    endloop
  endfacet
  facet normal 0.382625 0.923904 0
    outer loop
      vertex 5.38989 -1.37032 65
      vertex 5.46245 -1.40037 64.99
      vertex 5.38989 -1.37032 64.99
    endloop
  endfacet
  facet normal -0.0784394 -0.996919 0
    outer loop
      vertex 6.0785 1.49794 64.99
      vertex 6.15679 1.49178 65
      vertex 6.0785 1.49794 65
    endloop
  endfacet
  facet normal -0.0784394 -0.996919 -0
    outer loop
      vertex 6.15679 1.49178 65
      vertex 6.0785 1.49794 64.99
      vertex 6.15679 1.49178 64.99
    endloop
  endfacet
  facet normal 0.972378 -0.233413 0
    outer loop
      vertex 4.53278 0.311867 65
      vertex 4.55111 0.388228 64.99
      vertex 4.55111 0.388228 65
    endloop
  endfacet
  facet normal 0.972378 -0.233413 0
    outer loop
      vertex 4.55111 0.388228 64.99
      vertex 4.53278 0.311867 65
      vertex 4.53278 0.311867 64.99
    endloop
  endfacet
  facet normal -0.972378 -0.233413 0
    outer loop
      vertex 7.46722 0.311867 64.99
      vertex 7.44889 0.388228 65
      vertex 7.44889 0.388228 64.99
    endloop
  endfacet
  facet normal -0.972378 -0.233413 0
    outer loop
      vertex 7.44889 0.388228 65
      vertex 7.46722 0.311867 64.99
      vertex 7.46722 0.311867 65
    endloop
  endfacet
  facet normal -0.958799 -0.284086 0
    outer loop
      vertex 7.44889 0.388228 64.99
      vertex 7.42658 0.463525 65
      vertex 7.42658 0.463525 64.99
    endloop
  endfacet
  facet normal -0.958799 -0.284086 0
    outer loop
      vertex 7.42658 0.463525 65
      vertex 7.44889 0.388228 64.99
      vertex 7.44889 0.388228 65
    endloop
  endfacet
  facet normal -0.923891 0.382657 0
    outer loop
      vertex 7.37032 -0.610105 64.99
      vertex 7.40037 -0.537552 65
      vertex 7.40037 -0.537552 64.99
    endloop
  endfacet
  facet normal -0.923891 0.382657 0
    outer loop
      vertex 7.40037 -0.537552 65
      vertex 7.37032 -0.610105 64.99
      vertex 7.37032 -0.610105 65
    endloop
  endfacet
  facet normal -0.522469 0.852658 0
    outer loop
      vertex 6.81696 -1.25801 64.99
      vertex 6.75 -1.29904 65
      vertex 6.81696 -1.25801 65
    endloop
  endfacet
  facet normal -0.522469 0.852658 0
    outer loop
      vertex 6.75 -1.29904 65
      vertex 6.81696 -1.25801 64.99
      vertex 6.75 -1.29904 64.99
    endloop
  endfacet
  facet normal 0.999656 -0.0262318 0
    outer loop
      vertex 4.5 0 65
      vertex 4.50206 0.0785036 64.99
      vertex 4.50206 0.0785036 65
    endloop
  endfacet
  facet normal 0.999656 -0.0262318 0
    outer loop
      vertex 4.50206 0.0785036 64.99
      vertex 4.5 0 65
      vertex 4.5 0 64.99
    endloop
  endfacet
  facet normal -0.79339 0.608713 0
    outer loop
      vertex 7.16572 -0.94398 64.99
      vertex 7.21352 -0.881678 65
      vertex 7.21352 -0.881678 64.99
    endloop
  endfacet
  facet normal -0.79339 0.608713 0
    outer loop
      vertex 7.21352 -0.881678 65
      vertex 7.16572 -0.94398 64.99
      vertex 7.16572 -0.94398 65
    endloop
  endfacet
  facet normal -0.649406 0.760442 0
    outer loop
      vertex 7.0037 -1.11472 64.99
      vertex 6.94398 -1.16572 65
      vertex 7.0037 -1.11472 65
    endloop
  endfacet
  facet normal -0.649406 0.760442 0
    outer loop
      vertex 6.94398 -1.16572 65
      vertex 7.0037 -1.11472 64.99
      vertex 6.94398 -1.16572 64.99
    endloop
  endfacet
  facet normal -0.760442 0.649406 0
    outer loop
      vertex 7.11472 -1.0037 64.99
      vertex 7.16572 -0.94398 65
      vertex 7.16572 -0.94398 64.99
    endloop
  endfacet
  facet normal -0.760442 0.649406 0
    outer loop
      vertex 7.16572 -0.94398 65
      vertex 7.11472 -1.0037 64.99
      vertex 7.11472 -1.0037 65
    endloop
  endfacet
  facet normal -0.182212 0.983259 0
    outer loop
      vertex 6.31187 -1.46722 64.99
      vertex 6.23465 -1.48153 65
      vertex 6.31187 -1.46722 65
    endloop
  endfacet
  facet normal -0.182212 0.983259 0
    outer loop
      vertex 6.23465 -1.48153 65
      vertex 6.31187 -1.46722 64.99
      vertex 6.23465 -1.48153 64.99
    endloop
  endfacet
  facet normal 0.430532 -0.902576 0
    outer loop
      vertex 5.31901 1.33651 64.99
      vertex 5.38989 1.37032 65
      vertex 5.31901 1.33651 65
    endloop
  endfacet
  facet normal 0.430532 -0.902576 0
    outer loop
      vertex 5.38989 1.37032 65
      vertex 5.31901 1.33651 64.99
      vertex 5.38989 1.37032 64.99
    endloop
  endfacet
  facet normal -0.649406 -0.760442 0
    outer loop
      vertex 6.94398 1.16572 64.99
      vertex 7.0037 1.11472 65
      vertex 6.94398 1.16572 65
    endloop
  endfacet
  facet normal -0.649406 -0.760442 -0
    outer loop
      vertex 7.0037 1.11472 65
      vertex 6.94398 1.16572 64.99
      vertex 7.0037 1.11472 64.99
    endloop
  endfacet
  facet normal 0.649406 -0.760442 0
    outer loop
      vertex 4.9963 1.11472 64.99
      vertex 5.05602 1.16572 65
      vertex 4.9963 1.11472 65
    endloop
  endfacet
  facet normal 0.649406 -0.760442 0
    outer loop
      vertex 5.05602 1.16572 65
      vertex 4.9963 1.11472 64.99
      vertex 5.05602 1.16572 64.99
    endloop
  endfacet
  facet normal 0.182212 -0.983259 0
    outer loop
      vertex 5.68813 1.46722 64.99
      vertex 5.76535 1.48153 65
      vertex 5.68813 1.46722 65
    endloop
  endfacet
  facet normal 0.182212 -0.983259 0
    outer loop
      vertex 5.76535 1.48153 65
      vertex 5.68813 1.46722 64.99
      vertex 5.76535 1.48153 64.99
    endloop
  endfacet
  facet normal 0.824131 0.566399 0
    outer loop
      vertex 4.78647 -0.881678 65
      vertex 4.74199 -0.816958 64.99
      vertex 4.74199 -0.816958 65
    endloop
  endfacet
  facet normal 0.824131 0.566399 0
    outer loop
      vertex 4.74199 -0.816958 64.99
      vertex 4.78647 -0.881678 65
      vertex 4.78647 -0.881678 64.99
    endloop
  endfacet
  facet normal 0.13052 0.991446 -0
    outer loop
      vertex 5.84321 -1.49178 64.99
      vertex 5.76535 -1.48153 65
      vertex 5.84321 -1.49178 65
    endloop
  endfacet
  facet normal 0.13052 0.991446 0
    outer loop
      vertex 5.76535 -1.48153 65
      vertex 5.84321 -1.49178 64.99
      vertex 5.76535 -1.48153 64.99
    endloop
  endfacet
  facet normal 0.991445 -0.130522 0
    outer loop
      vertex 4.50822 0.156793 65
      vertex 4.51847 0.234652 64.99
      vertex 4.51847 0.234652 65
    endloop
  endfacet
  facet normal 0.991445 -0.130522 0
    outer loop
      vertex 4.51847 0.234652 64.99
      vertex 4.50822 0.156793 65
      vertex 4.50822 0.156793 64.99
    endloop
  endfacet
  facet normal 0.996919 -0.07844 0
    outer loop
      vertex 4.50206 0.0785036 65
      vertex 4.50822 0.156793 64.99
      vertex 4.50822 0.156793 65
    endloop
  endfacet
  facet normal 0.996919 -0.07844 0
    outer loop
      vertex 4.50822 0.156793 64.99
      vertex 4.50206 0.0785036 65
      vertex 4.50206 0.0785036 64.99
    endloop
  endfacet
  facet normal -0.608726 0.793381 0
    outer loop
      vertex 6.94398 -1.16572 64.99
      vertex 6.88168 -1.21352 65
      vertex 6.94398 -1.16572 65
    endloop
  endfacet
  facet normal -0.608726 0.793381 0
    outer loop
      vertex 6.88168 -1.21352 65
      vertex 6.94398 -1.16572 64.99
      vertex 6.88168 -1.21352 64.99
    endloop
  endfacet
  facet normal 0.852651 -0.522481 0
    outer loop
      vertex 4.70096 0.75 65
      vertex 4.74199 0.816958 64.99
      vertex 4.74199 0.816958 65
    endloop
  endfacet
  facet normal 0.852651 -0.522481 0
    outer loop
      vertex 4.74199 0.816958 64.99
      vertex 4.70096 0.75 65
      vertex 4.70096 0.75 64.99
    endloop
  endfacet
  facet normal 0.902576 0.430532 0
    outer loop
      vertex 4.66349 -0.680985 65
      vertex 4.62968 -0.610105 64.99
      vertex 4.62968 -0.610105 65
    endloop
  endfacet
  facet normal 0.902576 0.430532 0
    outer loop
      vertex 4.62968 -0.610105 64.99
      vertex 4.66349 -0.680985 65
      vertex 4.66349 -0.680985 64.99
    endloop
  endfacet
  facet normal 0.923891 -0.382657 0
    outer loop
      vertex 4.59963 0.537552 65
      vertex 4.62968 0.610105 64.99
      vertex 4.62968 0.610105 65
    endloop
  endfacet
  facet normal 0.923891 -0.382657 0
    outer loop
      vertex 4.62968 0.610105 64.99
      vertex 4.59963 0.537552 65
      vertex 4.59963 0.537552 64.99
    endloop
  endfacet
  facet normal 0.688401 0.72533 -0
    outer loop
      vertex 4.9963 -1.11472 64.99
      vertex 4.93934 -1.06066 65
      vertex 4.9963 -1.11472 65
    endloop
  endfacet
  facet normal 0.688401 0.72533 0
    outer loop
      vertex 4.93934 -1.06066 65
      vertex 4.9963 -1.11472 64.99
      vertex 4.93934 -1.06066 64.99
    endloop
  endfacet
  facet normal -0.958799 0.284086 0
    outer loop
      vertex 7.42658 -0.463525 64.99
      vertex 7.44889 -0.388228 65
      vertex 7.44889 -0.388228 64.99
    endloop
  endfacet
  facet normal -0.958799 0.284086 0
    outer loop
      vertex 7.44889 -0.388228 65
      vertex 7.42658 -0.463525 64.99
      vertex 7.42658 -0.463525 65
    endloop
  endfacet
  facet normal 0.972378 0.233413 0
    outer loop
      vertex 4.55111 -0.388228 65
      vertex 4.53278 -0.311867 64.99
      vertex 4.53278 -0.311867 65
    endloop
  endfacet
  facet normal 0.972378 0.233413 0
    outer loop
      vertex 4.53278 -0.311867 64.99
      vertex 4.55111 -0.388228 65
      vertex 4.55111 -0.388228 64.99
    endloop
  endfacet
  facet normal -0.688401 0.72533 0
    outer loop
      vertex 7.06066 -1.06066 64.99
      vertex 7.0037 -1.11472 65
      vertex 7.06066 -1.06066 65
    endloop
  endfacet
  facet normal -0.688401 0.72533 0
    outer loop
      vertex 7.0037 -1.11472 65
      vertex 7.06066 -1.06066 64.99
      vertex 7.0037 -1.11472 64.99
    endloop
  endfacet
  facet normal -0.72533 0.688401 0
    outer loop
      vertex 7.06066 -1.06066 64.99
      vertex 7.11472 -1.0037 65
      vertex 7.11472 -1.0037 64.99
    endloop
  endfacet
  facet normal -0.72533 0.688401 0
    outer loop
      vertex 7.11472 -1.0037 65
      vertex 7.06066 -1.06066 64.99
      vertex 7.06066 -1.06066 65
    endloop
  endfacet
  facet normal 0.0784394 0.996919 -0
    outer loop
      vertex 5.9215 -1.49794 64.99
      vertex 5.84321 -1.49178 65
      vertex 5.9215 -1.49794 65
    endloop
  endfacet
  facet normal 0.0784394 0.996919 0
    outer loop
      vertex 5.84321 -1.49178 65
      vertex 5.9215 -1.49794 64.99
      vertex 5.84321 -1.49178 64.99
    endloop
  endfacet
  facet normal 0.477165 0.878814 -0
    outer loop
      vertex 5.31901 -1.33651 64.99
      vertex 5.25 -1.29904 65
      vertex 5.31901 -1.33651 65
    endloop
  endfacet
  facet normal 0.477165 0.878814 0
    outer loop
      vertex 5.25 -1.29904 65
      vertex 5.31901 -1.33651 64.99
      vertex 5.25 -1.29904 64.99
    endloop
  endfacet
  facet normal -0.13052 -0.991446 0
    outer loop
      vertex 6.15679 1.49178 64.99
      vertex 6.23465 1.48153 65
      vertex 6.15679 1.49178 65
    endloop
  endfacet
  facet normal -0.13052 -0.991446 -0
    outer loop
      vertex 6.23465 1.48153 65
      vertex 6.15679 1.49178 64.99
      vertex 6.23465 1.48153 64.99
    endloop
  endfacet
  facet normal -0.233416 -0.972377 0
    outer loop
      vertex 6.31187 1.46722 64.99
      vertex 6.38823 1.44889 65
      vertex 6.31187 1.46722 65
    endloop
  endfacet
  facet normal -0.233416 -0.972377 -0
    outer loop
      vertex 6.38823 1.44889 65
      vertex 6.31187 1.46722 64.99
      vertex 6.38823 1.44889 64.99
    endloop
  endfacet
  facet normal 0.760442 -0.649406 0
    outer loop
      vertex 4.83428 0.94398 65
      vertex 4.88528 1.0037 64.99
      vertex 4.88528 1.0037 65
    endloop
  endfacet
  facet normal 0.760442 -0.649406 0
    outer loop
      vertex 4.88528 1.0037 64.99
      vertex 4.83428 0.94398 65
      vertex 4.83428 0.94398 64.99
    endloop
  endfacet
  facet normal 0.852651 0.522481 0
    outer loop
      vertex 4.74199 -0.816958 65
      vertex 4.70096 -0.75 64.99
      vertex 4.70096 -0.75 65
    endloop
  endfacet
  facet normal 0.852651 0.522481 0
    outer loop
      vertex 4.70096 -0.75 64.99
      vertex 4.74199 -0.816958 65
      vertex 4.74199 -0.816958 64.99
    endloop
  endfacet
  facet normal 0.026233 0.999656 -0
    outer loop
      vertex 6 -1.5 64.99
      vertex 5.9215 -1.49794 65
      vertex 6 -1.5 65
    endloop
  endfacet
  facet normal 0.026233 0.999656 0
    outer loop
      vertex 5.9215 -1.49794 65
      vertex 6 -1.5 64.99
      vertex 5.9215 -1.49794 64.99
    endloop
  endfacet
  facet normal -0.026233 -0.999656 0
    outer loop
      vertex 6 1.5 64.99
      vertex 6.0785 1.49794 65
      vertex 6 1.5 65
    endloop
  endfacet
  facet normal -0.026233 -0.999656 -0
    outer loop
      vertex 6.0785 1.49794 65
      vertex 6 1.5 64.99
      vertex 6.0785 1.49794 64.99
    endloop
  endfacet
  facet normal 0.333786 0.942649 -0
    outer loop
      vertex 5.53647 -1.42658 64.99
      vertex 5.46245 -1.40037 65
      vertex 5.53647 -1.42658 65
    endloop
  endfacet
  facet normal 0.333786 0.942649 0
    outer loop
      vertex 5.46245 -1.40037 65
      vertex 5.53647 -1.42658 64.99
      vertex 5.46245 -1.40037 64.99
    endloop
  endfacet
  facet normal 0.958834 -0.283969 0
    outer loop
      vertex 4.55111 0.388228 65
      vertex 4.57341 0.463525 64.99
      vertex 4.57341 0.463525 65
    endloop
  endfacet
  facet normal 0.958834 -0.283969 0
    outer loop
      vertex 4.57341 0.463525 64.99
      vertex 4.55111 0.388228 65
      vertex 4.55111 0.388228 64.99
    endloop
  endfacet
  facet normal 0.878828 -0.477138 0
    outer loop
      vertex 4.66349 0.680985 65
      vertex 4.70096 0.75 64.99
      vertex 4.70096 0.75 65
    endloop
  endfacet
  facet normal 0.878828 -0.477138 0
    outer loop
      vertex 4.70096 0.75 64.99
      vertex 4.66349 0.680985 65
      vertex 4.66349 0.680985 64.99
    endloop
  endfacet
  facet normal -0.333746 0.942663 0
    outer loop
      vertex 6.53755 -1.40037 64.99
      vertex 6.46352 -1.42658 65
      vertex 6.53755 -1.40037 65
    endloop
  endfacet
  facet normal -0.333746 0.942663 0
    outer loop
      vertex 6.46352 -1.42658 65
      vertex 6.53755 -1.40037 64.99
      vertex 6.46352 -1.42658 64.99
    endloop
  endfacet
  facet normal -0.28411 0.958792 0
    outer loop
      vertex 6.46352 -1.42658 64.99
      vertex 6.38823 -1.44889 65
      vertex 6.46352 -1.42658 65
    endloop
  endfacet
  facet normal -0.28411 0.958792 0
    outer loop
      vertex 6.38823 -1.44889 65
      vertex 6.46352 -1.42658 64.99
      vertex 6.38823 -1.44889 64.99
    endloop
  endfacet
  facet normal 0 0 1
    outer loop
      vertex 7.49794 0.0785036 64.99
      vertex 7.49794 -0.0785036 64.99
      vertex 7.5 0 64.99
    endloop
  endfacet
  facet normal 0 0 1
    outer loop
      vertex 7.49178 0.156793 64.99
      vertex 7.49794 -0.0785036 64.99
      vertex 7.49794 0.0785036 64.99
    endloop
  endfacet
  facet normal 0 0 1
    outer loop
      vertex 7.49178 0.156793 64.99
      vertex 7.49178 -0.156793 64.99
      vertex 7.49794 -0.0785036 64.99
    endloop
  endfacet
  facet normal 0 0 1
    outer loop
      vertex 7.48153 0.234652 64.99
      vertex 7.49178 -0.156793 64.99
      vertex 7.49178 0.156793 64.99
    endloop
  endfacet
  facet normal 0 0 1
    outer loop
      vertex 7.48153 0.234652 64.99
      vertex 7.48153 -0.234652 64.99
      vertex 7.49178 -0.156793 64.99
    endloop
  endfacet
  facet normal 0 0 1
    outer loop
      vertex 7.46722 0.311867 64.99
      vertex 7.48153 -0.234652 64.99
      vertex 7.48153 0.234652 64.99
    endloop
  endfacet
  facet normal 0 0 1
    outer loop
      vertex 7.46722 0.311867 64.99
      vertex 7.46722 -0.311867 64.99
      vertex 7.48153 -0.234652 64.99
    endloop
  endfacet
  facet normal 0 0 1
    outer loop
      vertex 7.44889 0.388228 64.99
      vertex 7.46722 -0.311867 64.99
      vertex 7.46722 0.311867 64.99
    endloop
  endfacet
  facet normal 0 0 1
    outer loop
      vertex 7.44889 0.388228 64.99
      vertex 7.44889 -0.388228 64.99
      vertex 7.46722 -0.311867 64.99
    endloop
  endfacet
  facet normal 0 0 1
    outer loop
      vertex 7.42658 0.463525 64.99
      vertex 7.44889 -0.388228 64.99
      vertex 7.44889 0.388228 64.99
    endloop
  endfacet
  facet normal 0 0 1
    outer loop
      vertex 7.42658 0.463525 64.99
      vertex 7.42658 -0.463525 64.99
      vertex 7.44889 -0.388228 64.99
    endloop
  endfacet
  facet normal 0 0 1
    outer loop
      vertex 7.40037 0.537552 64.99
      vertex 7.42658 -0.463525 64.99
      vertex 7.42658 0.463525 64.99
    endloop
  endfacet
  facet normal 0 0 1
    outer loop
      vertex 7.40037 0.537552 64.99
      vertex 7.40037 -0.537552 64.99
      vertex 7.42658 -0.463525 64.99
    endloop
  endfacet
  facet normal 0 0 1
    outer loop
      vertex 7.37032 0.610105 64.99
      vertex 7.40037 -0.537552 64.99
      vertex 7.40037 0.537552 64.99
    endloop
  endfacet
  facet normal 0 0 1
    outer loop
      vertex 7.37032 0.610105 64.99
      vertex 7.37032 -0.610105 64.99
      vertex 7.40037 -0.537552 64.99
    endloop
  endfacet
  facet normal 0 0 1
    outer loop
      vertex 7.33651 0.680985 64.99
      vertex 7.37032 -0.610105 64.99
      vertex 7.37032 0.610105 64.99
    endloop
  endfacet
  facet normal 0 0 1
    outer loop
      vertex 7.33651 0.680985 64.99
      vertex 7.33651 -0.680985 64.99
      vertex 7.37032 -0.610105 64.99
    endloop
  endfacet
  facet normal 0 0 1
    outer loop
      vertex 7.29904 0.75 64.99
      vertex 7.33651 -0.680985 64.99
      vertex 7.33651 0.680985 64.99
    endloop
  endfacet
  facet normal 0 0 1
    outer loop
      vertex 7.29904 0.75 64.99
      vertex 7.29904 -0.75 64.99
      vertex 7.33651 -0.680985 64.99
    endloop
  endfacet
  facet normal 0 0 1
    outer loop
      vertex 7.25801 0.816958 64.99
      vertex 7.29904 -0.75 64.99
      vertex 7.29904 0.75 64.99
    endloop
  endfacet
  facet normal 0 0 1
    outer loop
      vertex 7.25801 0.816958 64.99
      vertex 7.25801 -0.816958 64.99
      vertex 7.29904 -0.75 64.99
    endloop
  endfacet
  facet normal 0 0 1
    outer loop
      vertex 7.21352 0.881678 64.99
      vertex 7.25801 -0.816958 64.99
      vertex 7.25801 0.816958 64.99
    endloop
  endfacet
  facet normal 0 0 1
    outer loop
      vertex 7.21352 0.881678 64.99
      vertex 7.21352 -0.881678 64.99
      vertex 7.25801 -0.816958 64.99
    endloop
  endfacet
  facet normal 0 0 1
    outer loop
      vertex 7.16572 0.94398 64.99
      vertex 7.21352 -0.881678 64.99
      vertex 7.21352 0.881678 64.99
    endloop
  endfacet
  facet normal 0 0 1
    outer loop
      vertex 7.16572 0.94398 64.99
      vertex 7.16572 -0.94398 64.99
      vertex 7.21352 -0.881678 64.99
    endloop
  endfacet
  facet normal 0 0 1
    outer loop
      vertex 7.11472 1.0037 64.99
      vertex 7.16572 -0.94398 64.99
      vertex 7.16572 0.94398 64.99
    endloop
  endfacet
  facet normal 0 0 1
    outer loop
      vertex 7.11472 1.0037 64.99
      vertex 7.11472 -1.0037 64.99
      vertex 7.16572 -0.94398 64.99
    endloop
  endfacet
  facet normal 0 0 1
    outer loop
      vertex 7.06066 1.06066 64.99
      vertex 7.11472 -1.0037 64.99
      vertex 7.11472 1.0037 64.99
    endloop
  endfacet
  facet normal 0 0 1
    outer loop
      vertex 7.06066 1.06066 64.99
      vertex 7.06066 -1.06066 64.99
      vertex 7.11472 -1.0037 64.99
    endloop
  endfacet
  facet normal 0 0 1
    outer loop
      vertex 7.0037 1.11472 64.99
      vertex 7.06066 -1.06066 64.99
      vertex 7.06066 1.06066 64.99
    endloop
  endfacet
  facet normal 0 0 1
    outer loop
      vertex 7.0037 1.11472 64.99
      vertex 7.0037 -1.11472 64.99
      vertex 7.06066 -1.06066 64.99
    endloop
  endfacet
  facet normal 0 0 1
    outer loop
      vertex 6.94398 1.16572 64.99
      vertex 7.0037 -1.11472 64.99
      vertex 7.0037 1.11472 64.99
    endloop
  endfacet
  facet normal 0 0 1
    outer loop
      vertex 6.94398 1.16572 64.99
      vertex 6.94398 -1.16572 64.99
      vertex 7.0037 -1.11472 64.99
    endloop
  endfacet
  facet normal 0 0 1
    outer loop
      vertex 6.88168 1.21352 64.99
      vertex 6.94398 -1.16572 64.99
      vertex 6.94398 1.16572 64.99
    endloop
  endfacet
  facet normal 0 0 1
    outer loop
      vertex 6.88168 1.21352 64.99
      vertex 6.88168 -1.21352 64.99
      vertex 6.94398 -1.16572 64.99
    endloop
  endfacet
  facet normal 0 0 1
    outer loop
      vertex 6.81696 1.25801 64.99
      vertex 6.88168 -1.21352 64.99
      vertex 6.88168 1.21352 64.99
    endloop
  endfacet
  facet normal 0 0 1
    outer loop
      vertex 6.81696 1.25801 64.99
      vertex 6.81696 -1.25801 64.99
      vertex 6.88168 -1.21352 64.99
    endloop
  endfacet
  facet normal 0 0 1
    outer loop
      vertex 6.75 1.29904 64.99
      vertex 6.81696 -1.25801 64.99
      vertex 6.81696 1.25801 64.99
    endloop
  endfacet
  facet normal 0 0 1
    outer loop
      vertex 6.75 1.29904 64.99
      vertex 6.75 -1.29904 64.99
      vertex 6.81696 -1.25801 64.99
    endloop
  endfacet
  facet normal 0 0 1
    outer loop
      vertex 6.68099 1.33651 64.99
      vertex 6.75 -1.29904 64.99
      vertex 6.75 1.29904 64.99
    endloop
  endfacet
  facet normal 0 0 1
    outer loop
      vertex 6.68099 1.33651 64.99
      vertex 6.68099 -1.33651 64.99
      vertex 6.75 -1.29904 64.99
    endloop
  endfacet
  facet normal 0 0 1
    outer loop
      vertex 6.6101 1.37032 64.99
      vertex 6.68099 -1.33651 64.99
      vertex 6.68099 1.33651 64.99
    endloop
  endfacet
  facet normal 0 0 1
    outer loop
      vertex 6.6101 1.37032 64.99
      vertex 6.6101 -1.37032 64.99
      vertex 6.68099 -1.33651 64.99
    endloop
  endfacet
  facet normal 0 0 1
    outer loop
      vertex 6.53755 1.40037 64.99
      vertex 6.6101 -1.37032 64.99
      vertex 6.6101 1.37032 64.99
    endloop
  endfacet
  facet normal 0 0 1
    outer loop
      vertex 6.53755 1.40037 64.99
      vertex 6.53755 -1.40037 64.99
      vertex 6.6101 -1.37032 64.99
    endloop
  endfacet
  facet normal 0 0 1
    outer loop
      vertex 6.46352 1.42658 64.99
      vertex 6.53755 -1.40037 64.99
      vertex 6.53755 1.40037 64.99
    endloop
  endfacet
  facet normal 0 0 1
    outer loop
      vertex 6.46352 1.42658 64.99
      vertex 6.46352 -1.42658 64.99
      vertex 6.53755 -1.40037 64.99
    endloop
  endfacet
  facet normal 0 0 1
    outer loop
      vertex 6.38823 1.44889 64.99
      vertex 6.46352 -1.42658 64.99
      vertex 6.46352 1.42658 64.99
    endloop
  endfacet
  facet normal 0 0 1
    outer loop
      vertex 6.38823 1.44889 64.99
      vertex 6.38823 -1.44889 64.99
      vertex 6.46352 -1.42658 64.99
    endloop
  endfacet
  facet normal 0 0 1
    outer loop
      vertex 6.31187 1.46722 64.99
      vertex 6.38823 -1.44889 64.99
      vertex 6.38823 1.44889 64.99
    endloop
  endfacet
  facet normal 0 0 1
    outer loop
      vertex 6.31187 1.46722 64.99
      vertex 6.31187 -1.46722 64.99
      vertex 6.38823 -1.44889 64.99
    endloop
  endfacet
  facet normal 0 0 1
    outer loop
      vertex 6.23465 1.48153 64.99
      vertex 6.31187 -1.46722 64.99
      vertex 6.31187 1.46722 64.99
    endloop
  endfacet
  facet normal 0 0 1
    outer loop
      vertex 6.23465 1.48153 64.99
      vertex 6.23465 -1.48153 64.99
      vertex 6.31187 -1.46722 64.99
    endloop
  endfacet
  facet normal 0 0 1
    outer loop
      vertex 6.15679 1.49178 64.99
      vertex 6.23465 -1.48153 64.99
      vertex 6.23465 1.48153 64.99
    endloop
  endfacet
  facet normal 0 0 1
    outer loop
      vertex 6.15679 1.49178 64.99
      vertex 6.15679 -1.49178 64.99
      vertex 6.23465 -1.48153 64.99
    endloop
  endfacet
  facet normal 0 0 1
    outer loop
      vertex 6.0785 1.49794 64.99
      vertex 6.15679 -1.49178 64.99
      vertex 6.15679 1.49178 64.99
    endloop
  endfacet
  facet normal 0 0 1
    outer loop
      vertex 6.0785 1.49794 64.99
      vertex 6.0785 -1.49794 64.99
      vertex 6.15679 -1.49178 64.99
    endloop
  endfacet
  facet normal 0 0 1
    outer loop
      vertex 6 1.5 64.99
      vertex 6.0785 -1.49794 64.99
      vertex 6.0785 1.49794 64.99
    endloop
  endfacet
  facet normal 0 0 1
    outer loop
      vertex 6 1.5 64.99
      vertex 6 -1.5 64.99
      vertex 6.0785 -1.49794 64.99
    endloop
  endfacet
  facet normal -0 0 1
    outer loop
      vertex 5.9215 1.49794 64.99
      vertex 6 -1.5 64.99
      vertex 6 1.5 64.99
    endloop
  endfacet
  facet normal 0 0 1
    outer loop
      vertex 5.9215 1.49794 64.99
      vertex 5.9215 -1.49794 64.99
      vertex 6 -1.5 64.99
    endloop
  endfacet
  facet normal -0 0 1
    outer loop
      vertex 5.84321 1.49178 64.99
      vertex 5.9215 -1.49794 64.99
      vertex 5.9215 1.49794 64.99
    endloop
  endfacet
  facet normal 0 0 1
    outer loop
      vertex 5.84321 1.49178 64.99
      vertex 5.84321 -1.49178 64.99
      vertex 5.9215 -1.49794 64.99
    endloop
  endfacet
  facet normal -0 0 1
    outer loop
      vertex 5.76535 1.48153 64.99
      vertex 5.84321 -1.49178 64.99
      vertex 5.84321 1.49178 64.99
    endloop
  endfacet
  facet normal 0 0 1
    outer loop
      vertex 5.76535 1.48153 64.99
      vertex 5.76535 -1.48153 64.99
      vertex 5.84321 -1.49178 64.99
    endloop
  endfacet
  facet normal -0 0 1
    outer loop
      vertex 5.68813 1.46722 64.99
      vertex 5.76535 -1.48153 64.99
      vertex 5.76535 1.48153 64.99
    endloop
  endfacet
  facet normal 0 0 1
    outer loop
      vertex 5.68813 1.46722 64.99
      vertex 5.68813 -1.46722 64.99
      vertex 5.76535 -1.48153 64.99
    endloop
  endfacet
  facet normal -0 0 1
    outer loop
      vertex 5.61177 1.44889 64.99
      vertex 5.68813 -1.46722 64.99
      vertex 5.68813 1.46722 64.99
    endloop
  endfacet
  facet normal 0 0 1
    outer loop
      vertex 5.61177 1.44889 64.99
      vertex 5.61177 -1.44889 64.99
      vertex 5.68813 -1.46722 64.99
    endloop
  endfacet
  facet normal -0 0 1
    outer loop
      vertex 5.53647 1.42658 64.99
      vertex 5.61177 -1.44889 64.99
      vertex 5.61177 1.44889 64.99
    endloop
  endfacet
  facet normal 0 0 1
    outer loop
      vertex 5.53647 1.42658 64.99
      vertex 5.53647 -1.42658 64.99
      vertex 5.61177 -1.44889 64.99
    endloop
  endfacet
  facet normal -0 0 1
    outer loop
      vertex 5.46245 1.40037 64.99
      vertex 5.53647 -1.42658 64.99
      vertex 5.53647 1.42658 64.99
    endloop
  endfacet
  facet normal 0 0 1
    outer loop
      vertex 5.46245 1.40037 64.99
      vertex 5.46245 -1.40037 64.99
      vertex 5.53647 -1.42658 64.99
    endloop
  endfacet
  facet normal -0 0 1
    outer loop
      vertex 5.38989 1.37032 64.99
      vertex 5.46245 -1.40037 64.99
      vertex 5.46245 1.40037 64.99
    endloop
  endfacet
  facet normal 0 0 1
    outer loop
      vertex 5.38989 1.37032 64.99
      vertex 5.38989 -1.37032 64.99
      vertex 5.46245 -1.40037 64.99
    endloop
  endfacet
  facet normal -0 0 1
    outer loop
      vertex 5.31901 1.33651 64.99
      vertex 5.38989 -1.37032 64.99
      vertex 5.38989 1.37032 64.99
    endloop
  endfacet
  facet normal 0 0 1
    outer loop
      vertex 5.31901 1.33651 64.99
      vertex 5.31901 -1.33651 64.99
      vertex 5.38989 -1.37032 64.99
    endloop
  endfacet
  facet normal -0 0 1
    outer loop
      vertex 5.25 1.29904 64.99
      vertex 5.31901 -1.33651 64.99
      vertex 5.31901 1.33651 64.99
    endloop
  endfacet
  facet normal 0 0 1
    outer loop
      vertex 5.25 1.29904 64.99
      vertex 5.25 -1.29904 64.99
      vertex 5.31901 -1.33651 64.99
    endloop
  endfacet
  facet normal -0 0 1
    outer loop
      vertex 5.18304 1.25801 64.99
      vertex 5.25 -1.29904 64.99
      vertex 5.25 1.29904 64.99
    endloop
  endfacet
  facet normal 0 0 1
    outer loop
      vertex 5.18304 1.25801 64.99
      vertex 5.18304 -1.25801 64.99
      vertex 5.25 -1.29904 64.99
    endloop
  endfacet
  facet normal -0 0 1
    outer loop
      vertex 5.11832 1.21352 64.99
      vertex 5.18304 -1.25801 64.99
      vertex 5.18304 1.25801 64.99
    endloop
  endfacet
  facet normal 0 0 1
    outer loop
      vertex 5.11832 1.21352 64.99
      vertex 5.11832 -1.21352 64.99
      vertex 5.18304 -1.25801 64.99
    endloop
  endfacet
  facet normal -0 0 1
    outer loop
      vertex 5.05602 1.16572 64.99
      vertex 5.11832 -1.21352 64.99
      vertex 5.11832 1.21352 64.99
    endloop
  endfacet
  facet normal 0 0 1
    outer loop
      vertex 5.05602 1.16572 64.99
      vertex 5.05602 -1.16572 64.99
      vertex 5.11832 -1.21352 64.99
    endloop
  endfacet
  facet normal -0 0 1
    outer loop
      vertex 4.9963 1.11472 64.99
      vertex 5.05602 -1.16572 64.99
      vertex 5.05602 1.16572 64.99
    endloop
  endfacet
  facet normal 0 0 1
    outer loop
      vertex 4.9963 1.11472 64.99
      vertex 4.9963 -1.11472 64.99
      vertex 5.05602 -1.16572 64.99
    endloop
  endfacet
  facet normal -0 0 1
    outer loop
      vertex 4.93934 1.06066 64.99
      vertex 4.9963 -1.11472 64.99
      vertex 4.9963 1.11472 64.99
    endloop
  endfacet
  facet normal 0 0 1
    outer loop
      vertex 4.93934 1.06066 64.99
      vertex 4.93934 -1.06066 64.99
      vertex 4.9963 -1.11472 64.99
    endloop
  endfacet
  facet normal -0 0 1
    outer loop
      vertex 4.88528 1.0037 64.99
      vertex 4.93934 -1.06066 64.99
      vertex 4.93934 1.06066 64.99
    endloop
  endfacet
  facet normal 0 0 1
    outer loop
      vertex 4.88528 1.0037 64.99
      vertex 4.88528 -1.0037 64.99
      vertex 4.93934 -1.06066 64.99
    endloop
  endfacet
  facet normal -0 0 1
    outer loop
      vertex 4.83428 0.94398 64.99
      vertex 4.88528 -1.0037 64.99
      vertex 4.88528 1.0037 64.99
    endloop
  endfacet
  facet normal 0 0 1
    outer loop
      vertex 4.83428 0.94398 64.99
      vertex 4.83428 -0.94398 64.99
      vertex 4.88528 -1.0037 64.99
    endloop
  endfacet
  facet normal -0 0 1
    outer loop
      vertex 4.78647 0.881678 64.99
      vertex 4.83428 -0.94398 64.99
      vertex 4.83428 0.94398 64.99
    endloop
  endfacet
  facet normal 0 0 1
    outer loop
      vertex 4.78647 0.881678 64.99
      vertex 4.78647 -0.881678 64.99
      vertex 4.83428 -0.94398 64.99
    endloop
  endfacet
  facet normal -0 0 1
    outer loop
      vertex 4.74199 0.816958 64.99
      vertex 4.78647 -0.881678 64.99
      vertex 4.78647 0.881678 64.99
    endloop
  endfacet
  facet normal 0 0 1
    outer loop
      vertex 4.74199 0.816958 64.99
      vertex 4.74199 -0.816958 64.99
      vertex 4.78647 -0.881678 64.99
    endloop
  endfacet
  facet normal -0 0 1
    outer loop
      vertex 4.70096 0.75 64.99
      vertex 4.74199 -0.816958 64.99
      vertex 4.74199 0.816958 64.99
    endloop
  endfacet
  facet normal 0 0 1
    outer loop
      vertex 4.70096 0.75 64.99
      vertex 4.70096 -0.75 64.99
      vertex 4.74199 -0.816958 64.99
    endloop
  endfacet
  facet normal -0 0 1
    outer loop
      vertex 4.66349 0.680985 64.99
      vertex 4.70096 -0.75 64.99
      vertex 4.70096 0.75 64.99
    endloop
  endfacet
  facet normal 0 0 1
    outer loop
      vertex 4.66349 0.680985 64.99
      vertex 4.66349 -0.680985 64.99
      vertex 4.70096 -0.75 64.99
    endloop
  endfacet
  facet normal -0 0 1
    outer loop
      vertex 4.62968 0.610105 64.99
      vertex 4.66349 -0.680985 64.99
      vertex 4.66349 0.680985 64.99
    endloop
  endfacet
  facet normal 0 0 1
    outer loop
      vertex 4.62968 0.610105 64.99
      vertex 4.62968 -0.610105 64.99
      vertex 4.66349 -0.680985 64.99
    endloop
  endfacet
  facet normal -0 0 1
    outer loop
      vertex 4.59963 0.537552 64.99
      vertex 4.62968 -0.610105 64.99
      vertex 4.62968 0.610105 64.99
    endloop
  endfacet
  facet normal 0 0 1
    outer loop
      vertex 4.59963 0.537552 64.99
      vertex 4.59963 -0.537552 64.99
      vertex 4.62968 -0.610105 64.99
    endloop
  endfacet
  facet normal -0 0 1
    outer loop
      vertex 4.57341 0.463525 64.99
      vertex 4.59963 -0.537552 64.99
      vertex 4.59963 0.537552 64.99
    endloop
  endfacet
  facet normal 0 0 1
    outer loop
      vertex 4.57341 0.463525 64.99
      vertex 4.57341 -0.463525 64.99
      vertex 4.59963 -0.537552 64.99
    endloop
  endfacet
  facet normal -0 0 1
    outer loop
      vertex 4.55111 0.388228 64.99
      vertex 4.57341 -0.463525 64.99
      vertex 4.57341 0.463525 64.99
    endloop
  endfacet
  facet normal 0 0 1
    outer loop
      vertex 4.55111 0.388228 64.99
      vertex 4.55111 -0.388228 64.99
      vertex 4.57341 -0.463525 64.99
    endloop
  endfacet
  facet normal -0 0 1
    outer loop
      vertex 4.53278 0.311867 64.99
      vertex 4.55111 -0.388228 64.99
      vertex 4.55111 0.388228 64.99
    endloop
  endfacet
  facet normal 0 0 1
    outer loop
      vertex 4.53278 0.311867 64.99
      vertex 4.53278 -0.311867 64.99
      vertex 4.55111 -0.388228 64.99
    endloop
  endfacet
  facet normal -0 0 1
    outer loop
      vertex 4.51847 0.234652 64.99
      vertex 4.53278 -0.311867 64.99
      vertex 4.53278 0.311867 64.99
    endloop
  endfacet
  facet normal 0 0 1
    outer loop
      vertex 4.51847 0.234652 64.99
      vertex 4.51847 -0.234652 64.99
      vertex 4.53278 -0.311867 64.99
    endloop
  endfacet
  facet normal -0 0 1
    outer loop
      vertex 4.50822 0.156793 64.99
      vertex 4.51847 -0.234652 64.99
      vertex 4.51847 0.234652 64.99
    endloop
  endfacet
  facet normal 0 0 1
    outer loop
      vertex 4.50822 0.156793 64.99
      vertex 4.50822 -0.156793 64.99
      vertex 4.51847 -0.234652 64.99
    endloop
  endfacet
  facet normal -0 0 1
    outer loop
      vertex 4.50206 0.0785036 64.99
      vertex 4.50822 -0.156793 64.99
      vertex 4.50822 0.156793 64.99
    endloop
  endfacet
  facet normal 0 0 1
    outer loop
      vertex 4.50206 0.0785036 64.99
      vertex 4.50206 -0.0785036 64.99
      vertex 4.50822 -0.156793 64.99
    endloop
  endfacet
  facet normal 0 -0 1
    outer loop
      vertex 4.50206 -0.0785036 64.99
      vertex 4.50206 0.0785036 64.99
      vertex 4.5 0 64.99
    endloop
  endfacet
  facet normal -0.760442 -0.649406 0
    outer loop
      vertex 7.16572 0.94398 64.99
      vertex 7.11472 1.0037 65
      vertex 7.11472 1.0037 64.99
    endloop
  endfacet
  facet normal -0.760442 -0.649406 0
    outer loop
      vertex 7.11472 1.0037 65
      vertex 7.16572 0.94398 64.99
      vertex 7.16572 0.94398 65
    endloop
  endfacet
  facet normal -0.233416 0.972377 0
    outer loop
      vertex 6.38823 -1.44889 64.99
      vertex 6.31187 -1.46722 65
      vertex 6.38823 -1.44889 65
    endloop
  endfacet
  facet normal -0.233416 0.972377 0
    outer loop
      vertex 6.31187 -1.46722 65
      vertex 6.38823 -1.44889 64.99
      vertex 6.31187 -1.46722 64.99
    endloop
  endfacet
  facet normal -0.902576 0.430532 0
    outer loop
      vertex 7.33651 -0.680985 64.99
      vertex 7.37032 -0.610105 65
      vertex 7.37032 -0.610105 64.99
    endloop
  endfacet
  facet normal -0.902576 0.430532 0
    outer loop
      vertex 7.37032 -0.610105 65
      vertex 7.33651 -0.680985 64.99
      vertex 7.33651 -0.680985 65
    endloop
  endfacet
  facet normal 0.902576 -0.430532 0
    outer loop
      vertex 4.62968 0.610105 65
      vertex 4.66349 0.680985 64.99
      vertex 4.66349 0.680985 65
    endloop
  endfacet
  facet normal 0.902576 -0.430532 0
    outer loop
      vertex 4.66349 0.680985 64.99
      vertex 4.62968 0.610105 65
      vertex 4.62968 0.610105 64.99
    endloop
  endfacet
  facet normal 0.477165 -0.878814 0
    outer loop
      vertex 5.25 1.29904 64.99
      vertex 5.31901 1.33651 65
      vertex 5.25 1.29904 65
    endloop
  endfacet
  facet normal 0.477165 -0.878814 0
    outer loop
      vertex 5.31901 1.33651 65
      vertex 5.25 1.29904 64.99
      vertex 5.31901 1.33651 64.99
    endloop
  endfacet
  facet normal 0.182212 0.983259 -0
    outer loop
      vertex 5.76535 -1.48153 64.99
      vertex 5.68813 -1.46722 65
      vertex 5.76535 -1.48153 65
    endloop
  endfacet
  facet normal 0.182212 0.983259 0
    outer loop
      vertex 5.68813 -1.46722 65
      vertex 5.76535 -1.48153 64.99
      vertex 5.68813 -1.46722 64.99
    endloop
  endfacet
  facet normal 0.608726 0.793381 -0
    outer loop
      vertex 5.11832 -1.21352 64.99
      vertex 5.05602 -1.16572 65
      vertex 5.11832 -1.21352 65
    endloop
  endfacet
  facet normal 0.608726 0.793381 0
    outer loop
      vertex 5.05602 -1.16572 65
      vertex 5.11832 -1.21352 64.99
      vertex 5.05602 -1.16572 64.99
    endloop
  endfacet
  facet normal 0.38267 -0.923885 0
    outer loop
      vertex 1.244 7.07666 64.99
      vertex 1.31655 7.10671 65
      vertex 1.244 7.07666 65
    endloop
  endfacet
  facet normal 0.38267 -0.923885 0
    outer loop
      vertex 1.31655 7.10671 65
      vertex 1.244 7.07666 64.99
      vertex 1.31655 7.10671 64.99
    endloop
  endfacet
  facet normal -0.0262297 -0.999656 0
    outer loop
      vertex 1.8541 7.20634 64.99
      vertex 1.93261 7.20428 65
      vertex 1.8541 7.20634 65
    endloop
  endfacet
  facet normal -0.0262297 -0.999656 -0
    outer loop
      vertex 1.93261 7.20428 65
      vertex 1.8541 7.20634 64.99
      vertex 1.93261 7.20428 64.99
    endloop
  endfacet
  facet normal -0.996909 -0.0785659 0
    outer loop
      vertex 3.35205 5.78484 64.99
      vertex 3.34588 5.86313 65
      vertex 3.34588 5.86313 64.99
    endloop
  endfacet
  facet normal -0.996909 -0.0785659 0
    outer loop
      vertex 3.34588 5.86313 65
      vertex 3.35205 5.78484 64.99
      vertex 3.35205 5.78484 65
    endloop
  endfacet
  facet normal -0.999659 -0.0261057 0
    outer loop
      vertex 3.3541 5.70634 64.99
      vertex 3.35205 5.78484 65
      vertex 3.35205 5.78484 64.99
    endloop
  endfacet
  facet normal -0.999659 -0.0261057 0
    outer loop
      vertex 3.35205 5.78484 65
      vertex 3.3541 5.70634 64.99
      vertex 3.3541 5.70634 65
    endloop
  endfacet
  facet normal -0.991446 -0.13052 0
    outer loop
      vertex 3.34588 5.86313 64.99
      vertex 3.33563 5.94099 65
      vertex 3.33563 5.94099 64.99
    endloop
  endfacet
  facet normal -0.991446 -0.13052 0
    outer loop
      vertex 3.33563 5.94099 65
      vertex 3.34588 5.86313 64.99
      vertex 3.34588 5.86313 65
    endloop
  endfacet
  facet normal -0.942623 -0.333859 0
    outer loop
      vertex 3.28069 6.16986 64.99
      vertex 3.25447 6.24389 65
      vertex 3.25447 6.24389 64.99
    endloop
  endfacet
  facet normal -0.942623 -0.333859 0
    outer loop
      vertex 3.25447 6.24389 65
      vertex 3.28069 6.16986 64.99
      vertex 3.28069 6.16986 65
    endloop
  endfacet
  facet normal 0.608787 0.793333 -0
    outer loop
      vertex 0.972424 4.49281 64.99
      vertex 0.910121 4.54062 65
      vertex 0.972424 4.49281 65
    endloop
  endfacet
  facet normal 0.608787 0.793333 0
    outer loop
      vertex 0.910121 4.54062 65
      vertex 0.972424 4.49281 64.99
      vertex 0.910121 4.54062 64.99
    endloop
  endfacet
  facet normal -0.608726 -0.793381 0
    outer loop
      vertex 2.73578 6.91986 64.99
      vertex 2.79808 6.87206 65
      vertex 2.73578 6.91986 65
    endloop
  endfacet
  facet normal -0.608726 -0.793381 -0
    outer loop
      vertex 2.79808 6.87206 65
      vertex 2.73578 6.91986 64.99
      vertex 2.79808 6.87206 64.99
    endloop
  endfacet
  facet normal -0.983259 -0.182212 0
    outer loop
      vertex 3.33563 5.94099 64.99
      vertex 3.32132 6.01821 65
      vertex 3.32132 6.01821 64.99
    endloop
  endfacet
  facet normal -0.983259 -0.182212 0
    outer loop
      vertex 3.32132 6.01821 65
      vertex 3.33563 5.94099 64.99
      vertex 3.33563 5.94099 65
    endloop
  endfacet
  facet normal 0.430532 -0.902576 0
    outer loop
      vertex 1.17312 7.04285 64.99
      vertex 1.244 7.07666 65
      vertex 1.17312 7.04285 65
    endloop
  endfacet
  facet normal 0.430532 -0.902576 0
    outer loop
      vertex 1.244 7.07666 65
      vertex 1.17312 7.04285 64.99
      vertex 1.244 7.07666 64.99
    endloop
  endfacet
  facet normal -0.333786 -0.942649 0
    outer loop
      vertex 2.31763 7.13292 64.99
      vertex 2.39165 7.10671 65
      vertex 2.31763 7.13292 65
    endloop
  endfacet
  facet normal -0.333786 -0.942649 -0
    outer loop
      vertex 2.39165 7.10671 65
      vertex 2.31763 7.13292 64.99
      vertex 2.39165 7.10671 64.99
    endloop
  endfacet
  facet normal 0.923871 -0.382703 0
    outer loop
      vertex 0.453731 6.24389 65
      vertex 0.483784 6.31644 64.99
      vertex 0.483784 6.31644 65
    endloop
  endfacet
  facet normal 0.923871 -0.382703 0
    outer loop
      vertex 0.483784 6.31644 64.99
      vertex 0.453731 6.24389 65
      vertex 0.453731 6.24389 64.99
    endloop
  endfacet
  facet normal -0.382625 -0.923904 0
    outer loop
      vertex 2.39165 7.10671 64.99
      vertex 2.46421 7.07666 65
      vertex 2.39165 7.10671 65
    endloop
  endfacet
  facet normal -0.382625 -0.923904 -0
    outer loop
      vertex 2.46421 7.07666 65
      vertex 2.39165 7.10671 64.99
      vertex 2.46421 7.07666 64.99
    endloop
  endfacet
  facet normal 0.983257 -0.182225 0
    outer loop
      vertex 0.372569 5.94099 65
      vertex 0.38688 6.01821 64.99
      vertex 0.38688 6.01821 65
    endloop
  endfacet
  facet normal 0.983257 -0.182225 0
    outer loop
      vertex 0.38688 6.01821 64.99
      vertex 0.372569 5.94099 65
      vertex 0.372569 5.94099 64.99
    endloop
  endfacet
  facet normal -0.958837 0.283958 0
    outer loop
      vertex 3.28069 5.24281 64.99
      vertex 3.30299 5.31811 65
      vertex 3.30299 5.31811 64.99
    endloop
  endfacet
  facet normal -0.958837 0.283958 0
    outer loop
      vertex 3.30299 5.31811 65
      vertex 3.28069 5.24281 64.99
      vertex 3.28069 5.24281 65
    endloop
  endfacet
  facet normal -0.972377 -0.233416 0
    outer loop
      vertex 3.32132 6.01821 64.99
      vertex 3.30299 6.09457 65
      vertex 3.30299 6.09457 64.99
    endloop
  endfacet
  facet normal -0.972377 -0.233416 0
    outer loop
      vertex 3.30299 6.09457 65
      vertex 3.32132 6.01821 64.99
      vertex 3.32132 6.01821 65
    endloop
  endfacet
  facet normal -0.760442 0.649406 0
    outer loop
      vertex 2.96882 4.70264 64.99
      vertex 3.01982 4.76236 65
      vertex 3.01982 4.76236 64.99
    endloop
  endfacet
  facet normal -0.760442 0.649406 0
    outer loop
      vertex 3.01982 4.76236 65
      vertex 2.96882 4.70264 64.99
      vertex 2.96882 4.70264 65
    endloop
  endfacet
  facet normal -0.0785759 0.996908 0
    outer loop
      vertex 2.01089 4.21456 64.99
      vertex 1.93261 4.20839 65
      vertex 2.01089 4.21456 65
    endloop
  endfacet
  facet normal -0.0785759 0.996908 0
    outer loop
      vertex 1.93261 4.20839 65
      vertex 2.01089 4.21456 64.99
      vertex 1.93261 4.20839 64.99
    endloop
  endfacet
  facet normal -0.0261024 0.999659 0
    outer loop
      vertex 1.93261 4.20839 64.99
      vertex 1.8541 4.20634 65
      vertex 1.93261 4.20839 65
    endloop
  endfacet
  facet normal -0.0261024 0.999659 0
    outer loop
      vertex 1.8541 4.20634 65
      vertex 1.93261 4.20839 64.99
      vertex 1.8541 4.20634 64.99
    endloop
  endfacet
  facet normal -0.852658 -0.522469 0
    outer loop
      vertex 3.15314 6.45634 64.99
      vertex 3.11211 6.5233 65
      vertex 3.11211 6.5233 64.99
    endloop
  endfacet
  facet normal -0.852658 -0.522469 0
    outer loop
      vertex 3.11211 6.5233 65
      vertex 3.15314 6.45634 64.99
      vertex 3.15314 6.45634 65
    endloop
  endfacet
  facet normal 0.649438 0.760415 -0
    outer loop
      vertex 0.910121 4.54062 64.99
      vertex 0.850406 4.59162 65
      vertex 0.910121 4.54062 65
    endloop
  endfacet
  facet normal 0.649438 0.760415 0
    outer loop
      vertex 0.850406 4.59162 65
      vertex 0.910121 4.54062 64.99
      vertex 0.850406 4.59162 64.99
    endloop
  endfacet
  facet normal -0.824131 -0.566399 0
    outer loop
      vertex 3.11211 6.5233 64.99
      vertex 3.06763 6.58802 65
      vertex 3.06763 6.58802 64.99
    endloop
  endfacet
  facet normal -0.824131 -0.566399 0
    outer loop
      vertex 3.06763 6.58802 65
      vertex 3.11211 6.5233 64.99
      vertex 3.11211 6.5233 65
    endloop
  endfacet
  facet normal 0.824131 -0.566399 0
    outer loop
      vertex 0.596096 6.5233 65
      vertex 0.640576 6.58802 64.99
      vertex 0.640576 6.58802 65
    endloop
  endfacet
  facet normal 0.824131 -0.566399 0
    outer loop
      vertex 0.640576 6.58802 64.99
      vertex 0.596096 6.5233 65
      vertex 0.596096 6.5233 64.99
    endloop
  endfacet
  facet normal 0.999657 0.0261788 0
    outer loop
      vertex 0.356157 5.62783 65
      vertex 0.354101 5.70634 64.99
      vertex 0.354101 5.70634 65
    endloop
  endfacet
  facet normal 0.999657 0.0261788 0
    outer loop
      vertex 0.354101 5.70634 64.99
      vertex 0.356157 5.62783 65
      vertex 0.356157 5.62783 64.99
    endloop
  endfacet
  facet normal -0.233416 -0.972377 0
    outer loop
      vertex 2.16597 7.17356 64.99
      vertex 2.24233 7.15523 65
      vertex 2.16597 7.17356 65
    endloop
  endfacet
  facet normal -0.233416 -0.972377 -0
    outer loop
      vertex 2.24233 7.15523 65
      vertex 2.16597 7.17356 64.99
      vertex 2.24233 7.15523 64.99
    endloop
  endfacet
  facet normal -0.566399 0.824131 0
    outer loop
      vertex 2.73578 4.49281 64.99
      vertex 2.67106 4.44833 65
      vertex 2.73578 4.49281 65
    endloop
  endfacet
  facet normal -0.566399 0.824131 0
    outer loop
      vertex 2.67106 4.44833 65
      vertex 2.73578 4.49281 64.99
      vertex 2.67106 4.44833 64.99
    endloop
  endfacet
  facet normal -0.382625 0.923904 0
    outer loop
      vertex 2.46421 4.33602 64.99
      vertex 2.39165 4.30597 65
      vertex 2.46421 4.33602 65
    endloop
  endfacet
  facet normal -0.382625 0.923904 0
    outer loop
      vertex 2.39165 4.30597 65
      vertex 2.46421 4.33602 64.99
      vertex 2.39165 4.30597 64.99
    endloop
  endfacet
  facet normal -0.522562 -0.852601 0
    outer loop
      vertex 2.6041 7.00538 64.99
      vertex 2.67106 6.96434 65
      vertex 2.6041 7.00538 65
    endloop
  endfacet
  facet normal -0.522562 -0.852601 -0
    outer loop
      vertex 2.67106 6.96434 65
      vertex 2.6041 7.00538 64.99
      vertex 2.67106 6.96434 64.99
    endloop
  endfacet
  facet normal -0.852658 0.522469 0
    outer loop
      vertex 3.11211 4.88938 64.99
      vertex 3.15314 4.95634 65
      vertex 3.15314 4.95634 64.99
    endloop
  endfacet
  facet normal -0.852658 0.522469 0
    outer loop
      vertex 3.15314 4.95634 65
      vertex 3.11211 4.88938 64.99
      vertex 3.11211 4.88938 65
    endloop
  endfacet
  facet normal -0.430532 -0.902576 0
    outer loop
      vertex 2.46421 7.07666 64.99
      vertex 2.53509 7.04285 65
      vertex 2.46421 7.07666 65
    endloop
  endfacet
  facet normal -0.430532 -0.902576 -0
    outer loop
      vertex 2.53509 7.04285 65
      vertex 2.46421 7.07666 64.99
      vertex 2.53509 7.04285 64.99
    endloop
  endfacet
  facet normal 0.991446 -0.13052 0
    outer loop
      vertex 0.362319 5.86313 65
      vertex 0.372569 5.94099 64.99
      vertex 0.372569 5.94099 65
    endloop
  endfacet
  facet normal 0.991446 -0.13052 0
    outer loop
      vertex 0.372569 5.94099 64.99
      vertex 0.362319 5.86313 65
      vertex 0.362319 5.86313 64.99
    endloop
  endfacet
  facet normal 0.333746 -0.942663 0
    outer loop
      vertex 1.31655 7.10671 64.99
      vertex 1.39058 7.13292 65
      vertex 1.31655 7.10671 65
    endloop
  endfacet
  facet normal 0.333746 -0.942663 0
    outer loop
      vertex 1.39058 7.13292 65
      vertex 1.31655 7.10671 64.99
      vertex 1.39058 7.13292 64.99
    endloop
  endfacet
  facet normal -0.233416 0.972377 0
    outer loop
      vertex 2.24233 4.25745 64.99
      vertex 2.16597 4.23912 65
      vertex 2.24233 4.25745 65
    endloop
  endfacet
  facet normal -0.233416 0.972377 0
    outer loop
      vertex 2.16597 4.23912 65
      vertex 2.24233 4.25745 64.99
      vertex 2.16597 4.23912 64.99
    endloop
  endfacet
  facet normal 0.688376 0.725354 -0
    outer loop
      vertex 0.850406 4.59162 64.99
      vertex 0.793442 4.64568 65
      vertex 0.850406 4.59162 65
    endloop
  endfacet
  facet normal 0.688376 0.725354 0
    outer loop
      vertex 0.793442 4.64568 65
      vertex 0.850406 4.59162 64.99
      vertex 0.793442 4.64568 64.99
    endloop
  endfacet
  facet normal -0.284075 -0.958802 0
    outer loop
      vertex 2.24233 7.15523 64.99
      vertex 2.31763 7.13292 65
      vertex 2.24233 7.15523 65
    endloop
  endfacet
  facet normal -0.284075 -0.958802 -0
    outer loop
      vertex 2.31763 7.13292 65
      vertex 2.24233 7.15523 64.99
      vertex 2.31763 7.13292 64.99
    endloop
  endfacet
  facet normal -0.566399 -0.824131 0
    outer loop
      vertex 2.67106 6.96434 64.99
      vertex 2.73578 6.91986 65
      vertex 2.67106 6.96434 65
    endloop
  endfacet
  facet normal -0.566399 -0.824131 -0
    outer loop
      vertex 2.73578 6.91986 65
      vertex 2.67106 6.96434 64.99
      vertex 2.73578 6.91986 64.99
    endloop
  endfacet
  facet normal -0.878843 -0.477112 0
    outer loop
      vertex 3.19061 6.38732 64.99
      vertex 3.15314 6.45634 65
      vertex 3.15314 6.45634 64.99
    endloop
  endfacet
  facet normal -0.878843 -0.477112 0
    outer loop
      vertex 3.15314 6.45634 65
      vertex 3.19061 6.38732 64.99
      vertex 3.19061 6.38732 65
    endloop
  endfacet
  facet normal -0.688401 -0.72533 0
    outer loop
      vertex 2.8578 6.82106 64.99
      vertex 2.91476 6.767 65
      vertex 2.8578 6.82106 65
    endloop
  endfacet
  facet normal -0.688401 -0.72533 -0
    outer loop
      vertex 2.91476 6.767 65
      vertex 2.8578 6.82106 64.99
      vertex 2.91476 6.767 64.99
    endloop
  endfacet
  facet normal 0.13052 -0.991446 0
    outer loop
      vertex 1.61945 7.18787 64.99
      vertex 1.69731 7.19812 65
      vertex 1.61945 7.18787 65
    endloop
  endfacet
  facet normal 0.13052 -0.991446 0
    outer loop
      vertex 1.69731 7.19812 65
      vertex 1.61945 7.18787 64.99
      vertex 1.69731 7.19812 64.99
    endloop
  endfacet
  facet normal 0.878832 -0.477131 0
    outer loop
      vertex 0.517591 6.38732 65
      vertex 0.555063 6.45634 64.99
      vertex 0.555063 6.45634 65
    endloop
  endfacet
  facet normal 0.878832 -0.477131 0
    outer loop
      vertex 0.555063 6.45634 64.99
      vertex 0.517591 6.38732 65
      vertex 0.517591 6.38732 64.99
    endloop
  endfacet
  facet normal 0.824131 0.566399 0
    outer loop
      vertex 0.640576 4.82466 65
      vertex 0.596096 4.88938 64.99
      vertex 0.596096 4.88938 65
    endloop
  endfacet
  facet normal 0.824131 0.566399 0
    outer loop
      vertex 0.596096 4.88938 64.99
      vertex 0.640576 4.82466 65
      vertex 0.640576 4.82466 64.99
    endloop
  endfacet
  facet normal 0.0784394 -0.996919 0
    outer loop
      vertex 1.69731 7.19812 64.99
      vertex 1.7756 7.20428 65
      vertex 1.69731 7.19812 65
    endloop
  endfacet
  facet normal 0.0784394 -0.996919 0
    outer loop
      vertex 1.7756 7.20428 65
      vertex 1.69731 7.19812 64.99
      vertex 1.7756 7.20428 64.99
    endloop
  endfacet
  facet normal -0.983259 0.182212 0
    outer loop
      vertex 3.32132 5.39447 64.99
      vertex 3.33563 5.47169 65
      vertex 3.33563 5.47169 64.99
    endloop
  endfacet
  facet normal -0.983259 0.182212 0
    outer loop
      vertex 3.33563 5.47169 65
      vertex 3.32132 5.39447 64.99
      vertex 3.32132 5.39447 65
    endloop
  endfacet
  facet normal 0.477112 -0.878843 0
    outer loop
      vertex 1.1041 7.00538 64.99
      vertex 1.17312 7.04285 65
      vertex 1.1041 7.00538 65
    endloop
  endfacet
  facet normal 0.477112 -0.878843 0
    outer loop
      vertex 1.17312 7.04285 65
      vertex 1.1041 7.00538 64.99
      vertex 1.17312 7.04285 64.99
    endloop
  endfacet
  facet normal -0.958826 -0.283993 0
    outer loop
      vertex 3.30299 6.09457 64.99
      vertex 3.28069 6.16986 65
      vertex 3.28069 6.16986 64.99
    endloop
  endfacet
  facet normal -0.958826 -0.283993 0
    outer loop
      vertex 3.28069 6.16986 65
      vertex 3.30299 6.09457 64.99
      vertex 3.30299 6.09457 65
    endloop
  endfacet
  facet normal 0.991446 0.13052 0
    outer loop
      vertex 0.372569 5.47169 65
      vertex 0.362319 5.54955 64.99
      vertex 0.362319 5.54955 65
    endloop
  endfacet
  facet normal 0.991446 0.13052 0
    outer loop
      vertex 0.362319 5.54955 64.99
      vertex 0.372569 5.47169 65
      vertex 0.372569 5.47169 64.99
    endloop
  endfacet
  facet normal 0.430532 0.902576 -0
    outer loop
      vertex 1.244 4.33602 64.99
      vertex 1.17312 4.36983 65
      vertex 1.244 4.33602 65
    endloop
  endfacet
  facet normal 0.430532 0.902576 0
    outer loop
      vertex 1.17312 4.36983 65
      vertex 1.244 4.33602 64.99
      vertex 1.17312 4.36983 64.99
    endloop
  endfacet
  facet normal 0.983257 0.182225 0
    outer loop
      vertex 0.38688 5.39447 65
      vertex 0.372569 5.47169 64.99
      vertex 0.372569 5.47169 65
    endloop
  endfacet
  facet normal 0.983257 0.182225 0
    outer loop
      vertex 0.372569 5.47169 64.99
      vertex 0.38688 5.39447 65
      vertex 0.38688 5.39447 64.99
    endloop
  endfacet
  facet normal -0.13052 -0.991446 0
    outer loop
      vertex 2.01089 7.19812 64.99
      vertex 2.08875 7.18787 65
      vertex 2.01089 7.19812 65
    endloop
  endfacet
  facet normal -0.13052 -0.991446 -0
    outer loop
      vertex 2.08875 7.18787 65
      vertex 2.01089 7.19812 64.99
      vertex 2.08875 7.18787 64.99
    endloop
  endfacet
  facet normal 0.92389 0.382658 0
    outer loop
      vertex 0.483784 5.09623 65
      vertex 0.453731 5.16879 64.99
      vertex 0.453731 5.16879 65
    endloop
  endfacet
  facet normal 0.92389 0.382658 0
    outer loop
      vertex 0.453731 5.16879 64.99
      vertex 0.483784 5.09623 65
      vertex 0.483784 5.09623 64.99
    endloop
  endfacet
  facet normal 0.233416 0.972377 -0
    outer loop
      vertex 1.54223 4.23912 64.99
      vertex 1.46587 4.25745 65
      vertex 1.54223 4.23912 65
    endloop
  endfacet
  facet normal 0.233416 0.972377 0
    outer loop
      vertex 1.46587 4.25745 65
      vertex 1.54223 4.23912 64.99
      vertex 1.46587 4.25745 64.99
    endloop
  endfacet
  facet normal -0.991446 0.13052 0
    outer loop
      vertex 3.33563 5.47169 64.99
      vertex 3.34588 5.54955 65
      vertex 3.34588 5.54955 64.99
    endloop
  endfacet
  facet normal -0.991446 0.13052 0
    outer loop
      vertex 3.34588 5.54955 65
      vertex 3.33563 5.47169 64.99
      vertex 3.33563 5.47169 65
    endloop
  endfacet
  facet normal 0.233416 -0.972377 0
    outer loop
      vertex 1.46587 7.15523 64.99
      vertex 1.54223 7.17356 65
      vertex 1.46587 7.15523 65
    endloop
  endfacet
  facet normal 0.233416 -0.972377 0
    outer loop
      vertex 1.54223 7.17356 65
      vertex 1.46587 7.15523 64.99
      vertex 1.54223 7.17356 64.99
    endloop
  endfacet
  facet normal -0.999659 0.0261024 0
    outer loop
      vertex 3.35205 5.62783 64.99
      vertex 3.3541 5.70634 65
      vertex 3.3541 5.70634 64.99
    endloop
  endfacet
  facet normal -0.999659 0.0261024 0
    outer loop
      vertex 3.3541 5.70634 65
      vertex 3.35205 5.62783 64.99
      vertex 3.35205 5.62783 65
    endloop
  endfacet
  facet normal 0.182212 0.983259 -0
    outer loop
      vertex 1.61945 4.22481 64.99
      vertex 1.54223 4.23912 65
      vertex 1.61945 4.22481 65
    endloop
  endfacet
  facet normal 0.182212 0.983259 0
    outer loop
      vertex 1.54223 4.23912 65
      vertex 1.61945 4.22481 64.99
      vertex 1.54223 4.23912 64.99
    endloop
  endfacet
  facet normal -0.430532 0.902576 0
    outer loop
      vertex 2.53509 4.36983 64.99
      vertex 2.46421 4.33602 65
      vertex 2.53509 4.36983 65
    endloop
  endfacet
  facet normal -0.430532 0.902576 0
    outer loop
      vertex 2.46421 4.33602 65
      vertex 2.53509 4.36983 64.99
      vertex 2.46421 4.33602 64.99
    endloop
  endfacet
  facet normal -0.72539 -0.688338 0
    outer loop
      vertex 2.96882 6.71003 64.99
      vertex 2.91476 6.767 65
      vertex 2.91476 6.767 64.99
    endloop
  endfacet
  facet normal -0.72539 -0.688338 0
    outer loop
      vertex 2.91476 6.767 65
      vertex 2.96882 6.71003 64.99
      vertex 2.96882 6.71003 65
    endloop
  endfacet
  facet normal -0.996908 0.0785759 0
    outer loop
      vertex 3.34588 5.54955 64.99
      vertex 3.35205 5.62783 65
      vertex 3.35205 5.62783 64.99
    endloop
  endfacet
  facet normal -0.996908 0.0785759 0
    outer loop
      vertex 3.35205 5.62783 65
      vertex 3.34588 5.54955 64.99
      vertex 3.34588 5.54955 65
    endloop
  endfacet
  facet normal 0.999657 -0.0261821 0
    outer loop
      vertex 0.354101 5.70634 65
      vertex 0.356157 5.78484 64.99
      vertex 0.356157 5.78484 65
    endloop
  endfacet
  facet normal 0.999657 -0.0261821 0
    outer loop
      vertex 0.356157 5.78484 64.99
      vertex 0.354101 5.70634 65
      vertex 0.354101 5.70634 64.99
    endloop
  endfacet
  facet normal 0.0785659 0.996909 -0
    outer loop
      vertex 1.7756 4.20839 64.99
      vertex 1.69731 4.21456 65
      vertex 1.7756 4.20839 65
    endloop
  endfacet
  facet normal 0.0785659 0.996909 0
    outer loop
      vertex 1.69731 4.21456 65
      vertex 1.7756 4.20839 64.99
      vertex 1.69731 4.21456 64.99
    endloop
  endfacet
  facet normal 0.566423 -0.824115 0
    outer loop
      vertex 0.972424 6.91986 64.99
      vertex 1.03714 6.96434 65
      vertex 0.972424 6.91986 65
    endloop
  endfacet
  facet normal 0.566423 -0.824115 0
    outer loop
      vertex 1.03714 6.96434 65
      vertex 0.972424 6.91986 64.99
      vertex 1.03714 6.96434 64.99
    endloop
  endfacet
  facet normal 0.760423 0.649428 0
    outer loop
      vertex 0.739385 4.70264 65
      vertex 0.688382 4.76236 64.99
      vertex 0.688382 4.76236 65
    endloop
  endfacet
  facet normal 0.760423 0.649428 0
    outer loop
      vertex 0.688382 4.76236 64.99
      vertex 0.739385 4.70264 65
      vertex 0.739385 4.70264 64.99
    endloop
  endfacet
  facet normal 0.90259 0.4305 0
    outer loop
      vertex 0.517591 5.02535 65
      vertex 0.483784 5.09623 64.99
      vertex 0.483784 5.09623 65
    endloop
  endfacet
  facet normal 0.90259 0.4305 0
    outer loop
      vertex 0.483784 5.09623 64.99
      vertex 0.517591 5.02535 65
      vertex 0.517591 5.02535 64.99
    endloop
  endfacet
  facet normal -0.824131 0.566399 0
    outer loop
      vertex 3.06763 4.82466 64.99
      vertex 3.11211 4.88938 65
      vertex 3.11211 4.88938 64.99
    endloop
  endfacet
  facet normal -0.824131 0.566399 0
    outer loop
      vertex 3.11211 4.88938 65
      vertex 3.06763 4.82466 64.99
      vertex 3.06763 4.82466 65
    endloop
  endfacet
  facet normal -0.972377 0.233416 0
    outer loop
      vertex 3.30299 5.31811 64.99
      vertex 3.32132 5.39447 65
      vertex 3.32132 5.39447 64.99
    endloop
  endfacet
  facet normal -0.972377 0.233416 0
    outer loop
      vertex 3.32132 5.39447 65
      vertex 3.30299 5.31811 64.99
      vertex 3.30299 5.31811 65
    endloop
  endfacet
  facet normal 0.972371 0.23344 0
    outer loop
      vertex 0.405212 5.31811 65
      vertex 0.38688 5.39447 64.99
      vertex 0.38688 5.39447 65
    endloop
  endfacet
  facet normal 0.972371 0.23344 0
    outer loop
      vertex 0.38688 5.39447 64.99
      vertex 0.405212 5.31811 65
      vertex 0.405212 5.31811 64.99
    endloop
  endfacet
  facet normal 0.333859 0.942623 -0
    outer loop
      vertex 1.39058 4.27975 64.99
      vertex 1.31655 4.30597 65
      vertex 1.39058 4.27975 65
    endloop
  endfacet
  facet normal 0.333859 0.942623 0
    outer loop
      vertex 1.31655 4.30597 65
      vertex 1.39058 4.27975 64.99
      vertex 1.31655 4.30597 64.99
    endloop
  endfacet
  facet normal 0.283993 0.958826 -0
    outer loop
      vertex 1.46587 4.25745 64.99
      vertex 1.39058 4.27975 65
      vertex 1.46587 4.25745 65
    endloop
  endfacet
  facet normal 0.283993 0.958826 0
    outer loop
      vertex 1.39058 4.27975 65
      vertex 1.46587 4.25745 64.99
      vertex 1.39058 4.27975 64.99
    endloop
  endfacet
  facet normal -0.902576 -0.430532 0
    outer loop
      vertex 3.22442 6.31644 64.99
      vertex 3.19061 6.38732 65
      vertex 3.19061 6.38732 64.99
    endloop
  endfacet
  facet normal -0.902576 -0.430532 0
    outer loop
      vertex 3.19061 6.38732 65
      vertex 3.22442 6.31644 64.99
      vertex 3.22442 6.31644 65
    endloop
  endfacet
  facet normal 0.28411 -0.958792 0
    outer loop
      vertex 1.39058 7.13292 64.99
      vertex 1.46587 7.15523 65
      vertex 1.39058 7.13292 65
    endloop
  endfacet
  facet normal 0.28411 -0.958792 0
    outer loop
      vertex 1.46587 7.15523 65
      vertex 1.39058 7.13292 64.99
      vertex 1.46587 7.15523 64.99
    endloop
  endfacet
  facet normal -0.760388 -0.649469 0
    outer loop
      vertex 3.01982 6.65032 64.99
      vertex 2.96882 6.71003 65
      vertex 2.96882 6.71003 64.99
    endloop
  endfacet
  facet normal -0.760388 -0.649469 0
    outer loop
      vertex 2.96882 6.71003 65
      vertex 3.01982 6.65032 64.99
      vertex 3.01982 6.65032 65
    endloop
  endfacet
  facet normal 0.793344 0.608774 0
    outer loop
      vertex 0.688382 4.76236 65
      vertex 0.640576 4.82466 64.99
      vertex 0.640576 4.82466 65
    endloop
  endfacet
  facet normal 0.793344 0.608774 0
    outer loop
      vertex 0.640576 4.82466 64.99
      vertex 0.688382 4.76236 65
      vertex 0.688382 4.76236 64.99
    endloop
  endfacet
  facet normal -0.333899 0.942609 0
    outer loop
      vertex 2.39165 4.30597 64.99
      vertex 2.31763 4.27975 65
      vertex 2.39165 4.30597 65
    endloop
  endfacet
  facet normal -0.333899 0.942609 0
    outer loop
      vertex 2.31763 4.27975 65
      vertex 2.39165 4.30597 64.99
      vertex 2.31763 4.27975 64.99
    endloop
  endfacet
  facet normal 0 0 1
    outer loop
      vertex 3.35205 5.78484 64.99
      vertex 3.35205 5.62783 64.99
      vertex 3.3541 5.70634 64.99
    endloop
  endfacet
  facet normal 0 0 1
    outer loop
      vertex 3.34588 5.86313 64.99
      vertex 3.35205 5.62783 64.99
      vertex 3.35205 5.78484 64.99
    endloop
  endfacet
  facet normal 0 0 1
    outer loop
      vertex 3.34588 5.86313 64.99
      vertex 3.34588 5.54955 64.99
      vertex 3.35205 5.62783 64.99
    endloop
  endfacet
  facet normal 0 0 1
    outer loop
      vertex 3.33563 5.94099 64.99
      vertex 3.34588 5.54955 64.99
      vertex 3.34588 5.86313 64.99
    endloop
  endfacet
  facet normal 0 0 1
    outer loop
      vertex 3.33563 5.94099 64.99
      vertex 3.33563 5.47169 64.99
      vertex 3.34588 5.54955 64.99
    endloop
  endfacet
  facet normal 0 0 1
    outer loop
      vertex 3.32132 6.01821 64.99
      vertex 3.33563 5.47169 64.99
      vertex 3.33563 5.94099 64.99
    endloop
  endfacet
  facet normal 0 0 1
    outer loop
      vertex 3.32132 6.01821 64.99
      vertex 3.32132 5.39447 64.99
      vertex 3.33563 5.47169 64.99
    endloop
  endfacet
  facet normal 0 0 1
    outer loop
      vertex 3.30299 6.09457 64.99
      vertex 3.32132 5.39447 64.99
      vertex 3.32132 6.01821 64.99
    endloop
  endfacet
  facet normal 0 0 1
    outer loop
      vertex 3.30299 6.09457 64.99
      vertex 3.30299 5.31811 64.99
      vertex 3.32132 5.39447 64.99
    endloop
  endfacet
  facet normal 0 0 1
    outer loop
      vertex 3.28069 6.16986 64.99
      vertex 3.30299 5.31811 64.99
      vertex 3.30299 6.09457 64.99
    endloop
  endfacet
  facet normal 0 0 1
    outer loop
      vertex 3.28069 6.16986 64.99
      vertex 3.28069 5.24281 64.99
      vertex 3.30299 5.31811 64.99
    endloop
  endfacet
  facet normal 0 0 1
    outer loop
      vertex 3.25447 6.24389 64.99
      vertex 3.28069 5.24281 64.99
      vertex 3.28069 6.16986 64.99
    endloop
  endfacet
  facet normal 0 0 1
    outer loop
      vertex 3.25447 6.24389 64.99
      vertex 3.25447 5.16879 64.99
      vertex 3.28069 5.24281 64.99
    endloop
  endfacet
  facet normal 0 0 1
    outer loop
      vertex 3.22442 6.31644 64.99
      vertex 3.25447 5.16879 64.99
      vertex 3.25447 6.24389 64.99
    endloop
  endfacet
  facet normal 0 0 1
    outer loop
      vertex 3.22442 6.31644 64.99
      vertex 3.22442 5.09623 64.99
      vertex 3.25447 5.16879 64.99
    endloop
  endfacet
  facet normal 0 0 1
    outer loop
      vertex 3.19061 6.38732 64.99
      vertex 3.22442 5.09623 64.99
      vertex 3.22442 6.31644 64.99
    endloop
  endfacet
  facet normal 0 0 1
    outer loop
      vertex 3.19061 6.38732 64.99
      vertex 3.19061 5.02535 64.99
      vertex 3.22442 5.09623 64.99
    endloop
  endfacet
  facet normal 0 0 1
    outer loop
      vertex 3.15314 6.45634 64.99
      vertex 3.19061 5.02535 64.99
      vertex 3.19061 6.38732 64.99
    endloop
  endfacet
  facet normal 0 0 1
    outer loop
      vertex 3.15314 6.45634 64.99
      vertex 3.15314 4.95634 64.99
      vertex 3.19061 5.02535 64.99
    endloop
  endfacet
  facet normal 0 0 1
    outer loop
      vertex 3.11211 6.5233 64.99
      vertex 3.15314 4.95634 64.99
      vertex 3.15314 6.45634 64.99
    endloop
  endfacet
  facet normal 0 0 1
    outer loop
      vertex 3.11211 6.5233 64.99
      vertex 3.11211 4.88938 64.99
      vertex 3.15314 4.95634 64.99
    endloop
  endfacet
  facet normal 0 0 1
    outer loop
      vertex 3.06763 6.58802 64.99
      vertex 3.11211 4.88938 64.99
      vertex 3.11211 6.5233 64.99
    endloop
  endfacet
  facet normal 0 0 1
    outer loop
      vertex 3.06763 6.58802 64.99
      vertex 3.06763 4.82466 64.99
      vertex 3.11211 4.88938 64.99
    endloop
  endfacet
  facet normal 0 0 1
    outer loop
      vertex 3.01982 6.65032 64.99
      vertex 3.06763 4.82466 64.99
      vertex 3.06763 6.58802 64.99
    endloop
  endfacet
  facet normal 0 0 1
    outer loop
      vertex 3.01982 6.65032 64.99
      vertex 3.01982 4.76236 64.99
      vertex 3.06763 4.82466 64.99
    endloop
  endfacet
  facet normal 0 0 1
    outer loop
      vertex 2.96882 6.71003 64.99
      vertex 3.01982 4.76236 64.99
      vertex 3.01982 6.65032 64.99
    endloop
  endfacet
  facet normal 0 0 1
    outer loop
      vertex 2.96882 6.71003 64.99
      vertex 2.96882 4.70264 64.99
      vertex 3.01982 4.76236 64.99
    endloop
  endfacet
  facet normal 0 0 1
    outer loop
      vertex 2.91476 6.767 64.99
      vertex 2.96882 4.70264 64.99
      vertex 2.96882 6.71003 64.99
    endloop
  endfacet
  facet normal 0 0 1
    outer loop
      vertex 2.91476 6.767 64.99
      vertex 2.91476 4.64568 64.99
      vertex 2.96882 4.70264 64.99
    endloop
  endfacet
  facet normal 0 0 1
    outer loop
      vertex 2.8578 6.82106 64.99
      vertex 2.91476 4.64568 64.99
      vertex 2.91476 6.767 64.99
    endloop
  endfacet
  facet normal 0 0 1
    outer loop
      vertex 2.8578 6.82106 64.99
      vertex 2.8578 4.59162 64.99
      vertex 2.91476 4.64568 64.99
    endloop
  endfacet
  facet normal 0 0 1
    outer loop
      vertex 2.79808 6.87206 64.99
      vertex 2.8578 4.59162 64.99
      vertex 2.8578 6.82106 64.99
    endloop
  endfacet
  facet normal 0 0 1
    outer loop
      vertex 2.79808 6.87206 64.99
      vertex 2.79808 4.54062 64.99
      vertex 2.8578 4.59162 64.99
    endloop
  endfacet
  facet normal 0 0 1
    outer loop
      vertex 2.73578 6.91986 64.99
      vertex 2.79808 4.54062 64.99
      vertex 2.79808 6.87206 64.99
    endloop
  endfacet
  facet normal 0 0 1
    outer loop
      vertex 2.73578 6.91986 64.99
      vertex 2.73578 4.49281 64.99
      vertex 2.79808 4.54062 64.99
    endloop
  endfacet
  facet normal 0 0 1
    outer loop
      vertex 2.67106 6.96434 64.99
      vertex 2.73578 4.49281 64.99
      vertex 2.73578 6.91986 64.99
    endloop
  endfacet
  facet normal 0 0 1
    outer loop
      vertex 2.67106 6.96434 64.99
      vertex 2.67106 4.44833 64.99
      vertex 2.73578 4.49281 64.99
    endloop
  endfacet
  facet normal 0 0 1
    outer loop
      vertex 2.6041 7.00538 64.99
      vertex 2.67106 4.44833 64.99
      vertex 2.67106 6.96434 64.99
    endloop
  endfacet
  facet normal 0 0 1
    outer loop
      vertex 2.6041 7.00538 64.99
      vertex 2.6041 4.4073 64.99
      vertex 2.67106 4.44833 64.99
    endloop
  endfacet
  facet normal 0 0 1
    outer loop
      vertex 2.53509 7.04285 64.99
      vertex 2.6041 4.4073 64.99
      vertex 2.6041 7.00538 64.99
    endloop
  endfacet
  facet normal 0 0 1
    outer loop
      vertex 2.53509 7.04285 64.99
      vertex 2.53509 4.36983 64.99
      vertex 2.6041 4.4073 64.99
    endloop
  endfacet
  facet normal 0 0 1
    outer loop
      vertex 2.46421 7.07666 64.99
      vertex 2.53509 4.36983 64.99
      vertex 2.53509 7.04285 64.99
    endloop
  endfacet
  facet normal 0 0 1
    outer loop
      vertex 2.46421 7.07666 64.99
      vertex 2.46421 4.33602 64.99
      vertex 2.53509 4.36983 64.99
    endloop
  endfacet
  facet normal 0 0 1
    outer loop
      vertex 2.39165 7.10671 64.99
      vertex 2.46421 4.33602 64.99
      vertex 2.46421 7.07666 64.99
    endloop
  endfacet
  facet normal 0 0 1
    outer loop
      vertex 2.39165 7.10671 64.99
      vertex 2.39165 4.30597 64.99
      vertex 2.46421 4.33602 64.99
    endloop
  endfacet
  facet normal 0 0 1
    outer loop
      vertex 2.31763 7.13292 64.99
      vertex 2.39165 4.30597 64.99
      vertex 2.39165 7.10671 64.99
    endloop
  endfacet
  facet normal 0 0 1
    outer loop
      vertex 2.31763 7.13292 64.99
      vertex 2.31763 4.27975 64.99
      vertex 2.39165 4.30597 64.99
    endloop
  endfacet
  facet normal 0 0 1
    outer loop
      vertex 2.24233 7.15523 64.99
      vertex 2.31763 4.27975 64.99
      vertex 2.31763 7.13292 64.99
    endloop
  endfacet
  facet normal 0 0 1
    outer loop
      vertex 2.24233 7.15523 64.99
      vertex 2.24233 4.25745 64.99
      vertex 2.31763 4.27975 64.99
    endloop
  endfacet
  facet normal 0 0 1
    outer loop
      vertex 2.16597 7.17356 64.99
      vertex 2.24233 4.25745 64.99
      vertex 2.24233 7.15523 64.99
    endloop
  endfacet
  facet normal 0 0 1
    outer loop
      vertex 2.16597 7.17356 64.99
      vertex 2.16597 4.23912 64.99
      vertex 2.24233 4.25745 64.99
    endloop
  endfacet
  facet normal 0 0 1
    outer loop
      vertex 2.08875 7.18787 64.99
      vertex 2.16597 4.23912 64.99
      vertex 2.16597 7.17356 64.99
    endloop
  endfacet
  facet normal 0 0 1
    outer loop
      vertex 2.08875 7.18787 64.99
      vertex 2.08875 4.22481 64.99
      vertex 2.16597 4.23912 64.99
    endloop
  endfacet
  facet normal 0 0 1
    outer loop
      vertex 2.01089 7.19812 64.99
      vertex 2.08875 4.22481 64.99
      vertex 2.08875 7.18787 64.99
    endloop
  endfacet
  facet normal 0 0 1
    outer loop
      vertex 2.01089 7.19812 64.99
      vertex 2.01089 4.21456 64.99
      vertex 2.08875 4.22481 64.99
    endloop
  endfacet
  facet normal 0 0 1
    outer loop
      vertex 1.93261 7.20428 64.99
      vertex 2.01089 4.21456 64.99
      vertex 2.01089 7.19812 64.99
    endloop
  endfacet
  facet normal 0 0 1
    outer loop
      vertex 1.93261 7.20428 64.99
      vertex 1.93261 4.20839 64.99
      vertex 2.01089 4.21456 64.99
    endloop
  endfacet
  facet normal 0 0 1
    outer loop
      vertex 1.8541 7.20634 64.99
      vertex 1.93261 4.20839 64.99
      vertex 1.93261 7.20428 64.99
    endloop
  endfacet
  facet normal 0 0 1
    outer loop
      vertex 1.8541 7.20634 64.99
      vertex 1.8541 4.20634 64.99
      vertex 1.93261 4.20839 64.99
    endloop
  endfacet
  facet normal -0 0 1
    outer loop
      vertex 1.7756 7.20428 64.99
      vertex 1.8541 4.20634 64.99
      vertex 1.8541 7.20634 64.99
    endloop
  endfacet
  facet normal 0 0 1
    outer loop
      vertex 1.7756 7.20428 64.99
      vertex 1.7756 4.20839 64.99
      vertex 1.8541 4.20634 64.99
    endloop
  endfacet
  facet normal -0 0 1
    outer loop
      vertex 1.69731 7.19812 64.99
      vertex 1.7756 4.20839 64.99
      vertex 1.7756 7.20428 64.99
    endloop
  endfacet
  facet normal 0 0 1
    outer loop
      vertex 1.69731 7.19812 64.99
      vertex 1.69731 4.21456 64.99
      vertex 1.7756 4.20839 64.99
    endloop
  endfacet
  facet normal -0 0 1
    outer loop
      vertex 1.61945 7.18787 64.99
      vertex 1.69731 4.21456 64.99
      vertex 1.69731 7.19812 64.99
    endloop
  endfacet
  facet normal 0 0 1
    outer loop
      vertex 1.61945 7.18787 64.99
      vertex 1.61945 4.22481 64.99
      vertex 1.69731 4.21456 64.99
    endloop
  endfacet
  facet normal -0 0 1
    outer loop
      vertex 1.54223 7.17356 64.99
      vertex 1.61945 4.22481 64.99
      vertex 1.61945 7.18787 64.99
    endloop
  endfacet
  facet normal 0 0 1
    outer loop
      vertex 1.54223 7.17356 64.99
      vertex 1.54223 4.23912 64.99
      vertex 1.61945 4.22481 64.99
    endloop
  endfacet
  facet normal -0 0 1
    outer loop
      vertex 1.46587 7.15523 64.99
      vertex 1.54223 4.23912 64.99
      vertex 1.54223 7.17356 64.99
    endloop
  endfacet
  facet normal 0 0 1
    outer loop
      vertex 1.46587 7.15523 64.99
      vertex 1.46587 4.25745 64.99
      vertex 1.54223 4.23912 64.99
    endloop
  endfacet
  facet normal -0 0 1
    outer loop
      vertex 1.39058 7.13292 64.99
      vertex 1.46587 4.25745 64.99
      vertex 1.46587 7.15523 64.99
    endloop
  endfacet
  facet normal 0 0 1
    outer loop
      vertex 1.39058 7.13292 64.99
      vertex 1.39058 4.27975 64.99
      vertex 1.46587 4.25745 64.99
    endloop
  endfacet
  facet normal -0 0 1
    outer loop
      vertex 1.31655 7.10671 64.99
      vertex 1.39058 4.27975 64.99
      vertex 1.39058 7.13292 64.99
    endloop
  endfacet
  facet normal 0 0 1
    outer loop
      vertex 1.31655 7.10671 64.99
      vertex 1.31655 4.30597 64.99
      vertex 1.39058 4.27975 64.99
    endloop
  endfacet
  facet normal -0 0 1
    outer loop
      vertex 1.244 7.07666 64.99
      vertex 1.31655 4.30597 64.99
      vertex 1.31655 7.10671 64.99
    endloop
  endfacet
  facet normal 0 0 1
    outer loop
      vertex 1.244 7.07666 64.99
      vertex 1.244 4.33602 64.99
      vertex 1.31655 4.30597 64.99
    endloop
  endfacet
  facet normal -0 0 1
    outer loop
      vertex 1.17312 7.04285 64.99
      vertex 1.244 4.33602 64.99
      vertex 1.244 7.07666 64.99
    endloop
  endfacet
  facet normal 0 0 1
    outer loop
      vertex 1.17312 7.04285 64.99
      vertex 1.17312 4.36983 64.99
      vertex 1.244 4.33602 64.99
    endloop
  endfacet
  facet normal -0 0 1
    outer loop
      vertex 1.1041 7.00538 64.99
      vertex 1.17312 4.36983 64.99
      vertex 1.17312 7.04285 64.99
    endloop
  endfacet
  facet normal 0 0 1
    outer loop
      vertex 1.1041 7.00538 64.99
      vertex 1.1041 4.4073 64.99
      vertex 1.17312 4.36983 64.99
    endloop
  endfacet
  facet normal -0 0 1
    outer loop
      vertex 1.03714 6.96434 64.99
      vertex 1.1041 4.4073 64.99
      vertex 1.1041 7.00538 64.99
    endloop
  endfacet
  facet normal 0 0 1
    outer loop
      vertex 1.03714 6.96434 64.99
      vertex 1.03714 4.44833 64.99
      vertex 1.1041 4.4073 64.99
    endloop
  endfacet
  facet normal -0 0 1
    outer loop
      vertex 0.972424 6.91986 64.99
      vertex 1.03714 4.44833 64.99
      vertex 1.03714 6.96434 64.99
    endloop
  endfacet
  facet normal 0 0 1
    outer loop
      vertex 0.972424 6.91986 64.99
      vertex 0.972424 4.49281 64.99
      vertex 1.03714 4.44833 64.99
    endloop
  endfacet
  facet normal -0 0 1
    outer loop
      vertex 0.910121 6.87206 64.99
      vertex 0.972424 4.49281 64.99
      vertex 0.972424 6.91986 64.99
    endloop
  endfacet
  facet normal 0 0 1
    outer loop
      vertex 0.910121 6.87206 64.99
      vertex 0.910121 4.54062 64.99
      vertex 0.972424 4.49281 64.99
    endloop
  endfacet
  facet normal -0 0 1
    outer loop
      vertex 0.850406 6.82106 64.99
      vertex 0.910121 4.54062 64.99
      vertex 0.910121 6.87206 64.99
    endloop
  endfacet
  facet normal 0 0 1
    outer loop
      vertex 0.850406 6.82106 64.99
      vertex 0.850406 4.59162 64.99
      vertex 0.910121 4.54062 64.99
    endloop
  endfacet
  facet normal -0 0 1
    outer loop
      vertex 0.793442 6.767 64.99
      vertex 0.850406 4.59162 64.99
      vertex 0.850406 6.82106 64.99
    endloop
  endfacet
  facet normal 0 0 1
    outer loop
      vertex 0.793442 6.767 64.99
      vertex 0.793442 4.64568 64.99
      vertex 0.850406 4.59162 64.99
    endloop
  endfacet
  facet normal -0 0 1
    outer loop
      vertex 0.739385 6.71003 64.99
      vertex 0.793442 4.64568 64.99
      vertex 0.793442 6.767 64.99
    endloop
  endfacet
  facet normal 0 0 1
    outer loop
      vertex 0.739385 6.71003 64.99
      vertex 0.739385 4.70264 64.99
      vertex 0.793442 4.64568 64.99
    endloop
  endfacet
  facet normal -0 0 1
    outer loop
      vertex 0.688382 6.65032 64.99
      vertex 0.739385 4.70264 64.99
      vertex 0.739385 6.71003 64.99
    endloop
  endfacet
  facet normal 0 0 1
    outer loop
      vertex 0.688382 6.65032 64.99
      vertex 0.688382 4.76236 64.99
      vertex 0.739385 4.70264 64.99
    endloop
  endfacet
  facet normal -0 0 1
    outer loop
      vertex 0.640576 6.58802 64.99
      vertex 0.688382 4.76236 64.99
      vertex 0.688382 6.65032 64.99
    endloop
  endfacet
  facet normal 0 0 1
    outer loop
      vertex 0.640576 6.58802 64.99
      vertex 0.640576 4.82466 64.99
      vertex 0.688382 4.76236 64.99
    endloop
  endfacet
  facet normal -0 0 1
    outer loop
      vertex 0.596096 6.5233 64.99
      vertex 0.640576 4.82466 64.99
      vertex 0.640576 6.58802 64.99
    endloop
  endfacet
  facet normal 0 0 1
    outer loop
      vertex 0.596096 6.5233 64.99
      vertex 0.596096 4.88938 64.99
      vertex 0.640576 4.82466 64.99
    endloop
  endfacet
  facet normal -0 0 1
    outer loop
      vertex 0.555063 6.45634 64.99
      vertex 0.596096 4.88938 64.99
      vertex 0.596096 6.5233 64.99
    endloop
  endfacet
  facet normal 0 0 1
    outer loop
      vertex 0.555063 6.45634 64.99
      vertex 0.555063 4.95634 64.99
      vertex 0.596096 4.88938 64.99
    endloop
  endfacet
  facet normal -0 0 1
    outer loop
      vertex 0.517591 6.38732 64.99
      vertex 0.555063 4.95634 64.99
      vertex 0.555063 6.45634 64.99
    endloop
  endfacet
  facet normal 0 0 1
    outer loop
      vertex 0.517591 6.38732 64.99
      vertex 0.517591 5.02535 64.99
      vertex 0.555063 4.95634 64.99
    endloop
  endfacet
  facet normal -0 0 1
    outer loop
      vertex 0.483784 6.31644 64.99
      vertex 0.517591 5.02535 64.99
      vertex 0.517591 6.38732 64.99
    endloop
  endfacet
  facet normal 0 0 1
    outer loop
      vertex 0.483784 6.31644 64.99
      vertex 0.483784 5.09623 64.99
      vertex 0.517591 5.02535 64.99
    endloop
  endfacet
  facet normal -0 0 1
    outer loop
      vertex 0.453731 6.24389 64.99
      vertex 0.483784 5.09623 64.99
      vertex 0.483784 6.31644 64.99
    endloop
  endfacet
  facet normal 0 0 1
    outer loop
      vertex 0.453731 6.24389 64.99
      vertex 0.453731 5.16879 64.99
      vertex 0.483784 5.09623 64.99
    endloop
  endfacet
  facet normal -0 0 1
    outer loop
      vertex 0.427517 6.16986 64.99
      vertex 0.453731 5.16879 64.99
      vertex 0.453731 6.24389 64.99
    endloop
  endfacet
  facet normal 0 0 1
    outer loop
      vertex 0.427517 6.16986 64.99
      vertex 0.427517 5.24281 64.99
      vertex 0.453731 5.16879 64.99
    endloop
  endfacet
  facet normal -0 0 1
    outer loop
      vertex 0.405212 6.09457 64.99
      vertex 0.427517 5.24281 64.99
      vertex 0.427517 6.16986 64.99
    endloop
  endfacet
  facet normal 0 0 1
    outer loop
      vertex 0.405212 6.09457 64.99
      vertex 0.405212 5.31811 64.99
      vertex 0.427517 5.24281 64.99
    endloop
  endfacet
  facet normal -0 0 1
    outer loop
      vertex 0.38688 6.01821 64.99
      vertex 0.405212 5.31811 64.99
      vertex 0.405212 6.09457 64.99
    endloop
  endfacet
  facet normal 0 0 1
    outer loop
      vertex 0.38688 6.01821 64.99
      vertex 0.38688 5.39447 64.99
      vertex 0.405212 5.31811 64.99
    endloop
  endfacet
  facet normal -0 0 1
    outer loop
      vertex 0.372569 5.94099 64.99
      vertex 0.38688 5.39447 64.99
      vertex 0.38688 6.01821 64.99
    endloop
  endfacet
  facet normal 0 0 1
    outer loop
      vertex 0.372569 5.94099 64.99
      vertex 0.372569 5.47169 64.99
      vertex 0.38688 5.39447 64.99
    endloop
  endfacet
  facet normal -0 0 1
    outer loop
      vertex 0.362319 5.86313 64.99
      vertex 0.372569 5.47169 64.99
      vertex 0.372569 5.94099 64.99
    endloop
  endfacet
  facet normal 0 0 1
    outer loop
      vertex 0.362319 5.86313 64.99
      vertex 0.362319 5.54955 64.99
      vertex 0.372569 5.47169 64.99
    endloop
  endfacet
  facet normal -0 0 1
    outer loop
      vertex 0.356157 5.78484 64.99
      vertex 0.362319 5.54955 64.99
      vertex 0.362319 5.86313 64.99
    endloop
  endfacet
  facet normal 0 0 1
    outer loop
      vertex 0.356157 5.78484 64.99
      vertex 0.356157 5.62783 64.99
      vertex 0.362319 5.54955 64.99
    endloop
  endfacet
  facet normal 0 -0 1
    outer loop
      vertex 0.356157 5.62783 64.99
      vertex 0.356157 5.78484 64.99
      vertex 0.354101 5.70634 64.99
    endloop
  endfacet
  facet normal -0.793319 -0.608806 0
    outer loop
      vertex 3.06763 6.58802 64.99
      vertex 3.01982 6.65032 65
      vertex 3.01982 6.65032 64.99
    endloop
  endfacet
  facet normal -0.793319 -0.608806 0
    outer loop
      vertex 3.01982 6.65032 65
      vertex 3.06763 6.58802 64.99
      vertex 3.06763 6.58802 65
    endloop
  endfacet
  facet normal 0.996917 -0.0784647 0
    outer loop
      vertex 0.356157 5.78484 65
      vertex 0.362319 5.86313 64.99
      vertex 0.362319 5.86313 65
    endloop
  endfacet
  facet normal 0.996917 -0.0784647 0
    outer loop
      vertex 0.362319 5.86313 64.99
      vertex 0.356157 5.78484 65
      vertex 0.356157 5.78484 64.99
    endloop
  endfacet
  facet normal -0.72533 0.688401 0
    outer loop
      vertex 2.91476 4.64568 64.99
      vertex 2.96882 4.70264 65
      vertex 2.96882 4.70264 64.99
    endloop
  endfacet
  facet normal -0.72533 0.688401 0
    outer loop
      vertex 2.96882 4.70264 65
      vertex 2.91476 4.64568 64.99
      vertex 2.91476 4.64568 65
    endloop
  endfacet
  facet normal 0.182212 -0.983259 0
    outer loop
      vertex 1.54223 7.17356 64.99
      vertex 1.61945 7.18787 65
      vertex 1.54223 7.17356 65
    endloop
  endfacet
  facet normal 0.182212 -0.983259 0
    outer loop
      vertex 1.61945 7.18787 65
      vertex 1.54223 7.17356 64.99
      vertex 1.61945 7.18787 64.99
    endloop
  endfacet
  facet normal -0.649406 -0.760442 0
    outer loop
      vertex 2.79808 6.87206 64.99
      vertex 2.8578 6.82106 65
      vertex 2.79808 6.87206 65
    endloop
  endfacet
  facet normal -0.649406 -0.760442 -0
    outer loop
      vertex 2.8578 6.82106 65
      vertex 2.79808 6.87206 64.99
      vertex 2.8578 6.82106 64.99
    endloop
  endfacet
  facet normal 0.760369 -0.649491 0
    outer loop
      vertex 0.688382 6.65032 65
      vertex 0.739385 6.71003 64.99
      vertex 0.739385 6.71003 65
    endloop
  endfacet
  facet normal 0.760369 -0.649491 0
    outer loop
      vertex 0.739385 6.71003 64.99
      vertex 0.688382 6.65032 65
      vertex 0.688382 6.65032 64.99
    endloop
  endfacet
  facet normal 0.688376 -0.725354 0
    outer loop
      vertex 0.793442 6.767 64.99
      vertex 0.850406 6.82106 65
      vertex 0.793442 6.767 65
    endloop
  endfacet
  facet normal 0.688376 -0.725354 0
    outer loop
      vertex 0.850406 6.82106 65
      vertex 0.793442 6.767 64.99
      vertex 0.850406 6.82106 64.99
    endloop
  endfacet
  facet normal -0.793319 0.608806 0
    outer loop
      vertex 3.01982 4.76236 64.99
      vertex 3.06763 4.82466 65
      vertex 3.06763 4.82466 64.99
    endloop
  endfacet
  facet normal -0.793319 0.608806 0
    outer loop
      vertex 3.06763 4.82466 65
      vertex 3.01982 4.76236 64.99
      vertex 3.01982 4.76236 65
    endloop
  endfacet
  facet normal 0.972371 -0.23344 0
    outer loop
      vertex 0.38688 6.01821 65
      vertex 0.405212 6.09457 64.99
      vertex 0.405212 6.09457 65
    endloop
  endfacet
  facet normal 0.972371 -0.23344 0
    outer loop
      vertex 0.405212 6.09457 64.99
      vertex 0.38688 6.01821 65
      vertex 0.38688 6.01821 64.99
    endloop
  endfacet
  facet normal 0.649438 -0.760415 0
    outer loop
      vertex 0.850406 6.82106 64.99
      vertex 0.910121 6.87206 65
      vertex 0.850406 6.82106 65
    endloop
  endfacet
  facet normal 0.649438 -0.760415 0
    outer loop
      vertex 0.910121 6.87206 65
      vertex 0.850406 6.82106 64.99
      vertex 0.910121 6.87206 64.99
    endloop
  endfacet
  facet normal -0.688401 0.72533 0
    outer loop
      vertex 2.91476 4.64568 64.99
      vertex 2.8578 4.59162 65
      vertex 2.91476 4.64568 65
    endloop
  endfacet
  facet normal -0.688401 0.72533 0
    outer loop
      vertex 2.8578 4.59162 65
      vertex 2.91476 4.64568 64.99
      vertex 2.8578 4.59162 64.99
    endloop
  endfacet
  facet normal -0.902576 0.430532 0
    outer loop
      vertex 3.19061 5.02535 64.99
      vertex 3.22442 5.09623 65
      vertex 3.22442 5.09623 64.99
    endloop
  endfacet
  facet normal -0.902576 0.430532 0
    outer loop
      vertex 3.22442 5.09623 65
      vertex 3.19061 5.02535 64.99
      vertex 3.19061 5.02535 65
    endloop
  endfacet
  facet normal -0.878814 0.477165 0
    outer loop
      vertex 3.15314 4.95634 64.99
      vertex 3.19061 5.02535 65
      vertex 3.19061 5.02535 64.99
    endloop
  endfacet
  facet normal -0.878814 0.477165 0
    outer loop
      vertex 3.19061 5.02535 65
      vertex 3.15314 4.95634 64.99
      vertex 3.15314 4.95634 65
    endloop
  endfacet
  facet normal 0.026233 -0.999656 0
    outer loop
      vertex 1.7756 7.20428 64.99
      vertex 1.8541 7.20634 65
      vertex 1.7756 7.20428 65
    endloop
  endfacet
  facet normal 0.026233 -0.999656 0
    outer loop
      vertex 1.8541 7.20634 65
      vertex 1.7756 7.20428 64.99
      vertex 1.8541 7.20634 64.99
    endloop
  endfacet
  facet normal 0.942647 -0.333791 0
    outer loop
      vertex 0.427517 6.16986 65
      vertex 0.453731 6.24389 64.99
      vertex 0.453731 6.24389 65
    endloop
  endfacet
  facet normal 0.942647 -0.333791 0
    outer loop
      vertex 0.453731 6.24389 64.99
      vertex 0.427517 6.16986 65
      vertex 0.427517 6.16986 64.99
    endloop
  endfacet
  facet normal 0.996916 0.0784747 0
    outer loop
      vertex 0.362319 5.54955 65
      vertex 0.356157 5.62783 64.99
      vertex 0.356157 5.62783 65
    endloop
  endfacet
  facet normal 0.996916 0.0784747 0
    outer loop
      vertex 0.356157 5.62783 64.99
      vertex 0.362319 5.54955 65
      vertex 0.362319 5.54955 64.99
    endloop
  endfacet
  facet normal -0.182212 0.983259 0
    outer loop
      vertex 2.16597 4.23912 64.99
      vertex 2.08875 4.22481 65
      vertex 2.16597 4.23912 65
    endloop
  endfacet
  facet normal -0.182212 0.983259 0
    outer loop
      vertex 2.08875 4.22481 65
      vertex 2.16597 4.23912 64.99
      vertex 2.08875 4.22481 64.99
    endloop
  endfacet
  facet normal 0.608707 -0.793395 0
    outer loop
      vertex 0.910121 6.87206 64.99
      vertex 0.972424 6.91986 65
      vertex 0.910121 6.87206 65
    endloop
  endfacet
  facet normal 0.608707 -0.793395 0
    outer loop
      vertex 0.972424 6.91986 65
      vertex 0.910121 6.87206 64.99
      vertex 0.972424 6.91986 64.99
    endloop
  endfacet
  facet normal -0.13052 0.991446 0
    outer loop
      vertex 2.08875 4.22481 64.99
      vertex 2.01089 4.21456 65
      vertex 2.08875 4.22481 65
    endloop
  endfacet
  facet normal -0.13052 0.991446 0
    outer loop
      vertex 2.01089 4.21456 65
      vertex 2.08875 4.22481 64.99
      vertex 2.01089 4.21456 64.99
    endloop
  endfacet
  facet normal 0.725409 -0.688318 0
    outer loop
      vertex 0.739385 6.71003 65
      vertex 0.793442 6.767 64.99
      vertex 0.793442 6.767 65
    endloop
  endfacet
  facet normal 0.725409 -0.688318 0
    outer loop
      vertex 0.793442 6.767 64.99
      vertex 0.739385 6.71003 65
      vertex 0.739385 6.71003 64.99
    endloop
  endfacet
  facet normal -0.649406 0.760442 0
    outer loop
      vertex 2.8578 4.59162 64.99
      vertex 2.79808 4.54062 65
      vertex 2.8578 4.59162 65
    endloop
  endfacet
  facet normal -0.649406 0.760442 0
    outer loop
      vertex 2.79808 4.54062 65
      vertex 2.8578 4.59162 64.99
      vertex 2.79808 4.54062 64.99
    endloop
  endfacet
  facet normal -0.477165 0.878814 0
    outer loop
      vertex 2.6041 4.4073 64.99
      vertex 2.53509 4.36983 65
      vertex 2.6041 4.4073 65
    endloop
  endfacet
  facet normal -0.477165 0.878814 0
    outer loop
      vertex 2.53509 4.36983 65
      vertex 2.6041 4.4073 64.99
      vertex 2.53509 4.36983 64.99
    endloop
  endfacet
  facet normal -0.923885 -0.38267 0
    outer loop
      vertex 3.25447 6.24389 64.99
      vertex 3.22442 6.31644 65
      vertex 3.22442 6.31644 64.99
    endloop
  endfacet
  facet normal -0.923885 -0.38267 0
    outer loop
      vertex 3.22442 6.31644 65
      vertex 3.25447 6.24389 64.99
      vertex 3.25447 6.24389 65
    endloop
  endfacet
  facet normal 0.725349 0.688381 0
    outer loop
      vertex 0.793442 4.64568 65
      vertex 0.739385 4.70264 64.99
      vertex 0.739385 4.70264 65
    endloop
  endfacet
  facet normal 0.725349 0.688381 0
    outer loop
      vertex 0.739385 4.70264 64.99
      vertex 0.793442 4.64568 65
      vertex 0.793442 4.64568 64.99
    endloop
  endfacet
  facet normal -0.182212 -0.983259 0
    outer loop
      vertex 2.08875 7.18787 64.99
      vertex 2.16597 7.17356 65
      vertex 2.08875 7.18787 65
    endloop
  endfacet
  facet normal -0.182212 -0.983259 -0
    outer loop
      vertex 2.16597 7.17356 65
      vertex 2.08875 7.18787 64.99
      vertex 2.16597 7.17356 64.99
    endloop
  endfacet
  facet normal -0.283958 0.958837 0
    outer loop
      vertex 2.31763 4.27975 64.99
      vertex 2.24233 4.25745 65
      vertex 2.31763 4.27975 65
    endloop
  endfacet
  facet normal -0.283958 0.958837 0
    outer loop
      vertex 2.24233 4.25745 65
      vertex 2.31763 4.27975 64.99
      vertex 2.24233 4.25745 64.99
    endloop
  endfacet
  facet normal 0.13052 0.991446 -0
    outer loop
      vertex 1.69731 4.21456 64.99
      vertex 1.61945 4.22481 65
      vertex 1.69731 4.21456 65
    endloop
  endfacet
  facet normal 0.13052 0.991446 0
    outer loop
      vertex 1.61945 4.22481 65
      vertex 1.69731 4.21456 64.99
      vertex 1.61945 4.22481 64.99
    endloop
  endfacet
  facet normal -0.477165 -0.878814 0
    outer loop
      vertex 2.53509 7.04285 64.99
      vertex 2.6041 7.00538 65
      vertex 2.53509 7.04285 65
    endloop
  endfacet
  facet normal -0.477165 -0.878814 -0
    outer loop
      vertex 2.6041 7.00538 65
      vertex 2.53509 7.04285 64.99
      vertex 2.6041 7.00538 64.99
    endloop
  endfacet
  facet normal 0.522562 -0.852601 0
    outer loop
      vertex 1.03714 6.96434 64.99
      vertex 1.1041 7.00538 65
      vertex 1.03714 6.96434 65
    endloop
  endfacet
  facet normal 0.522562 -0.852601 0
    outer loop
      vertex 1.1041 7.00538 65
      vertex 1.03714 6.96434 64.99
      vertex 1.1041 7.00538 64.99
    endloop
  endfacet
  facet normal -0.0784494 -0.996918 0
    outer loop
      vertex 1.93261 7.20428 64.99
      vertex 2.01089 7.19812 65
      vertex 1.93261 7.20428 65
    endloop
  endfacet
  facet normal -0.0784494 -0.996918 -0
    outer loop
      vertex 2.01089 7.19812 65
      vertex 1.93261 7.20428 64.99
      vertex 2.01089 7.19812 64.99
    endloop
  endfacet
  facet normal -0.522469 0.852658 0
    outer loop
      vertex 2.67106 4.44833 64.99
      vertex 2.6041 4.4073 65
      vertex 2.67106 4.44833 65
    endloop
  endfacet
  facet normal -0.522469 0.852658 0
    outer loop
      vertex 2.6041 4.4073 65
      vertex 2.67106 4.44833 64.99
      vertex 2.6041 4.4073 64.99
    endloop
  endfacet
  facet normal 0.958809 -0.284051 0
    outer loop
      vertex 0.405212 6.09457 65
      vertex 0.427517 6.16986 64.99
      vertex 0.427517 6.16986 65
    endloop
  endfacet
  facet normal 0.958809 -0.284051 0
    outer loop
      vertex 0.427517 6.16986 64.99
      vertex 0.405212 6.09457 65
      vertex 0.405212 6.09457 64.99
    endloop
  endfacet
  facet normal -0.923904 0.382625 0
    outer loop
      vertex 3.22442 5.09623 64.99
      vertex 3.25447 5.16879 65
      vertex 3.25447 5.16879 64.99
    endloop
  endfacet
  facet normal -0.923904 0.382625 0
    outer loop
      vertex 3.25447 5.16879 65
      vertex 3.22442 5.09623 64.99
      vertex 3.22442 5.09623 65
    endloop
  endfacet
  facet normal -0.942609 0.333899 0
    outer loop
      vertex 3.25447 5.16879 64.99
      vertex 3.28069 5.24281 65
      vertex 3.28069 5.24281 64.99
    endloop
  endfacet
  facet normal -0.942609 0.333899 0
    outer loop
      vertex 3.28069 5.24281 65
      vertex 3.25447 5.16879 64.99
      vertex 3.25447 5.16879 65
    endloop
  endfacet
  facet normal 0.0261057 0.999659 -0
    outer loop
      vertex 1.8541 4.20634 64.99
      vertex 1.7756 4.20839 65
      vertex 1.8541 4.20634 65
    endloop
  endfacet
  facet normal 0.0261057 0.999659 0
    outer loop
      vertex 1.7756 4.20839 65
      vertex 1.8541 4.20634 64.99
      vertex 1.7756 4.20839 64.99
    endloop
  endfacet
  facet normal 0.90259 -0.4305 0
    outer loop
      vertex 0.483784 6.31644 65
      vertex 0.517591 6.38732 64.99
      vertex 0.517591 6.38732 65
    endloop
  endfacet
  facet normal 0.90259 -0.4305 0
    outer loop
      vertex 0.517591 6.38732 64.99
      vertex 0.483784 6.31644 65
      vertex 0.483784 6.31644 64.99
    endloop
  endfacet
  facet normal 0.942633 0.333831 0
    outer loop
      vertex 0.453731 5.16879 65
      vertex 0.427517 5.24281 64.99
      vertex 0.427517 5.24281 65
    endloop
  endfacet
  facet normal 0.942633 0.333831 0
    outer loop
      vertex 0.427517 5.24281 64.99
      vertex 0.453731 5.16879 65
      vertex 0.453731 5.16879 64.99
    endloop
  endfacet
  facet normal 0.852641 0.522497 0
    outer loop
      vertex 0.596096 4.88938 65
      vertex 0.555063 4.95634 64.99
      vertex 0.555063 4.95634 65
    endloop
  endfacet
  facet normal 0.852641 0.522497 0
    outer loop
      vertex 0.555063 4.95634 64.99
      vertex 0.596096 4.88938 65
      vertex 0.596096 4.88938 64.99
    endloop
  endfacet
  facet normal 0.878803 0.477185 0
    outer loop
      vertex 0.555063 4.95634 65
      vertex 0.517591 5.02535 64.99
      vertex 0.517591 5.02535 65
    endloop
  endfacet
  facet normal 0.878803 0.477185 0
    outer loop
      vertex 0.517591 5.02535 64.99
      vertex 0.555063 4.95634 65
      vertex 0.555063 4.95634 64.99
    endloop
  endfacet
  facet normal 0.38267 0.923885 -0
    outer loop
      vertex 1.31655 4.30597 64.99
      vertex 1.244 4.33602 65
      vertex 1.31655 4.30597 65
    endloop
  endfacet
  facet normal 0.38267 0.923885 0
    outer loop
      vertex 1.244 4.33602 65
      vertex 1.31655 4.30597 64.99
      vertex 1.244 4.33602 64.99
    endloop
  endfacet
  facet normal 0.793344 -0.608774 0
    outer loop
      vertex 0.640576 6.58802 65
      vertex 0.688382 6.65032 64.99
      vertex 0.688382 6.65032 65
    endloop
  endfacet
  facet normal 0.793344 -0.608774 0
    outer loop
      vertex 0.688382 6.65032 64.99
      vertex 0.640576 6.58802 65
      vertex 0.640576 6.58802 64.99
    endloop
  endfacet
  facet normal 0.852641 -0.522497 0
    outer loop
      vertex 0.555063 6.45634 65
      vertex 0.596096 6.5233 64.99
      vertex 0.596096 6.5233 65
    endloop
  endfacet
  facet normal 0.852641 -0.522497 0
    outer loop
      vertex 0.596096 6.5233 64.99
      vertex 0.555063 6.45634 65
      vertex 0.555063 6.45634 64.99
    endloop
  endfacet
  facet normal 0.477112 0.878843 -0
    outer loop
      vertex 1.17312 4.36983 64.99
      vertex 1.1041 4.4073 65
      vertex 1.17312 4.36983 65
    endloop
  endfacet
  facet normal 0.477112 0.878843 0
    outer loop
      vertex 1.1041 4.4073 65
      vertex 1.17312 4.36983 64.99
      vertex 1.1041 4.4073 64.99
    endloop
  endfacet
  facet normal 0.958819 0.284017 0
    outer loop
      vertex 0.427517 5.24281 65
      vertex 0.405212 5.31811 64.99
      vertex 0.405212 5.31811 65
    endloop
  endfacet
  facet normal 0.958819 0.284017 0
    outer loop
      vertex 0.405212 5.31811 64.99
      vertex 0.427517 5.24281 65
      vertex 0.427517 5.24281 64.99
    endloop
  endfacet
  facet normal -0.608806 0.793319 0
    outer loop
      vertex 2.79808 4.54062 64.99
      vertex 2.73578 4.49281 65
      vertex 2.79808 4.54062 65
    endloop
  endfacet
  facet normal -0.608806 0.793319 0
    outer loop
      vertex 2.73578 4.49281 65
      vertex 2.79808 4.54062 64.99
      vertex 2.73578 4.49281 64.99
    endloop
  endfacet
  facet normal 0.522469 0.852658 -0
    outer loop
      vertex 1.1041 4.4073 64.99
      vertex 1.03714 4.44833 65
      vertex 1.1041 4.4073 65
    endloop
  endfacet
  facet normal 0.522469 0.852658 0
    outer loop
      vertex 1.03714 4.44833 65
      vertex 1.1041 4.4073 64.99
      vertex 1.03714 4.44833 64.99
    endloop
  endfacet
  facet normal 0.566423 0.824115 -0
    outer loop
      vertex 1.03714 4.44833 64.99
      vertex 0.972424 4.49281 65
      vertex 1.03714 4.44833 65
    endloop
  endfacet
  facet normal 0.566423 0.824115 0
    outer loop
      vertex 0.972424 4.49281 65
      vertex 1.03714 4.44833 64.99
      vertex 0.972424 4.49281 64.99
    endloop
  endfacet
  facet normal -0.233416 0.972377 0
    outer loop
      vertex -4.46587 2.07782 64.99
      vertex -4.54223 2.05949 65
      vertex -4.46587 2.07782 65
    endloop
  endfacet
  facet normal -0.233416 0.972377 0
    outer loop
      vertex -4.54223 2.05949 65
      vertex -4.46587 2.07782 64.99
      vertex -4.54223 2.05949 64.99
    endloop
  endfacet
  facet normal -0.996918 -0.0784494 0
    outer loop
      vertex -3.35616 3.60522 64.99
      vertex -3.36232 3.6835 65
      vertex -3.36232 3.6835 64.99
    endloop
  endfacet
  facet normal -0.996918 -0.0784494 0
    outer loop
      vertex -3.36232 3.6835 65
      vertex -3.35616 3.60522 64.99
      vertex -3.35616 3.60522 65
    endloop
  endfacet
  facet normal -0.999656 -0.0262297 0
    outer loop
      vertex -3.3541 3.52671 64.99
      vertex -3.35616 3.60522 65
      vertex -3.35616 3.60522 64.99
    endloop
  endfacet
  facet normal -0.999656 -0.0262297 0
    outer loop
      vertex -3.35616 3.60522 65
      vertex -3.3541 3.52671 64.99
      vertex -3.3541 3.52671 65
    endloop
  endfacet
  facet normal -0.991446 -0.13052 0
    outer loop
      vertex -3.36232 3.6835 64.99
      vertex -3.37257 3.76136 65
      vertex -3.37257 3.76136 64.99
    endloop
  endfacet
  facet normal -0.991446 -0.13052 0
    outer loop
      vertex -3.37257 3.76136 65
      vertex -3.36232 3.6835 64.99
      vertex -3.36232 3.6835 65
    endloop
  endfacet
  facet normal -0.999656 0.026233 0
    outer loop
      vertex -3.35616 3.44821 64.99
      vertex -3.3541 3.52671 65
      vertex -3.3541 3.52671 64.99
    endloop
  endfacet
  facet normal -0.999656 0.026233 0
    outer loop
      vertex -3.3541 3.52671 65
      vertex -3.35616 3.44821 64.99
      vertex -3.35616 3.44821 65
    endloop
  endfacet
  facet normal 0.991446 0.13052 0
    outer loop
      vertex -6.33563 3.29206 65
      vertex -6.34588 3.36992 64.99
      vertex -6.34588 3.36992 65
    endloop
  endfacet
  facet normal 0.991446 0.13052 0
    outer loop
      vertex -6.34588 3.36992 64.99
      vertex -6.33563 3.29206 65
      vertex -6.33563 3.29206 64.99
    endloop
  endfacet
  facet normal -0.477112 0.878843 0
    outer loop
      vertex -4.1041 2.22767 64.99
      vertex -4.17312 2.1902 65
      vertex -4.1041 2.22767 65
    endloop
  endfacet
  facet normal -0.477112 0.878843 0
    outer loop
      vertex -4.17312 2.1902 65
      vertex -4.1041 2.22767 64.99
      vertex -4.17312 2.1902 64.99
    endloop
  endfacet
  facet normal -0.958792 0.28411 0
    outer loop
      vertex -3.42752 3.06319 64.99
      vertex -3.40521 3.13848 65
      vertex -3.40521 3.13848 64.99
    endloop
  endfacet
  facet normal -0.958792 0.28411 0
    outer loop
      vertex -3.40521 3.13848 65
      vertex -3.42752 3.06319 64.99
      vertex -3.42752 3.06319 65
    endloop
  endfacet
  facet normal -0.13052 0.991446 0
    outer loop
      vertex -4.61945 2.04518 64.99
      vertex -4.69731 2.03493 65
      vertex -4.61945 2.04518 65
    endloop
  endfacet
  facet normal -0.13052 0.991446 0
    outer loop
      vertex -4.69731 2.03493 65
      vertex -4.61945 2.04518 64.99
      vertex -4.69731 2.03493 64.99
    endloop
  endfacet
  facet normal 0.284075 0.958802 -0
    outer loop
      vertex -5.24233 2.07782 64.99
      vertex -5.31763 2.10013 65
      vertex -5.24233 2.07782 65
    endloop
  endfacet
  facet normal 0.284075 0.958802 0
    outer loop
      vertex -5.31763 2.10013 65
      vertex -5.24233 2.07782 64.99
      vertex -5.31763 2.10013 64.99
    endloop
  endfacet
  facet normal -0.430532 -0.902576 0
    outer loop
      vertex -4.244 4.89703 64.99
      vertex -4.17312 4.86322 65
      vertex -4.244 4.89703 65
    endloop
  endfacet
  facet normal -0.430532 -0.902576 -0
    outer loop
      vertex -4.17312 4.86322 65
      vertex -4.244 4.89703 64.99
      vertex -4.17312 4.86322 64.99
    endloop
  endfacet
  facet normal 0.996909 0.0785659 0
    outer loop
      vertex -6.34588 3.36992 65
      vertex -6.35205 3.44821 64.99
      vertex -6.35205 3.44821 65
    endloop
  endfacet
  facet normal 0.996909 0.0785659 0
    outer loop
      vertex -6.35205 3.44821 64.99
      vertex -6.34588 3.36992 65
      vertex -6.34588 3.36992 64.99
    endloop
  endfacet
  facet normal -0.972377 0.233416 0
    outer loop
      vertex -3.40521 3.13848 64.99
      vertex -3.38688 3.21484 65
      vertex -3.38688 3.21484 64.99
    endloop
  endfacet
  facet normal -0.972377 0.233416 0
    outer loop
      vertex -3.38688 3.21484 65
      vertex -3.40521 3.13848 64.99
      vertex -3.40521 3.13848 65
    endloop
  endfacet
  facet normal -0.233416 -0.972377 0
    outer loop
      vertex -4.54223 4.99393 64.99
      vertex -4.46587 4.9756 65
      vertex -4.54223 4.99393 65
    endloop
  endfacet
  facet normal -0.233416 -0.972377 -0
    outer loop
      vertex -4.46587 4.9756 65
      vertex -4.54223 4.99393 64.99
      vertex -4.46587 4.9756 64.99
    endloop
  endfacet
  facet normal 0.972377 -0.233416 0
    outer loop
      vertex -6.32132 3.83858 65
      vertex -6.30299 3.91494 64.99
      vertex -6.30299 3.91494 65
    endloop
  endfacet
  facet normal 0.972377 -0.233416 0
    outer loop
      vertex -6.30299 3.91494 64.99
      vertex -6.32132 3.83858 65
      vertex -6.32132 3.83858 64.99
    endloop
  endfacet
  facet normal -0.0784394 0.996919 0
    outer loop
      vertex -4.69731 2.03493 64.99
      vertex -4.7756 2.02877 65
      vertex -4.69731 2.03493 65
    endloop
  endfacet
  facet normal -0.0784394 0.996919 0
    outer loop
      vertex -4.7756 2.02877 65
      vertex -4.69731 2.03493 64.99
      vertex -4.7756 2.02877 64.99
    endloop
  endfacet
  facet normal 0.382625 -0.923904 0
    outer loop
      vertex -5.46421 4.89703 64.99
      vertex -5.39165 4.92708 65
      vertex -5.46421 4.89703 65
    endloop
  endfacet
  facet normal 0.382625 -0.923904 0
    outer loop
      vertex -5.39165 4.92708 65
      vertex -5.46421 4.89703 64.99
      vertex -5.39165 4.92708 64.99
    endloop
  endfacet
  facet normal -0.333746 0.942663 0
    outer loop
      vertex -4.31655 2.12634 64.99
      vertex -4.39058 2.10013 65
      vertex -4.31655 2.12634 65
    endloop
  endfacet
  facet normal -0.333746 0.942663 0
    outer loop
      vertex -4.39058 2.10013 65
      vertex -4.31655 2.12634 64.99
      vertex -4.39058 2.10013 64.99
    endloop
  endfacet
  facet normal -0.760388 0.649469 0
    outer loop
      vertex -3.73938 2.52302 64.99
      vertex -3.68838 2.58273 65
      vertex -3.68838 2.58273 64.99
    endloop
  endfacet
  facet normal -0.760388 0.649469 0
    outer loop
      vertex -3.68838 2.58273 65
      vertex -3.73938 2.52302 64.99
      vertex -3.73938 2.52302 65
    endloop
  endfacet
  facet normal -0.942649 -0.333786 0
    outer loop
      vertex -3.42752 3.99024 64.99
      vertex -3.45373 4.06426 65
      vertex -3.45373 4.06426 64.99
    endloop
  endfacet
  facet normal -0.942649 -0.333786 0
    outer loop
      vertex -3.45373 4.06426 65
      vertex -3.42752 3.99024 64.99
      vertex -3.42752 3.99024 65
    endloop
  endfacet
  facet normal 0.793319 0.608806 0
    outer loop
      vertex -6.01982 2.58273 65
      vertex -6.06763 2.64503 64.99
      vertex -6.06763 2.64503 65
    endloop
  endfacet
  facet normal 0.793319 0.608806 0
    outer loop
      vertex -6.06763 2.64503 64.99
      vertex -6.01982 2.58273 65
      vertex -6.01982 2.58273 64.99
    endloop
  endfacet
  facet normal 0.566399 0.824131 -0
    outer loop
      vertex -5.67106 2.26871 64.99
      vertex -5.73578 2.31319 65
      vertex -5.67106 2.26871 65
    endloop
  endfacet
  facet normal 0.566399 0.824131 0
    outer loop
      vertex -5.73578 2.31319 65
      vertex -5.67106 2.26871 64.99
      vertex -5.73578 2.31319 64.99
    endloop
  endfacet
  facet normal -0.182212 0.983259 0
    outer loop
      vertex -4.54223 2.05949 64.99
      vertex -4.61945 2.04518 65
      vertex -4.54223 2.05949 65
    endloop
  endfacet
  facet normal -0.182212 0.983259 0
    outer loop
      vertex -4.61945 2.04518 65
      vertex -4.54223 2.05949 64.99
      vertex -4.61945 2.04518 64.99
    endloop
  endfacet
  facet normal 0.608726 0.793381 -0
    outer loop
      vertex -5.73578 2.31319 64.99
      vertex -5.79808 2.36099 65
      vertex -5.73578 2.31319 65
    endloop
  endfacet
  facet normal 0.608726 0.793381 0
    outer loop
      vertex -5.79808 2.36099 65
      vertex -5.73578 2.31319 64.99
      vertex -5.79808 2.36099 64.99
    endloop
  endfacet
  facet normal -0.824131 -0.566399 0
    outer loop
      vertex -3.5961 4.34367 64.99
      vertex -3.64058 4.40839 65
      vertex -3.64058 4.40839 64.99
    endloop
  endfacet
  facet normal -0.824131 -0.566399 0
    outer loop
      vertex -3.64058 4.40839 65
      vertex -3.5961 4.34367 64.99
      vertex -3.5961 4.34367 65
    endloop
  endfacet
  facet normal 0.902576 0.430532 0
    outer loop
      vertex -6.19061 2.84573 65
      vertex -6.22442 2.91661 64.99
      vertex -6.22442 2.91661 65
    endloop
  endfacet
  facet normal 0.902576 0.430532 0
    outer loop
      vertex -6.22442 2.91661 64.99
      vertex -6.19061 2.84573 65
      vertex -6.19061 2.84573 64.99
    endloop
  endfacet
  facet normal -0.283993 -0.958826 0
    outer loop
      vertex -4.46587 4.9756 64.99
      vertex -4.39058 4.9533 65
      vertex -4.46587 4.9756 65
    endloop
  endfacet
  facet normal -0.283993 -0.958826 -0
    outer loop
      vertex -4.39058 4.9533 65
      vertex -4.46587 4.9756 64.99
      vertex -4.39058 4.9533 64.99
    endloop
  endfacet
  facet normal -0.477112 -0.878843 0
    outer loop
      vertex -4.17312 4.86322 64.99
      vertex -4.1041 4.82575 65
      vertex -4.17312 4.86322 65
    endloop
  endfacet
  facet normal -0.477112 -0.878843 -0
    outer loop
      vertex -4.1041 4.82575 65
      vertex -4.17312 4.86322 64.99
      vertex -4.1041 4.82575 64.99
    endloop
  endfacet
  facet normal -0.649469 -0.760388 0
    outer loop
      vertex -3.91012 4.69243 64.99
      vertex -3.85041 4.64143 65
      vertex -3.91012 4.69243 65
    endloop
  endfacet
  facet normal -0.649469 -0.760388 -0
    outer loop
      vertex -3.85041 4.64143 65
      vertex -3.91012 4.69243 64.99
      vertex -3.85041 4.64143 64.99
    endloop
  endfacet
  facet normal 0.649406 -0.760442 0
    outer loop
      vertex -5.8578 4.64143 64.99
      vertex -5.79808 4.69243 65
      vertex -5.8578 4.64143 65
    endloop
  endfacet
  facet normal 0.649406 -0.760442 0
    outer loop
      vertex -5.79808 4.69243 65
      vertex -5.8578 4.64143 64.99
      vertex -5.79808 4.69243 64.99
    endloop
  endfacet
  facet normal -0.878814 -0.477165 0
    outer loop
      vertex -3.51759 4.2077 64.99
      vertex -3.55506 4.27671 65
      vertex -3.55506 4.27671 64.99
    endloop
  endfacet
  facet normal -0.878814 -0.477165 0
    outer loop
      vertex -3.55506 4.27671 65
      vertex -3.51759 4.2077 64.99
      vertex -3.51759 4.2077 65
    endloop
  endfacet
  facet normal 0.996908 -0.0785759 0
    outer loop
      vertex -6.35205 3.60522 65
      vertex -6.34588 3.6835 64.99
      vertex -6.34588 3.6835 65
    endloop
  endfacet
  facet normal 0.996908 -0.0785759 0
    outer loop
      vertex -6.34588 3.6835 64.99
      vertex -6.35205 3.60522 65
      vertex -6.35205 3.60522 64.99
    endloop
  endfacet
  facet normal -0.793381 -0.608726 0
    outer loop
      vertex -3.64058 4.40839 64.99
      vertex -3.68838 4.47069 65
      vertex -3.68838 4.47069 64.99
    endloop
  endfacet
  facet normal -0.793381 -0.608726 0
    outer loop
      vertex -3.68838 4.47069 65
      vertex -3.64058 4.40839 64.99
      vertex -3.64058 4.40839 65
    endloop
  endfacet
  facet normal -0.942663 0.333746 0
    outer loop
      vertex -3.45373 2.98916 64.99
      vertex -3.42752 3.06319 65
      vertex -3.42752 3.06319 64.99
    endloop
  endfacet
  facet normal -0.942663 0.333746 0
    outer loop
      vertex -3.42752 3.06319 65
      vertex -3.45373 2.98916 64.99
      vertex -3.45373 2.98916 65
    endloop
  endfacet
  facet normal -0.0785659 -0.996909 0
    outer loop
      vertex -4.7756 5.02466 64.99
      vertex -4.69731 5.01849 65
      vertex -4.7756 5.02466 65
    endloop
  endfacet
  facet normal -0.0785659 -0.996909 -0
    outer loop
      vertex -4.69731 5.01849 65
      vertex -4.7756 5.02466 64.99
      vertex -4.69731 5.01849 64.99
    endloop
  endfacet
  facet normal 0 0 1
    outer loop
      vertex -3.35616 3.60522 64.99
      vertex -3.35616 3.44821 64.99
      vertex -3.3541 3.52671 64.99
    endloop
  endfacet
  facet normal 0 0 1
    outer loop
      vertex -3.36232 3.6835 64.99
      vertex -3.35616 3.44821 64.99
      vertex -3.35616 3.60522 64.99
    endloop
  endfacet
  facet normal 0 0 1
    outer loop
      vertex -3.36232 3.6835 64.99
      vertex -3.36232 3.36992 64.99
      vertex -3.35616 3.44821 64.99
    endloop
  endfacet
  facet normal 0 0 1
    outer loop
      vertex -3.37257 3.76136 64.99
      vertex -3.36232 3.36992 64.99
      vertex -3.36232 3.6835 64.99
    endloop
  endfacet
  facet normal 0 0 1
    outer loop
      vertex -3.37257 3.76136 64.99
      vertex -3.37257 3.29206 64.99
      vertex -3.36232 3.36992 64.99
    endloop
  endfacet
  facet normal 0 0 1
    outer loop
      vertex -3.38688 3.83858 64.99
      vertex -3.37257 3.29206 64.99
      vertex -3.37257 3.76136 64.99
    endloop
  endfacet
  facet normal 0 0 1
    outer loop
      vertex -3.38688 3.83858 64.99
      vertex -3.38688 3.21484 64.99
      vertex -3.37257 3.29206 64.99
    endloop
  endfacet
  facet normal 0 0 1
    outer loop
      vertex -3.40521 3.91494 64.99
      vertex -3.38688 3.21484 64.99
      vertex -3.38688 3.83858 64.99
    endloop
  endfacet
  facet normal 0 0 1
    outer loop
      vertex -3.40521 3.91494 64.99
      vertex -3.40521 3.13848 64.99
      vertex -3.38688 3.21484 64.99
    endloop
  endfacet
  facet normal 0 0 1
    outer loop
      vertex -3.42752 3.99024 64.99
      vertex -3.40521 3.13848 64.99
      vertex -3.40521 3.91494 64.99
    endloop
  endfacet
  facet normal 0 0 1
    outer loop
      vertex -3.42752 3.99024 64.99
      vertex -3.42752 3.06319 64.99
      vertex -3.40521 3.13848 64.99
    endloop
  endfacet
  facet normal 0 0 1
    outer loop
      vertex -3.45373 4.06426 64.99
      vertex -3.42752 3.06319 64.99
      vertex -3.42752 3.99024 64.99
    endloop
  endfacet
  facet normal 0 0 1
    outer loop
      vertex -3.45373 4.06426 64.99
      vertex -3.45373 2.98916 64.99
      vertex -3.42752 3.06319 64.99
    endloop
  endfacet
  facet normal 0 0 1
    outer loop
      vertex -3.48378 4.13682 64.99
      vertex -3.45373 2.98916 64.99
      vertex -3.45373 4.06426 64.99
    endloop
  endfacet
  facet normal 0 0 1
    outer loop
      vertex -3.48378 4.13682 64.99
      vertex -3.48378 2.91661 64.99
      vertex -3.45373 2.98916 64.99
    endloop
  endfacet
  facet normal 0 0 1
    outer loop
      vertex -3.51759 4.2077 64.99
      vertex -3.48378 2.91661 64.99
      vertex -3.48378 4.13682 64.99
    endloop
  endfacet
  facet normal 0 0 1
    outer loop
      vertex -3.51759 4.2077 64.99
      vertex -3.51759 2.84573 64.99
      vertex -3.48378 2.91661 64.99
    endloop
  endfacet
  facet normal 0 0 1
    outer loop
      vertex -3.55506 4.27671 64.99
      vertex -3.51759 2.84573 64.99
      vertex -3.51759 4.2077 64.99
    endloop
  endfacet
  facet normal 0 0 1
    outer loop
      vertex -3.55506 4.27671 64.99
      vertex -3.55506 2.77671 64.99
      vertex -3.51759 2.84573 64.99
    endloop
  endfacet
  facet normal 0 0 1
    outer loop
      vertex -3.5961 4.34367 64.99
      vertex -3.55506 2.77671 64.99
      vertex -3.55506 4.27671 64.99
    endloop
  endfacet
  facet normal 0 0 1
    outer loop
      vertex -3.5961 4.34367 64.99
      vertex -3.5961 2.70975 64.99
      vertex -3.55506 2.77671 64.99
    endloop
  endfacet
  facet normal 0 0 1
    outer loop
      vertex -3.64058 4.40839 64.99
      vertex -3.5961 2.70975 64.99
      vertex -3.5961 4.34367 64.99
    endloop
  endfacet
  facet normal 0 0 1
    outer loop
      vertex -3.64058 4.40839 64.99
      vertex -3.64058 2.64503 64.99
      vertex -3.5961 2.70975 64.99
    endloop
  endfacet
  facet normal 0 0 1
    outer loop
      vertex -3.68838 4.47069 64.99
      vertex -3.64058 2.64503 64.99
      vertex -3.64058 4.40839 64.99
    endloop
  endfacet
  facet normal 0 0 1
    outer loop
      vertex -3.68838 4.47069 64.99
      vertex -3.68838 2.58273 64.99
      vertex -3.64058 2.64503 64.99
    endloop
  endfacet
  facet normal 0 0 1
    outer loop
      vertex -3.73938 4.53041 64.99
      vertex -3.68838 2.58273 64.99
      vertex -3.68838 4.47069 64.99
    endloop
  endfacet
  facet normal 0 0 1
    outer loop
      vertex -3.73938 4.53041 64.99
      vertex -3.73938 2.52302 64.99
      vertex -3.68838 2.58273 64.99
    endloop
  endfacet
  facet normal 0 0 1
    outer loop
      vertex -3.79344 4.58737 64.99
      vertex -3.73938 2.52302 64.99
      vertex -3.73938 4.53041 64.99
    endloop
  endfacet
  facet normal 0 0 1
    outer loop
      vertex -3.79344 4.58737 64.99
      vertex -3.79344 2.46605 64.99
      vertex -3.73938 2.52302 64.99
    endloop
  endfacet
  facet normal 0 0 1
    outer loop
      vertex -3.85041 4.64143 64.99
      vertex -3.79344 2.46605 64.99
      vertex -3.79344 4.58737 64.99
    endloop
  endfacet
  facet normal 0 0 1
    outer loop
      vertex -3.85041 4.64143 64.99
      vertex -3.85041 2.41199 64.99
      vertex -3.79344 2.46605 64.99
    endloop
  endfacet
  facet normal 0 0 1
    outer loop
      vertex -3.91012 4.69243 64.99
      vertex -3.85041 2.41199 64.99
      vertex -3.85041 4.64143 64.99
    endloop
  endfacet
  facet normal 0 0 1
    outer loop
      vertex -3.91012 4.69243 64.99
      vertex -3.91012 2.36099 64.99
      vertex -3.85041 2.41199 64.99
    endloop
  endfacet
  facet normal 0 0 1
    outer loop
      vertex -3.97242 4.74024 64.99
      vertex -3.91012 2.36099 64.99
      vertex -3.91012 4.69243 64.99
    endloop
  endfacet
  facet normal 0 0 1
    outer loop
      vertex -3.97242 4.74024 64.99
      vertex -3.97242 2.31319 64.99
      vertex -3.91012 2.36099 64.99
    endloop
  endfacet
  facet normal 0 0 1
    outer loop
      vertex -4.03714 4.78472 64.99
      vertex -3.97242 2.31319 64.99
      vertex -3.97242 4.74024 64.99
    endloop
  endfacet
  facet normal 0 0 1
    outer loop
      vertex -4.03714 4.78472 64.99
      vertex -4.03714 2.26871 64.99
      vertex -3.97242 2.31319 64.99
    endloop
  endfacet
  facet normal 0 0 1
    outer loop
      vertex -4.1041 4.82575 64.99
      vertex -4.03714 2.26871 64.99
      vertex -4.03714 4.78472 64.99
    endloop
  endfacet
  facet normal 0 0 1
    outer loop
      vertex -4.1041 4.82575 64.99
      vertex -4.1041 2.22767 64.99
      vertex -4.03714 2.26871 64.99
    endloop
  endfacet
  facet normal 0 0 1
    outer loop
      vertex -4.17312 4.86322 64.99
      vertex -4.1041 2.22767 64.99
      vertex -4.1041 4.82575 64.99
    endloop
  endfacet
  facet normal 0 0 1
    outer loop
      vertex -4.17312 4.86322 64.99
      vertex -4.17312 2.1902 64.99
      vertex -4.1041 2.22767 64.99
    endloop
  endfacet
  facet normal 0 0 1
    outer loop
      vertex -4.244 4.89703 64.99
      vertex -4.17312 2.1902 64.99
      vertex -4.17312 4.86322 64.99
    endloop
  endfacet
  facet normal 0 0 1
    outer loop
      vertex -4.244 4.89703 64.99
      vertex -4.244 2.15639 64.99
      vertex -4.17312 2.1902 64.99
    endloop
  endfacet
  facet normal 0 0 1
    outer loop
      vertex -4.31655 4.92708 64.99
      vertex -4.244 2.15639 64.99
      vertex -4.244 4.89703 64.99
    endloop
  endfacet
  facet normal 0 0 1
    outer loop
      vertex -4.31655 4.92708 64.99
      vertex -4.31655 2.12634 64.99
      vertex -4.244 2.15639 64.99
    endloop
  endfacet
  facet normal 0 0 1
    outer loop
      vertex -4.39058 4.9533 64.99
      vertex -4.31655 2.12634 64.99
      vertex -4.31655 4.92708 64.99
    endloop
  endfacet
  facet normal 0 0 1
    outer loop
      vertex -4.39058 4.9533 64.99
      vertex -4.39058 2.10013 64.99
      vertex -4.31655 2.12634 64.99
    endloop
  endfacet
  facet normal 0 0 1
    outer loop
      vertex -4.46587 4.9756 64.99
      vertex -4.39058 2.10013 64.99
      vertex -4.39058 4.9533 64.99
    endloop
  endfacet
  facet normal 0 0 1
    outer loop
      vertex -4.46587 4.9756 64.99
      vertex -4.46587 2.07782 64.99
      vertex -4.39058 2.10013 64.99
    endloop
  endfacet
  facet normal 0 0 1
    outer loop
      vertex -4.54223 4.99393 64.99
      vertex -4.46587 2.07782 64.99
      vertex -4.46587 4.9756 64.99
    endloop
  endfacet
  facet normal 0 0 1
    outer loop
      vertex -4.54223 4.99393 64.99
      vertex -4.54223 2.05949 64.99
      vertex -4.46587 2.07782 64.99
    endloop
  endfacet
  facet normal 0 0 1
    outer loop
      vertex -4.61945 5.00824 64.99
      vertex -4.54223 2.05949 64.99
      vertex -4.54223 4.99393 64.99
    endloop
  endfacet
  facet normal 0 0 1
    outer loop
      vertex -4.61945 5.00824 64.99
      vertex -4.61945 2.04518 64.99
      vertex -4.54223 2.05949 64.99
    endloop
  endfacet
  facet normal 0 0 1
    outer loop
      vertex -4.69731 5.01849 64.99
      vertex -4.61945 2.04518 64.99
      vertex -4.61945 5.00824 64.99
    endloop
  endfacet
  facet normal 0 0 1
    outer loop
      vertex -4.69731 5.01849 64.99
      vertex -4.69731 2.03493 64.99
      vertex -4.61945 2.04518 64.99
    endloop
  endfacet
  facet normal 0 0 1
    outer loop
      vertex -4.7756 5.02466 64.99
      vertex -4.69731 2.03493 64.99
      vertex -4.69731 5.01849 64.99
    endloop
  endfacet
  facet normal 0 0 1
    outer loop
      vertex -4.7756 5.02466 64.99
      vertex -4.7756 2.02877 64.99
      vertex -4.69731 2.03493 64.99
    endloop
  endfacet
  facet normal 0 0 1
    outer loop
      vertex -4.8541 5.02671 64.99
      vertex -4.7756 2.02877 64.99
      vertex -4.7756 5.02466 64.99
    endloop
  endfacet
  facet normal 0 0 1
    outer loop
      vertex -4.8541 5.02671 64.99
      vertex -4.8541 2.02671 64.99
      vertex -4.7756 2.02877 64.99
    endloop
  endfacet
  facet normal -0 0 1
    outer loop
      vertex -4.93261 5.02466 64.99
      vertex -4.8541 2.02671 64.99
      vertex -4.8541 5.02671 64.99
    endloop
  endfacet
  facet normal 0 0 1
    outer loop
      vertex -4.93261 5.02466 64.99
      vertex -4.93261 2.02877 64.99
      vertex -4.8541 2.02671 64.99
    endloop
  endfacet
  facet normal -0 0 1
    outer loop
      vertex -5.01089 5.01849 64.99
      vertex -4.93261 2.02877 64.99
      vertex -4.93261 5.02466 64.99
    endloop
  endfacet
  facet normal 0 0 1
    outer loop
      vertex -5.01089 5.01849 64.99
      vertex -5.01089 2.03493 64.99
      vertex -4.93261 2.02877 64.99
    endloop
  endfacet
  facet normal -0 0 1
    outer loop
      vertex -5.08875 5.00824 64.99
      vertex -5.01089 2.03493 64.99
      vertex -5.01089 5.01849 64.99
    endloop
  endfacet
  facet normal 0 0 1
    outer loop
      vertex -5.08875 5.00824 64.99
      vertex -5.08875 2.04518 64.99
      vertex -5.01089 2.03493 64.99
    endloop
  endfacet
  facet normal -0 0 1
    outer loop
      vertex -5.16597 4.99393 64.99
      vertex -5.08875 2.04518 64.99
      vertex -5.08875 5.00824 64.99
    endloop
  endfacet
  facet normal 0 0 1
    outer loop
      vertex -5.16597 4.99393 64.99
      vertex -5.16597 2.05949 64.99
      vertex -5.08875 2.04518 64.99
    endloop
  endfacet
  facet normal -0 0 1
    outer loop
      vertex -5.24233 4.9756 64.99
      vertex -5.16597 2.05949 64.99
      vertex -5.16597 4.99393 64.99
    endloop
  endfacet
  facet normal 0 0 1
    outer loop
      vertex -5.24233 4.9756 64.99
      vertex -5.24233 2.07782 64.99
      vertex -5.16597 2.05949 64.99
    endloop
  endfacet
  facet normal -0 0 1
    outer loop
      vertex -5.31763 4.9533 64.99
      vertex -5.24233 2.07782 64.99
      vertex -5.24233 4.9756 64.99
    endloop
  endfacet
  facet normal 0 0 1
    outer loop
      vertex -5.31763 4.9533 64.99
      vertex -5.31763 2.10013 64.99
      vertex -5.24233 2.07782 64.99
    endloop
  endfacet
  facet normal -0 0 1
    outer loop
      vertex -5.39165 4.92708 64.99
      vertex -5.31763 2.10013 64.99
      vertex -5.31763 4.9533 64.99
    endloop
  endfacet
  facet normal 0 0 1
    outer loop
      vertex -5.39165 4.92708 64.99
      vertex -5.39165 2.12634 64.99
      vertex -5.31763 2.10013 64.99
    endloop
  endfacet
  facet normal -0 0 1
    outer loop
      vertex -5.46421 4.89703 64.99
      vertex -5.39165 2.12634 64.99
      vertex -5.39165 4.92708 64.99
    endloop
  endfacet
  facet normal 0 0 1
    outer loop
      vertex -5.46421 4.89703 64.99
      vertex -5.46421 2.15639 64.99
      vertex -5.39165 2.12634 64.99
    endloop
  endfacet
  facet normal -0 0 1
    outer loop
      vertex -5.53509 4.86322 64.99
      vertex -5.46421 2.15639 64.99
      vertex -5.46421 4.89703 64.99
    endloop
  endfacet
  facet normal 0 0 1
    outer loop
      vertex -5.53509 4.86322 64.99
      vertex -5.53509 2.1902 64.99
      vertex -5.46421 2.15639 64.99
    endloop
  endfacet
  facet normal -0 0 1
    outer loop
      vertex -5.6041 4.82575 64.99
      vertex -5.53509 2.1902 64.99
      vertex -5.53509 4.86322 64.99
    endloop
  endfacet
  facet normal 0 0 1
    outer loop
      vertex -5.6041 4.82575 64.99
      vertex -5.6041 2.22767 64.99
      vertex -5.53509 2.1902 64.99
    endloop
  endfacet
  facet normal -0 0 1
    outer loop
      vertex -5.67106 4.78472 64.99
      vertex -5.6041 2.22767 64.99
      vertex -5.6041 4.82575 64.99
    endloop
  endfacet
  facet normal 0 0 1
    outer loop
      vertex -5.67106 4.78472 64.99
      vertex -5.67106 2.26871 64.99
      vertex -5.6041 2.22767 64.99
    endloop
  endfacet
  facet normal -0 0 1
    outer loop
      vertex -5.73578 4.74024 64.99
      vertex -5.67106 2.26871 64.99
      vertex -5.67106 4.78472 64.99
    endloop
  endfacet
  facet normal 0 0 1
    outer loop
      vertex -5.73578 4.74024 64.99
      vertex -5.73578 2.31319 64.99
      vertex -5.67106 2.26871 64.99
    endloop
  endfacet
  facet normal -0 0 1
    outer loop
      vertex -5.79808 4.69243 64.99
      vertex -5.73578 2.31319 64.99
      vertex -5.73578 4.74024 64.99
    endloop
  endfacet
  facet normal 0 0 1
    outer loop
      vertex -5.79808 4.69243 64.99
      vertex -5.79808 2.36099 64.99
      vertex -5.73578 2.31319 64.99
    endloop
  endfacet
  facet normal -0 0 1
    outer loop
      vertex -5.8578 4.64143 64.99
      vertex -5.79808 2.36099 64.99
      vertex -5.79808 4.69243 64.99
    endloop
  endfacet
  facet normal 0 0 1
    outer loop
      vertex -5.8578 4.64143 64.99
      vertex -5.8578 2.41199 64.99
      vertex -5.79808 2.36099 64.99
    endloop
  endfacet
  facet normal -0 0 1
    outer loop
      vertex -5.91476 4.58737 64.99
      vertex -5.8578 2.41199 64.99
      vertex -5.8578 4.64143 64.99
    endloop
  endfacet
  facet normal 0 0 1
    outer loop
      vertex -5.91476 4.58737 64.99
      vertex -5.91476 2.46605 64.99
      vertex -5.8578 2.41199 64.99
    endloop
  endfacet
  facet normal -0 0 1
    outer loop
      vertex -5.96882 4.53041 64.99
      vertex -5.91476 2.46605 64.99
      vertex -5.91476 4.58737 64.99
    endloop
  endfacet
  facet normal 0 0 1
    outer loop
      vertex -5.96882 4.53041 64.99
      vertex -5.96882 2.52302 64.99
      vertex -5.91476 2.46605 64.99
    endloop
  endfacet
  facet normal -0 0 1
    outer loop
      vertex -6.01982 4.47069 64.99
      vertex -5.96882 2.52302 64.99
      vertex -5.96882 4.53041 64.99
    endloop
  endfacet
  facet normal 0 0 1
    outer loop
      vertex -6.01982 4.47069 64.99
      vertex -6.01982 2.58273 64.99
      vertex -5.96882 2.52302 64.99
    endloop
  endfacet
  facet normal -0 0 1
    outer loop
      vertex -6.06763 4.40839 64.99
      vertex -6.01982 2.58273 64.99
      vertex -6.01982 4.47069 64.99
    endloop
  endfacet
  facet normal 0 0 1
    outer loop
      vertex -6.06763 4.40839 64.99
      vertex -6.06763 2.64503 64.99
      vertex -6.01982 2.58273 64.99
    endloop
  endfacet
  facet normal -0 0 1
    outer loop
      vertex -6.11211 4.34367 64.99
      vertex -6.06763 2.64503 64.99
      vertex -6.06763 4.40839 64.99
    endloop
  endfacet
  facet normal 0 0 1
    outer loop
      vertex -6.11211 4.34367 64.99
      vertex -6.11211 2.70975 64.99
      vertex -6.06763 2.64503 64.99
    endloop
  endfacet
  facet normal -0 0 1
    outer loop
      vertex -6.15314 4.27671 64.99
      vertex -6.11211 2.70975 64.99
      vertex -6.11211 4.34367 64.99
    endloop
  endfacet
  facet normal 0 0 1
    outer loop
      vertex -6.15314 4.27671 64.99
      vertex -6.15314 2.77671 64.99
      vertex -6.11211 2.70975 64.99
    endloop
  endfacet
  facet normal -0 0 1
    outer loop
      vertex -6.19061 4.2077 64.99
      vertex -6.15314 2.77671 64.99
      vertex -6.15314 4.27671 64.99
    endloop
  endfacet
  facet normal 0 0 1
    outer loop
      vertex -6.19061 4.2077 64.99
      vertex -6.19061 2.84573 64.99
      vertex -6.15314 2.77671 64.99
    endloop
  endfacet
  facet normal -0 0 1
    outer loop
      vertex -6.22442 4.13682 64.99
      vertex -6.19061 2.84573 64.99
      vertex -6.19061 4.2077 64.99
    endloop
  endfacet
  facet normal 0 0 1
    outer loop
      vertex -6.22442 4.13682 64.99
      vertex -6.22442 2.91661 64.99
      vertex -6.19061 2.84573 64.99
    endloop
  endfacet
  facet normal -0 0 1
    outer loop
      vertex -6.25447 4.06426 64.99
      vertex -6.22442 2.91661 64.99
      vertex -6.22442 4.13682 64.99
    endloop
  endfacet
  facet normal 0 0 1
    outer loop
      vertex -6.25447 4.06426 64.99
      vertex -6.25447 2.98916 64.99
      vertex -6.22442 2.91661 64.99
    endloop
  endfacet
  facet normal -0 0 1
    outer loop
      vertex -6.28069 3.99024 64.99
      vertex -6.25447 2.98916 64.99
      vertex -6.25447 4.06426 64.99
    endloop
  endfacet
  facet normal 0 0 1
    outer loop
      vertex -6.28069 3.99024 64.99
      vertex -6.28069 3.06319 64.99
      vertex -6.25447 2.98916 64.99
    endloop
  endfacet
  facet normal -0 0 1
    outer loop
      vertex -6.30299 3.91494 64.99
      vertex -6.28069 3.06319 64.99
      vertex -6.28069 3.99024 64.99
    endloop
  endfacet
  facet normal 0 0 1
    outer loop
      vertex -6.30299 3.91494 64.99
      vertex -6.30299 3.13848 64.99
      vertex -6.28069 3.06319 64.99
    endloop
  endfacet
  facet normal -0 0 1
    outer loop
      vertex -6.32132 3.83858 64.99
      vertex -6.30299 3.13848 64.99
      vertex -6.30299 3.91494 64.99
    endloop
  endfacet
  facet normal 0 0 1
    outer loop
      vertex -6.32132 3.83858 64.99
      vertex -6.32132 3.21484 64.99
      vertex -6.30299 3.13848 64.99
    endloop
  endfacet
  facet normal -0 0 1
    outer loop
      vertex -6.33563 3.76136 64.99
      vertex -6.32132 3.21484 64.99
      vertex -6.32132 3.83858 64.99
    endloop
  endfacet
  facet normal 0 0 1
    outer loop
      vertex -6.33563 3.76136 64.99
      vertex -6.33563 3.29206 64.99
      vertex -6.32132 3.21484 64.99
    endloop
  endfacet
  facet normal -0 0 1
    outer loop
      vertex -6.34588 3.6835 64.99
      vertex -6.33563 3.29206 64.99
      vertex -6.33563 3.76136 64.99
    endloop
  endfacet
  facet normal 0 0 1
    outer loop
      vertex -6.34588 3.6835 64.99
      vertex -6.34588 3.36992 64.99
      vertex -6.33563 3.29206 64.99
    endloop
  endfacet
  facet normal -0 0 1
    outer loop
      vertex -6.35205 3.60522 64.99
      vertex -6.34588 3.36992 64.99
      vertex -6.34588 3.6835 64.99
    endloop
  endfacet
  facet normal 0 0 1
    outer loop
      vertex -6.35205 3.60522 64.99
      vertex -6.35205 3.44821 64.99
      vertex -6.34588 3.36992 64.99
    endloop
  endfacet
  facet normal 0 -0 1
    outer loop
      vertex -6.35205 3.44821 64.99
      vertex -6.35205 3.60522 64.99
      vertex -6.3541 3.52671 64.99
    endloop
  endfacet
  facet normal 0.688401 0.72533 -0
    outer loop
      vertex -5.8578 2.41199 64.99
      vertex -5.91476 2.46605 65
      vertex -5.8578 2.41199 65
    endloop
  endfacet
  facet normal 0.688401 0.72533 0
    outer loop
      vertex -5.91476 2.46605 65
      vertex -5.8578 2.41199 64.99
      vertex -5.91476 2.46605 64.99
    endloop
  endfacet
  facet normal 0.477165 -0.878814 0
    outer loop
      vertex -5.6041 4.82575 64.99
      vertex -5.53509 4.86322 65
      vertex -5.6041 4.82575 65
    endloop
  endfacet
  facet normal 0.477165 -0.878814 0
    outer loop
      vertex -5.53509 4.86322 65
      vertex -5.6041 4.82575 64.99
      vertex -5.53509 4.86322 64.99
    endloop
  endfacet
  facet normal 0.566399 -0.824131 0
    outer loop
      vertex -5.73578 4.74024 64.99
      vertex -5.67106 4.78472 65
      vertex -5.73578 4.74024 65
    endloop
  endfacet
  facet normal 0.566399 -0.824131 0
    outer loop
      vertex -5.67106 4.78472 65
      vertex -5.73578 4.74024 64.99
      vertex -5.67106 4.78472 64.99
    endloop
  endfacet
  facet normal -0.13052 -0.991446 0
    outer loop
      vertex -4.69731 5.01849 64.99
      vertex -4.61945 5.00824 65
      vertex -4.69731 5.01849 65
    endloop
  endfacet
  facet normal -0.13052 -0.991446 -0
    outer loop
      vertex -4.61945 5.00824 65
      vertex -4.69731 5.01849 64.99
      vertex -4.61945 5.00824 64.99
    endloop
  endfacet
  facet normal -0.852601 -0.522562 0
    outer loop
      vertex -3.55506 4.27671 64.99
      vertex -3.5961 4.34367 65
      vertex -3.5961 4.34367 64.99
    endloop
  endfacet
  facet normal -0.852601 -0.522562 0
    outer loop
      vertex -3.5961 4.34367 65
      vertex -3.55506 4.27671 64.99
      vertex -3.55506 4.27671 65
    endloop
  endfacet
  facet normal -0.983259 -0.182212 0
    outer loop
      vertex -3.37257 3.76136 64.99
      vertex -3.38688 3.83858 65
      vertex -3.38688 3.83858 64.99
    endloop
  endfacet
  facet normal -0.983259 -0.182212 0
    outer loop
      vertex -3.38688 3.83858 65
      vertex -3.37257 3.76136 64.99
      vertex -3.37257 3.76136 65
    endloop
  endfacet
  facet normal 0.522562 0.852601 -0
    outer loop
      vertex -5.6041 2.22767 64.99
      vertex -5.67106 2.26871 65
      vertex -5.6041 2.22767 65
    endloop
  endfacet
  facet normal 0.522562 0.852601 0
    outer loop
      vertex -5.67106 2.26871 65
      vertex -5.6041 2.22767 64.99
      vertex -5.67106 2.26871 64.99
    endloop
  endfacet
  facet normal -0.522469 -0.852658 0
    outer loop
      vertex -4.1041 4.82575 64.99
      vertex -4.03714 4.78472 65
      vertex -4.1041 4.82575 65
    endloop
  endfacet
  facet normal -0.522469 -0.852658 -0
    outer loop
      vertex -4.03714 4.78472 65
      vertex -4.1041 4.82575 64.99
      vertex -4.03714 4.78472 64.99
    endloop
  endfacet
  facet normal 0.878843 0.477112 0
    outer loop
      vertex -6.15314 2.77671 65
      vertex -6.19061 2.84573 64.99
      vertex -6.19061 2.84573 65
    endloop
  endfacet
  facet normal 0.878843 0.477112 0
    outer loop
      vertex -6.19061 2.84573 64.99
      vertex -6.15314 2.77671 65
      vertex -6.15314 2.77671 64.99
    endloop
  endfacet
  facet normal 0.958837 -0.283958 0
    outer loop
      vertex -6.30299 3.91494 65
      vertex -6.28069 3.99024 64.99
      vertex -6.28069 3.99024 65
    endloop
  endfacet
  facet normal 0.958837 -0.283958 0
    outer loop
      vertex -6.28069 3.99024 64.99
      vertex -6.30299 3.91494 65
      vertex -6.30299 3.91494 64.99
    endloop
  endfacet
  facet normal 0.824131 -0.566399 0
    outer loop
      vertex -6.11211 4.34367 65
      vertex -6.06763 4.40839 64.99
      vertex -6.06763 4.40839 65
    endloop
  endfacet
  facet normal 0.824131 -0.566399 0
    outer loop
      vertex -6.06763 4.40839 64.99
      vertex -6.11211 4.34367 65
      vertex -6.11211 4.34367 64.99
    endloop
  endfacet
  facet normal 0.999659 -0.0261024 0
    outer loop
      vertex -6.3541 3.52671 65
      vertex -6.35205 3.60522 64.99
      vertex -6.35205 3.60522 65
    endloop
  endfacet
  facet normal 0.999659 -0.0261024 0
    outer loop
      vertex -6.35205 3.60522 64.99
      vertex -6.3541 3.52671 65
      vertex -6.3541 3.52671 64.99
    endloop
  endfacet
  facet normal -0.991446 0.13052 0
    outer loop
      vertex -3.37257 3.29206 64.99
      vertex -3.36232 3.36992 65
      vertex -3.36232 3.36992 64.99
    endloop
  endfacet
  facet normal -0.991446 0.13052 0
    outer loop
      vertex -3.36232 3.36992 65
      vertex -3.37257 3.29206 64.99
      vertex -3.37257 3.29206 65
    endloop
  endfacet
  facet normal 0.793319 -0.608806 0
    outer loop
      vertex -6.06763 4.40839 65
      vertex -6.01982 4.47069 64.99
      vertex -6.01982 4.47069 65
    endloop
  endfacet
  facet normal 0.793319 -0.608806 0
    outer loop
      vertex -6.01982 4.47069 64.99
      vertex -6.06763 4.40839 65
      vertex -6.06763 4.40839 64.99
    endloop
  endfacet
  facet normal 0.233416 -0.972377 0
    outer loop
      vertex -5.24233 4.9756 64.99
      vertex -5.16597 4.99393 65
      vertex -5.24233 4.9756 65
    endloop
  endfacet
  facet normal 0.233416 -0.972377 0
    outer loop
      vertex -5.16597 4.99393 65
      vertex -5.24233 4.9756 64.99
      vertex -5.16597 4.99393 64.99
    endloop
  endfacet
  facet normal 0.0261024 -0.999659 0
    outer loop
      vertex -4.93261 5.02466 64.99
      vertex -4.8541 5.02671 65
      vertex -4.93261 5.02466 65
    endloop
  endfacet
  facet normal 0.0261024 -0.999659 0
    outer loop
      vertex -4.8541 5.02671 65
      vertex -4.93261 5.02466 64.99
      vertex -4.8541 5.02671 64.99
    endloop
  endfacet
  facet normal -0.760442 -0.649406 0
    outer loop
      vertex -3.68838 4.47069 64.99
      vertex -3.73938 4.53041 65
      vertex -3.73938 4.53041 64.99
    endloop
  endfacet
  facet normal -0.760442 -0.649406 0
    outer loop
      vertex -3.73938 4.53041 65
      vertex -3.68838 4.47069 64.99
      vertex -3.68838 4.47069 65
    endloop
  endfacet
  facet normal 0.991446 -0.13052 0
    outer loop
      vertex -6.34588 3.6835 65
      vertex -6.33563 3.76136 64.99
      vertex -6.33563 3.76136 65
    endloop
  endfacet
  facet normal 0.991446 -0.13052 0
    outer loop
      vertex -6.33563 3.76136 64.99
      vertex -6.34588 3.6835 65
      vertex -6.34588 3.6835 64.99
    endloop
  endfacet
  facet normal 0.13052 0.991446 -0
    outer loop
      vertex -5.01089 2.03493 64.99
      vertex -5.08875 2.04518 65
      vertex -5.01089 2.03493 65
    endloop
  endfacet
  facet normal 0.13052 0.991446 0
    outer loop
      vertex -5.08875 2.04518 65
      vertex -5.01089 2.03493 64.99
      vertex -5.08875 2.04518 64.99
    endloop
  endfacet
  facet normal 0.182212 -0.983259 0
    outer loop
      vertex -5.16597 4.99393 64.99
      vertex -5.08875 5.00824 65
      vertex -5.16597 4.99393 65
    endloop
  endfacet
  facet normal 0.182212 -0.983259 0
    outer loop
      vertex -5.08875 5.00824 65
      vertex -5.16597 4.99393 64.99
      vertex -5.08875 5.00824 64.99
    endloop
  endfacet
  facet normal 0.983259 0.182212 0
    outer loop
      vertex -6.32132 3.21484 65
      vertex -6.33563 3.29206 64.99
      vertex -6.33563 3.29206 65
    endloop
  endfacet
  facet normal 0.983259 0.182212 0
    outer loop
      vertex -6.33563 3.29206 64.99
      vertex -6.32132 3.21484 65
      vertex -6.32132 3.21484 64.99
    endloop
  endfacet
  facet normal -0.430532 0.902576 0
    outer loop
      vertex -4.17312 2.1902 64.99
      vertex -4.244 2.15639 65
      vertex -4.17312 2.1902 65
    endloop
  endfacet
  facet normal -0.430532 0.902576 0
    outer loop
      vertex -4.244 2.15639 65
      vertex -4.17312 2.1902 64.99
      vertex -4.244 2.15639 64.99
    endloop
  endfacet
  facet normal 0.333899 -0.942609 0
    outer loop
      vertex -5.39165 4.92708 64.99
      vertex -5.31763 4.9533 65
      vertex -5.39165 4.92708 65
    endloop
  endfacet
  facet normal 0.333899 -0.942609 0
    outer loop
      vertex -5.31763 4.9533 65
      vertex -5.39165 4.92708 64.99
      vertex -5.31763 4.9533 64.99
    endloop
  endfacet
  facet normal 0.688401 -0.72533 0
    outer loop
      vertex -5.91476 4.58737 64.99
      vertex -5.8578 4.64143 65
      vertex -5.91476 4.58737 65
    endloop
  endfacet
  facet normal 0.688401 -0.72533 0
    outer loop
      vertex -5.8578 4.64143 65
      vertex -5.91476 4.58737 64.99
      vertex -5.8578 4.64143 64.99
    endloop
  endfacet
  facet normal -0.688338 -0.72539 0
    outer loop
      vertex -3.85041 4.64143 64.99
      vertex -3.79344 4.58737 65
      vertex -3.85041 4.64143 65
    endloop
  endfacet
  facet normal -0.688338 -0.72539 -0
    outer loop
      vertex -3.79344 4.58737 65
      vertex -3.85041 4.64143 64.99
      vertex -3.79344 4.58737 64.99
    endloop
  endfacet
  facet normal -0.38267 -0.923885 0
    outer loop
      vertex -4.31655 4.92708 64.99
      vertex -4.244 4.89703 65
      vertex -4.31655 4.92708 65
    endloop
  endfacet
  facet normal -0.38267 -0.923885 -0
    outer loop
      vertex -4.244 4.89703 65
      vertex -4.31655 4.92708 64.99
      vertex -4.244 4.89703 64.99
    endloop
  endfacet
  facet normal 0.0262297 0.999656 -0
    outer loop
      vertex -4.8541 2.02671 64.99
      vertex -4.93261 2.02877 65
      vertex -4.8541 2.02671 65
    endloop
  endfacet
  facet normal 0.0262297 0.999656 0
    outer loop
      vertex -4.93261 2.02877 65
      vertex -4.8541 2.02671 64.99
      vertex -4.93261 2.02877 64.99
    endloop
  endfacet
  facet normal 0.13052 -0.991446 0
    outer loop
      vertex -5.08875 5.00824 64.99
      vertex -5.01089 5.01849 65
      vertex -5.08875 5.00824 65
    endloop
  endfacet
  facet normal 0.13052 -0.991446 0
    outer loop
      vertex -5.01089 5.01849 65
      vertex -5.08875 5.00824 64.99
      vertex -5.01089 5.01849 64.99
    endloop
  endfacet
  facet normal 0.923885 0.38267 0
    outer loop
      vertex -6.22442 2.91661 65
      vertex -6.25447 2.98916 64.99
      vertex -6.25447 2.98916 65
    endloop
  endfacet
  facet normal 0.923885 0.38267 0
    outer loop
      vertex -6.25447 2.98916 64.99
      vertex -6.22442 2.91661 65
      vertex -6.22442 2.91661 64.99
    endloop
  endfacet
  facet normal -0.28411 0.958792 0
    outer loop
      vertex -4.39058 2.10013 64.99
      vertex -4.46587 2.07782 65
      vertex -4.39058 2.10013 65
    endloop
  endfacet
  facet normal -0.28411 0.958792 0
    outer loop
      vertex -4.46587 2.07782 65
      vertex -4.39058 2.10013 64.99
      vertex -4.46587 2.07782 64.99
    endloop
  endfacet
  facet normal 0.942623 0.333859 0
    outer loop
      vertex -6.25447 2.98916 65
      vertex -6.28069 3.06319 64.99
      vertex -6.28069 3.06319 65
    endloop
  endfacet
  facet normal 0.942623 0.333859 0
    outer loop
      vertex -6.28069 3.06319 64.99
      vertex -6.25447 2.98916 65
      vertex -6.25447 2.98916 64.99
    endloop
  endfacet
  facet normal 0.972377 0.233416 0
    outer loop
      vertex -6.30299 3.13848 65
      vertex -6.32132 3.21484 64.99
      vertex -6.32132 3.21484 65
    endloop
  endfacet
  facet normal 0.972377 0.233416 0
    outer loop
      vertex -6.32132 3.21484 64.99
      vertex -6.30299 3.13848 65
      vertex -6.30299 3.13848 64.99
    endloop
  endfacet
  facet normal 0.477165 0.878814 -0
    outer loop
      vertex -5.53509 2.1902 64.99
      vertex -5.6041 2.22767 65
      vertex -5.53509 2.1902 65
    endloop
  endfacet
  facet normal 0.477165 0.878814 0
    outer loop
      vertex -5.6041 2.22767 65
      vertex -5.53509 2.1902 64.99
      vertex -5.6041 2.22767 64.99
    endloop
  endfacet
  facet normal 0.958826 0.283993 0
    outer loop
      vertex -6.28069 3.06319 65
      vertex -6.30299 3.13848 64.99
      vertex -6.30299 3.13848 65
    endloop
  endfacet
  facet normal 0.958826 0.283993 0
    outer loop
      vertex -6.30299 3.13848 64.99
      vertex -6.28069 3.06319 65
      vertex -6.28069 3.06319 64.99
    endloop
  endfacet
  facet normal -0.996919 0.0784394 0
    outer loop
      vertex -3.36232 3.36992 64.99
      vertex -3.35616 3.44821 65
      vertex -3.35616 3.44821 64.99
    endloop
  endfacet
  facet normal -0.996919 0.0784394 0
    outer loop
      vertex -3.35616 3.44821 65
      vertex -3.36232 3.36992 64.99
      vertex -3.36232 3.36992 65
    endloop
  endfacet
  facet normal 0.760442 -0.649406 0
    outer loop
      vertex -6.01982 4.47069 65
      vertex -5.96882 4.53041 64.99
      vertex -5.96882 4.53041 65
    endloop
  endfacet
  facet normal 0.760442 -0.649406 0
    outer loop
      vertex -5.96882 4.53041 64.99
      vertex -6.01982 4.47069 65
      vertex -6.01982 4.47069 64.99
    endloop
  endfacet
  facet normal -0.793381 0.608726 0
    outer loop
      vertex -3.68838 2.58273 64.99
      vertex -3.64058 2.64503 65
      vertex -3.64058 2.64503 64.99
    endloop
  endfacet
  facet normal -0.793381 0.608726 0
    outer loop
      vertex -3.64058 2.64503 65
      vertex -3.68838 2.58273 64.99
      vertex -3.68838 2.58273 65
    endloop
  endfacet
  facet normal 0.0785759 -0.996908 0
    outer loop
      vertex -5.01089 5.01849 64.99
      vertex -4.93261 5.02466 65
      vertex -5.01089 5.01849 65
    endloop
  endfacet
  facet normal 0.0785759 -0.996908 0
    outer loop
      vertex -4.93261 5.02466 65
      vertex -5.01089 5.01849 64.99
      vertex -4.93261 5.02466 64.99
    endloop
  endfacet
  facet normal -0.852601 0.522562 0
    outer loop
      vertex -3.5961 2.70975 64.99
      vertex -3.55506 2.77671 65
      vertex -3.55506 2.77671 64.99
    endloop
  endfacet
  facet normal -0.852601 0.522562 0
    outer loop
      vertex -3.55506 2.77671 65
      vertex -3.5961 2.70975 64.99
      vertex -3.5961 2.70975 65
    endloop
  endfacet
  facet normal 0.608806 -0.793319 0
    outer loop
      vertex -5.79808 4.69243 64.99
      vertex -5.73578 4.74024 65
      vertex -5.79808 4.69243 65
    endloop
  endfacet
  facet normal 0.608806 -0.793319 0
    outer loop
      vertex -5.73578 4.74024 65
      vertex -5.79808 4.69243 64.99
      vertex -5.73578 4.74024 64.99
    endloop
  endfacet
  facet normal 0.649406 0.760442 -0
    outer loop
      vertex -5.79808 2.36099 64.99
      vertex -5.8578 2.41199 65
      vertex -5.79808 2.36099 65
    endloop
  endfacet
  facet normal 0.649406 0.760442 0
    outer loop
      vertex -5.8578 2.41199 65
      vertex -5.79808 2.36099 64.99
      vertex -5.8578 2.41199 64.99
    endloop
  endfacet
  facet normal 0.233416 0.972377 -0
    outer loop
      vertex -5.16597 2.05949 64.99
      vertex -5.24233 2.07782 65
      vertex -5.16597 2.05949 65
    endloop
  endfacet
  facet normal 0.233416 0.972377 0
    outer loop
      vertex -5.24233 2.07782 65
      vertex -5.16597 2.05949 64.99
      vertex -5.24233 2.07782 64.99
    endloop
  endfacet
  facet normal 0.430532 -0.902576 0
    outer loop
      vertex -5.53509 4.86322 64.99
      vertex -5.46421 4.89703 65
      vertex -5.53509 4.86322 65
    endloop
  endfacet
  facet normal 0.430532 -0.902576 0
    outer loop
      vertex -5.46421 4.89703 65
      vertex -5.53509 4.86322 64.99
      vertex -5.46421 4.89703 64.99
    endloop
  endfacet
  facet normal 0.72539 0.688338 0
    outer loop
      vertex -5.91476 2.46605 65
      vertex -5.96882 2.52302 64.99
      vertex -5.96882 2.52302 65
    endloop
  endfacet
  facet normal 0.72539 0.688338 0
    outer loop
      vertex -5.96882 2.52302 64.99
      vertex -5.91476 2.46605 65
      vertex -5.91476 2.46605 64.99
    endloop
  endfacet
  facet normal -0.902576 -0.430532 0
    outer loop
      vertex -3.48378 4.13682 64.99
      vertex -3.51759 4.2077 65
      vertex -3.51759 4.2077 64.99
    endloop
  endfacet
  facet normal -0.902576 -0.430532 0
    outer loop
      vertex -3.51759 4.2077 65
      vertex -3.48378 4.13682 64.99
      vertex -3.48378 4.13682 65
    endloop
  endfacet
  facet normal -0.923904 -0.382625 0
    outer loop
      vertex -3.45373 4.06426 64.99
      vertex -3.48378 4.13682 65
      vertex -3.48378 4.13682 64.99
    endloop
  endfacet
  facet normal -0.923904 -0.382625 0
    outer loop
      vertex -3.48378 4.13682 65
      vertex -3.45373 4.06426 64.99
      vertex -3.45373 4.06426 65
    endloop
  endfacet
  facet normal -0.972377 -0.233416 0
    outer loop
      vertex -3.38688 3.83858 64.99
      vertex -3.40521 3.91494 65
      vertex -3.40521 3.91494 64.99
    endloop
  endfacet
  facet normal -0.972377 -0.233416 0
    outer loop
      vertex -3.40521 3.91494 65
      vertex -3.38688 3.83858 64.99
      vertex -3.38688 3.83858 65
    endloop
  endfacet
  facet normal 0.182212 0.983259 -0
    outer loop
      vertex -5.08875 2.04518 64.99
      vertex -5.16597 2.05949 65
      vertex -5.08875 2.04518 65
    endloop
  endfacet
  facet normal 0.182212 0.983259 0
    outer loop
      vertex -5.16597 2.05949 65
      vertex -5.08875 2.04518 64.99
      vertex -5.16597 2.05949 64.99
    endloop
  endfacet
  facet normal -0.958802 -0.284075 0
    outer loop
      vertex -3.40521 3.91494 64.99
      vertex -3.42752 3.99024 65
      vertex -3.42752 3.99024 64.99
    endloop
  endfacet
  facet normal -0.958802 -0.284075 0
    outer loop
      vertex -3.42752 3.99024 65
      vertex -3.40521 3.91494 64.99
      vertex -3.40521 3.91494 65
    endloop
  endfacet
  facet normal -0.608806 -0.793319 0
    outer loop
      vertex -3.97242 4.74024 64.99
      vertex -3.91012 4.69243 65
      vertex -3.97242 4.74024 65
    endloop
  endfacet
  facet normal -0.608806 -0.793319 -0
    outer loop
      vertex -3.91012 4.69243 65
      vertex -3.97242 4.74024 64.99
      vertex -3.91012 4.69243 64.99
    endloop
  endfacet
  facet normal 0.0784494 0.996918 -0
    outer loop
      vertex -4.93261 2.02877 64.99
      vertex -5.01089 2.03493 65
      vertex -4.93261 2.02877 65
    endloop
  endfacet
  facet normal 0.0784494 0.996918 0
    outer loop
      vertex -5.01089 2.03493 65
      vertex -4.93261 2.02877 64.99
      vertex -5.01089 2.03493 64.99
    endloop
  endfacet
  facet normal -0.026233 0.999656 0
    outer loop
      vertex -4.7756 2.02877 64.99
      vertex -4.8541 2.02671 65
      vertex -4.7756 2.02877 65
    endloop
  endfacet
  facet normal -0.026233 0.999656 0
    outer loop
      vertex -4.8541 2.02671 65
      vertex -4.7756 2.02877 64.99
      vertex -4.8541 2.02671 64.99
    endloop
  endfacet
  facet normal -0.566399 -0.824131 0
    outer loop
      vertex -4.03714 4.78472 64.99
      vertex -3.97242 4.74024 65
      vertex -4.03714 4.78472 65
    endloop
  endfacet
  facet normal -0.566399 -0.824131 -0
    outer loop
      vertex -3.97242 4.74024 65
      vertex -4.03714 4.78472 64.99
      vertex -3.97242 4.74024 64.99
    endloop
  endfacet
  facet normal 0.852658 -0.522469 0
    outer loop
      vertex -6.15314 4.27671 65
      vertex -6.11211 4.34367 64.99
      vertex -6.11211 4.34367 65
    endloop
  endfacet
  facet normal 0.852658 -0.522469 0
    outer loop
      vertex -6.11211 4.34367 64.99
      vertex -6.15314 4.27671 65
      vertex -6.15314 4.27671 64.99
    endloop
  endfacet
  facet normal -0.72533 -0.688401 0
    outer loop
      vertex -3.73938 4.53041 64.99
      vertex -3.79344 4.58737 65
      vertex -3.79344 4.58737 64.99
    endloop
  endfacet
  facet normal -0.72533 -0.688401 0
    outer loop
      vertex -3.79344 4.58737 65
      vertex -3.73938 4.53041 64.99
      vertex -3.73938 4.53041 65
    endloop
  endfacet
  facet normal 0.333786 0.942649 -0
    outer loop
      vertex -5.31763 2.10013 64.99
      vertex -5.39165 2.12634 65
      vertex -5.31763 2.10013 65
    endloop
  endfacet
  facet normal 0.333786 0.942649 0
    outer loop
      vertex -5.39165 2.12634 65
      vertex -5.31763 2.10013 64.99
      vertex -5.39165 2.12634 64.99
    endloop
  endfacet
  facet normal 0.522469 -0.852658 0
    outer loop
      vertex -5.67106 4.78472 64.99
      vertex -5.6041 4.82575 65
      vertex -5.67106 4.78472 65
    endloop
  endfacet
  facet normal 0.522469 -0.852658 0
    outer loop
      vertex -5.6041 4.82575 65
      vertex -5.67106 4.78472 64.99
      vertex -5.6041 4.82575 64.99
    endloop
  endfacet
  facet normal 0.72533 -0.688401 0
    outer loop
      vertex -5.96882 4.53041 65
      vertex -5.91476 4.58737 64.99
      vertex -5.91476 4.58737 65
    endloop
  endfacet
  facet normal 0.72533 -0.688401 0
    outer loop
      vertex -5.91476 4.58737 64.99
      vertex -5.96882 4.53041 65
      vertex -5.96882 4.53041 64.99
    endloop
  endfacet
  facet normal -0.878843 0.477112 0
    outer loop
      vertex -3.55506 2.77671 64.99
      vertex -3.51759 2.84573 65
      vertex -3.51759 2.84573 64.99
    endloop
  endfacet
  facet normal -0.878843 0.477112 0
    outer loop
      vertex -3.51759 2.84573 65
      vertex -3.55506 2.77671 64.99
      vertex -3.55506 2.77671 65
    endloop
  endfacet
  facet normal -0.522562 0.852601 0
    outer loop
      vertex -4.03714 2.26871 64.99
      vertex -4.1041 2.22767 65
      vertex -4.03714 2.26871 65
    endloop
  endfacet
  facet normal -0.522562 0.852601 0
    outer loop
      vertex -4.1041 2.22767 65
      vertex -4.03714 2.26871 64.99
      vertex -4.1041 2.22767 64.99
    endloop
  endfacet
  facet normal -0.608726 0.793381 0
    outer loop
      vertex -3.91012 2.36099 64.99
      vertex -3.97242 2.31319 65
      vertex -3.91012 2.36099 65
    endloop
  endfacet
  facet normal -0.608726 0.793381 0
    outer loop
      vertex -3.97242 2.31319 65
      vertex -3.91012 2.36099 64.99
      vertex -3.97242 2.31319 64.99
    endloop
  endfacet
  facet normal 0.852658 0.522469 0
    outer loop
      vertex -6.11211 2.70975 65
      vertex -6.15314 2.77671 64.99
      vertex -6.15314 2.77671 65
    endloop
  endfacet
  facet normal 0.852658 0.522469 0
    outer loop
      vertex -6.15314 2.77671 64.99
      vertex -6.11211 2.70975 65
      vertex -6.11211 2.70975 64.99
    endloop
  endfacet
  facet normal 0.824131 0.566399 0
    outer loop
      vertex -6.06763 2.64503 65
      vertex -6.11211 2.70975 64.99
      vertex -6.11211 2.70975 65
    endloop
  endfacet
  facet normal 0.824131 0.566399 0
    outer loop
      vertex -6.11211 2.70975 64.99
      vertex -6.06763 2.64503 65
      vertex -6.06763 2.64503 64.99
    endloop
  endfacet
  facet normal -0.566399 0.824131 0
    outer loop
      vertex -3.97242 2.31319 64.99
      vertex -4.03714 2.26871 65
      vertex -3.97242 2.31319 65
    endloop
  endfacet
  facet normal -0.566399 0.824131 0
    outer loop
      vertex -4.03714 2.26871 65
      vertex -3.97242 2.31319 64.99
      vertex -4.03714 2.26871 64.99
    endloop
  endfacet
  facet normal 0.942609 -0.333899 0
    outer loop
      vertex -6.28069 3.99024 65
      vertex -6.25447 4.06426 64.99
      vertex -6.25447 4.06426 65
    endloop
  endfacet
  facet normal 0.942609 -0.333899 0
    outer loop
      vertex -6.25447 4.06426 64.99
      vertex -6.28069 3.99024 65
      vertex -6.28069 3.99024 64.99
    endloop
  endfacet
  facet normal -0.824131 0.566399 0
    outer loop
      vertex -3.64058 2.64503 64.99
      vertex -3.5961 2.70975 65
      vertex -3.5961 2.70975 64.99
    endloop
  endfacet
  facet normal -0.824131 0.566399 0
    outer loop
      vertex -3.5961 2.70975 65
      vertex -3.64058 2.64503 64.99
      vertex -3.64058 2.64503 65
    endloop
  endfacet
  facet normal 0.430532 0.902576 -0
    outer loop
      vertex -5.46421 2.15639 64.99
      vertex -5.53509 2.1902 65
      vertex -5.46421 2.15639 65
    endloop
  endfacet
  facet normal 0.430532 0.902576 0
    outer loop
      vertex -5.53509 2.1902 65
      vertex -5.46421 2.15639 64.99
      vertex -5.53509 2.1902 64.99
    endloop
  endfacet
  facet normal -0.182212 -0.983259 0
    outer loop
      vertex -4.61945 5.00824 64.99
      vertex -4.54223 4.99393 65
      vertex -4.61945 5.00824 65
    endloop
  endfacet
  facet normal -0.182212 -0.983259 -0
    outer loop
      vertex -4.54223 4.99393 65
      vertex -4.61945 5.00824 64.99
      vertex -4.54223 4.99393 64.99
    endloop
  endfacet
  facet normal -0.649469 0.760388 0
    outer loop
      vertex -3.85041 2.41199 64.99
      vertex -3.91012 2.36099 65
      vertex -3.85041 2.41199 65
    endloop
  endfacet
  facet normal -0.649469 0.760388 0
    outer loop
      vertex -3.91012 2.36099 65
      vertex -3.85041 2.41199 64.99
      vertex -3.91012 2.36099 64.99
    endloop
  endfacet
  facet normal 0.283958 -0.958837 0
    outer loop
      vertex -5.31763 4.9533 64.99
      vertex -5.24233 4.9756 65
      vertex -5.31763 4.9533 65
    endloop
  endfacet
  facet normal 0.283958 -0.958837 0
    outer loop
      vertex -5.24233 4.9756 65
      vertex -5.31763 4.9533 64.99
      vertex -5.24233 4.9756 64.99
    endloop
  endfacet
  facet normal 0.760388 0.649469 0
    outer loop
      vertex -5.96882 2.52302 65
      vertex -6.01982 2.58273 64.99
      vertex -6.01982 2.58273 65
    endloop
  endfacet
  facet normal 0.760388 0.649469 0
    outer loop
      vertex -6.01982 2.58273 64.99
      vertex -5.96882 2.52302 65
      vertex -5.96882 2.52302 64.99
    endloop
  endfacet
  facet normal 0.902576 -0.430532 0
    outer loop
      vertex -6.22442 4.13682 65
      vertex -6.19061 4.2077 64.99
      vertex -6.19061 4.2077 65
    endloop
  endfacet
  facet normal 0.902576 -0.430532 0
    outer loop
      vertex -6.19061 4.2077 64.99
      vertex -6.22442 4.13682 65
      vertex -6.22442 4.13682 64.99
    endloop
  endfacet
  facet normal -0.983259 0.182212 0
    outer loop
      vertex -3.38688 3.21484 64.99
      vertex -3.37257 3.29206 65
      vertex -3.37257 3.29206 64.99
    endloop
  endfacet
  facet normal -0.983259 0.182212 0
    outer loop
      vertex -3.37257 3.29206 65
      vertex -3.38688 3.21484 64.99
      vertex -3.38688 3.21484 65
    endloop
  endfacet
  facet normal -0.333859 -0.942623 0
    outer loop
      vertex -4.39058 4.9533 64.99
      vertex -4.31655 4.92708 65
      vertex -4.39058 4.9533 65
    endloop
  endfacet
  facet normal -0.333859 -0.942623 -0
    outer loop
      vertex -4.31655 4.92708 65
      vertex -4.39058 4.9533 64.99
      vertex -4.31655 4.92708 64.99
    endloop
  endfacet
  facet normal -0.0261057 -0.999659 0
    outer loop
      vertex -4.8541 5.02671 64.99
      vertex -4.7756 5.02466 65
      vertex -4.8541 5.02671 65
    endloop
  endfacet
  facet normal -0.0261057 -0.999659 -0
    outer loop
      vertex -4.7756 5.02466 65
      vertex -4.8541 5.02671 64.99
      vertex -4.7756 5.02466 64.99
    endloop
  endfacet
  facet normal -0.902576 0.430532 0
    outer loop
      vertex -3.51759 2.84573 64.99
      vertex -3.48378 2.91661 65
      vertex -3.48378 2.91661 64.99
    endloop
  endfacet
  facet normal -0.902576 0.430532 0
    outer loop
      vertex -3.48378 2.91661 65
      vertex -3.51759 2.84573 64.99
      vertex -3.51759 2.84573 65
    endloop
  endfacet
  facet normal 0.999659 0.0261057 0
    outer loop
      vertex -6.35205 3.44821 65
      vertex -6.3541 3.52671 64.99
      vertex -6.3541 3.52671 65
    endloop
  endfacet
  facet normal 0.999659 0.0261057 0
    outer loop
      vertex -6.3541 3.52671 64.99
      vertex -6.35205 3.44821 65
      vertex -6.35205 3.44821 64.99
    endloop
  endfacet
  facet normal -0.688338 0.72539 0
    outer loop
      vertex -3.79344 2.46605 64.99
      vertex -3.85041 2.41199 65
      vertex -3.79344 2.46605 65
    endloop
  endfacet
  facet normal -0.688338 0.72539 0
    outer loop
      vertex -3.85041 2.41199 65
      vertex -3.79344 2.46605 64.99
      vertex -3.85041 2.41199 64.99
    endloop
  endfacet
  facet normal -0.72539 0.688338 0
    outer loop
      vertex -3.79344 2.46605 64.99
      vertex -3.73938 2.52302 65
      vertex -3.73938 2.52302 64.99
    endloop
  endfacet
  facet normal -0.72539 0.688338 0
    outer loop
      vertex -3.73938 2.52302 65
      vertex -3.79344 2.46605 64.99
      vertex -3.79344 2.46605 65
    endloop
  endfacet
  facet normal 0.382625 0.923904 -0
    outer loop
      vertex -5.39165 2.12634 64.99
      vertex -5.46421 2.15639 65
      vertex -5.39165 2.12634 65
    endloop
  endfacet
  facet normal 0.382625 0.923904 0
    outer loop
      vertex -5.46421 2.15639 65
      vertex -5.39165 2.12634 64.99
      vertex -5.46421 2.15639 64.99
    endloop
  endfacet
  facet normal 0.983259 -0.182212 0
    outer loop
      vertex -6.33563 3.76136 65
      vertex -6.32132 3.83858 64.99
      vertex -6.32132 3.83858 65
    endloop
  endfacet
  facet normal 0.983259 -0.182212 0
    outer loop
      vertex -6.32132 3.83858 64.99
      vertex -6.33563 3.76136 65
      vertex -6.33563 3.76136 64.99
    endloop
  endfacet
  facet normal -0.923885 0.38267 0
    outer loop
      vertex -3.48378 2.91661 64.99
      vertex -3.45373 2.98916 65
      vertex -3.45373 2.98916 64.99
    endloop
  endfacet
  facet normal -0.923885 0.38267 0
    outer loop
      vertex -3.45373 2.98916 65
      vertex -3.48378 2.91661 64.99
      vertex -3.48378 2.91661 65
    endloop
  endfacet
  facet normal -0.38267 0.923885 0
    outer loop
      vertex -4.244 2.15639 64.99
      vertex -4.31655 2.12634 65
      vertex -4.244 2.15639 65
    endloop
  endfacet
  facet normal -0.38267 0.923885 0
    outer loop
      vertex -4.31655 2.12634 65
      vertex -4.244 2.15639 64.99
      vertex -4.31655 2.12634 64.99
    endloop
  endfacet
  facet normal 0.923904 -0.382625 0
    outer loop
      vertex -6.25447 4.06426 65
      vertex -6.22442 4.13682 64.99
      vertex -6.22442 4.13682 65
    endloop
  endfacet
  facet normal 0.923904 -0.382625 0
    outer loop
      vertex -6.22442 4.13682 64.99
      vertex -6.25447 4.06426 65
      vertex -6.25447 4.06426 64.99
    endloop
  endfacet
  facet normal 0.878814 -0.477165 0
    outer loop
      vertex -6.19061 4.2077 65
      vertex -6.15314 4.27671 64.99
      vertex -6.15314 4.27671 65
    endloop
  endfacet
  facet normal 0.878814 -0.477165 0
    outer loop
      vertex -6.15314 4.27671 64.99
      vertex -6.19061 4.2077 65
      vertex -6.19061 4.2077 64.99
    endloop
  endfacet
  facet normal 0.999659 -0.0261057 0
    outer loop
      vertex -6.3541 -3.52671 65
      vertex -6.35205 -3.44821 64.99
      vertex -6.35205 -3.44821 65
    endloop
  endfacet
  facet normal 0.999659 -0.0261057 0
    outer loop
      vertex -6.35205 -3.44821 64.99
      vertex -6.3541 -3.52671 65
      vertex -6.3541 -3.52671 64.99
    endloop
  endfacet
  facet normal 0.430532 0.902576 -0
    outer loop
      vertex -5.46421 -4.89703 64.99
      vertex -5.53509 -4.86322 65
      vertex -5.46421 -4.89703 65
    endloop
  endfacet
  facet normal 0.430532 0.902576 0
    outer loop
      vertex -5.53509 -4.86322 65
      vertex -5.46421 -4.89703 64.99
      vertex -5.53509 -4.86322 64.99
    endloop
  endfacet
  facet normal -0.996919 -0.0784394 0
    outer loop
      vertex -3.35616 -3.44821 64.99
      vertex -3.36232 -3.36992 65
      vertex -3.36232 -3.36992 64.99
    endloop
  endfacet
  facet normal -0.996919 -0.0784394 0
    outer loop
      vertex -3.36232 -3.36992 65
      vertex -3.35616 -3.44821 64.99
      vertex -3.35616 -3.44821 65
    endloop
  endfacet
  facet normal -0.999656 -0.026233 0
    outer loop
      vertex -3.3541 -3.52671 64.99
      vertex -3.35616 -3.44821 65
      vertex -3.35616 -3.44821 64.99
    endloop
  endfacet
  facet normal -0.999656 -0.026233 0
    outer loop
      vertex -3.35616 -3.44821 65
      vertex -3.3541 -3.52671 64.99
      vertex -3.3541 -3.52671 65
    endloop
  endfacet
  facet normal -0.991446 -0.13052 0
    outer loop
      vertex -3.36232 -3.36992 64.99
      vertex -3.37257 -3.29206 65
      vertex -3.37257 -3.29206 64.99
    endloop
  endfacet
  facet normal -0.991446 -0.13052 0
    outer loop
      vertex -3.37257 -3.29206 65
      vertex -3.36232 -3.36992 64.99
      vertex -3.36232 -3.36992 65
    endloop
  endfacet
  facet normal -0.824131 -0.566399 0
    outer loop
      vertex -3.5961 -2.70975 64.99
      vertex -3.64058 -2.64503 65
      vertex -3.64058 -2.64503 64.99
    endloop
  endfacet
  facet normal -0.824131 -0.566399 0
    outer loop
      vertex -3.64058 -2.64503 65
      vertex -3.5961 -2.70975 64.99
      vertex -3.5961 -2.70975 65
    endloop
  endfacet
  facet normal 0.382625 -0.923904 0
    outer loop
      vertex -5.46421 -2.15639 64.99
      vertex -5.39165 -2.12634 65
      vertex -5.46421 -2.15639 65
    endloop
  endfacet
  facet normal 0.382625 -0.923904 0
    outer loop
      vertex -5.39165 -2.12634 65
      vertex -5.46421 -2.15639 64.99
      vertex -5.39165 -2.12634 64.99
    endloop
  endfacet
  facet normal 0.182212 -0.983259 0
    outer loop
      vertex -5.16597 -2.05949 64.99
      vertex -5.08875 -2.04518 65
      vertex -5.16597 -2.05949 65
    endloop
  endfacet
  facet normal 0.182212 -0.983259 0
    outer loop
      vertex -5.08875 -2.04518 65
      vertex -5.16597 -2.05949 64.99
      vertex -5.08875 -2.04518 64.99
    endloop
  endfacet
  facet normal 0.608726 -0.793381 0
    outer loop
      vertex -5.79808 -2.36099 64.99
      vertex -5.73578 -2.31319 65
      vertex -5.79808 -2.36099 65
    endloop
  endfacet
  facet normal 0.608726 -0.793381 0
    outer loop
      vertex -5.73578 -2.31319 65
      vertex -5.79808 -2.36099 64.99
      vertex -5.73578 -2.31319 64.99
    endloop
  endfacet
  facet normal -0.182212 0.983259 0
    outer loop
      vertex -4.54223 -4.99393 64.99
      vertex -4.61945 -5.00824 65
      vertex -4.54223 -4.99393 65
    endloop
  endfacet
  facet normal -0.182212 0.983259 0
    outer loop
      vertex -4.61945 -5.00824 65
      vertex -4.54223 -4.99393 64.99
      vertex -4.61945 -5.00824 64.99
    endloop
  endfacet
  facet normal 0.793319 0.608806 0
    outer loop
      vertex -6.01982 -4.47069 65
      vertex -6.06763 -4.40839 64.99
      vertex -6.06763 -4.40839 65
    endloop
  endfacet
  facet normal 0.793319 0.608806 0
    outer loop
      vertex -6.06763 -4.40839 64.99
      vertex -6.01982 -4.47069 65
      vertex -6.01982 -4.47069 64.99
    endloop
  endfacet
  facet normal 0.13052 -0.991446 0
    outer loop
      vertex -5.08875 -2.04518 64.99
      vertex -5.01089 -2.03493 65
      vertex -5.08875 -2.04518 65
    endloop
  endfacet
  facet normal 0.13052 -0.991446 0
    outer loop
      vertex -5.01089 -2.03493 65
      vertex -5.08875 -2.04518 64.99
      vertex -5.01089 -2.03493 64.99
    endloop
  endfacet
  facet normal -0.38267 0.923885 0
    outer loop
      vertex -4.244 -4.89703 64.99
      vertex -4.31655 -4.92708 65
      vertex -4.244 -4.89703 65
    endloop
  endfacet
  facet normal -0.38267 0.923885 0
    outer loop
      vertex -4.31655 -4.92708 65
      vertex -4.244 -4.89703 64.99
      vertex -4.31655 -4.92708 64.99
    endloop
  endfacet
  facet normal 0.649406 0.760442 -0
    outer loop
      vertex -5.79808 -4.69243 64.99
      vertex -5.8578 -4.64143 65
      vertex -5.79808 -4.69243 65
    endloop
  endfacet
  facet normal 0.649406 0.760442 0
    outer loop
      vertex -5.8578 -4.64143 65
      vertex -5.79808 -4.69243 64.99
      vertex -5.8578 -4.64143 64.99
    endloop
  endfacet
  facet normal -0.996918 0.0784494 0
    outer loop
      vertex -3.36232 -3.6835 64.99
      vertex -3.35616 -3.60522 65
      vertex -3.35616 -3.60522 64.99
    endloop
  endfacet
  facet normal -0.996918 0.0784494 0
    outer loop
      vertex -3.35616 -3.60522 65
      vertex -3.36232 -3.6835 64.99
      vertex -3.36232 -3.6835 65
    endloop
  endfacet
  facet normal 0.0261024 0.999659 -0
    outer loop
      vertex -4.8541 -5.02671 64.99
      vertex -4.93261 -5.02466 65
      vertex -4.8541 -5.02671 65
    endloop
  endfacet
  facet normal 0.0261024 0.999659 0
    outer loop
      vertex -4.93261 -5.02466 65
      vertex -4.8541 -5.02671 64.99
      vertex -4.93261 -5.02466 64.99
    endloop
  endfacet
  facet normal 0.477165 0.878814 -0
    outer loop
      vertex -5.53509 -4.86322 64.99
      vertex -5.6041 -4.82575 65
      vertex -5.53509 -4.86322 65
    endloop
  endfacet
  facet normal 0.477165 0.878814 0
    outer loop
      vertex -5.6041 -4.82575 65
      vertex -5.53509 -4.86322 64.99
      vertex -5.6041 -4.82575 64.99
    endloop
  endfacet
  facet normal -0.999656 0.0262297 0
    outer loop
      vertex -3.35616 -3.60522 64.99
      vertex -3.3541 -3.52671 65
      vertex -3.3541 -3.52671 64.99
    endloop
  endfacet
  facet normal -0.999656 0.0262297 0
    outer loop
      vertex -3.3541 -3.52671 65
      vertex -3.35616 -3.60522 64.99
      vertex -3.35616 -3.60522 65
    endloop
  endfacet
  facet normal 0.233416 -0.972377 0
    outer loop
      vertex -5.24233 -2.07782 64.99
      vertex -5.16597 -2.05949 65
      vertex -5.24233 -2.07782 65
    endloop
  endfacet
  facet normal 0.233416 -0.972377 0
    outer loop
      vertex -5.16597 -2.05949 65
      vertex -5.24233 -2.07782 64.99
      vertex -5.16597 -2.05949 64.99
    endloop
  endfacet
  facet normal 0.760388 -0.649469 0
    outer loop
      vertex -6.01982 -2.58273 65
      vertex -5.96882 -2.52302 64.99
      vertex -5.96882 -2.52302 65
    endloop
  endfacet
  facet normal 0.760388 -0.649469 0
    outer loop
      vertex -5.96882 -2.52302 64.99
      vertex -6.01982 -2.58273 65
      vertex -6.01982 -2.58273 64.99
    endloop
  endfacet
  facet normal 0.566399 -0.824131 0
    outer loop
      vertex -5.73578 -2.31319 64.99
      vertex -5.67106 -2.26871 65
      vertex -5.73578 -2.31319 65
    endloop
  endfacet
  facet normal 0.566399 -0.824131 0
    outer loop
      vertex -5.67106 -2.26871 65
      vertex -5.73578 -2.31319 64.99
      vertex -5.67106 -2.26871 64.99
    endloop
  endfacet
  facet normal -0.430532 -0.902576 0
    outer loop
      vertex -4.244 -2.15639 64.99
      vertex -4.17312 -2.1902 65
      vertex -4.244 -2.15639 65
    endloop
  endfacet
  facet normal -0.430532 -0.902576 -0
    outer loop
      vertex -4.17312 -2.1902 65
      vertex -4.244 -2.15639 64.99
      vertex -4.17312 -2.1902 64.99
    endloop
  endfacet
  facet normal -0.902576 -0.430532 0
    outer loop
      vertex -3.48378 -2.91661 64.99
      vertex -3.51759 -2.84573 65
      vertex -3.51759 -2.84573 64.99
    endloop
  endfacet
  facet normal -0.902576 -0.430532 0
    outer loop
      vertex -3.51759 -2.84573 65
      vertex -3.48378 -2.91661 64.99
      vertex -3.48378 -2.91661 65
    endloop
  endfacet
  facet normal -0.38267 -0.923885 0
    outer loop
      vertex -4.31655 -2.12634 64.99
      vertex -4.244 -2.15639 65
      vertex -4.31655 -2.12634 65
    endloop
  endfacet
  facet normal -0.38267 -0.923885 -0
    outer loop
      vertex -4.244 -2.15639 65
      vertex -4.31655 -2.12634 64.99
      vertex -4.244 -2.15639 64.99
    endloop
  endfacet
  facet normal -0.477112 -0.878843 0
    outer loop
      vertex -4.17312 -2.1902 64.99
      vertex -4.1041 -2.22767 65
      vertex -4.17312 -2.1902 65
    endloop
  endfacet
  facet normal -0.477112 -0.878843 -0
    outer loop
      vertex -4.1041 -2.22767 65
      vertex -4.17312 -2.1902 64.99
      vertex -4.1041 -2.22767 64.99
    endloop
  endfacet
  facet normal -0.608806 0.793319 0
    outer loop
      vertex -3.91012 -4.69243 64.99
      vertex -3.97242 -4.74024 65
      vertex -3.91012 -4.69243 65
    endloop
  endfacet
  facet normal -0.608806 0.793319 0
    outer loop
      vertex -3.97242 -4.74024 65
      vertex -3.91012 -4.69243 64.99
      vertex -3.97242 -4.74024 64.99
    endloop
  endfacet
  facet normal 0.182212 0.983259 -0
    outer loop
      vertex -5.08875 -5.00824 64.99
      vertex -5.16597 -4.99393 65
      vertex -5.08875 -5.00824 65
    endloop
  endfacet
  facet normal 0.182212 0.983259 0
    outer loop
      vertex -5.16597 -4.99393 65
      vertex -5.08875 -5.00824 64.99
      vertex -5.16597 -4.99393 64.99
    endloop
  endfacet
  facet normal -0.0261057 0.999659 0
    outer loop
      vertex -4.7756 -5.02466 64.99
      vertex -4.8541 -5.02671 65
      vertex -4.7756 -5.02466 65
    endloop
  endfacet
  facet normal -0.0261057 0.999659 0
    outer loop
      vertex -4.8541 -5.02671 65
      vertex -4.7756 -5.02466 64.99
      vertex -4.8541 -5.02671 64.99
    endloop
  endfacet
  facet normal -0.923885 -0.38267 0
    outer loop
      vertex -3.45373 -2.98916 64.99
      vertex -3.48378 -2.91661 65
      vertex -3.48378 -2.91661 64.99
    endloop
  endfacet
  facet normal -0.923885 -0.38267 0
    outer loop
      vertex -3.48378 -2.91661 65
      vertex -3.45373 -2.98916 64.99
      vertex -3.45373 -2.98916 65
    endloop
  endfacet
  facet normal 0.13052 0.991446 -0
    outer loop
      vertex -5.01089 -5.01849 64.99
      vertex -5.08875 -5.00824 65
      vertex -5.01089 -5.01849 65
    endloop
  endfacet
  facet normal 0.13052 0.991446 0
    outer loop
      vertex -5.08875 -5.00824 65
      vertex -5.01089 -5.01849 64.99
      vertex -5.08875 -5.00824 64.99
    endloop
  endfacet
  facet normal 0.991446 0.13052 0
    outer loop
      vertex -6.33563 -3.76136 65
      vertex -6.34588 -3.6835 64.99
      vertex -6.34588 -3.6835 65
    endloop
  endfacet
  facet normal 0.991446 0.13052 0
    outer loop
      vertex -6.34588 -3.6835 64.99
      vertex -6.33563 -3.76136 65
      vertex -6.33563 -3.76136 64.99
    endloop
  endfacet
  facet normal 0.72533 0.688401 0
    outer loop
      vertex -5.91476 -4.58737 65
      vertex -5.96882 -4.53041 64.99
      vertex -5.96882 -4.53041 65
    endloop
  endfacet
  facet normal 0.72533 0.688401 0
    outer loop
      vertex -5.96882 -4.53041 64.99
      vertex -5.91476 -4.58737 65
      vertex -5.91476 -4.58737 64.99
    endloop
  endfacet
  facet normal -0.72539 -0.688338 0
    outer loop
      vertex -3.73938 -2.52302 64.99
      vertex -3.79344 -2.46605 65
      vertex -3.79344 -2.46605 64.99
    endloop
  endfacet
  facet normal -0.72539 -0.688338 0
    outer loop
      vertex -3.79344 -2.46605 65
      vertex -3.73938 -2.52302 64.99
      vertex -3.73938 -2.52302 65
    endloop
  endfacet
  facet normal -0.991446 0.13052 0
    outer loop
      vertex -3.37257 -3.76136 64.99
      vertex -3.36232 -3.6835 65
      vertex -3.36232 -3.6835 64.99
    endloop
  endfacet
  facet normal -0.991446 0.13052 0
    outer loop
      vertex -3.36232 -3.6835 65
      vertex -3.37257 -3.76136 64.99
      vertex -3.37257 -3.76136 65
    endloop
  endfacet
  facet normal 0.852658 -0.522469 0
    outer loop
      vertex -6.15314 -2.77671 65
      vertex -6.11211 -2.70975 64.99
      vertex -6.11211 -2.70975 65
    endloop
  endfacet
  facet normal 0.852658 -0.522469 0
    outer loop
      vertex -6.11211 -2.70975 64.99
      vertex -6.15314 -2.77671 65
      vertex -6.15314 -2.77671 64.99
    endloop
  endfacet
  facet normal -0.793381 -0.608726 0
    outer loop
      vertex -3.64058 -2.64503 64.99
      vertex -3.68838 -2.58273 65
      vertex -3.68838 -2.58273 64.99
    endloop
  endfacet
  facet normal -0.793381 -0.608726 0
    outer loop
      vertex -3.68838 -2.58273 65
      vertex -3.64058 -2.64503 64.99
      vertex -3.64058 -2.64503 65
    endloop
  endfacet
  facet normal -0.566399 -0.824131 0
    outer loop
      vertex -4.03714 -2.26871 64.99
      vertex -3.97242 -2.31319 65
      vertex -4.03714 -2.26871 65
    endloop
  endfacet
  facet normal -0.566399 -0.824131 -0
    outer loop
      vertex -3.97242 -2.31319 65
      vertex -4.03714 -2.26871 64.99
      vertex -3.97242 -2.31319 64.99
    endloop
  endfacet
  facet normal -0.878843 -0.477112 0
    outer loop
      vertex -3.51759 -2.84573 64.99
      vertex -3.55506 -2.77671 65
      vertex -3.55506 -2.77671 64.99
    endloop
  endfacet
  facet normal -0.878843 -0.477112 0
    outer loop
      vertex -3.55506 -2.77671 65
      vertex -3.51759 -2.84573 64.99
      vertex -3.51759 -2.84573 65
    endloop
  endfacet
  facet normal -0.983259 -0.182212 0
    outer loop
      vertex -3.37257 -3.29206 64.99
      vertex -3.38688 -3.21484 65
      vertex -3.38688 -3.21484 64.99
    endloop
  endfacet
  facet normal -0.983259 -0.182212 0
    outer loop
      vertex -3.38688 -3.21484 65
      vertex -3.37257 -3.29206 64.99
      vertex -3.37257 -3.29206 65
    endloop
  endfacet
  facet normal -0.28411 -0.958792 0
    outer loop
      vertex -4.46587 -2.07782 64.99
      vertex -4.39058 -2.10013 65
      vertex -4.46587 -2.07782 65
    endloop
  endfacet
  facet normal -0.28411 -0.958792 -0
    outer loop
      vertex -4.39058 -2.10013 65
      vertex -4.46587 -2.07782 64.99
      vertex -4.39058 -2.10013 64.99
    endloop
  endfacet
  facet normal 0.972377 -0.233416 0
    outer loop
      vertex -6.32132 -3.21484 65
      vertex -6.30299 -3.13848 64.99
      vertex -6.30299 -3.13848 65
    endloop
  endfacet
  facet normal 0.972377 -0.233416 0
    outer loop
      vertex -6.30299 -3.13848 64.99
      vertex -6.32132 -3.21484 65
      vertex -6.32132 -3.21484 64.99
    endloop
  endfacet
  facet normal 0.284075 -0.958802 0
    outer loop
      vertex -5.31763 -2.10013 64.99
      vertex -5.24233 -2.07782 65
      vertex -5.31763 -2.10013 65
    endloop
  endfacet
  facet normal 0.284075 -0.958802 0
    outer loop
      vertex -5.24233 -2.07782 65
      vertex -5.31763 -2.10013 64.99
      vertex -5.24233 -2.07782 64.99
    endloop
  endfacet
  facet normal 0.566399 0.824131 -0
    outer loop
      vertex -5.67106 -4.78472 64.99
      vertex -5.73578 -4.74024 65
      vertex -5.67106 -4.78472 65
    endloop
  endfacet
  facet normal 0.566399 0.824131 0
    outer loop
      vertex -5.73578 -4.74024 65
      vertex -5.67106 -4.78472 64.99
      vertex -5.73578 -4.74024 64.99
    endloop
  endfacet
  facet normal 0.902576 -0.430532 0
    outer loop
      vertex -6.22442 -2.91661 65
      vertex -6.19061 -2.84573 64.99
      vertex -6.19061 -2.84573 65
    endloop
  endfacet
  facet normal 0.902576 -0.430532 0
    outer loop
      vertex -6.19061 -2.84573 64.99
      vertex -6.22442 -2.91661 65
      vertex -6.22442 -2.91661 64.99
    endloop
  endfacet
  facet normal 0.942609 0.333899 0
    outer loop
      vertex -6.25447 -4.06426 65
      vertex -6.28069 -3.99024 64.99
      vertex -6.28069 -3.99024 65
    endloop
  endfacet
  facet normal 0.942609 0.333899 0
    outer loop
      vertex -6.28069 -3.99024 64.99
      vertex -6.25447 -4.06426 65
      vertex -6.25447 -4.06426 64.99
    endloop
  endfacet
  facet normal 0.688401 -0.72533 0
    outer loop
      vertex -5.91476 -2.46605 64.99
      vertex -5.8578 -2.41199 65
      vertex -5.91476 -2.46605 65
    endloop
  endfacet
  facet normal 0.688401 -0.72533 0
    outer loop
      vertex -5.8578 -2.41199 65
      vertex -5.91476 -2.46605 64.99
      vertex -5.8578 -2.41199 64.99
    endloop
  endfacet
  facet normal 0.942623 -0.333859 0
    outer loop
      vertex -6.28069 -3.06319 65
      vertex -6.25447 -2.98916 64.99
      vertex -6.25447 -2.98916 65
    endloop
  endfacet
  facet normal 0.942623 -0.333859 0
    outer loop
      vertex -6.25447 -2.98916 64.99
      vertex -6.28069 -3.06319 65
      vertex -6.28069 -3.06319 64.99
    endloop
  endfacet
  facet normal -0.878814 0.477165 0
    outer loop
      vertex -3.55506 -4.27671 64.99
      vertex -3.51759 -4.2077 65
      vertex -3.51759 -4.2077 64.99
    endloop
  endfacet
  facet normal -0.878814 0.477165 0
    outer loop
      vertex -3.51759 -4.2077 65
      vertex -3.55506 -4.27671 64.99
      vertex -3.55506 -4.27671 65
    endloop
  endfacet
  facet normal 0.333786 -0.942649 0
    outer loop
      vertex -5.39165 -2.12634 64.99
      vertex -5.31763 -2.10013 65
      vertex -5.39165 -2.12634 65
    endloop
  endfacet
  facet normal 0.333786 -0.942649 0
    outer loop
      vertex -5.31763 -2.10013 65
      vertex -5.39165 -2.12634 64.99
      vertex -5.31763 -2.10013 64.99
    endloop
  endfacet
  facet normal -0.923904 0.382625 0
    outer loop
      vertex -3.48378 -4.13682 64.99
      vertex -3.45373 -4.06426 65
      vertex -3.45373 -4.06426 64.99
    endloop
  endfacet
  facet normal -0.923904 0.382625 0
    outer loop
      vertex -3.45373 -4.06426 65
      vertex -3.48378 -4.13682 64.99
      vertex -3.48378 -4.13682 65
    endloop
  endfacet
  facet normal 0.824131 0.566399 0
    outer loop
      vertex -6.06763 -4.40839 65
      vertex -6.11211 -4.34367 64.99
      vertex -6.11211 -4.34367 65
    endloop
  endfacet
  facet normal 0.824131 0.566399 0
    outer loop
      vertex -6.11211 -4.34367 64.99
      vertex -6.06763 -4.40839 65
      vertex -6.06763 -4.40839 64.99
    endloop
  endfacet
  facet normal -0.233416 0.972377 0
    outer loop
      vertex -4.46587 -4.9756 64.99
      vertex -4.54223 -4.99393 65
      vertex -4.46587 -4.9756 65
    endloop
  endfacet
  facet normal -0.233416 0.972377 0
    outer loop
      vertex -4.54223 -4.99393 65
      vertex -4.46587 -4.9756 64.99
      vertex -4.54223 -4.99393 64.99
    endloop
  endfacet
  facet normal -0.983259 0.182212 0
    outer loop
      vertex -3.38688 -3.83858 64.99
      vertex -3.37257 -3.76136 65
      vertex -3.37257 -3.76136 64.99
    endloop
  endfacet
  facet normal -0.983259 0.182212 0
    outer loop
      vertex -3.37257 -3.76136 65
      vertex -3.38688 -3.83858 64.99
      vertex -3.38688 -3.83858 65
    endloop
  endfacet
  facet normal -0.649469 0.760388 0
    outer loop
      vertex -3.85041 -4.64143 64.99
      vertex -3.91012 -4.69243 65
      vertex -3.85041 -4.64143 65
    endloop
  endfacet
  facet normal -0.649469 0.760388 0
    outer loop
      vertex -3.91012 -4.69243 65
      vertex -3.85041 -4.64143 64.99
      vertex -3.91012 -4.69243 64.99
    endloop
  endfacet
  facet normal 0.983259 0.182212 0
    outer loop
      vertex -6.32132 -3.83858 65
      vertex -6.33563 -3.76136 64.99
      vertex -6.33563 -3.76136 65
    endloop
  endfacet
  facet normal 0.983259 0.182212 0
    outer loop
      vertex -6.33563 -3.76136 64.99
      vertex -6.32132 -3.83858 65
      vertex -6.32132 -3.83858 64.99
    endloop
  endfacet
  facet normal 0.649406 -0.760442 0
    outer loop
      vertex -5.8578 -2.41199 64.99
      vertex -5.79808 -2.36099 65
      vertex -5.8578 -2.41199 65
    endloop
  endfacet
  facet normal 0.649406 -0.760442 0
    outer loop
      vertex -5.79808 -2.36099 65
      vertex -5.8578 -2.41199 64.99
      vertex -5.79808 -2.36099 64.99
    endloop
  endfacet
  facet normal -0.852601 -0.522562 0
    outer loop
      vertex -3.55506 -2.77671 64.99
      vertex -3.5961 -2.70975 65
      vertex -3.5961 -2.70975 64.99
    endloop
  endfacet
  facet normal -0.852601 -0.522562 0
    outer loop
      vertex -3.5961 -2.70975 65
      vertex -3.55506 -2.77671 64.99
      vertex -3.55506 -2.77671 65
    endloop
  endfacet
  facet normal -0.72533 0.688401 0
    outer loop
      vertex -3.79344 -4.58737 64.99
      vertex -3.73938 -4.53041 65
      vertex -3.73938 -4.53041 64.99
    endloop
  endfacet
  facet normal -0.72533 0.688401 0
    outer loop
      vertex -3.73938 -4.53041 65
      vertex -3.79344 -4.58737 64.99
      vertex -3.79344 -4.58737 65
    endloop
  endfacet
  facet normal -0.522469 0.852658 0
    outer loop
      vertex -4.03714 -4.78472 64.99
      vertex -4.1041 -4.82575 65
      vertex -4.03714 -4.78472 65
    endloop
  endfacet
  facet normal -0.522469 0.852658 0
    outer loop
      vertex -4.1041 -4.82575 65
      vertex -4.03714 -4.78472 64.99
      vertex -4.1041 -4.82575 64.99
    endloop
  endfacet
  facet normal -0.942663 -0.333746 0
    outer loop
      vertex -3.42752 -3.06319 64.99
      vertex -3.45373 -2.98916 65
      vertex -3.45373 -2.98916 64.99
    endloop
  endfacet
  facet normal -0.942663 -0.333746 0
    outer loop
      vertex -3.45373 -2.98916 65
      vertex -3.42752 -3.06319 64.99
      vertex -3.42752 -3.06319 65
    endloop
  endfacet
  facet normal 0.972377 0.233416 0
    outer loop
      vertex -6.30299 -3.91494 65
      vertex -6.32132 -3.83858 64.99
      vertex -6.32132 -3.83858 65
    endloop
  endfacet
  facet normal 0.972377 0.233416 0
    outer loop
      vertex -6.32132 -3.83858 64.99
      vertex -6.30299 -3.91494 65
      vertex -6.30299 -3.91494 64.99
    endloop
  endfacet
  facet normal 0 0 1
    outer loop
      vertex -3.35616 -3.44821 64.99
      vertex -3.35616 -3.60522 64.99
      vertex -3.3541 -3.52671 64.99
    endloop
  endfacet
  facet normal 0 0 1
    outer loop
      vertex -3.36232 -3.36992 64.99
      vertex -3.35616 -3.60522 64.99
      vertex -3.35616 -3.44821 64.99
    endloop
  endfacet
  facet normal 0 0 1
    outer loop
      vertex -3.36232 -3.36992 64.99
      vertex -3.36232 -3.6835 64.99
      vertex -3.35616 -3.60522 64.99
    endloop
  endfacet
  facet normal 0 0 1
    outer loop
      vertex -3.37257 -3.29206 64.99
      vertex -3.36232 -3.6835 64.99
      vertex -3.36232 -3.36992 64.99
    endloop
  endfacet
  facet normal 0 0 1
    outer loop
      vertex -3.37257 -3.29206 64.99
      vertex -3.37257 -3.76136 64.99
      vertex -3.36232 -3.6835 64.99
    endloop
  endfacet
  facet normal 0 0 1
    outer loop
      vertex -3.38688 -3.21484 64.99
      vertex -3.37257 -3.76136 64.99
      vertex -3.37257 -3.29206 64.99
    endloop
  endfacet
  facet normal 0 0 1
    outer loop
      vertex -3.38688 -3.21484 64.99
      vertex -3.38688 -3.83858 64.99
      vertex -3.37257 -3.76136 64.99
    endloop
  endfacet
  facet normal 0 0 1
    outer loop
      vertex -3.40521 -3.13848 64.99
      vertex -3.38688 -3.83858 64.99
      vertex -3.38688 -3.21484 64.99
    endloop
  endfacet
  facet normal 0 0 1
    outer loop
      vertex -3.40521 -3.13848 64.99
      vertex -3.40521 -3.91494 64.99
      vertex -3.38688 -3.83858 64.99
    endloop
  endfacet
  facet normal 0 0 1
    outer loop
      vertex -3.42752 -3.06319 64.99
      vertex -3.40521 -3.91494 64.99
      vertex -3.40521 -3.13848 64.99
    endloop
  endfacet
  facet normal 0 0 1
    outer loop
      vertex -3.42752 -3.06319 64.99
      vertex -3.42752 -3.99024 64.99
      vertex -3.40521 -3.91494 64.99
    endloop
  endfacet
  facet normal 0 0 1
    outer loop
      vertex -3.45373 -2.98916 64.99
      vertex -3.42752 -3.99024 64.99
      vertex -3.42752 -3.06319 64.99
    endloop
  endfacet
  facet normal 0 0 1
    outer loop
      vertex -3.45373 -2.98916 64.99
      vertex -3.45373 -4.06426 64.99
      vertex -3.42752 -3.99024 64.99
    endloop
  endfacet
  facet normal 0 0 1
    outer loop
      vertex -3.48378 -2.91661 64.99
      vertex -3.45373 -4.06426 64.99
      vertex -3.45373 -2.98916 64.99
    endloop
  endfacet
  facet normal 0 0 1
    outer loop
      vertex -3.48378 -2.91661 64.99
      vertex -3.48378 -4.13682 64.99
      vertex -3.45373 -4.06426 64.99
    endloop
  endfacet
  facet normal 0 0 1
    outer loop
      vertex -3.51759 -2.84573 64.99
      vertex -3.48378 -4.13682 64.99
      vertex -3.48378 -2.91661 64.99
    endloop
  endfacet
  facet normal 0 0 1
    outer loop
      vertex -3.51759 -2.84573 64.99
      vertex -3.51759 -4.2077 64.99
      vertex -3.48378 -4.13682 64.99
    endloop
  endfacet
  facet normal 0 0 1
    outer loop
      vertex -3.55506 -2.77671 64.99
      vertex -3.51759 -4.2077 64.99
      vertex -3.51759 -2.84573 64.99
    endloop
  endfacet
  facet normal 0 0 1
    outer loop
      vertex -3.55506 -2.77671 64.99
      vertex -3.55506 -4.27671 64.99
      vertex -3.51759 -4.2077 64.99
    endloop
  endfacet
  facet normal 0 0 1
    outer loop
      vertex -3.5961 -2.70975 64.99
      vertex -3.55506 -4.27671 64.99
      vertex -3.55506 -2.77671 64.99
    endloop
  endfacet
  facet normal 0 0 1
    outer loop
      vertex -3.5961 -2.70975 64.99
      vertex -3.5961 -4.34367 64.99
      vertex -3.55506 -4.27671 64.99
    endloop
  endfacet
  facet normal 0 0 1
    outer loop
      vertex -3.64058 -2.64503 64.99
      vertex -3.5961 -4.34367 64.99
      vertex -3.5961 -2.70975 64.99
    endloop
  endfacet
  facet normal 0 0 1
    outer loop
      vertex -3.64058 -2.64503 64.99
      vertex -3.64058 -4.40839 64.99
      vertex -3.5961 -4.34367 64.99
    endloop
  endfacet
  facet normal 0 0 1
    outer loop
      vertex -3.68838 -2.58273 64.99
      vertex -3.64058 -4.40839 64.99
      vertex -3.64058 -2.64503 64.99
    endloop
  endfacet
  facet normal 0 0 1
    outer loop
      vertex -3.68838 -2.58273 64.99
      vertex -3.68838 -4.47069 64.99
      vertex -3.64058 -4.40839 64.99
    endloop
  endfacet
  facet normal 0 0 1
    outer loop
      vertex -3.73938 -2.52302 64.99
      vertex -3.68838 -4.47069 64.99
      vertex -3.68838 -2.58273 64.99
    endloop
  endfacet
  facet normal 0 0 1
    outer loop
      vertex -3.73938 -2.52302 64.99
      vertex -3.73938 -4.53041 64.99
      vertex -3.68838 -4.47069 64.99
    endloop
  endfacet
  facet normal 0 0 1
    outer loop
      vertex -3.79344 -2.46605 64.99
      vertex -3.73938 -4.53041 64.99
      vertex -3.73938 -2.52302 64.99
    endloop
  endfacet
  facet normal 0 0 1
    outer loop
      vertex -3.79344 -2.46605 64.99
      vertex -3.79344 -4.58737 64.99
      vertex -3.73938 -4.53041 64.99
    endloop
  endfacet
  facet normal 0 0 1
    outer loop
      vertex -3.85041 -2.41199 64.99
      vertex -3.79344 -4.58737 64.99
      vertex -3.79344 -2.46605 64.99
    endloop
  endfacet
  facet normal 0 0 1
    outer loop
      vertex -3.85041 -2.41199 64.99
      vertex -3.85041 -4.64143 64.99
      vertex -3.79344 -4.58737 64.99
    endloop
  endfacet
  facet normal 0 0 1
    outer loop
      vertex -3.91012 -2.36099 64.99
      vertex -3.85041 -4.64143 64.99
      vertex -3.85041 -2.41199 64.99
    endloop
  endfacet
  facet normal 0 0 1
    outer loop
      vertex -3.91012 -2.36099 64.99
      vertex -3.91012 -4.69243 64.99
      vertex -3.85041 -4.64143 64.99
    endloop
  endfacet
  facet normal 0 0 1
    outer loop
      vertex -3.97242 -2.31319 64.99
      vertex -3.91012 -4.69243 64.99
      vertex -3.91012 -2.36099 64.99
    endloop
  endfacet
  facet normal 0 0 1
    outer loop
      vertex -3.97242 -2.31319 64.99
      vertex -3.97242 -4.74024 64.99
      vertex -3.91012 -4.69243 64.99
    endloop
  endfacet
  facet normal 0 0 1
    outer loop
      vertex -4.03714 -2.26871 64.99
      vertex -3.97242 -4.74024 64.99
      vertex -3.97242 -2.31319 64.99
    endloop
  endfacet
  facet normal 0 0 1
    outer loop
      vertex -4.03714 -2.26871 64.99
      vertex -4.03714 -4.78472 64.99
      vertex -3.97242 -4.74024 64.99
    endloop
  endfacet
  facet normal 0 0 1
    outer loop
      vertex -4.1041 -2.22767 64.99
      vertex -4.03714 -4.78472 64.99
      vertex -4.03714 -2.26871 64.99
    endloop
  endfacet
  facet normal 0 0 1
    outer loop
      vertex -4.1041 -2.22767 64.99
      vertex -4.1041 -4.82575 64.99
      vertex -4.03714 -4.78472 64.99
    endloop
  endfacet
  facet normal 0 0 1
    outer loop
      vertex -4.17312 -2.1902 64.99
      vertex -4.1041 -4.82575 64.99
      vertex -4.1041 -2.22767 64.99
    endloop
  endfacet
  facet normal 0 0 1
    outer loop
      vertex -4.17312 -2.1902 64.99
      vertex -4.17312 -4.86322 64.99
      vertex -4.1041 -4.82575 64.99
    endloop
  endfacet
  facet normal 0 0 1
    outer loop
      vertex -4.244 -2.15639 64.99
      vertex -4.17312 -4.86322 64.99
      vertex -4.17312 -2.1902 64.99
    endloop
  endfacet
  facet normal 0 0 1
    outer loop
      vertex -4.244 -2.15639 64.99
      vertex -4.244 -4.89703 64.99
      vertex -4.17312 -4.86322 64.99
    endloop
  endfacet
  facet normal 0 0 1
    outer loop
      vertex -4.31655 -2.12634 64.99
      vertex -4.244 -4.89703 64.99
      vertex -4.244 -2.15639 64.99
    endloop
  endfacet
  facet normal 0 0 1
    outer loop
      vertex -4.31655 -2.12634 64.99
      vertex -4.31655 -4.92708 64.99
      vertex -4.244 -4.89703 64.99
    endloop
  endfacet
  facet normal 0 0 1
    outer loop
      vertex -4.39058 -2.10013 64.99
      vertex -4.31655 -4.92708 64.99
      vertex -4.31655 -2.12634 64.99
    endloop
  endfacet
  facet normal 0 0 1
    outer loop
      vertex -4.39058 -2.10013 64.99
      vertex -4.39058 -4.9533 64.99
      vertex -4.31655 -4.92708 64.99
    endloop
  endfacet
  facet normal 0 0 1
    outer loop
      vertex -4.46587 -2.07782 64.99
      vertex -4.39058 -4.9533 64.99
      vertex -4.39058 -2.10013 64.99
    endloop
  endfacet
  facet normal 0 0 1
    outer loop
      vertex -4.46587 -2.07782 64.99
      vertex -4.46587 -4.9756 64.99
      vertex -4.39058 -4.9533 64.99
    endloop
  endfacet
  facet normal 0 0 1
    outer loop
      vertex -4.54223 -2.05949 64.99
      vertex -4.46587 -4.9756 64.99
      vertex -4.46587 -2.07782 64.99
    endloop
  endfacet
  facet normal 0 0 1
    outer loop
      vertex -4.54223 -2.05949 64.99
      vertex -4.54223 -4.99393 64.99
      vertex -4.46587 -4.9756 64.99
    endloop
  endfacet
  facet normal 0 0 1
    outer loop
      vertex -4.61945 -2.04518 64.99
      vertex -4.54223 -4.99393 64.99
      vertex -4.54223 -2.05949 64.99
    endloop
  endfacet
  facet normal 0 0 1
    outer loop
      vertex -4.61945 -2.04518 64.99
      vertex -4.61945 -5.00824 64.99
      vertex -4.54223 -4.99393 64.99
    endloop
  endfacet
  facet normal 0 0 1
    outer loop
      vertex -4.69731 -2.03493 64.99
      vertex -4.61945 -5.00824 64.99
      vertex -4.61945 -2.04518 64.99
    endloop
  endfacet
  facet normal 0 0 1
    outer loop
      vertex -4.69731 -2.03493 64.99
      vertex -4.69731 -5.01849 64.99
      vertex -4.61945 -5.00824 64.99
    endloop
  endfacet
  facet normal 0 0 1
    outer loop
      vertex -4.7756 -2.02877 64.99
      vertex -4.69731 -5.01849 64.99
      vertex -4.69731 -2.03493 64.99
    endloop
  endfacet
  facet normal 0 0 1
    outer loop
      vertex -4.7756 -2.02877 64.99
      vertex -4.7756 -5.02466 64.99
      vertex -4.69731 -5.01849 64.99
    endloop
  endfacet
  facet normal 0 0 1
    outer loop
      vertex -4.8541 -2.02671 64.99
      vertex -4.7756 -5.02466 64.99
      vertex -4.7756 -2.02877 64.99
    endloop
  endfacet
  facet normal 0 0 1
    outer loop
      vertex -4.8541 -2.02671 64.99
      vertex -4.8541 -5.02671 64.99
      vertex -4.7756 -5.02466 64.99
    endloop
  endfacet
  facet normal -0 0 1
    outer loop
      vertex -4.93261 -2.02877 64.99
      vertex -4.8541 -5.02671 64.99
      vertex -4.8541 -2.02671 64.99
    endloop
  endfacet
  facet normal 0 0 1
    outer loop
      vertex -4.93261 -2.02877 64.99
      vertex -4.93261 -5.02466 64.99
      vertex -4.8541 -5.02671 64.99
    endloop
  endfacet
  facet normal -0 0 1
    outer loop
      vertex -5.01089 -2.03493 64.99
      vertex -4.93261 -5.02466 64.99
      vertex -4.93261 -2.02877 64.99
    endloop
  endfacet
  facet normal 0 0 1
    outer loop
      vertex -5.01089 -2.03493 64.99
      vertex -5.01089 -5.01849 64.99
      vertex -4.93261 -5.02466 64.99
    endloop
  endfacet
  facet normal -0 0 1
    outer loop
      vertex -5.08875 -2.04518 64.99
      vertex -5.01089 -5.01849 64.99
      vertex -5.01089 -2.03493 64.99
    endloop
  endfacet
  facet normal 0 0 1
    outer loop
      vertex -5.08875 -2.04518 64.99
      vertex -5.08875 -5.00824 64.99
      vertex -5.01089 -5.01849 64.99
    endloop
  endfacet
  facet normal -0 0 1
    outer loop
      vertex -5.16597 -2.05949 64.99
      vertex -5.08875 -5.00824 64.99
      vertex -5.08875 -2.04518 64.99
    endloop
  endfacet
  facet normal 0 0 1
    outer loop
      vertex -5.16597 -2.05949 64.99
      vertex -5.16597 -4.99393 64.99
      vertex -5.08875 -5.00824 64.99
    endloop
  endfacet
  facet normal -0 0 1
    outer loop
      vertex -5.24233 -2.07782 64.99
      vertex -5.16597 -4.99393 64.99
      vertex -5.16597 -2.05949 64.99
    endloop
  endfacet
  facet normal 0 0 1
    outer loop
      vertex -5.24233 -2.07782 64.99
      vertex -5.24233 -4.9756 64.99
      vertex -5.16597 -4.99393 64.99
    endloop
  endfacet
  facet normal -0 0 1
    outer loop
      vertex -5.31763 -2.10013 64.99
      vertex -5.24233 -4.9756 64.99
      vertex -5.24233 -2.07782 64.99
    endloop
  endfacet
  facet normal 0 0 1
    outer loop
      vertex -5.31763 -2.10013 64.99
      vertex -5.31763 -4.9533 64.99
      vertex -5.24233 -4.9756 64.99
    endloop
  endfacet
  facet normal -0 0 1
    outer loop
      vertex -5.39165 -2.12634 64.99
      vertex -5.31763 -4.9533 64.99
      vertex -5.31763 -2.10013 64.99
    endloop
  endfacet
  facet normal 0 0 1
    outer loop
      vertex -5.39165 -2.12634 64.99
      vertex -5.39165 -4.92708 64.99
      vertex -5.31763 -4.9533 64.99
    endloop
  endfacet
  facet normal -0 0 1
    outer loop
      vertex -5.46421 -2.15639 64.99
      vertex -5.39165 -4.92708 64.99
      vertex -5.39165 -2.12634 64.99
    endloop
  endfacet
  facet normal 0 0 1
    outer loop
      vertex -5.46421 -2.15639 64.99
      vertex -5.46421 -4.89703 64.99
      vertex -5.39165 -4.92708 64.99
    endloop
  endfacet
  facet normal -0 0 1
    outer loop
      vertex -5.53509 -2.1902 64.99
      vertex -5.46421 -4.89703 64.99
      vertex -5.46421 -2.15639 64.99
    endloop
  endfacet
  facet normal 0 0 1
    outer loop
      vertex -5.53509 -2.1902 64.99
      vertex -5.53509 -4.86322 64.99
      vertex -5.46421 -4.89703 64.99
    endloop
  endfacet
  facet normal -0 0 1
    outer loop
      vertex -5.6041 -2.22767 64.99
      vertex -5.53509 -4.86322 64.99
      vertex -5.53509 -2.1902 64.99
    endloop
  endfacet
  facet normal 0 0 1
    outer loop
      vertex -5.6041 -2.22767 64.99
      vertex -5.6041 -4.82575 64.99
      vertex -5.53509 -4.86322 64.99
    endloop
  endfacet
  facet normal -0 0 1
    outer loop
      vertex -5.67106 -2.26871 64.99
      vertex -5.6041 -4.82575 64.99
      vertex -5.6041 -2.22767 64.99
    endloop
  endfacet
  facet normal 0 0 1
    outer loop
      vertex -5.67106 -2.26871 64.99
      vertex -5.67106 -4.78472 64.99
      vertex -5.6041 -4.82575 64.99
    endloop
  endfacet
  facet normal -0 0 1
    outer loop
      vertex -5.73578 -2.31319 64.99
      vertex -5.67106 -4.78472 64.99
      vertex -5.67106 -2.26871 64.99
    endloop
  endfacet
  facet normal 0 0 1
    outer loop
      vertex -5.73578 -2.31319 64.99
      vertex -5.73578 -4.74024 64.99
      vertex -5.67106 -4.78472 64.99
    endloop
  endfacet
  facet normal -0 0 1
    outer loop
      vertex -5.79808 -2.36099 64.99
      vertex -5.73578 -4.74024 64.99
      vertex -5.73578 -2.31319 64.99
    endloop
  endfacet
  facet normal 0 0 1
    outer loop
      vertex -5.79808 -2.36099 64.99
      vertex -5.79808 -4.69243 64.99
      vertex -5.73578 -4.74024 64.99
    endloop
  endfacet
  facet normal -0 0 1
    outer loop
      vertex -5.8578 -2.41199 64.99
      vertex -5.79808 -4.69243 64.99
      vertex -5.79808 -2.36099 64.99
    endloop
  endfacet
  facet normal 0 0 1
    outer loop
      vertex -5.8578 -2.41199 64.99
      vertex -5.8578 -4.64143 64.99
      vertex -5.79808 -4.69243 64.99
    endloop
  endfacet
  facet normal -0 0 1
    outer loop
      vertex -5.91476 -2.46605 64.99
      vertex -5.8578 -4.64143 64.99
      vertex -5.8578 -2.41199 64.99
    endloop
  endfacet
  facet normal 0 0 1
    outer loop
      vertex -5.91476 -2.46605 64.99
      vertex -5.91476 -4.58737 64.99
      vertex -5.8578 -4.64143 64.99
    endloop
  endfacet
  facet normal -0 0 1
    outer loop
      vertex -5.96882 -2.52302 64.99
      vertex -5.91476 -4.58737 64.99
      vertex -5.91476 -2.46605 64.99
    endloop
  endfacet
  facet normal 0 0 1
    outer loop
      vertex -5.96882 -2.52302 64.99
      vertex -5.96882 -4.53041 64.99
      vertex -5.91476 -4.58737 64.99
    endloop
  endfacet
  facet normal -0 0 1
    outer loop
      vertex -6.01982 -2.58273 64.99
      vertex -5.96882 -4.53041 64.99
      vertex -5.96882 -2.52302 64.99
    endloop
  endfacet
  facet normal 0 0 1
    outer loop
      vertex -6.01982 -2.58273 64.99
      vertex -6.01982 -4.47069 64.99
      vertex -5.96882 -4.53041 64.99
    endloop
  endfacet
  facet normal -0 0 1
    outer loop
      vertex -6.06763 -2.64503 64.99
      vertex -6.01982 -4.47069 64.99
      vertex -6.01982 -2.58273 64.99
    endloop
  endfacet
  facet normal 0 0 1
    outer loop
      vertex -6.06763 -2.64503 64.99
      vertex -6.06763 -4.40839 64.99
      vertex -6.01982 -4.47069 64.99
    endloop
  endfacet
  facet normal -0 0 1
    outer loop
      vertex -6.11211 -2.70975 64.99
      vertex -6.06763 -4.40839 64.99
      vertex -6.06763 -2.64503 64.99
    endloop
  endfacet
  facet normal 0 0 1
    outer loop
      vertex -6.11211 -2.70975 64.99
      vertex -6.11211 -4.34367 64.99
      vertex -6.06763 -4.40839 64.99
    endloop
  endfacet
  facet normal -0 0 1
    outer loop
      vertex -6.15314 -2.77671 64.99
      vertex -6.11211 -4.34367 64.99
      vertex -6.11211 -2.70975 64.99
    endloop
  endfacet
  facet normal 0 0 1
    outer loop
      vertex -6.15314 -2.77671 64.99
      vertex -6.15314 -4.27671 64.99
      vertex -6.11211 -4.34367 64.99
    endloop
  endfacet
  facet normal -0 0 1
    outer loop
      vertex -6.19061 -2.84573 64.99
      vertex -6.15314 -4.27671 64.99
      vertex -6.15314 -2.77671 64.99
    endloop
  endfacet
  facet normal 0 0 1
    outer loop
      vertex -6.19061 -2.84573 64.99
      vertex -6.19061 -4.2077 64.99
      vertex -6.15314 -4.27671 64.99
    endloop
  endfacet
  facet normal -0 0 1
    outer loop
      vertex -6.22442 -2.91661 64.99
      vertex -6.19061 -4.2077 64.99
      vertex -6.19061 -2.84573 64.99
    endloop
  endfacet
  facet normal 0 0 1
    outer loop
      vertex -6.22442 -2.91661 64.99
      vertex -6.22442 -4.13682 64.99
      vertex -6.19061 -4.2077 64.99
    endloop
  endfacet
  facet normal -0 0 1
    outer loop
      vertex -6.25447 -2.98916 64.99
      vertex -6.22442 -4.13682 64.99
      vertex -6.22442 -2.91661 64.99
    endloop
  endfacet
  facet normal 0 0 1
    outer loop
      vertex -6.25447 -2.98916 64.99
      vertex -6.25447 -4.06426 64.99
      vertex -6.22442 -4.13682 64.99
    endloop
  endfacet
  facet normal -0 0 1
    outer loop
      vertex -6.28069 -3.06319 64.99
      vertex -6.25447 -4.06426 64.99
      vertex -6.25447 -2.98916 64.99
    endloop
  endfacet
  facet normal 0 0 1
    outer loop
      vertex -6.28069 -3.06319 64.99
      vertex -6.28069 -3.99024 64.99
      vertex -6.25447 -4.06426 64.99
    endloop
  endfacet
  facet normal -0 0 1
    outer loop
      vertex -6.30299 -3.13848 64.99
      vertex -6.28069 -3.99024 64.99
      vertex -6.28069 -3.06319 64.99
    endloop
  endfacet
  facet normal 0 0 1
    outer loop
      vertex -6.30299 -3.13848 64.99
      vertex -6.30299 -3.91494 64.99
      vertex -6.28069 -3.99024 64.99
    endloop
  endfacet
  facet normal -0 0 1
    outer loop
      vertex -6.32132 -3.21484 64.99
      vertex -6.30299 -3.91494 64.99
      vertex -6.30299 -3.13848 64.99
    endloop
  endfacet
  facet normal 0 0 1
    outer loop
      vertex -6.32132 -3.21484 64.99
      vertex -6.32132 -3.83858 64.99
      vertex -6.30299 -3.91494 64.99
    endloop
  endfacet
  facet normal -0 0 1
    outer loop
      vertex -6.33563 -3.29206 64.99
      vertex -6.32132 -3.83858 64.99
      vertex -6.32132 -3.21484 64.99
    endloop
  endfacet
  facet normal 0 0 1
    outer loop
      vertex -6.33563 -3.29206 64.99
      vertex -6.33563 -3.76136 64.99
      vertex -6.32132 -3.83858 64.99
    endloop
  endfacet
  facet normal -0 0 1
    outer loop
      vertex -6.34588 -3.36992 64.99
      vertex -6.33563 -3.76136 64.99
      vertex -6.33563 -3.29206 64.99
    endloop
  endfacet
  facet normal 0 0 1
    outer loop
      vertex -6.34588 -3.36992 64.99
      vertex -6.34588 -3.6835 64.99
      vertex -6.33563 -3.76136 64.99
    endloop
  endfacet
  facet normal -0 0 1
    outer loop
      vertex -6.35205 -3.44821 64.99
      vertex -6.34588 -3.6835 64.99
      vertex -6.34588 -3.36992 64.99
    endloop
  endfacet
  facet normal 0 0 1
    outer loop
      vertex -6.35205 -3.44821 64.99
      vertex -6.35205 -3.60522 64.99
      vertex -6.34588 -3.6835 64.99
    endloop
  endfacet
  facet normal 0 -0 1
    outer loop
      vertex -6.35205 -3.60522 64.99
      vertex -6.35205 -3.44821 64.99
      vertex -6.3541 -3.52671 64.99
    endloop
  endfacet
  facet normal -0.760388 -0.649469 0
    outer loop
      vertex -3.68838 -2.58273 64.99
      vertex -3.73938 -2.52302 65
      vertex -3.73938 -2.52302 64.99
    endloop
  endfacet
  facet normal -0.760388 -0.649469 0
    outer loop
      vertex -3.73938 -2.52302 65
      vertex -3.68838 -2.58273 64.99
      vertex -3.68838 -2.58273 65
    endloop
  endfacet
  facet normal 0.958837 0.283958 0
    outer loop
      vertex -6.28069 -3.99024 65
      vertex -6.30299 -3.91494 64.99
      vertex -6.30299 -3.91494 65
    endloop
  endfacet
  facet normal 0.958837 0.283958 0
    outer loop
      vertex -6.30299 -3.91494 64.99
      vertex -6.28069 -3.99024 65
      vertex -6.28069 -3.99024 64.99
    endloop
  endfacet
  facet normal -0.688338 -0.72539 0
    outer loop
      vertex -3.85041 -2.41199 64.99
      vertex -3.79344 -2.46605 65
      vertex -3.85041 -2.41199 65
    endloop
  endfacet
  facet normal -0.688338 -0.72539 -0
    outer loop
      vertex -3.79344 -2.46605 65
      vertex -3.85041 -2.41199 64.99
      vertex -3.79344 -2.46605 64.99
    endloop
  endfacet
  facet normal -0.477112 0.878843 0
    outer loop
      vertex -4.1041 -4.82575 64.99
      vertex -4.17312 -4.86322 65
      vertex -4.1041 -4.82575 65
    endloop
  endfacet
  facet normal -0.477112 0.878843 0
    outer loop
      vertex -4.17312 -4.86322 65
      vertex -4.1041 -4.82575 64.99
      vertex -4.17312 -4.86322 64.99
    endloop
  endfacet
  facet normal 0.382625 0.923904 -0
    outer loop
      vertex -5.39165 -4.92708 64.99
      vertex -5.46421 -4.89703 65
      vertex -5.39165 -4.92708 65
    endloop
  endfacet
  facet normal 0.382625 0.923904 0
    outer loop
      vertex -5.46421 -4.89703 65
      vertex -5.39165 -4.92708 64.99
      vertex -5.46421 -4.89703 64.99
    endloop
  endfacet
  facet normal 0.958826 -0.283993 0
    outer loop
      vertex -6.30299 -3.13848 65
      vertex -6.28069 -3.06319 64.99
      vertex -6.28069 -3.06319 65
    endloop
  endfacet
  facet normal 0.958826 -0.283993 0
    outer loop
      vertex -6.28069 -3.06319 64.99
      vertex -6.30299 -3.13848 65
      vertex -6.30299 -3.13848 64.99
    endloop
  endfacet
  facet normal -0.333746 -0.942663 0
    outer loop
      vertex -4.39058 -2.10013 64.99
      vertex -4.31655 -2.12634 65
      vertex -4.39058 -2.10013 65
    endloop
  endfacet
  facet normal -0.333746 -0.942663 -0
    outer loop
      vertex -4.31655 -2.12634 65
      vertex -4.39058 -2.10013 64.99
      vertex -4.31655 -2.12634 64.99
    endloop
  endfacet
  facet normal -0.430532 0.902576 0
    outer loop
      vertex -4.17312 -4.86322 64.99
      vertex -4.244 -4.89703 65
      vertex -4.17312 -4.86322 65
    endloop
  endfacet
  facet normal -0.430532 0.902576 0
    outer loop
      vertex -4.244 -4.89703 65
      vertex -4.17312 -4.86322 64.99
      vertex -4.244 -4.89703 64.99
    endloop
  endfacet
  facet normal -0.649469 -0.760388 0
    outer loop
      vertex -3.91012 -2.36099 64.99
      vertex -3.85041 -2.41199 65
      vertex -3.91012 -2.36099 65
    endloop
  endfacet
  facet normal -0.649469 -0.760388 -0
    outer loop
      vertex -3.85041 -2.41199 65
      vertex -3.91012 -2.36099 64.99
      vertex -3.85041 -2.41199 64.99
    endloop
  endfacet
  facet normal 0.477165 -0.878814 0
    outer loop
      vertex -5.6041 -2.22767 64.99
      vertex -5.53509 -2.1902 65
      vertex -5.6041 -2.22767 65
    endloop
  endfacet
  facet normal 0.477165 -0.878814 0
    outer loop
      vertex -5.53509 -2.1902 65
      vertex -5.6041 -2.22767 64.99
      vertex -5.53509 -2.1902 64.99
    endloop
  endfacet
  facet normal 0.430532 -0.902576 0
    outer loop
      vertex -5.53509 -2.1902 64.99
      vertex -5.46421 -2.15639 65
      vertex -5.53509 -2.1902 65
    endloop
  endfacet
  facet normal 0.430532 -0.902576 0
    outer loop
      vertex -5.46421 -2.15639 65
      vertex -5.53509 -2.1902 64.99
      vertex -5.46421 -2.15639 64.99
    endloop
  endfacet
  facet normal 0.0785759 0.996908 -0
    outer loop
      vertex -4.93261 -5.02466 64.99
      vertex -5.01089 -5.01849 65
      vertex -4.93261 -5.02466 65
    endloop
  endfacet
  facet normal 0.0785759 0.996908 0
    outer loop
      vertex -5.01089 -5.01849 65
      vertex -4.93261 -5.02466 64.99
      vertex -5.01089 -5.01849 64.99
    endloop
  endfacet
  facet normal -0.902576 0.430532 0
    outer loop
      vertex -3.51759 -4.2077 64.99
      vertex -3.48378 -4.13682 65
      vertex -3.48378 -4.13682 64.99
    endloop
  endfacet
  facet normal -0.902576 0.430532 0
    outer loop
      vertex -3.48378 -4.13682 65
      vertex -3.51759 -4.2077 64.99
      vertex -3.51759 -4.2077 65
    endloop
  endfacet
  facet normal -0.852601 0.522562 0
    outer loop
      vertex -3.5961 -4.34367 64.99
      vertex -3.55506 -4.27671 65
      vertex -3.55506 -4.27671 64.99
    endloop
  endfacet
  facet normal -0.852601 0.522562 0
    outer loop
      vertex -3.55506 -4.27671 65
      vertex -3.5961 -4.34367 64.99
      vertex -3.5961 -4.34367 65
    endloop
  endfacet
  facet normal -0.760442 0.649406 0
    outer loop
      vertex -3.73938 -4.53041 64.99
      vertex -3.68838 -4.47069 65
      vertex -3.68838 -4.47069 64.99
    endloop
  endfacet
  facet normal -0.760442 0.649406 0
    outer loop
      vertex -3.68838 -4.47069 65
      vertex -3.73938 -4.53041 64.99
      vertex -3.73938 -4.53041 65
    endloop
  endfacet
  facet normal 0.0784494 -0.996918 0
    outer loop
      vertex -5.01089 -2.03493 64.99
      vertex -4.93261 -2.02877 65
      vertex -5.01089 -2.03493 65
    endloop
  endfacet
  facet normal 0.0784494 -0.996918 0
    outer loop
      vertex -4.93261 -2.02877 65
      vertex -5.01089 -2.03493 64.99
      vertex -4.93261 -2.02877 64.99
    endloop
  endfacet
  facet normal -0.182212 -0.983259 0
    outer loop
      vertex -4.61945 -2.04518 64.99
      vertex -4.54223 -2.05949 65
      vertex -4.61945 -2.04518 65
    endloop
  endfacet
  facet normal -0.182212 -0.983259 -0
    outer loop
      vertex -4.54223 -2.05949 65
      vertex -4.61945 -2.04518 64.99
      vertex -4.54223 -2.05949 64.99
    endloop
  endfacet
  facet normal -0.972377 -0.233416 0
    outer loop
      vertex -3.38688 -3.21484 64.99
      vertex -3.40521 -3.13848 65
      vertex -3.40521 -3.13848 64.99
    endloop
  endfacet
  facet normal -0.972377 -0.233416 0
    outer loop
      vertex -3.40521 -3.13848 65
      vertex -3.38688 -3.21484 64.99
      vertex -3.38688 -3.21484 65
    endloop
  endfacet
  facet normal -0.13052 0.991446 0
    outer loop
      vertex -4.61945 -5.00824 64.99
      vertex -4.69731 -5.01849 65
      vertex -4.61945 -5.00824 65
    endloop
  endfacet
  facet normal -0.13052 0.991446 0
    outer loop
      vertex -4.69731 -5.01849 65
      vertex -4.61945 -5.00824 64.99
      vertex -4.69731 -5.01849 64.99
    endloop
  endfacet
  facet normal -0.958792 -0.28411 0
    outer loop
      vertex -3.40521 -3.13848 64.99
      vertex -3.42752 -3.06319 65
      vertex -3.42752 -3.06319 64.99
    endloop
  endfacet
  facet normal -0.958792 -0.28411 0
    outer loop
      vertex -3.42752 -3.06319 65
      vertex -3.40521 -3.13848 64.99
      vertex -3.40521 -3.13848 65
    endloop
  endfacet
  facet normal -0.522562 -0.852601 0
    outer loop
      vertex -4.1041 -2.22767 64.99
      vertex -4.03714 -2.26871 65
      vertex -4.1041 -2.22767 65
    endloop
  endfacet
  facet normal -0.522562 -0.852601 -0
    outer loop
      vertex -4.03714 -2.26871 65
      vertex -4.1041 -2.22767 64.99
      vertex -4.03714 -2.26871 64.99
    endloop
  endfacet
  facet normal 0.688401 0.72533 -0
    outer loop
      vertex -5.8578 -4.64143 64.99
      vertex -5.91476 -4.58737 65
      vertex -5.8578 -4.64143 65
    endloop
  endfacet
  facet normal 0.688401 0.72533 0
    outer loop
      vertex -5.91476 -4.58737 65
      vertex -5.8578 -4.64143 64.99
      vertex -5.91476 -4.58737 64.99
    endloop
  endfacet
  facet normal 0.283958 0.958837 -0
    outer loop
      vertex -5.24233 -4.9756 64.99
      vertex -5.31763 -4.9533 65
      vertex -5.24233 -4.9756 65
    endloop
  endfacet
  facet normal 0.283958 0.958837 0
    outer loop
      vertex -5.31763 -4.9533 65
      vertex -5.24233 -4.9756 64.99
      vertex -5.31763 -4.9533 64.99
    endloop
  endfacet
  facet normal 0.333899 0.942609 -0
    outer loop
      vertex -5.31763 -4.9533 64.99
      vertex -5.39165 -4.92708 65
      vertex -5.31763 -4.9533 65
    endloop
  endfacet
  facet normal 0.333899 0.942609 0
    outer loop
      vertex -5.39165 -4.92708 65
      vertex -5.31763 -4.9533 64.99
      vertex -5.39165 -4.92708 64.99
    endloop
  endfacet
  facet normal -0.972377 0.233416 0
    outer loop
      vertex -3.40521 -3.91494 64.99
      vertex -3.38688 -3.83858 65
      vertex -3.38688 -3.83858 64.99
    endloop
  endfacet
  facet normal -0.972377 0.233416 0
    outer loop
      vertex -3.38688 -3.83858 65
      vertex -3.40521 -3.91494 64.99
      vertex -3.40521 -3.91494 65
    endloop
  endfacet
  facet normal -0.0784394 -0.996919 0
    outer loop
      vertex -4.7756 -2.02877 64.99
      vertex -4.69731 -2.03493 65
      vertex -4.7756 -2.02877 65
    endloop
  endfacet
  facet normal -0.0784394 -0.996919 -0
    outer loop
      vertex -4.69731 -2.03493 65
      vertex -4.7756 -2.02877 64.99
      vertex -4.69731 -2.03493 64.99
    endloop
  endfacet
  facet normal 0.760442 0.649406 0
    outer loop
      vertex -5.96882 -4.53041 65
      vertex -6.01982 -4.47069 64.99
      vertex -6.01982 -4.47069 65
    endloop
  endfacet
  facet normal 0.760442 0.649406 0
    outer loop
      vertex -6.01982 -4.47069 64.99
      vertex -5.96882 -4.53041 65
      vertex -5.96882 -4.53041 64.99
    endloop
  endfacet
  facet normal -0.608726 -0.793381 0
    outer loop
      vertex -3.97242 -2.31319 64.99
      vertex -3.91012 -2.36099 65
      vertex -3.97242 -2.31319 65
    endloop
  endfacet
  facet normal -0.608726 -0.793381 -0
    outer loop
      vertex -3.91012 -2.36099 65
      vertex -3.97242 -2.31319 64.99
      vertex -3.91012 -2.36099 64.99
    endloop
  endfacet
  facet normal 0.824131 -0.566399 0
    outer loop
      vertex -6.11211 -2.70975 65
      vertex -6.06763 -2.64503 64.99
      vertex -6.06763 -2.64503 65
    endloop
  endfacet
  facet normal 0.824131 -0.566399 0
    outer loop
      vertex -6.06763 -2.64503 64.99
      vertex -6.11211 -2.70975 65
      vertex -6.11211 -2.70975 64.99
    endloop
  endfacet
  facet normal 0.991446 -0.13052 0
    outer loop
      vertex -6.34588 -3.36992 65
      vertex -6.33563 -3.29206 64.99
      vertex -6.33563 -3.29206 65
    endloop
  endfacet
  facet normal 0.991446 -0.13052 0
    outer loop
      vertex -6.33563 -3.29206 64.99
      vertex -6.34588 -3.36992 65
      vertex -6.34588 -3.36992 64.99
    endloop
  endfacet
  facet normal 0.996909 -0.0785659 0
    outer loop
      vertex -6.35205 -3.44821 65
      vertex -6.34588 -3.36992 64.99
      vertex -6.34588 -3.36992 65
    endloop
  endfacet
  facet normal 0.996909 -0.0785659 0
    outer loop
      vertex -6.34588 -3.36992 64.99
      vertex -6.35205 -3.44821 65
      vertex -6.35205 -3.44821 64.99
    endloop
  endfacet
  facet normal 0.923904 0.382625 0
    outer loop
      vertex -6.22442 -4.13682 65
      vertex -6.25447 -4.06426 64.99
      vertex -6.25447 -4.06426 65
    endloop
  endfacet
  facet normal 0.923904 0.382625 0
    outer loop
      vertex -6.25447 -4.06426 64.99
      vertex -6.22442 -4.13682 65
      vertex -6.22442 -4.13682 64.99
    endloop
  endfacet
  facet normal 0.522562 -0.852601 0
    outer loop
      vertex -5.67106 -2.26871 64.99
      vertex -5.6041 -2.22767 65
      vertex -5.67106 -2.26871 65
    endloop
  endfacet
  facet normal 0.522562 -0.852601 0
    outer loop
      vertex -5.6041 -2.22767 65
      vertex -5.67106 -2.26871 64.99
      vertex -5.6041 -2.22767 64.99
    endloop
  endfacet
  facet normal 0.72539 -0.688338 0
    outer loop
      vertex -5.96882 -2.52302 65
      vertex -5.91476 -2.46605 64.99
      vertex -5.91476 -2.46605 65
    endloop
  endfacet
  facet normal 0.72539 -0.688338 0
    outer loop
      vertex -5.91476 -2.46605 64.99
      vertex -5.96882 -2.52302 65
      vertex -5.96882 -2.52302 64.99
    endloop
  endfacet
  facet normal 0.793319 -0.608806 0
    outer loop
      vertex -6.06763 -2.64503 65
      vertex -6.01982 -2.58273 64.99
      vertex -6.01982 -2.58273 65
    endloop
  endfacet
  facet normal 0.793319 -0.608806 0
    outer loop
      vertex -6.01982 -2.58273 64.99
      vertex -6.06763 -2.64503 65
      vertex -6.06763 -2.64503 64.99
    endloop
  endfacet
  facet normal 0.852658 0.522469 0
    outer loop
      vertex -6.11211 -4.34367 65
      vertex -6.15314 -4.27671 64.99
      vertex -6.15314 -4.27671 65
    endloop
  endfacet
  facet normal 0.852658 0.522469 0
    outer loop
      vertex -6.15314 -4.27671 64.99
      vertex -6.11211 -4.34367 65
      vertex -6.11211 -4.34367 64.99
    endloop
  endfacet
  facet normal 0.522469 0.852658 -0
    outer loop
      vertex -5.6041 -4.82575 64.99
      vertex -5.67106 -4.78472 65
      vertex -5.6041 -4.82575 65
    endloop
  endfacet
  facet normal 0.522469 0.852658 0
    outer loop
      vertex -5.67106 -4.78472 65
      vertex -5.6041 -4.82575 64.99
      vertex -5.67106 -4.78472 64.99
    endloop
  endfacet
  facet normal -0.958802 0.284075 0
    outer loop
      vertex -3.42752 -3.99024 64.99
      vertex -3.40521 -3.91494 65
      vertex -3.40521 -3.91494 64.99
    endloop
  endfacet
  facet normal -0.958802 0.284075 0
    outer loop
      vertex -3.40521 -3.91494 65
      vertex -3.42752 -3.99024 64.99
      vertex -3.42752 -3.99024 65
    endloop
  endfacet
  facet normal -0.942649 0.333786 0
    outer loop
      vertex -3.45373 -4.06426 64.99
      vertex -3.42752 -3.99024 65
      vertex -3.42752 -3.99024 64.99
    endloop
  endfacet
  facet normal -0.942649 0.333786 0
    outer loop
      vertex -3.42752 -3.99024 65
      vertex -3.45373 -4.06426 64.99
      vertex -3.45373 -4.06426 65
    endloop
  endfacet
  facet normal 0.923885 -0.38267 0
    outer loop
      vertex -6.25447 -2.98916 65
      vertex -6.22442 -2.91661 64.99
      vertex -6.22442 -2.91661 65
    endloop
  endfacet
  facet normal 0.923885 -0.38267 0
    outer loop
      vertex -6.22442 -2.91661 64.99
      vertex -6.25447 -2.98916 65
      vertex -6.25447 -2.98916 64.99
    endloop
  endfacet
  facet normal -0.688338 0.72539 0
    outer loop
      vertex -3.79344 -4.58737 64.99
      vertex -3.85041 -4.64143 65
      vertex -3.79344 -4.58737 65
    endloop
  endfacet
  facet normal -0.688338 0.72539 0
    outer loop
      vertex -3.85041 -4.64143 65
      vertex -3.79344 -4.58737 64.99
      vertex -3.85041 -4.64143 64.99
    endloop
  endfacet
  facet normal 0.996908 0.0785759 0
    outer loop
      vertex -6.34588 -3.6835 65
      vertex -6.35205 -3.60522 64.99
      vertex -6.35205 -3.60522 65
    endloop
  endfacet
  facet normal 0.996908 0.0785759 0
    outer loop
      vertex -6.35205 -3.60522 64.99
      vertex -6.34588 -3.6835 65
      vertex -6.34588 -3.6835 64.99
    endloop
  endfacet
  facet normal -0.566399 0.824131 0
    outer loop
      vertex -3.97242 -4.74024 64.99
      vertex -4.03714 -4.78472 65
      vertex -3.97242 -4.74024 65
    endloop
  endfacet
  facet normal -0.566399 0.824131 0
    outer loop
      vertex -4.03714 -4.78472 65
      vertex -3.97242 -4.74024 64.99
      vertex -4.03714 -4.78472 64.99
    endloop
  endfacet
  facet normal 0.878843 -0.477112 0
    outer loop
      vertex -6.19061 -2.84573 65
      vertex -6.15314 -2.77671 64.99
      vertex -6.15314 -2.77671 65
    endloop
  endfacet
  facet normal 0.878843 -0.477112 0
    outer loop
      vertex -6.15314 -2.77671 64.99
      vertex -6.19061 -2.84573 65
      vertex -6.19061 -2.84573 64.99
    endloop
  endfacet
  facet normal 0.983259 -0.182212 0
    outer loop
      vertex -6.33563 -3.29206 65
      vertex -6.32132 -3.21484 64.99
      vertex -6.32132 -3.21484 65
    endloop
  endfacet
  facet normal 0.983259 -0.182212 0
    outer loop
      vertex -6.32132 -3.21484 64.99
      vertex -6.33563 -3.29206 65
      vertex -6.33563 -3.29206 64.99
    endloop
  endfacet
  facet normal -0.13052 -0.991446 0
    outer loop
      vertex -4.69731 -2.03493 64.99
      vertex -4.61945 -2.04518 65
      vertex -4.69731 -2.03493 65
    endloop
  endfacet
  facet normal -0.13052 -0.991446 -0
    outer loop
      vertex -4.61945 -2.04518 65
      vertex -4.69731 -2.03493 64.99
      vertex -4.61945 -2.04518 64.99
    endloop
  endfacet
  facet normal -0.0785659 0.996909 0
    outer loop
      vertex -4.69731 -5.01849 64.99
      vertex -4.7756 -5.02466 65
      vertex -4.69731 -5.01849 65
    endloop
  endfacet
  facet normal -0.0785659 0.996909 0
    outer loop
      vertex -4.7756 -5.02466 65
      vertex -4.69731 -5.01849 64.99
      vertex -4.7756 -5.02466 64.99
    endloop
  endfacet
  facet normal 0.233416 0.972377 -0
    outer loop
      vertex -5.16597 -4.99393 64.99
      vertex -5.24233 -4.9756 65
      vertex -5.16597 -4.99393 65
    endloop
  endfacet
  facet normal 0.233416 0.972377 0
    outer loop
      vertex -5.24233 -4.9756 65
      vertex -5.16597 -4.99393 64.99
      vertex -5.24233 -4.9756 64.99
    endloop
  endfacet
  facet normal -0.824131 0.566399 0
    outer loop
      vertex -3.64058 -4.40839 64.99
      vertex -3.5961 -4.34367 65
      vertex -3.5961 -4.34367 64.99
    endloop
  endfacet
  facet normal -0.824131 0.566399 0
    outer loop
      vertex -3.5961 -4.34367 65
      vertex -3.64058 -4.40839 64.99
      vertex -3.64058 -4.40839 65
    endloop
  endfacet
  facet normal -0.026233 -0.999656 0
    outer loop
      vertex -4.8541 -2.02671 64.99
      vertex -4.7756 -2.02877 65
      vertex -4.8541 -2.02671 65
    endloop
  endfacet
  facet normal -0.026233 -0.999656 -0
    outer loop
      vertex -4.7756 -2.02877 65
      vertex -4.8541 -2.02671 64.99
      vertex -4.7756 -2.02877 64.99
    endloop
  endfacet
  facet normal 0.0262297 -0.999656 0
    outer loop
      vertex -4.93261 -2.02877 64.99
      vertex -4.8541 -2.02671 65
      vertex -4.93261 -2.02877 65
    endloop
  endfacet
  facet normal 0.0262297 -0.999656 0
    outer loop
      vertex -4.8541 -2.02671 65
      vertex -4.93261 -2.02877 64.99
      vertex -4.8541 -2.02671 64.99
    endloop
  endfacet
  facet normal 0.608806 0.793319 -0
    outer loop
      vertex -5.73578 -4.74024 64.99
      vertex -5.79808 -4.69243 65
      vertex -5.73578 -4.74024 65
    endloop
  endfacet
  facet normal 0.608806 0.793319 0
    outer loop
      vertex -5.79808 -4.69243 65
      vertex -5.73578 -4.74024 64.99
      vertex -5.79808 -4.69243 64.99
    endloop
  endfacet
  facet normal 0.999659 0.0261024 0
    outer loop
      vertex -6.35205 -3.60522 65
      vertex -6.3541 -3.52671 64.99
      vertex -6.3541 -3.52671 65
    endloop
  endfacet
  facet normal 0.999659 0.0261024 0
    outer loop
      vertex -6.3541 -3.52671 64.99
      vertex -6.35205 -3.60522 65
      vertex -6.35205 -3.60522 64.99
    endloop
  endfacet
  facet normal -0.233416 -0.972377 0
    outer loop
      vertex -4.54223 -2.05949 64.99
      vertex -4.46587 -2.07782 65
      vertex -4.54223 -2.05949 65
    endloop
  endfacet
  facet normal -0.233416 -0.972377 -0
    outer loop
      vertex -4.46587 -2.07782 65
      vertex -4.54223 -2.05949 64.99
      vertex -4.46587 -2.07782 64.99
    endloop
  endfacet
  facet normal -0.283993 0.958826 0
    outer loop
      vertex -4.39058 -4.9533 64.99
      vertex -4.46587 -4.9756 65
      vertex -4.39058 -4.9533 65
    endloop
  endfacet
  facet normal -0.283993 0.958826 0
    outer loop
      vertex -4.46587 -4.9756 65
      vertex -4.39058 -4.9533 64.99
      vertex -4.46587 -4.9756 64.99
    endloop
  endfacet
  facet normal -0.793381 0.608726 0
    outer loop
      vertex -3.68838 -4.47069 64.99
      vertex -3.64058 -4.40839 65
      vertex -3.64058 -4.40839 64.99
    endloop
  endfacet
  facet normal -0.793381 0.608726 0
    outer loop
      vertex -3.64058 -4.40839 65
      vertex -3.68838 -4.47069 64.99
      vertex -3.68838 -4.47069 65
    endloop
  endfacet
  facet normal -0.333859 0.942623 0
    outer loop
      vertex -4.31655 -4.92708 64.99
      vertex -4.39058 -4.9533 65
      vertex -4.31655 -4.92708 65
    endloop
  endfacet
  facet normal -0.333859 0.942623 0
    outer loop
      vertex -4.39058 -4.9533 65
      vertex -4.31655 -4.92708 64.99
      vertex -4.39058 -4.9533 64.99
    endloop
  endfacet
  facet normal 0.902576 0.430532 0
    outer loop
      vertex -6.19061 -4.2077 65
      vertex -6.22442 -4.13682 64.99
      vertex -6.22442 -4.13682 65
    endloop
  endfacet
  facet normal 0.902576 0.430532 0
    outer loop
      vertex -6.22442 -4.13682 64.99
      vertex -6.19061 -4.2077 65
      vertex -6.19061 -4.2077 64.99
    endloop
  endfacet
  facet normal 0.878814 0.477165 0
    outer loop
      vertex -6.15314 -4.27671 65
      vertex -6.19061 -4.2077 64.99
      vertex -6.19061 -4.2077 65
    endloop
  endfacet
  facet normal 0.878814 0.477165 0
    outer loop
      vertex -6.19061 -4.2077 64.99
      vertex -6.15314 -4.27671 65
      vertex -6.15314 -4.27671 64.99
    endloop
  endfacet
  facet normal -0.477165 -0.878814 0
    outer loop
      vertex 2.53509 -4.36983 64.99
      vertex 2.6041 -4.4073 65
      vertex 2.53509 -4.36983 65
    endloop
  endfacet
  facet normal -0.477165 -0.878814 -0
    outer loop
      vertex 2.6041 -4.4073 65
      vertex 2.53509 -4.36983 64.99
      vertex 2.6041 -4.4073 64.99
    endloop
  endfacet
  facet normal -0.996908 -0.0785759 0
    outer loop
      vertex 3.35205 -5.62783 64.99
      vertex 3.34588 -5.54955 65
      vertex 3.34588 -5.54955 64.99
    endloop
  endfacet
  facet normal -0.996908 -0.0785759 0
    outer loop
      vertex 3.34588 -5.54955 65
      vertex 3.35205 -5.62783 64.99
      vertex 3.35205 -5.62783 65
    endloop
  endfacet
  facet normal -0.999659 -0.0261024 0
    outer loop
      vertex 3.3541 -5.70634 64.99
      vertex 3.35205 -5.62783 65
      vertex 3.35205 -5.62783 64.99
    endloop
  endfacet
  facet normal -0.999659 -0.0261024 0
    outer loop
      vertex 3.35205 -5.62783 65
      vertex 3.3541 -5.70634 64.99
      vertex 3.3541 -5.70634 65
    endloop
  endfacet
  facet normal -0.991446 -0.13052 0
    outer loop
      vertex 3.34588 -5.54955 64.99
      vertex 3.33563 -5.47169 65
      vertex 3.33563 -5.47169 64.99
    endloop
  endfacet
  facet normal -0.991446 -0.13052 0
    outer loop
      vertex 3.33563 -5.47169 65
      vertex 3.34588 -5.54955 64.99
      vertex 3.34588 -5.54955 65
    endloop
  endfacet
  facet normal -0.382625 -0.923904 0
    outer loop
      vertex 2.39165 -4.30597 64.99
      vertex 2.46421 -4.33602 65
      vertex 2.39165 -4.30597 65
    endloop
  endfacet
  facet normal -0.382625 -0.923904 -0
    outer loop
      vertex 2.46421 -4.33602 65
      vertex 2.39165 -4.30597 64.99
      vertex 2.46421 -4.33602 64.99
    endloop
  endfacet
  facet normal -0.942609 -0.333899 0
    outer loop
      vertex 3.28069 -5.24281 64.99
      vertex 3.25447 -5.16879 65
      vertex 3.25447 -5.16879 64.99
    endloop
  endfacet
  facet normal -0.942609 -0.333899 0
    outer loop
      vertex 3.25447 -5.16879 65
      vertex 3.28069 -5.24281 64.99
      vertex 3.28069 -5.24281 65
    endloop
  endfacet
  facet normal -0.852658 -0.522469 0
    outer loop
      vertex 3.15314 -4.95634 64.99
      vertex 3.11211 -4.88938 65
      vertex 3.11211 -4.88938 64.99
    endloop
  endfacet
  facet normal -0.852658 -0.522469 0
    outer loop
      vertex 3.11211 -4.88938 65
      vertex 3.15314 -4.95634 64.99
      vertex 3.15314 -4.95634 65
    endloop
  endfacet
  facet normal -0.0784494 0.996918 0
    outer loop
      vertex 2.01089 -7.19812 64.99
      vertex 1.93261 -7.20428 65
      vertex 2.01089 -7.19812 65
    endloop
  endfacet
  facet normal -0.0784494 0.996918 0
    outer loop
      vertex 1.93261 -7.20428 65
      vertex 2.01089 -7.19812 64.99
      vertex 1.93261 -7.20428 64.99
    endloop
  endfacet
  facet normal -0.608806 -0.793319 0
    outer loop
      vertex 2.73578 -4.49281 64.99
      vertex 2.79808 -4.54062 65
      vertex 2.73578 -4.49281 65
    endloop
  endfacet
  facet normal -0.608806 -0.793319 -0
    outer loop
      vertex 2.79808 -4.54062 65
      vertex 2.73578 -4.49281 64.99
      vertex 2.79808 -4.54062 64.99
    endloop
  endfacet
  facet normal 0.972371 -0.23344 0
    outer loop
      vertex 0.38688 -5.39447 65
      vertex 0.405212 -5.31811 64.99
      vertex 0.405212 -5.31811 65
    endloop
  endfacet
  facet normal 0.972371 -0.23344 0
    outer loop
      vertex 0.405212 -5.31811 64.99
      vertex 0.38688 -5.39447 65
      vertex 0.38688 -5.39447 64.99
    endloop
  endfacet
  facet normal -0.824131 -0.566399 0
    outer loop
      vertex 3.11211 -4.88938 64.99
      vertex 3.06763 -4.82466 65
      vertex 3.06763 -4.82466 64.99
    endloop
  endfacet
  facet normal -0.824131 -0.566399 0
    outer loop
      vertex 3.06763 -4.82466 65
      vertex 3.11211 -4.88938 64.99
      vertex 3.11211 -4.88938 65
    endloop
  endfacet
  facet normal -0.972377 -0.233416 0
    outer loop
      vertex 3.32132 -5.39447 64.99
      vertex 3.30299 -5.31811 65
      vertex 3.30299 -5.31811 64.99
    endloop
  endfacet
  facet normal -0.972377 -0.233416 0
    outer loop
      vertex 3.30299 -5.31811 65
      vertex 3.32132 -5.39447 64.99
      vertex 3.32132 -5.39447 65
    endloop
  endfacet
  facet normal 0.0261057 -0.999659 0
    outer loop
      vertex 1.7756 -4.20839 64.99
      vertex 1.8541 -4.20634 65
      vertex 1.7756 -4.20839 65
    endloop
  endfacet
  facet normal 0.0261057 -0.999659 0
    outer loop
      vertex 1.8541 -4.20634 65
      vertex 1.7756 -4.20839 64.99
      vertex 1.8541 -4.20634 64.99
    endloop
  endfacet
  facet normal -0.996909 0.0785659 0
    outer loop
      vertex 3.34588 -5.86313 64.99
      vertex 3.35205 -5.78484 65
      vertex 3.35205 -5.78484 64.99
    endloop
  endfacet
  facet normal -0.996909 0.0785659 0
    outer loop
      vertex 3.35205 -5.78484 65
      vertex 3.34588 -5.86313 64.99
      vertex 3.34588 -5.86313 65
    endloop
  endfacet
  facet normal -0.522469 -0.852658 0
    outer loop
      vertex 2.6041 -4.4073 64.99
      vertex 2.67106 -4.44833 65
      vertex 2.6041 -4.4073 65
    endloop
  endfacet
  facet normal -0.522469 -0.852658 -0
    outer loop
      vertex 2.67106 -4.44833 65
      vertex 2.6041 -4.4073 64.99
      vertex 2.67106 -4.44833 64.99
    endloop
  endfacet
  facet normal -0.999659 0.0261057 0
    outer loop
      vertex 3.35205 -5.78484 64.99
      vertex 3.3541 -5.70634 65
      vertex 3.3541 -5.70634 64.99
    endloop
  endfacet
  facet normal -0.999659 0.0261057 0
    outer loop
      vertex 3.3541 -5.70634 65
      vertex 3.35205 -5.78484 64.99
      vertex 3.35205 -5.78484 65
    endloop
  endfacet
  facet normal -0.333786 0.942649 0
    outer loop
      vertex 2.39165 -7.10671 64.99
      vertex 2.31763 -7.13292 65
      vertex 2.39165 -7.10671 65
    endloop
  endfacet
  facet normal -0.333786 0.942649 0
    outer loop
      vertex 2.31763 -7.13292 65
      vertex 2.39165 -7.10671 64.99
      vertex 2.31763 -7.13292 64.99
    endloop
  endfacet
  facet normal 0.991446 -0.13052 0
    outer loop
      vertex 0.362319 -5.54955 65
      vertex 0.372569 -5.47169 64.99
      vertex 0.372569 -5.47169 65
    endloop
  endfacet
  facet normal 0.991446 -0.13052 0
    outer loop
      vertex 0.372569 -5.47169 64.99
      vertex 0.362319 -5.54955 65
      vertex 0.362319 -5.54955 64.99
    endloop
  endfacet
  facet normal 0.983257 0.182225 0
    outer loop
      vertex 0.38688 -6.01821 65
      vertex 0.372569 -5.94099 64.99
      vertex 0.372569 -5.94099 65
    endloop
  endfacet
  facet normal 0.983257 0.182225 0
    outer loop
      vertex 0.372569 -5.94099 64.99
      vertex 0.38688 -6.01821 65
      vertex 0.38688 -6.01821 64.99
    endloop
  endfacet
  facet normal 0.608787 -0.793333 0
    outer loop
      vertex 0.910121 -4.54062 64.99
      vertex 0.972424 -4.49281 65
      vertex 0.910121 -4.54062 65
    endloop
  endfacet
  facet normal 0.608787 -0.793333 0
    outer loop
      vertex 0.972424 -4.49281 65
      vertex 0.910121 -4.54062 64.99
      vertex 0.972424 -4.49281 64.99
    endloop
  endfacet
  facet normal -0.793319 0.608806 0
    outer loop
      vertex 3.01982 -6.65032 64.99
      vertex 3.06763 -6.58802 65
      vertex 3.06763 -6.58802 64.99
    endloop
  endfacet
  facet normal -0.793319 0.608806 0
    outer loop
      vertex 3.06763 -6.58802 65
      vertex 3.01982 -6.65032 64.99
      vertex 3.01982 -6.65032 65
    endloop
  endfacet
  facet normal -0.942623 0.333859 0
    outer loop
      vertex 3.25447 -6.24389 64.99
      vertex 3.28069 -6.16986 65
      vertex 3.28069 -6.16986 64.99
    endloop
  endfacet
  facet normal -0.942623 0.333859 0
    outer loop
      vertex 3.28069 -6.16986 65
      vertex 3.25447 -6.24389 64.99
      vertex 3.25447 -6.24389 65
    endloop
  endfacet
  facet normal -0.522562 0.852601 0
    outer loop
      vertex 2.67106 -6.96434 64.99
      vertex 2.6041 -7.00538 65
      vertex 2.67106 -6.96434 65
    endloop
  endfacet
  facet normal -0.522562 0.852601 0
    outer loop
      vertex 2.6041 -7.00538 65
      vertex 2.67106 -6.96434 64.99
      vertex 2.6041 -7.00538 64.99
    endloop
  endfacet
  facet normal 0.958819 -0.284017 0
    outer loop
      vertex 0.405212 -5.31811 65
      vertex 0.427517 -5.24281 64.99
      vertex 0.427517 -5.24281 65
    endloop
  endfacet
  facet normal 0.958819 -0.284017 0
    outer loop
      vertex 0.427517 -5.24281 64.99
      vertex 0.405212 -5.31811 65
      vertex 0.405212 -5.31811 64.99
    endloop
  endfacet
  facet normal 0.942647 0.333791 0
    outer loop
      vertex 0.453731 -6.24389 65
      vertex 0.427517 -6.16986 64.99
      vertex 0.427517 -6.16986 65
    endloop
  endfacet
  facet normal 0.942647 0.333791 0
    outer loop
      vertex 0.427517 -6.16986 64.99
      vertex 0.453731 -6.24389 65
      vertex 0.453731 -6.24389 64.99
    endloop
  endfacet
  facet normal -0.649406 -0.760442 0
    outer loop
      vertex 2.79808 -4.54062 64.99
      vertex 2.8578 -4.59162 65
      vertex 2.79808 -4.54062 65
    endloop
  endfacet
  facet normal -0.649406 -0.760442 -0
    outer loop
      vertex 2.8578 -4.59162 65
      vertex 2.79808 -4.54062 64.99
      vertex 2.8578 -4.59162 64.99
    endloop
  endfacet
  facet normal -0.923885 0.38267 0
    outer loop
      vertex 3.22442 -6.31644 64.99
      vertex 3.25447 -6.24389 65
      vertex 3.25447 -6.24389 64.99
    endloop
  endfacet
  facet normal -0.923885 0.38267 0
    outer loop
      vertex 3.25447 -6.24389 65
      vertex 3.22442 -6.31644 64.99
      vertex 3.22442 -6.31644 65
    endloop
  endfacet
  facet normal -0.983259 0.182212 0
    outer loop
      vertex 3.32132 -6.01821 64.99
      vertex 3.33563 -5.94099 65
      vertex 3.33563 -5.94099 64.99
    endloop
  endfacet
  facet normal -0.983259 0.182212 0
    outer loop
      vertex 3.33563 -5.94099 65
      vertex 3.32132 -6.01821 64.99
      vertex 3.32132 -6.01821 65
    endloop
  endfacet
  facet normal 0.90259 -0.4305 0
    outer loop
      vertex 0.483784 -5.09623 65
      vertex 0.517591 -5.02535 64.99
      vertex 0.517591 -5.02535 65
    endloop
  endfacet
  facet normal 0.90259 -0.4305 0
    outer loop
      vertex 0.517591 -5.02535 64.99
      vertex 0.483784 -5.09623 65
      vertex 0.483784 -5.09623 64.99
    endloop
  endfacet
  facet normal -0.477165 0.878814 0
    outer loop
      vertex 2.6041 -7.00538 64.99
      vertex 2.53509 -7.04285 65
      vertex 2.6041 -7.00538 65
    endloop
  endfacet
  facet normal -0.477165 0.878814 0
    outer loop
      vertex 2.53509 -7.04285 65
      vertex 2.6041 -7.00538 64.99
      vertex 2.53509 -7.04285 64.99
    endloop
  endfacet
  facet normal 0.13052 -0.991446 0
    outer loop
      vertex 1.61945 -4.22481 64.99
      vertex 1.69731 -4.21456 65
      vertex 1.61945 -4.22481 65
    endloop
  endfacet
  facet normal 0.13052 -0.991446 0
    outer loop
      vertex 1.69731 -4.21456 65
      vertex 1.61945 -4.22481 64.99
      vertex 1.69731 -4.21456 64.99
    endloop
  endfacet
  facet normal -0.284075 0.958802 0
    outer loop
      vertex 2.31763 -7.13292 64.99
      vertex 2.24233 -7.15523 65
      vertex 2.31763 -7.13292 65
    endloop
  endfacet
  facet normal -0.284075 0.958802 0
    outer loop
      vertex 2.24233 -7.15523 65
      vertex 2.31763 -7.13292 64.99
      vertex 2.24233 -7.15523 64.99
    endloop
  endfacet
  facet normal -0.233416 0.972377 0
    outer loop
      vertex 2.24233 -7.15523 64.99
      vertex 2.16597 -7.17356 65
      vertex 2.24233 -7.15523 65
    endloop
  endfacet
  facet normal -0.233416 0.972377 0
    outer loop
      vertex 2.16597 -7.17356 65
      vertex 2.24233 -7.15523 64.99
      vertex 2.16597 -7.17356 64.99
    endloop
  endfacet
  facet normal 0.972371 0.23344 0
    outer loop
      vertex 0.405212 -6.09457 65
      vertex 0.38688 -6.01821 64.99
      vertex 0.38688 -6.01821 65
    endloop
  endfacet
  facet normal 0.972371 0.23344 0
    outer loop
      vertex 0.38688 -6.01821 64.99
      vertex 0.405212 -6.09457 65
      vertex 0.405212 -6.09457 64.99
    endloop
  endfacet
  facet normal -0.991446 0.13052 0
    outer loop
      vertex 3.33563 -5.94099 64.99
      vertex 3.34588 -5.86313 65
      vertex 3.34588 -5.86313 64.99
    endloop
  endfacet
  facet normal -0.991446 0.13052 0
    outer loop
      vertex 3.34588 -5.86313 65
      vertex 3.33563 -5.94099 64.99
      vertex 3.33563 -5.94099 65
    endloop
  endfacet
  facet normal -0.649406 0.760442 0
    outer loop
      vertex 2.8578 -6.82106 64.99
      vertex 2.79808 -6.87206 65
      vertex 2.8578 -6.82106 65
    endloop
  endfacet
  facet normal -0.649406 0.760442 0
    outer loop
      vertex 2.79808 -6.87206 65
      vertex 2.8578 -6.82106 64.99
      vertex 2.79808 -6.87206 64.99
    endloop
  endfacet
  facet normal 0.942633 -0.333831 0
    outer loop
      vertex 0.427517 -5.24281 65
      vertex 0.453731 -5.16879 64.99
      vertex 0.453731 -5.16879 65
    endloop
  endfacet
  facet normal 0.942633 -0.333831 0
    outer loop
      vertex 0.453731 -5.16879 64.99
      vertex 0.427517 -5.24281 65
      vertex 0.427517 -5.24281 64.99
    endloop
  endfacet
  facet normal 0.725349 -0.688381 0
    outer loop
      vertex 0.739385 -4.70264 65
      vertex 0.793442 -4.64568 64.99
      vertex 0.793442 -4.64568 65
    endloop
  endfacet
  facet normal 0.725349 -0.688381 0
    outer loop
      vertex 0.793442 -4.64568 64.99
      vertex 0.739385 -4.70264 65
      vertex 0.739385 -4.70264 64.99
    endloop
  endfacet
  facet normal -0.566399 0.824131 0
    outer loop
      vertex 2.73578 -6.91986 64.99
      vertex 2.67106 -6.96434 65
      vertex 2.73578 -6.91986 65
    endloop
  endfacet
  facet normal -0.566399 0.824131 0
    outer loop
      vertex 2.67106 -6.96434 65
      vertex 2.73578 -6.91986 64.99
      vertex 2.67106 -6.96434 64.99
    endloop
  endfacet
  facet normal -0.430532 -0.902576 0
    outer loop
      vertex 2.46421 -4.33602 64.99
      vertex 2.53509 -4.36983 65
      vertex 2.46421 -4.33602 65
    endloop
  endfacet
  facet normal -0.430532 -0.902576 -0
    outer loop
      vertex 2.53509 -4.36983 65
      vertex 2.46421 -4.33602 64.99
      vertex 2.53509 -4.36983 64.99
    endloop
  endfacet
  facet normal 0.566423 -0.824115 0
    outer loop
      vertex 0.972424 -4.49281 64.99
      vertex 1.03714 -4.44833 65
      vertex 0.972424 -4.49281 65
    endloop
  endfacet
  facet normal 0.566423 -0.824115 0
    outer loop
      vertex 1.03714 -4.44833 65
      vertex 0.972424 -4.49281 64.99
      vertex 1.03714 -4.44833 64.99
    endloop
  endfacet
  facet normal -0.983259 -0.182212 0
    outer loop
      vertex 3.33563 -5.47169 64.99
      vertex 3.32132 -5.39447 65
      vertex 3.32132 -5.39447 64.99
    endloop
  endfacet
  facet normal -0.983259 -0.182212 0
    outer loop
      vertex 3.32132 -5.39447 65
      vertex 3.33563 -5.47169 64.99
      vertex 3.33563 -5.47169 65
    endloop
  endfacet
  facet normal -0.13052 -0.991446 0
    outer loop
      vertex 2.01089 -4.21456 64.99
      vertex 2.08875 -4.22481 65
      vertex 2.01089 -4.21456 65
    endloop
  endfacet
  facet normal -0.13052 -0.991446 -0
    outer loop
      vertex 2.08875 -4.22481 65
      vertex 2.01089 -4.21456 64.99
      vertex 2.08875 -4.22481 64.99
    endloop
  endfacet
  facet normal 0.760369 0.649491 0
    outer loop
      vertex 0.739385 -6.71003 65
      vertex 0.688382 -6.65032 64.99
      vertex 0.688382 -6.65032 65
    endloop
  endfacet
  facet normal 0.760369 0.649491 0
    outer loop
      vertex 0.688382 -6.65032 64.99
      vertex 0.739385 -6.71003 65
      vertex 0.739385 -6.71003 64.99
    endloop
  endfacet
  facet normal -0.333899 -0.942609 0
    outer loop
      vertex 2.31763 -4.27975 64.99
      vertex 2.39165 -4.30597 65
      vertex 2.31763 -4.27975 65
    endloop
  endfacet
  facet normal -0.333899 -0.942609 -0
    outer loop
      vertex 2.39165 -4.30597 65
      vertex 2.31763 -4.27975 64.99
      vertex 2.39165 -4.30597 64.99
    endloop
  endfacet
  facet normal 0.522562 0.852601 -0
    outer loop
      vertex 1.1041 -7.00538 64.99
      vertex 1.03714 -6.96434 65
      vertex 1.1041 -7.00538 65
    endloop
  endfacet
  facet normal 0.522562 0.852601 0
    outer loop
      vertex 1.03714 -6.96434 65
      vertex 1.1041 -7.00538 64.99
      vertex 1.03714 -6.96434 64.99
    endloop
  endfacet
  facet normal 0.824131 0.566399 0
    outer loop
      vertex 0.640576 -6.58802 65
      vertex 0.596096 -6.5233 64.99
      vertex 0.596096 -6.5233 65
    endloop
  endfacet
  facet normal 0.824131 0.566399 0
    outer loop
      vertex 0.596096 -6.5233 64.99
      vertex 0.640576 -6.58802 65
      vertex 0.640576 -6.58802 64.99
    endloop
  endfacet
  facet normal -0.382625 0.923904 0
    outer loop
      vertex 2.46421 -7.07666 64.99
      vertex 2.39165 -7.10671 65
      vertex 2.46421 -7.07666 65
    endloop
  endfacet
  facet normal -0.382625 0.923904 0
    outer loop
      vertex 2.39165 -7.10671 65
      vertex 2.46421 -7.07666 64.99
      vertex 2.39165 -7.10671 64.99
    endloop
  endfacet
  facet normal 0.999657 0.0261821 0
    outer loop
      vertex 0.356157 -5.78484 65
      vertex 0.354101 -5.70634 64.99
      vertex 0.354101 -5.70634 65
    endloop
  endfacet
  facet normal 0.999657 0.0261821 0
    outer loop
      vertex 0.354101 -5.70634 64.99
      vertex 0.356157 -5.78484 65
      vertex 0.356157 -5.78484 64.99
    endloop
  endfacet
  facet normal 0.333859 -0.942623 0
    outer loop
      vertex 1.31655 -4.30597 64.99
      vertex 1.39058 -4.27975 65
      vertex 1.31655 -4.30597 65
    endloop
  endfacet
  facet normal 0.333859 -0.942623 0
    outer loop
      vertex 1.39058 -4.27975 65
      vertex 1.31655 -4.30597 64.99
      vertex 1.39058 -4.27975 64.99
    endloop
  endfacet
  facet normal -0.608726 0.793381 0
    outer loop
      vertex 2.79808 -6.87206 64.99
      vertex 2.73578 -6.91986 65
      vertex 2.79808 -6.87206 65
    endloop
  endfacet
  facet normal -0.608726 0.793381 0
    outer loop
      vertex 2.73578 -6.91986 65
      vertex 2.79808 -6.87206 64.99
      vertex 2.73578 -6.91986 64.99
    endloop
  endfacet
  facet normal 0.0784394 0.996919 -0
    outer loop
      vertex 1.7756 -7.20428 64.99
      vertex 1.69731 -7.19812 65
      vertex 1.7756 -7.20428 65
    endloop
  endfacet
  facet normal 0.0784394 0.996919 0
    outer loop
      vertex 1.69731 -7.19812 65
      vertex 1.7756 -7.20428 64.99
      vertex 1.69731 -7.19812 64.99
    endloop
  endfacet
  facet normal -0.958837 -0.283958 0
    outer loop
      vertex 3.30299 -5.31811 64.99
      vertex 3.28069 -5.24281 65
      vertex 3.28069 -5.24281 64.99
    endloop
  endfacet
  facet normal -0.958837 -0.283958 0
    outer loop
      vertex 3.28069 -5.24281 65
      vertex 3.30299 -5.31811 64.99
      vertex 3.30299 -5.31811 65
    endloop
  endfacet
  facet normal 0.824131 -0.566399 0
    outer loop
      vertex 0.596096 -4.88938 65
      vertex 0.640576 -4.82466 64.99
      vertex 0.640576 -4.82466 65
    endloop
  endfacet
  facet normal 0.824131 -0.566399 0
    outer loop
      vertex 0.640576 -4.82466 64.99
      vertex 0.596096 -4.88938 65
      vertex 0.596096 -4.88938 64.99
    endloop
  endfacet
  facet normal 0.878832 0.477131 0
    outer loop
      vertex 0.555063 -6.45634 65
      vertex 0.517591 -6.38732 64.99
      vertex 0.517591 -6.38732 65
    endloop
  endfacet
  facet normal 0.878832 0.477131 0
    outer loop
      vertex 0.517591 -6.38732 64.99
      vertex 0.555063 -6.45634 65
      vertex 0.555063 -6.45634 64.99
    endloop
  endfacet
  facet normal -0.793319 -0.608806 0
    outer loop
      vertex 3.06763 -4.82466 64.99
      vertex 3.01982 -4.76236 65
      vertex 3.01982 -4.76236 64.99
    endloop
  endfacet
  facet normal -0.793319 -0.608806 0
    outer loop
      vertex 3.01982 -4.76236 65
      vertex 3.06763 -4.82466 64.99
      vertex 3.06763 -4.82466 65
    endloop
  endfacet
  facet normal 0.0785659 -0.996909 0
    outer loop
      vertex 1.69731 -4.21456 64.99
      vertex 1.7756 -4.20839 65
      vertex 1.69731 -4.21456 65
    endloop
  endfacet
  facet normal 0.0785659 -0.996909 0
    outer loop
      vertex 1.7756 -4.20839 65
      vertex 1.69731 -4.21456 64.99
      vertex 1.7756 -4.20839 64.99
    endloop
  endfacet
  facet normal 0.026233 0.999656 -0
    outer loop
      vertex 1.8541 -7.20634 64.99
      vertex 1.7756 -7.20428 65
      vertex 1.8541 -7.20634 65
    endloop
  endfacet
  facet normal 0.026233 0.999656 0
    outer loop
      vertex 1.7756 -7.20428 65
      vertex 1.8541 -7.20634 64.99
      vertex 1.7756 -7.20428 64.99
    endloop
  endfacet
  facet normal -0.0262297 0.999656 0
    outer loop
      vertex 1.93261 -7.20428 64.99
      vertex 1.8541 -7.20634 65
      vertex 1.93261 -7.20428 65
    endloop
  endfacet
  facet normal -0.0262297 0.999656 0
    outer loop
      vertex 1.8541 -7.20634 65
      vertex 1.93261 -7.20428 64.99
      vertex 1.8541 -7.20634 64.99
    endloop
  endfacet
  facet normal 0.996917 0.0784647 0
    outer loop
      vertex 0.362319 -5.86313 65
      vertex 0.356157 -5.78484 64.99
      vertex 0.356157 -5.78484 65
    endloop
  endfacet
  facet normal 0.996917 0.0784647 0
    outer loop
      vertex 0.356157 -5.78484 64.99
      vertex 0.362319 -5.86313 65
      vertex 0.362319 -5.86313 64.99
    endloop
  endfacet
  facet normal 0.725409 0.688318 0
    outer loop
      vertex 0.793442 -6.767 65
      vertex 0.739385 -6.71003 64.99
      vertex 0.739385 -6.71003 65
    endloop
  endfacet
  facet normal 0.725409 0.688318 0
    outer loop
      vertex 0.739385 -6.71003 64.99
      vertex 0.793442 -6.767 65
      vertex 0.793442 -6.767 64.99
    endloop
  endfacet
  facet normal -0.760388 0.649469 0
    outer loop
      vertex 2.96882 -6.71003 64.99
      vertex 3.01982 -6.65032 65
      vertex 3.01982 -6.65032 64.99
    endloop
  endfacet
  facet normal -0.760388 0.649469 0
    outer loop
      vertex 3.01982 -6.65032 65
      vertex 2.96882 -6.71003 64.99
      vertex 2.96882 -6.71003 65
    endloop
  endfacet
  facet normal -0.923904 -0.382625 0
    outer loop
      vertex 3.25447 -5.16879 64.99
      vertex 3.22442 -5.09623 65
      vertex 3.22442 -5.09623 64.99
    endloop
  endfacet
  facet normal -0.923904 -0.382625 0
    outer loop
      vertex 3.22442 -5.09623 65
      vertex 3.25447 -5.16879 64.99
      vertex 3.25447 -5.16879 65
    endloop
  endfacet
  facet normal -0.760442 -0.649406 0
    outer loop
      vertex 3.01982 -4.76236 64.99
      vertex 2.96882 -4.70264 65
      vertex 2.96882 -4.70264 64.99
    endloop
  endfacet
  facet normal -0.760442 -0.649406 0
    outer loop
      vertex 2.96882 -4.70264 65
      vertex 3.01982 -4.76236 64.99
      vertex 3.01982 -4.76236 65
    endloop
  endfacet
  facet normal 0.283993 -0.958826 0
    outer loop
      vertex 1.39058 -4.27975 64.99
      vertex 1.46587 -4.25745 65
      vertex 1.39058 -4.27975 65
    endloop
  endfacet
  facet normal 0.283993 -0.958826 0
    outer loop
      vertex 1.46587 -4.25745 65
      vertex 1.39058 -4.27975 64.99
      vertex 1.46587 -4.25745 64.99
    endloop
  endfacet
  facet normal -0.958826 0.283993 0
    outer loop
      vertex 3.28069 -6.16986 64.99
      vertex 3.30299 -6.09457 65
      vertex 3.30299 -6.09457 64.99
    endloop
  endfacet
  facet normal -0.958826 0.283993 0
    outer loop
      vertex 3.30299 -6.09457 65
      vertex 3.28069 -6.16986 64.99
      vertex 3.28069 -6.16986 65
    endloop
  endfacet
  facet normal 0.958809 0.284051 0
    outer loop
      vertex 0.427517 -6.16986 65
      vertex 0.405212 -6.09457 64.99
      vertex 0.405212 -6.09457 65
    endloop
  endfacet
  facet normal 0.958809 0.284051 0
    outer loop
      vertex 0.405212 -6.09457 64.99
      vertex 0.427517 -6.16986 65
      vertex 0.427517 -6.16986 64.99
    endloop
  endfacet
  facet normal -0.72539 0.688338 0
    outer loop
      vertex 2.91476 -6.767 64.99
      vertex 2.96882 -6.71003 65
      vertex 2.96882 -6.71003 64.99
    endloop
  endfacet
  facet normal -0.72539 0.688338 0
    outer loop
      vertex 2.96882 -6.71003 65
      vertex 2.91476 -6.767 64.99
      vertex 2.91476 -6.767 65
    endloop
  endfacet
  facet normal -0.878814 -0.477165 0
    outer loop
      vertex 3.19061 -5.02535 64.99
      vertex 3.15314 -4.95634 65
      vertex 3.15314 -4.95634 64.99
    endloop
  endfacet
  facet normal -0.878814 -0.477165 0
    outer loop
      vertex 3.15314 -4.95634 65
      vertex 3.19061 -5.02535 64.99
      vertex 3.19061 -5.02535 65
    endloop
  endfacet
  facet normal -0.0261024 -0.999659 0
    outer loop
      vertex 1.8541 -4.20634 64.99
      vertex 1.93261 -4.20839 65
      vertex 1.8541 -4.20634 65
    endloop
  endfacet
  facet normal -0.0261024 -0.999659 -0
    outer loop
      vertex 1.93261 -4.20839 65
      vertex 1.8541 -4.20634 64.99
      vertex 1.93261 -4.20839 64.99
    endloop
  endfacet
  facet normal -0.283958 -0.958837 0
    outer loop
      vertex 2.24233 -4.25745 64.99
      vertex 2.31763 -4.27975 65
      vertex 2.24233 -4.25745 65
    endloop
  endfacet
  facet normal -0.283958 -0.958837 -0
    outer loop
      vertex 2.31763 -4.27975 65
      vertex 2.24233 -4.25745 64.99
      vertex 2.31763 -4.27975 64.99
    endloop
  endfacet
  facet normal -0.878843 0.477112 0
    outer loop
      vertex 3.15314 -6.45634 64.99
      vertex 3.19061 -6.38732 65
      vertex 3.19061 -6.38732 64.99
    endloop
  endfacet
  facet normal -0.878843 0.477112 0
    outer loop
      vertex 3.19061 -6.38732 65
      vertex 3.15314 -6.45634 64.99
      vertex 3.15314 -6.45634 65
    endloop
  endfacet
  facet normal 0.852641 -0.522497 0
    outer loop
      vertex 0.555063 -4.95634 65
      vertex 0.596096 -4.88938 64.99
      vertex 0.596096 -4.88938 65
    endloop
  endfacet
  facet normal 0.852641 -0.522497 0
    outer loop
      vertex 0.596096 -4.88938 64.99
      vertex 0.555063 -4.95634 65
      vertex 0.555063 -4.95634 64.99
    endloop
  endfacet
  facet normal -0.902576 -0.430532 0
    outer loop
      vertex 3.22442 -5.09623 64.99
      vertex 3.19061 -5.02535 65
      vertex 3.19061 -5.02535 64.99
    endloop
  endfacet
  facet normal -0.902576 -0.430532 0
    outer loop
      vertex 3.19061 -5.02535 65
      vertex 3.22442 -5.09623 64.99
      vertex 3.22442 -5.09623 65
    endloop
  endfacet
  facet normal -0.852658 0.522469 0
    outer loop
      vertex 3.11211 -6.5233 64.99
      vertex 3.15314 -6.45634 65
      vertex 3.15314 -6.45634 64.99
    endloop
  endfacet
  facet normal -0.852658 0.522469 0
    outer loop
      vertex 3.15314 -6.45634 65
      vertex 3.11211 -6.5233 64.99
      vertex 3.11211 -6.5233 65
    endloop
  endfacet
  facet normal -0.0785759 -0.996908 0
    outer loop
      vertex 1.93261 -4.20839 64.99
      vertex 2.01089 -4.21456 65
      vertex 1.93261 -4.20839 65
    endloop
  endfacet
  facet normal -0.0785759 -0.996908 -0
    outer loop
      vertex 2.01089 -4.21456 65
      vertex 1.93261 -4.20839 64.99
      vertex 2.01089 -4.21456 64.99
    endloop
  endfacet
  facet normal -0.688401 -0.72533 0
    outer loop
      vertex 2.8578 -4.59162 64.99
      vertex 2.91476 -4.64568 65
      vertex 2.8578 -4.59162 65
    endloop
  endfacet
  facet normal -0.688401 -0.72533 -0
    outer loop
      vertex 2.91476 -4.64568 65
      vertex 2.8578 -4.59162 64.99
      vertex 2.91476 -4.64568 64.99
    endloop
  endfacet
  facet normal -0.972377 0.233416 0
    outer loop
      vertex 3.30299 -6.09457 64.99
      vertex 3.32132 -6.01821 65
      vertex 3.32132 -6.01821 64.99
    endloop
  endfacet
  facet normal -0.972377 0.233416 0
    outer loop
      vertex 3.32132 -6.01821 65
      vertex 3.30299 -6.09457 64.99
      vertex 3.30299 -6.09457 65
    endloop
  endfacet
  facet normal 0.233416 0.972377 -0
    outer loop
      vertex 1.54223 -7.17356 64.99
      vertex 1.46587 -7.15523 65
      vertex 1.54223 -7.17356 65
    endloop
  endfacet
  facet normal 0.233416 0.972377 0
    outer loop
      vertex 1.46587 -7.15523 65
      vertex 1.54223 -7.17356 64.99
      vertex 1.46587 -7.15523 64.99
    endloop
  endfacet
  facet normal -0.13052 0.991446 0
    outer loop
      vertex 2.08875 -7.18787 64.99
      vertex 2.01089 -7.19812 65
      vertex 2.08875 -7.18787 65
    endloop
  endfacet
  facet normal -0.13052 0.991446 0
    outer loop
      vertex 2.01089 -7.19812 65
      vertex 2.08875 -7.18787 64.99
      vertex 2.01089 -7.19812 64.99
    endloop
  endfacet
  facet normal 0.233416 -0.972377 0
    outer loop
      vertex 1.46587 -4.25745 64.99
      vertex 1.54223 -4.23912 65
      vertex 1.46587 -4.25745 65
    endloop
  endfacet
  facet normal 0.233416 -0.972377 0
    outer loop
      vertex 1.54223 -4.23912 65
      vertex 1.46587 -4.25745 64.99
      vertex 1.54223 -4.23912 64.99
    endloop
  endfacet
  facet normal -0.688401 0.72533 0
    outer loop
      vertex 2.91476 -6.767 64.99
      vertex 2.8578 -6.82106 65
      vertex 2.91476 -6.767 65
    endloop
  endfacet
  facet normal -0.688401 0.72533 0
    outer loop
      vertex 2.8578 -6.82106 65
      vertex 2.91476 -6.767 64.99
      vertex 2.8578 -6.82106 64.99
    endloop
  endfacet
  facet normal 0.38267 -0.923885 0
    outer loop
      vertex 1.244 -4.33602 64.99
      vertex 1.31655 -4.30597 65
      vertex 1.244 -4.33602 65
    endloop
  endfacet
  facet normal 0.38267 -0.923885 0
    outer loop
      vertex 1.31655 -4.30597 65
      vertex 1.244 -4.33602 64.99
      vertex 1.31655 -4.30597 64.99
    endloop
  endfacet
  facet normal 0.649438 -0.760415 0
    outer loop
      vertex 0.850406 -4.59162 64.99
      vertex 0.910121 -4.54062 65
      vertex 0.850406 -4.59162 65
    endloop
  endfacet
  facet normal 0.649438 -0.760415 0
    outer loop
      vertex 0.910121 -4.54062 65
      vertex 0.850406 -4.59162 64.99
      vertex 0.910121 -4.54062 64.99
    endloop
  endfacet
  facet normal -0.566399 -0.824131 0
    outer loop
      vertex 2.67106 -4.44833 64.99
      vertex 2.73578 -4.49281 65
      vertex 2.67106 -4.44833 65
    endloop
  endfacet
  facet normal -0.566399 -0.824131 -0
    outer loop
      vertex 2.73578 -4.49281 65
      vertex 2.67106 -4.44833 64.99
      vertex 2.73578 -4.49281 64.99
    endloop
  endfacet
  facet normal 0.996916 -0.0784747 0
    outer loop
      vertex 0.356157 -5.62783 65
      vertex 0.362319 -5.54955 64.99
      vertex 0.362319 -5.54955 65
    endloop
  endfacet
  facet normal 0.996916 -0.0784747 0
    outer loop
      vertex 0.362319 -5.54955 64.99
      vertex 0.356157 -5.62783 65
      vertex 0.356157 -5.62783 64.99
    endloop
  endfacet
  facet normal -0.72533 -0.688401 0
    outer loop
      vertex 2.96882 -4.70264 64.99
      vertex 2.91476 -4.64568 65
      vertex 2.91476 -4.64568 64.99
    endloop
  endfacet
  facet normal -0.72533 -0.688401 0
    outer loop
      vertex 2.91476 -4.64568 65
      vertex 2.96882 -4.70264 64.99
      vertex 2.96882 -4.70264 65
    endloop
  endfacet
  facet normal 0.688376 -0.725354 0
    outer loop
      vertex 0.793442 -4.64568 64.99
      vertex 0.850406 -4.59162 65
      vertex 0.793442 -4.64568 65
    endloop
  endfacet
  facet normal 0.688376 -0.725354 0
    outer loop
      vertex 0.850406 -4.59162 65
      vertex 0.793442 -4.64568 64.99
      vertex 0.850406 -4.59162 64.99
    endloop
  endfacet
  facet normal 0.477112 -0.878843 0
    outer loop
      vertex 1.1041 -4.4073 64.99
      vertex 1.17312 -4.36983 65
      vertex 1.1041 -4.4073 65
    endloop
  endfacet
  facet normal 0.477112 -0.878843 0
    outer loop
      vertex 1.17312 -4.36983 65
      vertex 1.1041 -4.4073 64.99
      vertex 1.17312 -4.36983 64.99
    endloop
  endfacet
  facet normal 0.333746 0.942663 -0
    outer loop
      vertex 1.39058 -7.13292 64.99
      vertex 1.31655 -7.10671 65
      vertex 1.39058 -7.13292 65
    endloop
  endfacet
  facet normal 0.333746 0.942663 0
    outer loop
      vertex 1.31655 -7.10671 65
      vertex 1.39058 -7.13292 64.99
      vertex 1.31655 -7.10671 64.99
    endloop
  endfacet
  facet normal 0.13052 0.991446 -0
    outer loop
      vertex 1.69731 -7.19812 64.99
      vertex 1.61945 -7.18787 65
      vertex 1.69731 -7.19812 65
    endloop
  endfacet
  facet normal 0.13052 0.991446 0
    outer loop
      vertex 1.61945 -7.18787 65
      vertex 1.69731 -7.19812 64.99
      vertex 1.61945 -7.18787 64.99
    endloop
  endfacet
  facet normal 0.182212 -0.983259 0
    outer loop
      vertex 1.54223 -4.23912 64.99
      vertex 1.61945 -4.22481 65
      vertex 1.54223 -4.23912 65
    endloop
  endfacet
  facet normal 0.182212 -0.983259 0
    outer loop
      vertex 1.61945 -4.22481 65
      vertex 1.54223 -4.23912 64.99
      vertex 1.61945 -4.22481 64.99
    endloop
  endfacet
  facet normal -0.182212 0.983259 0
    outer loop
      vertex 2.16597 -7.17356 64.99
      vertex 2.08875 -7.18787 65
      vertex 2.16597 -7.17356 65
    endloop
  endfacet
  facet normal -0.182212 0.983259 0
    outer loop
      vertex 2.08875 -7.18787 65
      vertex 2.16597 -7.17356 64.99
      vertex 2.08875 -7.18787 64.99
    endloop
  endfacet
  facet normal -0.430532 0.902576 0
    outer loop
      vertex 2.53509 -7.04285 64.99
      vertex 2.46421 -7.07666 65
      vertex 2.53509 -7.04285 65
    endloop
  endfacet
  facet normal -0.430532 0.902576 0
    outer loop
      vertex 2.46421 -7.07666 65
      vertex 2.53509 -7.04285 64.99
      vertex 2.46421 -7.07666 64.99
    endloop
  endfacet
  facet normal 0.852641 0.522497 0
    outer loop
      vertex 0.596096 -6.5233 65
      vertex 0.555063 -6.45634 64.99
      vertex 0.555063 -6.45634 65
    endloop
  endfacet
  facet normal 0.852641 0.522497 0
    outer loop
      vertex 0.555063 -6.45634 64.99
      vertex 0.596096 -6.5233 65
      vertex 0.596096 -6.5233 64.99
    endloop
  endfacet
  facet normal 0 0 1
    outer loop
      vertex 3.35205 -5.62783 64.99
      vertex 3.35205 -5.78484 64.99
      vertex 3.3541 -5.70634 64.99
    endloop
  endfacet
  facet normal 0 0 1
    outer loop
      vertex 3.34588 -5.54955 64.99
      vertex 3.35205 -5.78484 64.99
      vertex 3.35205 -5.62783 64.99
    endloop
  endfacet
  facet normal 0 0 1
    outer loop
      vertex 3.34588 -5.54955 64.99
      vertex 3.34588 -5.86313 64.99
      vertex 3.35205 -5.78484 64.99
    endloop
  endfacet
  facet normal 0 0 1
    outer loop
      vertex 3.33563 -5.47169 64.99
      vertex 3.34588 -5.86313 64.99
      vertex 3.34588 -5.54955 64.99
    endloop
  endfacet
  facet normal 0 0 1
    outer loop
      vertex 3.33563 -5.47169 64.99
      vertex 3.33563 -5.94099 64.99
      vertex 3.34588 -5.86313 64.99
    endloop
  endfacet
  facet normal 0 0 1
    outer loop
      vertex 3.32132 -5.39447 64.99
      vertex 3.33563 -5.94099 64.99
      vertex 3.33563 -5.47169 64.99
    endloop
  endfacet
  facet normal 0 0 1
    outer loop
      vertex 3.32132 -5.39447 64.99
      vertex 3.32132 -6.01821 64.99
      vertex 3.33563 -5.94099 64.99
    endloop
  endfacet
  facet normal 0 0 1
    outer loop
      vertex 3.30299 -5.31811 64.99
      vertex 3.32132 -6.01821 64.99
      vertex 3.32132 -5.39447 64.99
    endloop
  endfacet
  facet normal 0 0 1
    outer loop
      vertex 3.30299 -5.31811 64.99
      vertex 3.30299 -6.09457 64.99
      vertex 3.32132 -6.01821 64.99
    endloop
  endfacet
  facet normal 0 0 1
    outer loop
      vertex 3.28069 -5.24281 64.99
      vertex 3.30299 -6.09457 64.99
      vertex 3.30299 -5.31811 64.99
    endloop
  endfacet
  facet normal 0 0 1
    outer loop
      vertex 3.28069 -5.24281 64.99
      vertex 3.28069 -6.16986 64.99
      vertex 3.30299 -6.09457 64.99
    endloop
  endfacet
  facet normal 0 0 1
    outer loop
      vertex 3.25447 -5.16879 64.99
      vertex 3.28069 -6.16986 64.99
      vertex 3.28069 -5.24281 64.99
    endloop
  endfacet
  facet normal 0 0 1
    outer loop
      vertex 3.25447 -5.16879 64.99
      vertex 3.25447 -6.24389 64.99
      vertex 3.28069 -6.16986 64.99
    endloop
  endfacet
  facet normal 0 0 1
    outer loop
      vertex 3.22442 -5.09623 64.99
      vertex 3.25447 -6.24389 64.99
      vertex 3.25447 -5.16879 64.99
    endloop
  endfacet
  facet normal 0 0 1
    outer loop
      vertex 3.22442 -5.09623 64.99
      vertex 3.22442 -6.31644 64.99
      vertex 3.25447 -6.24389 64.99
    endloop
  endfacet
  facet normal 0 0 1
    outer loop
      vertex 3.19061 -5.02535 64.99
      vertex 3.22442 -6.31644 64.99
      vertex 3.22442 -5.09623 64.99
    endloop
  endfacet
  facet normal 0 0 1
    outer loop
      vertex 3.19061 -5.02535 64.99
      vertex 3.19061 -6.38732 64.99
      vertex 3.22442 -6.31644 64.99
    endloop
  endfacet
  facet normal 0 0 1
    outer loop
      vertex 3.15314 -4.95634 64.99
      vertex 3.19061 -6.38732 64.99
      vertex 3.19061 -5.02535 64.99
    endloop
  endfacet
  facet normal 0 0 1
    outer loop
      vertex 3.15314 -4.95634 64.99
      vertex 3.15314 -6.45634 64.99
      vertex 3.19061 -6.38732 64.99
    endloop
  endfacet
  facet normal 0 0 1
    outer loop
      vertex 3.11211 -4.88938 64.99
      vertex 3.15314 -6.45634 64.99
      vertex 3.15314 -4.95634 64.99
    endloop
  endfacet
  facet normal 0 0 1
    outer loop
      vertex 3.11211 -4.88938 64.99
      vertex 3.11211 -6.5233 64.99
      vertex 3.15314 -6.45634 64.99
    endloop
  endfacet
  facet normal 0 0 1
    outer loop
      vertex 3.06763 -4.82466 64.99
      vertex 3.11211 -6.5233 64.99
      vertex 3.11211 -4.88938 64.99
    endloop
  endfacet
  facet normal 0 0 1
    outer loop
      vertex 3.06763 -4.82466 64.99
      vertex 3.06763 -6.58802 64.99
      vertex 3.11211 -6.5233 64.99
    endloop
  endfacet
  facet normal 0 0 1
    outer loop
      vertex 3.01982 -4.76236 64.99
      vertex 3.06763 -6.58802 64.99
      vertex 3.06763 -4.82466 64.99
    endloop
  endfacet
  facet normal 0 0 1
    outer loop
      vertex 3.01982 -4.76236 64.99
      vertex 3.01982 -6.65032 64.99
      vertex 3.06763 -6.58802 64.99
    endloop
  endfacet
  facet normal 0 0 1
    outer loop
      vertex 2.96882 -4.70264 64.99
      vertex 3.01982 -6.65032 64.99
      vertex 3.01982 -4.76236 64.99
    endloop
  endfacet
  facet normal 0 0 1
    outer loop
      vertex 2.96882 -4.70264 64.99
      vertex 2.96882 -6.71003 64.99
      vertex 3.01982 -6.65032 64.99
    endloop
  endfacet
  facet normal 0 0 1
    outer loop
      vertex 2.91476 -4.64568 64.99
      vertex 2.96882 -6.71003 64.99
      vertex 2.96882 -4.70264 64.99
    endloop
  endfacet
  facet normal 0 0 1
    outer loop
      vertex 2.91476 -4.64568 64.99
      vertex 2.91476 -6.767 64.99
      vertex 2.96882 -6.71003 64.99
    endloop
  endfacet
  facet normal 0 0 1
    outer loop
      vertex 2.8578 -4.59162 64.99
      vertex 2.91476 -6.767 64.99
      vertex 2.91476 -4.64568 64.99
    endloop
  endfacet
  facet normal 0 0 1
    outer loop
      vertex 2.8578 -4.59162 64.99
      vertex 2.8578 -6.82106 64.99
      vertex 2.91476 -6.767 64.99
    endloop
  endfacet
  facet normal 0 0 1
    outer loop
      vertex 2.79808 -4.54062 64.99
      vertex 2.8578 -6.82106 64.99
      vertex 2.8578 -4.59162 64.99
    endloop
  endfacet
  facet normal 0 0 1
    outer loop
      vertex 2.79808 -4.54062 64.99
      vertex 2.79808 -6.87206 64.99
      vertex 2.8578 -6.82106 64.99
    endloop
  endfacet
  facet normal 0 0 1
    outer loop
      vertex 2.73578 -4.49281 64.99
      vertex 2.79808 -6.87206 64.99
      vertex 2.79808 -4.54062 64.99
    endloop
  endfacet
  facet normal 0 0 1
    outer loop
      vertex 2.73578 -4.49281 64.99
      vertex 2.73578 -6.91986 64.99
      vertex 2.79808 -6.87206 64.99
    endloop
  endfacet
  facet normal 0 0 1
    outer loop
      vertex 2.67106 -4.44833 64.99
      vertex 2.73578 -6.91986 64.99
      vertex 2.73578 -4.49281 64.99
    endloop
  endfacet
  facet normal 0 0 1
    outer loop
      vertex 2.67106 -4.44833 64.99
      vertex 2.67106 -6.96434 64.99
      vertex 2.73578 -6.91986 64.99
    endloop
  endfacet
  facet normal 0 0 1
    outer loop
      vertex 2.6041 -4.4073 64.99
      vertex 2.67106 -6.96434 64.99
      vertex 2.67106 -4.44833 64.99
    endloop
  endfacet
  facet normal 0 0 1
    outer loop
      vertex 2.6041 -4.4073 64.99
      vertex 2.6041 -7.00538 64.99
      vertex 2.67106 -6.96434 64.99
    endloop
  endfacet
  facet normal 0 0 1
    outer loop
      vertex 2.53509 -4.36983 64.99
      vertex 2.6041 -7.00538 64.99
      vertex 2.6041 -4.4073 64.99
    endloop
  endfacet
  facet normal 0 0 1
    outer loop
      vertex 2.53509 -4.36983 64.99
      vertex 2.53509 -7.04285 64.99
      vertex 2.6041 -7.00538 64.99
    endloop
  endfacet
  facet normal 0 0 1
    outer loop
      vertex 2.46421 -4.33602 64.99
      vertex 2.53509 -7.04285 64.99
      vertex 2.53509 -4.36983 64.99
    endloop
  endfacet
  facet normal 0 0 1
    outer loop
      vertex 2.46421 -4.33602 64.99
      vertex 2.46421 -7.07666 64.99
      vertex 2.53509 -7.04285 64.99
    endloop
  endfacet
  facet normal 0 0 1
    outer loop
      vertex 2.39165 -4.30597 64.99
      vertex 2.46421 -7.07666 64.99
      vertex 2.46421 -4.33602 64.99
    endloop
  endfacet
  facet normal 0 0 1
    outer loop
      vertex 2.39165 -4.30597 64.99
      vertex 2.39165 -7.10671 64.99
      vertex 2.46421 -7.07666 64.99
    endloop
  endfacet
  facet normal 0 0 1
    outer loop
      vertex 2.31763 -4.27975 64.99
      vertex 2.39165 -7.10671 64.99
      vertex 2.39165 -4.30597 64.99
    endloop
  endfacet
  facet normal 0 0 1
    outer loop
      vertex 2.31763 -4.27975 64.99
      vertex 2.31763 -7.13292 64.99
      vertex 2.39165 -7.10671 64.99
    endloop
  endfacet
  facet normal 0 0 1
    outer loop
      vertex 2.24233 -4.25745 64.99
      vertex 2.31763 -7.13292 64.99
      vertex 2.31763 -4.27975 64.99
    endloop
  endfacet
  facet normal 0 0 1
    outer loop
      vertex 2.24233 -4.25745 64.99
      vertex 2.24233 -7.15523 64.99
      vertex 2.31763 -7.13292 64.99
    endloop
  endfacet
  facet normal 0 0 1
    outer loop
      vertex 2.16597 -4.23912 64.99
      vertex 2.24233 -7.15523 64.99
      vertex 2.24233 -4.25745 64.99
    endloop
  endfacet
  facet normal 0 0 1
    outer loop
      vertex 2.16597 -4.23912 64.99
      vertex 2.16597 -7.17356 64.99
      vertex 2.24233 -7.15523 64.99
    endloop
  endfacet
  facet normal 0 0 1
    outer loop
      vertex 2.08875 -4.22481 64.99
      vertex 2.16597 -7.17356 64.99
      vertex 2.16597 -4.23912 64.99
    endloop
  endfacet
  facet normal 0 0 1
    outer loop
      vertex 2.08875 -4.22481 64.99
      vertex 2.08875 -7.18787 64.99
      vertex 2.16597 -7.17356 64.99
    endloop
  endfacet
  facet normal 0 0 1
    outer loop
      vertex 2.01089 -4.21456 64.99
      vertex 2.08875 -7.18787 64.99
      vertex 2.08875 -4.22481 64.99
    endloop
  endfacet
  facet normal 0 0 1
    outer loop
      vertex 2.01089 -4.21456 64.99
      vertex 2.01089 -7.19812 64.99
      vertex 2.08875 -7.18787 64.99
    endloop
  endfacet
  facet normal 0 0 1
    outer loop
      vertex 1.93261 -4.20839 64.99
      vertex 2.01089 -7.19812 64.99
      vertex 2.01089 -4.21456 64.99
    endloop
  endfacet
  facet normal 0 0 1
    outer loop
      vertex 1.93261 -4.20839 64.99
      vertex 1.93261 -7.20428 64.99
      vertex 2.01089 -7.19812 64.99
    endloop
  endfacet
  facet normal 0 0 1
    outer loop
      vertex 1.8541 -4.20634 64.99
      vertex 1.93261 -7.20428 64.99
      vertex 1.93261 -4.20839 64.99
    endloop
  endfacet
  facet normal 0 0 1
    outer loop
      vertex 1.8541 -4.20634 64.99
      vertex 1.8541 -7.20634 64.99
      vertex 1.93261 -7.20428 64.99
    endloop
  endfacet
  facet normal -0 0 1
    outer loop
      vertex 1.7756 -4.20839 64.99
      vertex 1.8541 -7.20634 64.99
      vertex 1.8541 -4.20634 64.99
    endloop
  endfacet
  facet normal 0 0 1
    outer loop
      vertex 1.7756 -4.20839 64.99
      vertex 1.7756 -7.20428 64.99
      vertex 1.8541 -7.20634 64.99
    endloop
  endfacet
  facet normal -0 0 1
    outer loop
      vertex 1.69731 -4.21456 64.99
      vertex 1.7756 -7.20428 64.99
      vertex 1.7756 -4.20839 64.99
    endloop
  endfacet
  facet normal 0 0 1
    outer loop
      vertex 1.69731 -4.21456 64.99
      vertex 1.69731 -7.19812 64.99
      vertex 1.7756 -7.20428 64.99
    endloop
  endfacet
  facet normal -0 0 1
    outer loop
      vertex 1.61945 -4.22481 64.99
      vertex 1.69731 -7.19812 64.99
      vertex 1.69731 -4.21456 64.99
    endloop
  endfacet
  facet normal 0 0 1
    outer loop
      vertex 1.61945 -4.22481 64.99
      vertex 1.61945 -7.18787 64.99
      vertex 1.69731 -7.19812 64.99
    endloop
  endfacet
  facet normal -0 0 1
    outer loop
      vertex 1.54223 -4.23912 64.99
      vertex 1.61945 -7.18787 64.99
      vertex 1.61945 -4.22481 64.99
    endloop
  endfacet
  facet normal 0 0 1
    outer loop
      vertex 1.54223 -4.23912 64.99
      vertex 1.54223 -7.17356 64.99
      vertex 1.61945 -7.18787 64.99
    endloop
  endfacet
  facet normal -0 0 1
    outer loop
      vertex 1.46587 -4.25745 64.99
      vertex 1.54223 -7.17356 64.99
      vertex 1.54223 -4.23912 64.99
    endloop
  endfacet
  facet normal 0 0 1
    outer loop
      vertex 1.46587 -4.25745 64.99
      vertex 1.46587 -7.15523 64.99
      vertex 1.54223 -7.17356 64.99
    endloop
  endfacet
  facet normal -0 0 1
    outer loop
      vertex 1.39058 -4.27975 64.99
      vertex 1.46587 -7.15523 64.99
      vertex 1.46587 -4.25745 64.99
    endloop
  endfacet
  facet normal 0 0 1
    outer loop
      vertex 1.39058 -4.27975 64.99
      vertex 1.39058 -7.13292 64.99
      vertex 1.46587 -7.15523 64.99
    endloop
  endfacet
  facet normal -0 0 1
    outer loop
      vertex 1.31655 -4.30597 64.99
      vertex 1.39058 -7.13292 64.99
      vertex 1.39058 -4.27975 64.99
    endloop
  endfacet
  facet normal 0 0 1
    outer loop
      vertex 1.31655 -4.30597 64.99
      vertex 1.31655 -7.10671 64.99
      vertex 1.39058 -7.13292 64.99
    endloop
  endfacet
  facet normal -0 0 1
    outer loop
      vertex 1.244 -4.33602 64.99
      vertex 1.31655 -7.10671 64.99
      vertex 1.31655 -4.30597 64.99
    endloop
  endfacet
  facet normal 0 0 1
    outer loop
      vertex 1.244 -4.33602 64.99
      vertex 1.244 -7.07666 64.99
      vertex 1.31655 -7.10671 64.99
    endloop
  endfacet
  facet normal -0 0 1
    outer loop
      vertex 1.17312 -4.36983 64.99
      vertex 1.244 -7.07666 64.99
      vertex 1.244 -4.33602 64.99
    endloop
  endfacet
  facet normal 0 0 1
    outer loop
      vertex 1.17312 -4.36983 64.99
      vertex 1.17312 -7.04285 64.99
      vertex 1.244 -7.07666 64.99
    endloop
  endfacet
  facet normal -0 0 1
    outer loop
      vertex 1.1041 -4.4073 64.99
      vertex 1.17312 -7.04285 64.99
      vertex 1.17312 -4.36983 64.99
    endloop
  endfacet
  facet normal 0 0 1
    outer loop
      vertex 1.1041 -4.4073 64.99
      vertex 1.1041 -7.00538 64.99
      vertex 1.17312 -7.04285 64.99
    endloop
  endfacet
  facet normal -0 0 1
    outer loop
      vertex 1.03714 -4.44833 64.99
      vertex 1.1041 -7.00538 64.99
      vertex 1.1041 -4.4073 64.99
    endloop
  endfacet
  facet normal 0 0 1
    outer loop
      vertex 1.03714 -4.44833 64.99
      vertex 1.03714 -6.96434 64.99
      vertex 1.1041 -7.00538 64.99
    endloop
  endfacet
  facet normal -0 0 1
    outer loop
      vertex 0.972424 -4.49281 64.99
      vertex 1.03714 -6.96434 64.99
      vertex 1.03714 -4.44833 64.99
    endloop
  endfacet
  facet normal 0 0 1
    outer loop
      vertex 0.972424 -4.49281 64.99
      vertex 0.972424 -6.91986 64.99
      vertex 1.03714 -6.96434 64.99
    endloop
  endfacet
  facet normal -0 0 1
    outer loop
      vertex 0.910121 -4.54062 64.99
      vertex 0.972424 -6.91986 64.99
      vertex 0.972424 -4.49281 64.99
    endloop
  endfacet
  facet normal 0 0 1
    outer loop
      vertex 0.910121 -4.54062 64.99
      vertex 0.910121 -6.87206 64.99
      vertex 0.972424 -6.91986 64.99
    endloop
  endfacet
  facet normal -0 0 1
    outer loop
      vertex 0.850406 -4.59162 64.99
      vertex 0.910121 -6.87206 64.99
      vertex 0.910121 -4.54062 64.99
    endloop
  endfacet
  facet normal 0 0 1
    outer loop
      vertex 0.850406 -4.59162 64.99
      vertex 0.850406 -6.82106 64.99
      vertex 0.910121 -6.87206 64.99
    endloop
  endfacet
  facet normal -0 0 1
    outer loop
      vertex 0.793442 -4.64568 64.99
      vertex 0.850406 -6.82106 64.99
      vertex 0.850406 -4.59162 64.99
    endloop
  endfacet
  facet normal 0 0 1
    outer loop
      vertex 0.793442 -4.64568 64.99
      vertex 0.793442 -6.767 64.99
      vertex 0.850406 -6.82106 64.99
    endloop
  endfacet
  facet normal -0 0 1
    outer loop
      vertex 0.739385 -4.70264 64.99
      vertex 0.793442 -6.767 64.99
      vertex 0.793442 -4.64568 64.99
    endloop
  endfacet
  facet normal 0 0 1
    outer loop
      vertex 0.739385 -4.70264 64.99
      vertex 0.739385 -6.71003 64.99
      vertex 0.793442 -6.767 64.99
    endloop
  endfacet
  facet normal -0 0 1
    outer loop
      vertex 0.688382 -4.76236 64.99
      vertex 0.739385 -6.71003 64.99
      vertex 0.739385 -4.70264 64.99
    endloop
  endfacet
  facet normal 0 0 1
    outer loop
      vertex 0.688382 -4.76236 64.99
      vertex 0.688382 -6.65032 64.99
      vertex 0.739385 -6.71003 64.99
    endloop
  endfacet
  facet normal -0 0 1
    outer loop
      vertex 0.640576 -4.82466 64.99
      vertex 0.688382 -6.65032 64.99
      vertex 0.688382 -4.76236 64.99
    endloop
  endfacet
  facet normal 0 0 1
    outer loop
      vertex 0.640576 -4.82466 64.99
      vertex 0.640576 -6.58802 64.99
      vertex 0.688382 -6.65032 64.99
    endloop
  endfacet
  facet normal -0 0 1
    outer loop
      vertex 0.596096 -4.88938 64.99
      vertex 0.640576 -6.58802 64.99
      vertex 0.640576 -4.82466 64.99
    endloop
  endfacet
  facet normal 0 0 1
    outer loop
      vertex 0.596096 -4.88938 64.99
      vertex 0.596096 -6.5233 64.99
      vertex 0.640576 -6.58802 64.99
    endloop
  endfacet
  facet normal -0 0 1
    outer loop
      vertex 0.555063 -4.95634 64.99
      vertex 0.596096 -6.5233 64.99
      vertex 0.596096 -4.88938 64.99
    endloop
  endfacet
  facet normal 0 0 1
    outer loop
      vertex 0.555063 -4.95634 64.99
      vertex 0.555063 -6.45634 64.99
      vertex 0.596096 -6.5233 64.99
    endloop
  endfacet
  facet normal -0 0 1
    outer loop
      vertex 0.517591 -5.02535 64.99
      vertex 0.555063 -6.45634 64.99
      vertex 0.555063 -4.95634 64.99
    endloop
  endfacet
  facet normal 0 0 1
    outer loop
      vertex 0.517591 -5.02535 64.99
      vertex 0.517591 -6.38732 64.99
      vertex 0.555063 -6.45634 64.99
    endloop
  endfacet
  facet normal -0 0 1
    outer loop
      vertex 0.483784 -5.09623 64.99
      vertex 0.517591 -6.38732 64.99
      vertex 0.517591 -5.02535 64.99
    endloop
  endfacet
  facet normal 0 0 1
    outer loop
      vertex 0.483784 -5.09623 64.99
      vertex 0.483784 -6.31644 64.99
      vertex 0.517591 -6.38732 64.99
    endloop
  endfacet
  facet normal -0 0 1
    outer loop
      vertex 0.453731 -5.16879 64.99
      vertex 0.483784 -6.31644 64.99
      vertex 0.483784 -5.09623 64.99
    endloop
  endfacet
  facet normal 0 0 1
    outer loop
      vertex 0.453731 -5.16879 64.99
      vertex 0.453731 -6.24389 64.99
      vertex 0.483784 -6.31644 64.99
    endloop
  endfacet
  facet normal -0 0 1
    outer loop
      vertex 0.427517 -5.24281 64.99
      vertex 0.453731 -6.24389 64.99
      vertex 0.453731 -5.16879 64.99
    endloop
  endfacet
  facet normal 0 0 1
    outer loop
      vertex 0.427517 -5.24281 64.99
      vertex 0.427517 -6.16986 64.99
      vertex 0.453731 -6.24389 64.99
    endloop
  endfacet
  facet normal -0 0 1
    outer loop
      vertex 0.405212 -5.31811 64.99
      vertex 0.427517 -6.16986 64.99
      vertex 0.427517 -5.24281 64.99
    endloop
  endfacet
  facet normal 0 0 1
    outer loop
      vertex 0.405212 -5.31811 64.99
      vertex 0.405212 -6.09457 64.99
      vertex 0.427517 -6.16986 64.99
    endloop
  endfacet
  facet normal -0 0 1
    outer loop
      vertex 0.38688 -5.39447 64.99
      vertex 0.405212 -6.09457 64.99
      vertex 0.405212 -5.31811 64.99
    endloop
  endfacet
  facet normal 0 0 1
    outer loop
      vertex 0.38688 -5.39447 64.99
      vertex 0.38688 -6.01821 64.99
      vertex 0.405212 -6.09457 64.99
    endloop
  endfacet
  facet normal -0 0 1
    outer loop
      vertex 0.372569 -5.47169 64.99
      vertex 0.38688 -6.01821 64.99
      vertex 0.38688 -5.39447 64.99
    endloop
  endfacet
  facet normal 0 0 1
    outer loop
      vertex 0.372569 -5.47169 64.99
      vertex 0.372569 -5.94099 64.99
      vertex 0.38688 -6.01821 64.99
    endloop
  endfacet
  facet normal -0 0 1
    outer loop
      vertex 0.362319 -5.54955 64.99
      vertex 0.372569 -5.94099 64.99
      vertex 0.372569 -5.47169 64.99
    endloop
  endfacet
  facet normal 0 0 1
    outer loop
      vertex 0.362319 -5.54955 64.99
      vertex 0.362319 -5.86313 64.99
      vertex 0.372569 -5.94099 64.99
    endloop
  endfacet
  facet normal -0 0 1
    outer loop
      vertex 0.356157 -5.62783 64.99
      vertex 0.362319 -5.86313 64.99
      vertex 0.362319 -5.54955 64.99
    endloop
  endfacet
  facet normal 0 0 1
    outer loop
      vertex 0.356157 -5.62783 64.99
      vertex 0.356157 -5.78484 64.99
      vertex 0.362319 -5.86313 64.99
    endloop
  endfacet
  facet normal 0 -0 1
    outer loop
      vertex 0.356157 -5.78484 64.99
      vertex 0.356157 -5.62783 64.99
      vertex 0.354101 -5.70634 64.99
    endloop
  endfacet
  facet normal 0.28411 0.958792 -0
    outer loop
      vertex 1.46587 -7.15523 64.99
      vertex 1.39058 -7.13292 65
      vertex 1.46587 -7.15523 65
    endloop
  endfacet
  facet normal 0.28411 0.958792 0
    outer loop
      vertex 1.39058 -7.13292 65
      vertex 1.46587 -7.15523 64.99
      vertex 1.39058 -7.13292 64.99
    endloop
  endfacet
  facet normal 0.991446 0.13052 0
    outer loop
      vertex 0.372569 -5.94099 65
      vertex 0.362319 -5.86313 64.99
      vertex 0.362319 -5.86313 65
    endloop
  endfacet
  facet normal 0.991446 0.13052 0
    outer loop
      vertex 0.362319 -5.86313 64.99
      vertex 0.372569 -5.94099 65
      vertex 0.372569 -5.94099 64.99
    endloop
  endfacet
  facet normal 0.649438 0.760415 -0
    outer loop
      vertex 0.910121 -6.87206 64.99
      vertex 0.850406 -6.82106 65
      vertex 0.910121 -6.87206 65
    endloop
  endfacet
  facet normal 0.649438 0.760415 0
    outer loop
      vertex 0.850406 -6.82106 65
      vertex 0.910121 -6.87206 64.99
      vertex 0.850406 -6.82106 64.99
    endloop
  endfacet
  facet normal -0.824131 0.566399 0
    outer loop
      vertex 3.06763 -6.58802 64.99
      vertex 3.11211 -6.5233 65
      vertex 3.11211 -6.5233 64.99
    endloop
  endfacet
  facet normal -0.824131 0.566399 0
    outer loop
      vertex 3.11211 -6.5233 65
      vertex 3.06763 -6.58802 64.99
      vertex 3.06763 -6.58802 65
    endloop
  endfacet
  facet normal 0.688376 0.725354 -0
    outer loop
      vertex 0.850406 -6.82106 64.99
      vertex 0.793442 -6.767 65
      vertex 0.850406 -6.82106 65
    endloop
  endfacet
  facet normal 0.688376 0.725354 0
    outer loop
      vertex 0.793442 -6.767 65
      vertex 0.850406 -6.82106 64.99
      vertex 0.793442 -6.767 64.99
    endloop
  endfacet
  facet normal 0.923871 0.382703 0
    outer loop
      vertex 0.483784 -6.31644 65
      vertex 0.453731 -6.24389 64.99
      vertex 0.453731 -6.24389 65
    endloop
  endfacet
  facet normal 0.923871 0.382703 0
    outer loop
      vertex 0.453731 -6.24389 64.99
      vertex 0.483784 -6.31644 65
      vertex 0.483784 -6.31644 64.99
    endloop
  endfacet
  facet normal 0.760423 -0.649428 0
    outer loop
      vertex 0.688382 -4.76236 65
      vertex 0.739385 -4.70264 64.99
      vertex 0.739385 -4.70264 65
    endloop
  endfacet
  facet normal 0.760423 -0.649428 0
    outer loop
      vertex 0.739385 -4.70264 64.99
      vertex 0.688382 -4.76236 65
      vertex 0.688382 -4.76236 64.99
    endloop
  endfacet
  facet normal 0.793344 -0.608774 0
    outer loop
      vertex 0.640576 -4.82466 65
      vertex 0.688382 -4.76236 64.99
      vertex 0.688382 -4.76236 65
    endloop
  endfacet
  facet normal 0.793344 -0.608774 0
    outer loop
      vertex 0.688382 -4.76236 64.99
      vertex 0.640576 -4.82466 65
      vertex 0.640576 -4.82466 64.99
    endloop
  endfacet
  facet normal 0.793344 0.608774 0
    outer loop
      vertex 0.688382 -6.65032 65
      vertex 0.640576 -6.58802 64.99
      vertex 0.640576 -6.58802 65
    endloop
  endfacet
  facet normal 0.793344 0.608774 0
    outer loop
      vertex 0.640576 -6.58802 64.99
      vertex 0.688382 -6.65032 65
      vertex 0.688382 -6.65032 64.99
    endloop
  endfacet
  facet normal 0.182212 0.983259 -0
    outer loop
      vertex 1.61945 -7.18787 64.99
      vertex 1.54223 -7.17356 65
      vertex 1.61945 -7.18787 65
    endloop
  endfacet
  facet normal 0.182212 0.983259 0
    outer loop
      vertex 1.54223 -7.17356 65
      vertex 1.61945 -7.18787 64.99
      vertex 1.54223 -7.17356 64.99
    endloop
  endfacet
  facet normal -0.233416 -0.972377 0
    outer loop
      vertex 2.16597 -4.23912 64.99
      vertex 2.24233 -4.25745 65
      vertex 2.16597 -4.23912 65
    endloop
  endfacet
  facet normal -0.233416 -0.972377 -0
    outer loop
      vertex 2.24233 -4.25745 65
      vertex 2.16597 -4.23912 64.99
      vertex 2.24233 -4.25745 64.99
    endloop
  endfacet
  facet normal 0.522469 -0.852658 0
    outer loop
      vertex 1.03714 -4.44833 64.99
      vertex 1.1041 -4.4073 65
      vertex 1.03714 -4.44833 65
    endloop
  endfacet
  facet normal 0.522469 -0.852658 0
    outer loop
      vertex 1.1041 -4.4073 65
      vertex 1.03714 -4.44833 64.99
      vertex 1.1041 -4.4073 64.99
    endloop
  endfacet
  facet normal 0.999657 -0.0261788 0
    outer loop
      vertex 0.354101 -5.70634 65
      vertex 0.356157 -5.62783 64.99
      vertex 0.356157 -5.62783 65
    endloop
  endfacet
  facet normal 0.999657 -0.0261788 0
    outer loop
      vertex 0.356157 -5.62783 64.99
      vertex 0.354101 -5.70634 65
      vertex 0.354101 -5.70634 64.99
    endloop
  endfacet
  facet normal 0.608707 0.793395 -0
    outer loop
      vertex 0.972424 -6.91986 64.99
      vertex 0.910121 -6.87206 65
      vertex 0.972424 -6.91986 65
    endloop
  endfacet
  facet normal 0.608707 0.793395 0
    outer loop
      vertex 0.910121 -6.87206 65
      vertex 0.972424 -6.91986 64.99
      vertex 0.910121 -6.87206 64.99
    endloop
  endfacet
  facet normal 0.983257 -0.182225 0
    outer loop
      vertex 0.372569 -5.47169 65
      vertex 0.38688 -5.39447 64.99
      vertex 0.38688 -5.39447 65
    endloop
  endfacet
  facet normal 0.983257 -0.182225 0
    outer loop
      vertex 0.38688 -5.39447 64.99
      vertex 0.372569 -5.47169 65
      vertex 0.372569 -5.47169 64.99
    endloop
  endfacet
  facet normal 0.430532 0.902576 -0
    outer loop
      vertex 1.244 -7.07666 64.99
      vertex 1.17312 -7.04285 65
      vertex 1.244 -7.07666 65
    endloop
  endfacet
  facet normal 0.430532 0.902576 0
    outer loop
      vertex 1.17312 -7.04285 65
      vertex 1.244 -7.07666 64.99
      vertex 1.17312 -7.04285 64.99
    endloop
  endfacet
  facet normal 0.430532 -0.902576 0
    outer loop
      vertex 1.17312 -4.36983 64.99
      vertex 1.244 -4.33602 65
      vertex 1.17312 -4.36983 65
    endloop
  endfacet
  facet normal 0.430532 -0.902576 0
    outer loop
      vertex 1.244 -4.33602 65
      vertex 1.17312 -4.36983 64.99
      vertex 1.244 -4.33602 64.99
    endloop
  endfacet
  facet normal -0.182212 -0.983259 0
    outer loop
      vertex 2.08875 -4.22481 64.99
      vertex 2.16597 -4.23912 65
      vertex 2.08875 -4.22481 65
    endloop
  endfacet
  facet normal -0.182212 -0.983259 -0
    outer loop
      vertex 2.16597 -4.23912 65
      vertex 2.08875 -4.22481 64.99
      vertex 2.16597 -4.23912 64.99
    endloop
  endfacet
  facet normal 0.878803 -0.477185 0
    outer loop
      vertex 0.517591 -5.02535 65
      vertex 0.555063 -4.95634 64.99
      vertex 0.555063 -4.95634 65
    endloop
  endfacet
  facet normal 0.878803 -0.477185 0
    outer loop
      vertex 0.555063 -4.95634 64.99
      vertex 0.517591 -5.02535 65
      vertex 0.517591 -5.02535 64.99
    endloop
  endfacet
  facet normal 0.92389 -0.382658 0
    outer loop
      vertex 0.453731 -5.16879 65
      vertex 0.483784 -5.09623 64.99
      vertex 0.483784 -5.09623 65
    endloop
  endfacet
  facet normal 0.92389 -0.382658 0
    outer loop
      vertex 0.483784 -5.09623 64.99
      vertex 0.453731 -5.16879 65
      vertex 0.453731 -5.16879 64.99
    endloop
  endfacet
  facet normal -0.902576 0.430532 0
    outer loop
      vertex 3.19061 -6.38732 64.99
      vertex 3.22442 -6.31644 65
      vertex 3.22442 -6.31644 64.99
    endloop
  endfacet
  facet normal -0.902576 0.430532 0
    outer loop
      vertex 3.22442 -6.31644 65
      vertex 3.19061 -6.38732 64.99
      vertex 3.19061 -6.38732 65
    endloop
  endfacet
  facet normal 0.90259 0.4305 0
    outer loop
      vertex 0.517591 -6.38732 65
      vertex 0.483784 -6.31644 64.99
      vertex 0.483784 -6.31644 65
    endloop
  endfacet
  facet normal 0.90259 0.4305 0
    outer loop
      vertex 0.483784 -6.31644 64.99
      vertex 0.517591 -6.38732 65
      vertex 0.517591 -6.38732 64.99
    endloop
  endfacet
  facet normal 0.477112 0.878843 -0
    outer loop
      vertex 1.17312 -7.04285 64.99
      vertex 1.1041 -7.00538 65
      vertex 1.17312 -7.04285 65
    endloop
  endfacet
  facet normal 0.477112 0.878843 0
    outer loop
      vertex 1.1041 -7.00538 65
      vertex 1.17312 -7.04285 64.99
      vertex 1.1041 -7.00538 64.99
    endloop
  endfacet
  facet normal 0.38267 0.923885 -0
    outer loop
      vertex 1.31655 -7.10671 64.99
      vertex 1.244 -7.07666 65
      vertex 1.31655 -7.10671 65
    endloop
  endfacet
  facet normal 0.38267 0.923885 0
    outer loop
      vertex 1.244 -7.07666 65
      vertex 1.31655 -7.10671 64.99
      vertex 1.244 -7.07666 64.99
    endloop
  endfacet
  facet normal 0.566423 0.824115 -0
    outer loop
      vertex 1.03714 -6.96434 64.99
      vertex 0.972424 -6.91986 65
      vertex 1.03714 -6.96434 65
    endloop
  endfacet
  facet normal 0.566423 0.824115 0
    outer loop
      vertex 0.972424 -6.91986 65
      vertex 1.03714 -6.96434 64.99
      vertex 0.972424 -6.91986 64.99
    endloop
  endfacet
  facet normal 0.996918 0.0784541 0
    outer loop
      vertex 47.4349 2.48596 65
      vertex 47.2398 4.9651 0
      vertex 47.2398 4.9651 65
    endloop
  endfacet
  facet normal 0.996918 0.0784541 0
    outer loop
      vertex 47.2398 4.9651 0
      vertex 47.4349 2.48596 65
      vertex 47.4349 2.48596 0
    endloop
  endfacet
  facet normal 0.999657 0.0261781 0
    outer loop
      vertex 47.5 0 65
      vertex 47.4349 2.48596 0
      vertex 47.4349 2.48596 65
    endloop
  endfacet
  facet normal 0.999657 0.0261781 0
    outer loop
      vertex 47.4349 2.48596 0
      vertex 47.5 0 65
      vertex 47.5 0 0
    endloop
  endfacet
  facet normal 0.991445 0.130528 0
    outer loop
      vertex 47.2398 4.9651 65
      vertex 46.9152 7.43064 0
      vertex 46.9152 7.43064 65
    endloop
  endfacet
  facet normal 0.991445 0.130528 0
    outer loop
      vertex 46.9152 7.43064 0
      vertex 47.2398 4.9651 65
      vertex 47.2398 4.9651 0
    endloop
  endfacet
  facet normal 0.566427 -0.824112 0
    outer loop
      vertex 25.8704 -39.8369 5
      vertex 25.8704 -39.8369 0
      vertex 27.1778 -38.9383 5
    endloop
  endfacet
  facet normal 0.566427 -0.824112 0
    outer loop
      vertex 27.1778 -38.9383 23
      vertex 25.8704 -39.8369 65
      vertex 25.8704 -39.8369 23
    endloop
  endfacet
  facet normal 0.56643 -0.82411 1.22552e-07
    outer loop
      vertex 25.8704 -39.8369 65
      vertex 27.1778 -38.9383 23
      vertex 27.9198 -38.4283 65
    endloop
  endfacet
  facet normal 0.566435 -0.824107 0
    outer loop
      vertex 27.9198 -38.4283 0
      vertex 27.1778 -38.9383 23
      vertex 27.1778 -38.9383 5
    endloop
  endfacet
  facet normal 0.566435 -0.824107 0
    outer loop
      vertex 27.1778 -38.9383 23
      vertex 27.9198 -38.4283 0
      vertex 27.9198 -38.4283 65
    endloop
  endfacet
  facet normal 0.56643 -0.82411 -1.02943e-06
    outer loop
      vertex 27.9198 -38.4283 0
      vertex 27.1778 -38.9383 5
      vertex 25.8704 -39.8369 0
    endloop
  endfacet
  facet normal 0.43052 0.902581 -0
    outer loop
      vertex 21.5645 42.3228 0
      vertex 19.32 43.3934 65
      vertex 21.5645 42.3228 65
    endloop
  endfacet
  facet normal 0.43052 0.902581 0
    outer loop
      vertex 19.32 43.3934 65
      vertex 21.5645 42.3228 0
      vertex 19.32 43.3934 0
    endloop
  endfacet
  facet normal -0.972311 0.233689 0
    outer loop
      vertex -45.8983 12.224 23
      vertex -45.8815 12.2939 0
      vertex -45.8983 12.224 5
    endloop
  endfacet
  facet normal -0.972373 0.233432 -3.79041e-06
    outer loop
      vertex -46.462 9.8758 0
      vertex -45.8983 12.224 5
      vertex -45.8815 12.2939 0
    endloop
  endfacet
  facet normal -0.972375 0.233425 0
    outer loop
      vertex -45.8983 12.224 5
      vertex -46.462 9.8758 0
      vertex -46.462 9.8758 5
    endloop
  endfacet
  facet normal -0.972311 0.233689 0
    outer loop
      vertex -45.8815 12.2939 0
      vertex -45.8983 12.224 23
      vertex -45.8815 12.2939 65
    endloop
  endfacet
  facet normal -0.972375 0.233425 4.64672e-07
    outer loop
      vertex -46.462 9.8758 23
      vertex -45.8815 12.2939 65
      vertex -45.8983 12.224 23
    endloop
  endfacet
  facet normal -0.972373 0.233432 0
    outer loop
      vertex -45.8815 12.2939 65
      vertex -46.462 9.8758 23
      vertex -46.462 9.8758 65
    endloop
  endfacet
  facet normal 0.0784541 -0.996918 0
    outer loop
      vertex 2.48596 -47.4349 0
      vertex 4.9651 -47.2398 65
      vertex 2.48596 -47.4349 65
    endloop
  endfacet
  facet normal 0.0784541 -0.996918 0
    outer loop
      vertex 4.9651 -47.2398 65
      vertex 2.48596 -47.4349 0
      vertex 4.9651 -47.2398 0
    endloop
  endfacet
  facet normal 0.649433 -0.760419 0
    outer loop
      vertex 29.8927 -36.9144 0
      vertex 31.7837 -35.2994 65
      vertex 29.8927 -36.9144 65
    endloop
  endfacet
  facet normal 0.649433 -0.760419 0
    outer loop
      vertex 31.7837 -35.2994 65
      vertex 29.8927 -36.9144 0
      vertex 31.7837 -35.2994 0
    endloop
  endfacet
  facet normal 0.852655 0.522474 0
    outer loop
      vertex 41.1362 23.75 65
      vertex 39.8369 25.8704 0
      vertex 39.8369 25.8704 65
    endloop
  endfacet
  facet normal 0.852655 0.522474 0
    outer loop
      vertex 39.8369 25.8704 0
      vertex 41.1362 23.75 65
      vertex 41.1362 23.75 0
    endloop
  endfacet
  facet normal -0.82411 0.56643 0
    outer loop
      vertex -39.8369 25.8704 23
      vertex -38.4283 27.9198 65
      vertex -38.4283 27.9198 23
    endloop
  endfacet
  facet normal -0.82411 0.56643 0
    outer loop
      vertex -38.4283 27.9198 65
      vertex -39.8369 25.8704 23
      vertex -39.8369 25.8704 65
    endloop
  endfacet
  facet normal -0.82411 0.56643 0
    outer loop
      vertex -39.8369 25.8704 0
      vertex -38.4283 27.9198 5
      vertex -38.4283 27.9198 0
    endloop
  endfacet
  facet normal -0.82411 0.56643 0
    outer loop
      vertex -38.4283 27.9198 5
      vertex -39.8369 25.8704 0
      vertex -39.8369 25.8704 5
    endloop
  endfacet
  facet normal 0.902581 0.43052 0
    outer loop
      vertex 43.3934 19.32 65
      vertex 42.3228 21.5645 0
      vertex 42.3228 21.5645 65
    endloop
  endfacet
  facet normal 0.902581 0.43052 0
    outer loop
      vertex 42.3228 21.5645 0
      vertex 43.3934 19.32 65
      vertex 43.3934 19.32 0
    endloop
  endfacet
  facet normal -0.18223 -0.983256 -0
    outer loop
      vertex -9.8758 -46.462 5
      vertex -9.8758 -46.462 0
      vertex -8.31591 -46.7511 5
    endloop
  endfacet
  facet normal -0.18223 -0.983256 0
    outer loop
      vertex -8.31591 -46.7511 23
      vertex -9.8758 -46.462 65
      vertex -9.8758 -46.462 23
    endloop
  endfacet
  facet normal -0.182242 -0.983254 -4.44173e-07
    outer loop
      vertex -9.8758 -46.462 65
      vertex -8.31591 -46.7511 23
      vertex -7.43064 -46.9152 65
    endloop
  endfacet
  facet normal -0.182262 -0.98325 0
    outer loop
      vertex -7.43064 -46.9152 0
      vertex -8.31591 -46.7511 23
      vertex -8.31591 -46.7511 5
    endloop
  endfacet
  facet normal -0.182262 -0.98325 0
    outer loop
      vertex -8.31591 -46.7511 23
      vertex -7.43064 -46.9152 0
      vertex -7.43064 -46.9152 65
    endloop
  endfacet
  facet normal -0.182242 -0.983254 3.73105e-06
    outer loop
      vertex -7.43064 -46.9152 0
      vertex -8.31591 -46.7511 5
      vertex -9.8758 -46.462 0
    endloop
  endfacet
  facet normal 0.972373 -0.233432 0
    outer loop
      vertex 45.8815 -12.2939 65
      vertex 46.462 -9.8758 0
      vertex 46.462 -9.8758 65
    endloop
  endfacet
  facet normal 0.972373 -0.233432 0
    outer loop
      vertex 46.462 -9.8758 0
      vertex 45.8815 -12.2939 65
      vertex 45.8815 -12.2939 0
    endloop
  endfacet
  facet normal 0.0261781 0.999657 -0
    outer loop
      vertex 2.48596 47.4349 0
      vertex 0 47.5 65
      vertex 2.48596 47.4349 65
    endloop
  endfacet
  facet normal 0.0261781 0.999657 0
    outer loop
      vertex 0 47.5 65
      vertex 2.48596 47.4349 0
      vertex 0 47.5 0
    endloop
  endfacet
  facet normal 0.996918 -0.0784541 0
    outer loop
      vertex 47.2398 -4.9651 65
      vertex 47.4349 -2.48596 0
      vertex 47.4349 -2.48596 65
    endloop
  endfacet
  facet normal 0.996918 -0.0784541 0
    outer loop
      vertex 47.4349 -2.48596 0
      vertex 47.2398 -4.9651 65
      vertex 47.2398 -4.9651 0
    endloop
  endfacet
  facet normal 0.923873 -0.382699 0
    outer loop
      vertex 43.3934 -19.32 65
      vertex 44.3451 -17.0225 0
      vertex 44.3451 -17.0225 65
    endloop
  endfacet
  facet normal 0.923873 -0.382699 0
    outer loop
      vertex 44.3451 -17.0225 0
      vertex 43.3934 -19.32 65
      vertex 43.3934 -19.32 0
    endloop
  endfacet
  facet normal 0.333798 -0.942645 0
    outer loop
      vertex 14.6783 -45.1752 0
      vertex 17.0225 -44.3451 65
      vertex 14.6783 -45.1752 65
    endloop
  endfacet
  facet normal 0.333798 -0.942645 0
    outer loop
      vertex 17.0225 -44.3451 65
      vertex 14.6783 -45.1752 0
      vertex 17.0225 -44.3451 0
    endloop
  endfacet
  facet normal 0.942645 -0.333798 0
    outer loop
      vertex 44.3451 -17.0225 65
      vertex 45.1752 -14.6783 0
      vertex 45.1752 -14.6783 65
    endloop
  endfacet
  facet normal 0.942645 -0.333798 0
    outer loop
      vertex 45.1752 -14.6783 0
      vertex 44.3451 -17.0225 65
      vertex 44.3451 -17.0225 0
    endloop
  endfacet
  facet normal 0.130528 -0.991445 9.536e-08
    outer loop
      vertex 4.9651 -47.2398 65
      vertex 6.26854 -47.0682 23
      vertex 7.43064 -46.9152 65
    endloop
  endfacet
  facet normal 0.130525 -0.991445 0
    outer loop
      vertex 4.9651 -47.2398 0
      vertex 6.26854 -47.0682 23
      vertex 4.9651 -47.2398 65
    endloop
  endfacet
  facet normal 0.130525 -0.991445 0
    outer loop
      vertex 6.26854 -47.0682 23
      vertex 4.9651 -47.2398 0
      vertex 6.26854 -47.0682 5
    endloop
  endfacet
  facet normal 0.130528 -0.991445 -8.01024e-07
    outer loop
      vertex 7.43064 -46.9152 0
      vertex 6.26854 -47.0682 5
      vertex 4.9651 -47.2398 0
    endloop
  endfacet
  facet normal 0.130532 -0.991444 0
    outer loop
      vertex 6.26854 -47.0682 5
      vertex 7.43064 -46.9152 0
      vertex 7.43064 -46.9152 5
    endloop
  endfacet
  facet normal 0.130532 -0.991444 0
    outer loop
      vertex 7.43064 -46.9152 65
      vertex 6.26854 -47.0682 23
      vertex 7.43064 -46.9152 23
    endloop
  endfacet
  facet normal 0.902581 -0.43052 0
    outer loop
      vertex 42.3228 -21.5645 65
      vertex 43.3934 -19.32 0
      vertex 43.3934 -19.32 65
    endloop
  endfacet
  facet normal 0.902581 -0.43052 0
    outer loop
      vertex 43.3934 -19.32 0
      vertex 42.3228 -21.5645 65
      vertex 42.3228 -21.5645 0
    endloop
  endfacet
  facet normal 0.923873 0.382699 0
    outer loop
      vertex 44.3451 17.0225 65
      vertex 43.3934 19.32 0
      vertex 43.3934 19.32 65
    endloop
  endfacet
  facet normal 0.923873 0.382699 0
    outer loop
      vertex 43.3934 19.32 0
      vertex 44.3451 17.0225 65
      vertex 44.3451 17.0225 0
    endloop
  endfacet
  facet normal -0.760419 0.649433 0
    outer loop
      vertex -36.9144 29.8927 0
      vertex -35.2994 31.7837 65
      vertex -35.2994 31.7837 0
    endloop
  endfacet
  facet normal -0.760419 0.649433 0
    outer loop
      vertex -35.2994 31.7837 65
      vertex -36.9144 29.8927 0
      vertex -36.9144 29.8927 65
    endloop
  endfacet
  facet normal 0.878822 -0.47715 0
    outer loop
      vertex 41.1362 -23.75 65
      vertex 42.3228 -21.5645 0
      vertex 42.3228 -21.5645 65
    endloop
  endfacet
  facet normal 0.878822 -0.47715 0
    outer loop
      vertex 42.3228 -21.5645 0
      vertex 41.1362 -23.75 65
      vertex 41.1362 -23.75 0
    endloop
  endfacet
  facet normal -0.43052 -0.902581 0
    outer loop
      vertex -21.5645 -42.3228 0
      vertex -19.32 -43.3934 65
      vertex -21.5645 -42.3228 65
    endloop
  endfacet
  facet normal -0.43052 -0.902581 -0
    outer loop
      vertex -19.32 -43.3934 65
      vertex -21.5645 -42.3228 0
      vertex -19.32 -43.3934 0
    endloop
  endfacet
  facet normal -0.130528 0.991445 9.536e-08
    outer loop
      vertex -4.9651 47.2398 65
      vertex -6.26854 47.0682 23
      vertex -7.43064 46.9152 65
    endloop
  endfacet
  facet normal -0.130525 0.991445 0
    outer loop
      vertex -4.9651 47.2398 0
      vertex -6.26854 47.0682 23
      vertex -4.9651 47.2398 65
    endloop
  endfacet
  facet normal -0.130525 0.991445 0
    outer loop
      vertex -6.26854 47.0682 23
      vertex -4.9651 47.2398 0
      vertex -6.26854 47.0682 5
    endloop
  endfacet
  facet normal -0.130528 0.991445 -8.01024e-07
    outer loop
      vertex -7.43064 46.9152 0
      vertex -6.26854 47.0682 5
      vertex -4.9651 47.2398 0
    endloop
  endfacet
  facet normal -0.130532 0.991444 0
    outer loop
      vertex -6.26854 47.0682 5
      vertex -7.43064 46.9152 0
      vertex -7.43064 46.9152 5
    endloop
  endfacet
  facet normal -0.130532 0.991444 0
    outer loop
      vertex -7.43064 46.9152 65
      vertex -6.26854 47.0682 23
      vertex -7.43064 46.9152 23
    endloop
  endfacet
  facet normal 0.522474 -0.852655 -7.65464e-07
    outer loop
      vertex 23.75 -41.1362 65
      vertex 23.8113 -41.0986 23
      vertex 25.8704 -39.8369 65
    endloop
  endfacet
  facet normal 0.522855 -0.852421 0
    outer loop
      vertex 23.75 -41.1362 0
      vertex 23.8113 -41.0986 23
      vertex 23.75 -41.1362 65
    endloop
  endfacet
  facet normal 0.522855 -0.852421 0
    outer loop
      vertex 23.8113 -41.0986 23
      vertex 23.75 -41.1362 0
      vertex 23.8113 -41.0986 5
    endloop
  endfacet
  facet normal 0.522474 -0.852655 6.4299e-06
    outer loop
      vertex 25.8704 -39.8369 0
      vertex 23.8113 -41.0986 5
      vertex 23.75 -41.1362 0
    endloop
  endfacet
  facet normal 0.522463 -0.852662 0
    outer loop
      vertex 23.8113 -41.0986 5
      vertex 25.8704 -39.8369 0
      vertex 25.8704 -39.8369 5
    endloop
  endfacet
  facet normal 0.522463 -0.852662 0
    outer loop
      vertex 25.8704 -39.8369 65
      vertex 23.8113 -41.0986 23
      vertex 25.8704 -39.8369 23
    endloop
  endfacet
  facet normal -0.725382 0.688347 0
    outer loop
      vertex -35.2994 31.7837 0
      vertex -33.5876 33.5876 65
      vertex -33.5876 33.5876 0
    endloop
  endfacet
  facet normal -0.725382 0.688347 0
    outer loop
      vertex -33.5876 33.5876 65
      vertex -35.2994 31.7837 0
      vertex -35.2994 31.7837 65
    endloop
  endfacet
  facet normal -0.522323 -0.852748 -0
    outer loop
      vertex -25.8704 -39.8369 5
      vertex -25.8704 -39.8369 0
      vertex -25.578 -40.016 5
    endloop
  endfacet
  facet normal -0.522323 -0.852748 0
    outer loop
      vertex -25.578 -40.016 23
      vertex -25.8704 -39.8369 65
      vertex -25.8704 -39.8369 23
    endloop
  endfacet
  facet normal -0.522474 -0.852655 -1.45223e-06
    outer loop
      vertex -25.8704 -39.8369 65
      vertex -25.578 -40.016 23
      vertex -23.75 -41.1362 65
    endloop
  endfacet
  facet normal -0.522499 -0.85264 0
    outer loop
      vertex -23.75 -41.1362 0
      vertex -25.578 -40.016 23
      vertex -25.578 -40.016 5
    endloop
  endfacet
  facet normal -0.522499 -0.85264 0
    outer loop
      vertex -25.578 -40.016 23
      vertex -23.75 -41.1362 0
      vertex -23.75 -41.1362 65
    endloop
  endfacet
  facet normal -0.522474 -0.852655 1.21987e-05
    outer loop
      vertex -23.75 -41.1362 0
      vertex -25.578 -40.016 5
      vertex -25.8704 -39.8369 0
    endloop
  endfacet
  facet normal 0.382699 0.923873 -0
    outer loop
      vertex 19.32 43.3934 0
      vertex 17.0225 44.3451 65
      vertex 19.32 43.3934 65
    endloop
  endfacet
  facet normal 0.382699 0.923873 0
    outer loop
      vertex 17.0225 44.3451 65
      vertex 19.32 43.3934 0
      vertex 17.0225 44.3451 0
    endloop
  endfacet
  facet normal -0.760419 -0.649433 0
    outer loop
      vertex -35.2994 -31.7837 0
      vertex -36.9144 -29.8927 65
      vertex -36.9144 -29.8927 0
    endloop
  endfacet
  facet normal -0.760419 -0.649433 0
    outer loop
      vertex -36.9144 -29.8927 65
      vertex -35.2994 -31.7837 0
      vertex -35.2994 -31.7837 65
    endloop
  endfacet
  facet normal 0.958819 0.284019 0
    outer loop
      vertex 45.8815 12.2939 65
      vertex 45.1752 14.6783 0
      vertex 45.1752 14.6783 65
    endloop
  endfacet
  facet normal 0.958819 0.284019 0
    outer loop
      vertex 45.1752 14.6783 0
      vertex 45.8815 12.2939 65
      vertex 45.8815 12.2939 0
    endloop
  endfacet
  facet normal -0.991445 -0.130525 -0
    outer loop
      vertex -47.0682 -6.26854 23
      vertex -47.2398 -4.9651 0
      vertex -47.0682 -6.26854 5
    endloop
  endfacet
  facet normal -0.991445 -0.130528 -8.01024e-07
    outer loop
      vertex -46.9152 -7.43064 0
      vertex -47.0682 -6.26854 5
      vertex -47.2398 -4.9651 0
    endloop
  endfacet
  facet normal -0.991444 -0.130532 0
    outer loop
      vertex -47.0682 -6.26854 5
      vertex -46.9152 -7.43064 0
      vertex -46.9152 -7.43064 5
    endloop
  endfacet
  facet normal -0.991445 -0.130525 0
    outer loop
      vertex -47.2398 -4.9651 0
      vertex -47.0682 -6.26854 23
      vertex -47.2398 -4.9651 65
    endloop
  endfacet
  facet normal -0.991444 -0.130532 -0
    outer loop
      vertex -46.9152 -7.43064 65
      vertex -47.0682 -6.26854 23
      vertex -46.9152 -7.43064 23
    endloop
  endfacet
  facet normal -0.991445 -0.130528 9.536e-08
    outer loop
      vertex -47.0682 -6.26854 23
      vertex -46.9152 -7.43064 65
      vertex -47.2398 -4.9651 65
    endloop
  endfacet
  facet normal 0.852655 -0.522474 0
    outer loop
      vertex 39.8369 -25.8704 65
      vertex 41.1362 -23.75 0
      vertex 41.1362 -23.75 65
    endloop
  endfacet
  facet normal 0.852655 -0.522474 0
    outer loop
      vertex 41.1362 -23.75 0
      vertex 39.8369 -25.8704 65
      vertex 39.8369 -25.8704 0
    endloop
  endfacet
  facet normal 0.522323 0.852748 0
    outer loop
      vertex 25.8704 39.8369 5
      vertex 25.8704 39.8369 0
      vertex 25.578 40.016 5
    endloop
  endfacet
  facet normal 0.522323 0.852748 0
    outer loop
      vertex 25.578 40.016 23
      vertex 25.8704 39.8369 65
      vertex 25.8704 39.8369 23
    endloop
  endfacet
  facet normal 0.522474 0.852655 -1.45223e-06
    outer loop
      vertex 25.8704 39.8369 65
      vertex 25.578 40.016 23
      vertex 23.75 41.1362 65
    endloop
  endfacet
  facet normal 0.522499 0.85264 0
    outer loop
      vertex 23.75 41.1362 0
      vertex 25.578 40.016 23
      vertex 25.578 40.016 5
    endloop
  endfacet
  facet normal 0.522499 0.85264 0
    outer loop
      vertex 25.578 40.016 23
      vertex 23.75 41.1362 0
      vertex 23.75 41.1362 65
    endloop
  endfacet
  facet normal 0.522474 0.852655 1.21987e-05
    outer loop
      vertex 23.75 41.1362 0
      vertex 25.578 40.016 5
      vertex 25.8704 39.8369 0
    endloop
  endfacet
  facet normal 0.725382 0.688347 0
    outer loop
      vertex 35.2994 31.7837 65
      vertex 33.5876 33.5876 0
      vertex 33.5876 33.5876 65
    endloop
  endfacet
  facet normal 0.725382 0.688347 0
    outer loop
      vertex 33.5876 33.5876 0
      vertex 35.2994 31.7837 65
      vertex 35.2994 31.7837 0
    endloop
  endfacet
  facet normal -0.878822 0.47715 0
    outer loop
      vertex -42.3228 21.5645 0
      vertex -41.1362 23.75 65
      vertex -41.1362 23.75 0
    endloop
  endfacet
  facet normal -0.878822 0.47715 0
    outer loop
      vertex -41.1362 23.75 65
      vertex -42.3228 21.5645 0
      vertex -42.3228 21.5645 65
    endloop
  endfacet
  facet normal -0.649433 0.760419 0
    outer loop
      vertex -29.8927 36.9144 0
      vertex -31.7837 35.2994 65
      vertex -29.8927 36.9144 65
    endloop
  endfacet
  facet normal -0.649433 0.760419 0
    outer loop
      vertex -31.7837 35.2994 65
      vertex -29.8927 36.9144 0
      vertex -31.7837 35.2994 0
    endloop
  endfacet
  facet normal -0.333798 -0.942645 0
    outer loop
      vertex -17.0225 -44.3451 0
      vertex -14.6783 -45.1752 65
      vertex -17.0225 -44.3451 65
    endloop
  endfacet
  facet normal -0.333798 -0.942645 -0
    outer loop
      vertex -14.6783 -45.1752 65
      vertex -17.0225 -44.3451 0
      vertex -14.6783 -45.1752 0
    endloop
  endfacet
  facet normal -0.852748 0.522323 0
    outer loop
      vertex -39.8369 25.8704 0
      vertex -40.016 25.578 5
      vertex -39.8369 25.8704 5
    endloop
  endfacet
  facet normal -0.85264 0.522499 0
    outer loop
      vertex -40.016 25.578 5
      vertex -41.1362 23.75 0
      vertex -40.016 25.578 23
    endloop
  endfacet
  facet normal -0.852655 0.522474 1.21987e-05
    outer loop
      vertex -41.1362 23.75 0
      vertex -40.016 25.578 5
      vertex -39.8369 25.8704 0
    endloop
  endfacet
  facet normal -0.852748 0.522323 0
    outer loop
      vertex -40.016 25.578 23
      vertex -39.8369 25.8704 65
      vertex -39.8369 25.8704 23
    endloop
  endfacet
  facet normal -0.85264 0.522499 0
    outer loop
      vertex -41.1362 23.75 65
      vertex -40.016 25.578 23
      vertex -41.1362 23.75 0
    endloop
  endfacet
  facet normal -0.852655 0.522474 -1.45223e-06
    outer loop
      vertex -40.016 25.578 23
      vertex -41.1362 23.75 65
      vertex -39.8369 25.8704 65
    endloop
  endfacet
  facet normal -0.233329 0.972398 0
    outer loop
      vertex -9.8758 46.462 5
      vertex -9.8758 46.462 0
      vertex -10.2092 46.382 5
    endloop
  endfacet
  facet normal -0.233329 0.972398 0
    outer loop
      vertex -10.2092 46.382 23
      vertex -9.8758 46.462 65
      vertex -9.8758 46.462 23
    endloop
  endfacet
  facet normal -0.233432 0.972373 8.68394e-07
    outer loop
      vertex -9.8758 46.462 65
      vertex -10.2092 46.382 23
      vertex -12.2939 45.8815 65
    endloop
  endfacet
  facet normal -0.233449 0.972369 0
    outer loop
      vertex -12.2939 45.8815 0
      vertex -10.2092 46.382 23
      vertex -10.2092 46.382 5
    endloop
  endfacet
  facet normal -0.233449 0.972369 0
    outer loop
      vertex -10.2092 46.382 23
      vertex -12.2939 45.8815 0
      vertex -12.2939 45.8815 65
    endloop
  endfacet
  facet normal -0.233432 0.972373 -7.29451e-06
    outer loop
      vertex -12.2939 45.8815 0
      vertex -10.2092 46.382 5
      vertex -9.8758 46.462 0
    endloop
  endfacet
  facet normal 0.47715 -0.878822 0
    outer loop
      vertex 21.5645 -42.3228 0
      vertex 23.75 -41.1362 65
      vertex 21.5645 -42.3228 65
    endloop
  endfacet
  facet normal 0.47715 -0.878822 0
    outer loop
      vertex 23.75 -41.1362 65
      vertex 21.5645 -42.3228 0
      vertex 23.75 -41.1362 0
    endloop
  endfacet
  facet normal -0.566427 0.824112 0
    outer loop
      vertex -25.8704 39.8369 5
      vertex -25.8704 39.8369 0
      vertex -27.1778 38.9383 5
    endloop
  endfacet
  facet normal -0.566427 0.824112 0
    outer loop
      vertex -27.1778 38.9383 23
      vertex -25.8704 39.8369 65
      vertex -25.8704 39.8369 23
    endloop
  endfacet
  facet normal -0.56643 0.82411 1.22552e-07
    outer loop
      vertex -25.8704 39.8369 65
      vertex -27.1778 38.9383 23
      vertex -27.9198 38.4283 65
    endloop
  endfacet
  facet normal -0.566435 0.824107 0
    outer loop
      vertex -27.9198 38.4283 0
      vertex -27.1778 38.9383 23
      vertex -27.1778 38.9383 5
    endloop
  endfacet
  facet normal -0.566435 0.824107 0
    outer loop
      vertex -27.1778 38.9383 23
      vertex -27.9198 38.4283 0
      vertex -27.9198 38.4283 65
    endloop
  endfacet
  facet normal -0.56643 0.82411 -1.02943e-06
    outer loop
      vertex -27.9198 38.4283 0
      vertex -27.1778 38.9383 5
      vertex -25.8704 39.8369 0
    endloop
  endfacet
  facet normal 0.991445 -0.130528 0
    outer loop
      vertex 46.9152 -7.43064 65
      vertex 47.2398 -4.9651 0
      vertex 47.2398 -4.9651 65
    endloop
  endfacet
  facet normal 0.991445 -0.130528 0
    outer loop
      vertex 47.2398 -4.9651 0
      vertex 46.9152 -7.43064 65
      vertex 46.9152 -7.43064 0
    endloop
  endfacet
  facet normal 0.793345 -0.608772 0
    outer loop
      vertex 36.9144 -29.8927 65
      vertex 38.4283 -27.9198 0
      vertex 38.4283 -27.9198 65
    endloop
  endfacet
  facet normal 0.793345 -0.608772 0
    outer loop
      vertex 38.4283 -27.9198 0
      vertex 36.9144 -29.8927 65
      vertex 36.9144 -29.8927 0
    endloop
  endfacet
  facet normal 0.0784541 0.996918 -0
    outer loop
      vertex 4.9651 47.2398 0
      vertex 2.48596 47.4349 65
      vertex 4.9651 47.2398 65
    endloop
  endfacet
  facet normal 0.0784541 0.996918 0
    outer loop
      vertex 2.48596 47.4349 65
      vertex 4.9651 47.2398 0
      vertex 2.48596 47.4349 0
    endloop
  endfacet
  facet normal -0.923873 -0.382699 0
    outer loop
      vertex -43.3934 -19.32 0
      vertex -44.3451 -17.0225 65
      vertex -44.3451 -17.0225 0
    endloop
  endfacet
  facet normal -0.923873 -0.382699 0
    outer loop
      vertex -44.3451 -17.0225 65
      vertex -43.3934 -19.32 0
      vertex -43.3934 -19.32 65
    endloop
  endfacet
  facet normal 0.47715 0.878822 -0
    outer loop
      vertex 23.75 41.1362 0
      vertex 21.5645 42.3228 65
      vertex 23.75 41.1362 65
    endloop
  endfacet
  facet normal 0.47715 0.878822 0
    outer loop
      vertex 21.5645 42.3228 65
      vertex 23.75 41.1362 0
      vertex 21.5645 42.3228 0
    endloop
  endfacet
  facet normal -0.999657 -0.0261781 0
    outer loop
      vertex -47.4349 -2.48596 0
      vertex -47.5 0 65
      vertex -47.5 0 0
    endloop
  endfacet
  facet normal -0.999657 -0.0261781 0
    outer loop
      vertex -47.5 0 65
      vertex -47.4349 -2.48596 0
      vertex -47.4349 -2.48596 65
    endloop
  endfacet
  facet normal -0.824112 -0.566427 0
    outer loop
      vertex -39.8369 -25.8704 0
      vertex -38.9383 -27.1778 5
      vertex -39.8369 -25.8704 5
    endloop
  endfacet
  facet normal -0.824107 -0.566435 0
    outer loop
      vertex -38.9383 -27.1778 5
      vertex -38.4283 -27.9198 0
      vertex -38.9383 -27.1778 23
    endloop
  endfacet
  facet normal -0.82411 -0.56643 -1.02943e-06
    outer loop
      vertex -38.4283 -27.9198 0
      vertex -38.9383 -27.1778 5
      vertex -39.8369 -25.8704 0
    endloop
  endfacet
  facet normal -0.824112 -0.566427 0
    outer loop
      vertex -38.9383 -27.1778 23
      vertex -39.8369 -25.8704 65
      vertex -39.8369 -25.8704 23
    endloop
  endfacet
  facet normal -0.824107 -0.566435 -0
    outer loop
      vertex -38.4283 -27.9198 65
      vertex -38.9383 -27.1778 23
      vertex -38.4283 -27.9198 0
    endloop
  endfacet
  facet normal -0.82411 -0.56643 1.22552e-07
    outer loop
      vertex -38.9383 -27.1778 23
      vertex -38.4283 -27.9198 65
      vertex -39.8369 -25.8704 65
    endloop
  endfacet
  facet normal 0.284019 0.958819 -0
    outer loop
      vertex 14.6783 45.1752 0
      vertex 12.2939 45.8815 65
      vertex 14.6783 45.1752 65
    endloop
  endfacet
  facet normal 0.284019 0.958819 0
    outer loop
      vertex 12.2939 45.8815 65
      vertex 14.6783 45.1752 0
      vertex 12.2939 45.8815 0
    endloop
  endfacet
  facet normal -0.958819 -0.284019 0
    outer loop
      vertex -45.1752 -14.6783 0
      vertex -45.8815 -12.2939 65
      vertex -45.8815 -12.2939 0
    endloop
  endfacet
  facet normal -0.958819 -0.284019 0
    outer loop
      vertex -45.8815 -12.2939 65
      vertex -45.1752 -14.6783 0
      vertex -45.1752 -14.6783 65
    endloop
  endfacet
  facet normal 0.608772 -0.793345 0
    outer loop
      vertex 27.9198 -38.4283 0
      vertex 29.8927 -36.9144 65
      vertex 27.9198 -38.4283 65
    endloop
  endfacet
  facet normal 0.608772 -0.793345 0
    outer loop
      vertex 29.8927 -36.9144 65
      vertex 27.9198 -38.4283 0
      vertex 29.8927 -36.9144 0
    endloop
  endfacet
  facet normal 0.130528 0.991445 -0
    outer loop
      vertex 7.43064 46.9152 0
      vertex 4.9651 47.2398 65
      vertex 7.43064 46.9152 65
    endloop
  endfacet
  facet normal 0.130528 0.991445 0
    outer loop
      vertex 4.9651 47.2398 65
      vertex 7.43064 46.9152 0
      vertex 4.9651 47.2398 0
    endloop
  endfacet
  facet normal -0.923873 0.382699 0
    outer loop
      vertex -44.3451 17.0225 0
      vertex -43.3934 19.32 65
      vertex -43.3934 19.32 0
    endloop
  endfacet
  facet normal -0.923873 0.382699 0
    outer loop
      vertex -43.3934 19.32 65
      vertex -44.3451 17.0225 0
      vertex -44.3451 17.0225 65
    endloop
  endfacet
  facet normal 0.18223 0.983256 0
    outer loop
      vertex 9.8758 46.462 5
      vertex 9.8758 46.462 0
      vertex 8.31591 46.7511 5
    endloop
  endfacet
  facet normal 0.18223 0.983256 0
    outer loop
      vertex 8.31591 46.7511 23
      vertex 9.8758 46.462 65
      vertex 9.8758 46.462 23
    endloop
  endfacet
  facet normal 0.182242 0.983254 -4.44173e-07
    outer loop
      vertex 9.8758 46.462 65
      vertex 8.31591 46.7511 23
      vertex 7.43064 46.9152 65
    endloop
  endfacet
  facet normal 0.182262 0.98325 0
    outer loop
      vertex 7.43064 46.9152 0
      vertex 8.31591 46.7511 23
      vertex 8.31591 46.7511 5
    endloop
  endfacet
  facet normal 0.182262 0.98325 0
    outer loop
      vertex 8.31591 46.7511 23
      vertex 7.43064 46.9152 0
      vertex 7.43064 46.9152 65
    endloop
  endfacet
  facet normal 0.182242 0.983254 3.73105e-06
    outer loop
      vertex 7.43064 46.9152 0
      vertex 8.31591 46.7511 5
      vertex 9.8758 46.462 0
    endloop
  endfacet
  facet normal -0.649433 -0.760419 0
    outer loop
      vertex -31.7837 -35.2994 0
      vertex -29.8927 -36.9144 65
      vertex -31.7837 -35.2994 65
    endloop
  endfacet
  facet normal -0.649433 -0.760419 -0
    outer loop
      vertex -29.8927 -36.9144 65
      vertex -31.7837 -35.2994 0
      vertex -29.8927 -36.9144 0
    endloop
  endfacet
  facet normal 0.0261781 -0.999657 0
    outer loop
      vertex 0 -47.5 0
      vertex 2.48596 -47.4349 65
      vertex 0 -47.5 65
    endloop
  endfacet
  facet normal 0.0261781 -0.999657 0
    outer loop
      vertex 2.48596 -47.4349 65
      vertex 0 -47.5 0
      vertex 2.48596 -47.4349 0
    endloop
  endfacet
  facet normal 0.999657 -0.0261781 0
    outer loop
      vertex 47.4349 -2.48596 65
      vertex 47.5 0 0
      vertex 47.5 0 65
    endloop
  endfacet
  facet normal 0.999657 -0.0261781 0
    outer loop
      vertex 47.5 0 0
      vertex 47.4349 -2.48596 65
      vertex 47.4349 -2.48596 0
    endloop
  endfacet
  facet normal 0.382699 -0.923873 0
    outer loop
      vertex 17.0225 -44.3451 0
      vertex 19.32 -43.3934 65
      vertex 17.0225 -44.3451 65
    endloop
  endfacet
  facet normal 0.382699 -0.923873 0
    outer loop
      vertex 19.32 -43.3934 65
      vertex 17.0225 -44.3451 0
      vertex 19.32 -43.3934 0
    endloop
  endfacet
  facet normal -0.0784541 0.996918 0
    outer loop
      vertex -2.48596 47.4349 0
      vertex -4.9651 47.2398 65
      vertex -2.48596 47.4349 65
    endloop
  endfacet
  facet normal -0.0784541 0.996918 0
    outer loop
      vertex -4.9651 47.2398 65
      vertex -2.48596 47.4349 0
      vertex -4.9651 47.2398 0
    endloop
  endfacet
  facet normal -0.902581 0.43052 0
    outer loop
      vertex -43.3934 19.32 0
      vertex -42.3228 21.5645 65
      vertex -42.3228 21.5645 0
    endloop
  endfacet
  facet normal -0.902581 0.43052 0
    outer loop
      vertex -42.3228 21.5645 65
      vertex -43.3934 19.32 0
      vertex -43.3934 19.32 65
    endloop
  endfacet
  facet normal 0.760419 -0.649433 0
    outer loop
      vertex 35.2994 -31.7837 65
      vertex 36.9144 -29.8927 0
      vertex 36.9144 -29.8927 65
    endloop
  endfacet
  facet normal 0.760419 -0.649433 0
    outer loop
      vertex 36.9144 -29.8927 0
      vertex 35.2994 -31.7837 65
      vertex 35.2994 -31.7837 0
    endloop
  endfacet
  facet normal 0.878822 0.47715 0
    outer loop
      vertex 42.3228 21.5645 65
      vertex 41.1362 23.75 0
      vertex 41.1362 23.75 65
    endloop
  endfacet
  facet normal 0.878822 0.47715 0
    outer loop
      vertex 41.1362 23.75 0
      vertex 42.3228 21.5645 65
      vertex 42.3228 21.5645 0
    endloop
  endfacet
  facet normal 0.942645 0.333798 0
    outer loop
      vertex 45.1752 14.6783 65
      vertex 44.3451 17.0225 0
      vertex 44.3451 17.0225 65
    endloop
  endfacet
  facet normal 0.942645 0.333798 0
    outer loop
      vertex 44.3451 17.0225 0
      vertex 45.1752 14.6783 65
      vertex 45.1752 14.6783 0
    endloop
  endfacet
  facet normal 0.958819 -0.284019 0
    outer loop
      vertex 45.1752 -14.6783 65
      vertex 45.8815 -12.2939 0
      vertex 45.8815 -12.2939 65
    endloop
  endfacet
  facet normal 0.958819 -0.284019 0
    outer loop
      vertex 45.8815 -12.2939 0
      vertex 45.1752 -14.6783 65
      vertex 45.1752 -14.6783 0
    endloop
  endfacet
  facet normal -0.725382 -0.688347 0
    outer loop
      vertex -33.5876 -33.5876 0
      vertex -35.2994 -31.7837 65
      vertex -35.2994 -31.7837 0
    endloop
  endfacet
  facet normal -0.725382 -0.688347 0
    outer loop
      vertex -35.2994 -31.7837 65
      vertex -33.5876 -33.5876 0
      vertex -33.5876 -33.5876 65
    endloop
  endfacet
  facet normal -0.688347 -0.725382 0
    outer loop
      vertex -33.5876 -33.5876 0
      vertex -31.7837 -35.2994 65
      vertex -33.5876 -33.5876 65
    endloop
  endfacet
  facet normal -0.688347 -0.725382 -0
    outer loop
      vertex -31.7837 -35.2994 65
      vertex -33.5876 -33.5876 0
      vertex -31.7837 -35.2994 0
    endloop
  endfacet
  facet normal 0.725382 -0.688347 0
    outer loop
      vertex 33.5876 -33.5876 65
      vertex 35.2994 -31.7837 0
      vertex 35.2994 -31.7837 65
    endloop
  endfacet
  facet normal 0.725382 -0.688347 0
    outer loop
      vertex 35.2994 -31.7837 0
      vertex 33.5876 -33.5876 65
      vertex 33.5876 -33.5876 0
    endloop
  endfacet
  facet normal 0.793345 0.608772 0
    outer loop
      vertex 38.4283 27.9198 65
      vertex 36.9144 29.8927 0
      vertex 36.9144 29.8927 65
    endloop
  endfacet
  facet normal 0.793345 0.608772 0
    outer loop
      vertex 36.9144 29.8927 0
      vertex 38.4283 27.9198 65
      vertex 38.4283 27.9198 0
    endloop
  endfacet
  facet normal 0.688347 -0.725382 0
    outer loop
      vertex 31.7837 -35.2994 0
      vertex 33.5876 -33.5876 65
      vertex 31.7837 -35.2994 65
    endloop
  endfacet
  facet normal 0.688347 -0.725382 0
    outer loop
      vertex 33.5876 -33.5876 65
      vertex 31.7837 -35.2994 0
      vertex 33.5876 -33.5876 0
    endloop
  endfacet
  facet normal 0.649433 0.760419 -0
    outer loop
      vertex 31.7837 35.2994 0
      vertex 29.8927 36.9144 65
      vertex 31.7837 35.2994 65
    endloop
  endfacet
  facet normal 0.649433 0.760419 0
    outer loop
      vertex 29.8927 36.9144 65
      vertex 31.7837 35.2994 0
      vertex 29.8927 36.9144 0
    endloop
  endfacet
  facet normal -0.972398 -0.233329 0
    outer loop
      vertex -46.462 -9.8758 0
      vertex -46.382 -10.2092 5
      vertex -46.462 -9.8758 5
    endloop
  endfacet
  facet normal -0.972369 -0.233449 0
    outer loop
      vertex -46.382 -10.2092 5
      vertex -45.8815 -12.2939 0
      vertex -46.382 -10.2092 23
    endloop
  endfacet
  facet normal -0.972373 -0.233432 -7.29451e-06
    outer loop
      vertex -45.8815 -12.2939 0
      vertex -46.382 -10.2092 5
      vertex -46.462 -9.8758 0
    endloop
  endfacet
  facet normal -0.972398 -0.233329 0
    outer loop
      vertex -46.382 -10.2092 23
      vertex -46.462 -9.8758 65
      vertex -46.462 -9.8758 23
    endloop
  endfacet
  facet normal -0.972369 -0.233449 -0
    outer loop
      vertex -45.8815 -12.2939 65
      vertex -46.382 -10.2092 23
      vertex -45.8815 -12.2939 0
    endloop
  endfacet
  facet normal -0.972373 -0.233432 8.68394e-07
    outer loop
      vertex -46.382 -10.2092 23
      vertex -45.8815 -12.2939 65
      vertex -46.462 -9.8758 65
    endloop
  endfacet
  facet normal -0.942645 -0.333798 0
    outer loop
      vertex -44.3451 -17.0225 0
      vertex -45.1752 -14.6783 65
      vertex -45.1752 -14.6783 0
    endloop
  endfacet
  facet normal -0.942645 -0.333798 0
    outer loop
      vertex -45.1752 -14.6783 65
      vertex -44.3451 -17.0225 0
      vertex -44.3451 -17.0225 65
    endloop
  endfacet
  facet normal 0.233329 -0.972398 0
    outer loop
      vertex 9.8758 -46.462 5
      vertex 9.8758 -46.462 0
      vertex 10.2092 -46.382 5
    endloop
  endfacet
  facet normal 0.233329 -0.972398 0
    outer loop
      vertex 10.2092 -46.382 23
      vertex 9.8758 -46.462 65
      vertex 9.8758 -46.462 23
    endloop
  endfacet
  facet normal 0.233432 -0.972373 8.68394e-07
    outer loop
      vertex 9.8758 -46.462 65
      vertex 10.2092 -46.382 23
      vertex 12.2939 -45.8815 65
    endloop
  endfacet
  facet normal 0.233449 -0.972369 0
    outer loop
      vertex 12.2939 -45.8815 0
      vertex 10.2092 -46.382 23
      vertex 10.2092 -46.382 5
    endloop
  endfacet
  facet normal 0.233449 -0.972369 0
    outer loop
      vertex 10.2092 -46.382 23
      vertex 12.2939 -45.8815 0
      vertex 12.2939 -45.8815 65
    endloop
  endfacet
  facet normal 0.233432 -0.972373 -7.29451e-06
    outer loop
      vertex 12.2939 -45.8815 0
      vertex 10.2092 -46.382 5
      vertex 9.8758 -46.462 0
    endloop
  endfacet
  facet normal -0.130528 -0.991445 0
    outer loop
      vertex -7.43064 -46.9152 0
      vertex -4.9651 -47.2398 65
      vertex -7.43064 -46.9152 65
    endloop
  endfacet
  facet normal -0.130528 -0.991445 -0
    outer loop
      vertex -4.9651 -47.2398 65
      vertex -7.43064 -46.9152 0
      vertex -4.9651 -47.2398 0
    endloop
  endfacet
  facet normal 0.983254 0.182242 0
    outer loop
      vertex 46.9152 7.43064 65
      vertex 46.462 9.8758 0
      vertex 46.462 9.8758 65
    endloop
  endfacet
  facet normal 0.983254 0.182242 0
    outer loop
      vertex 46.462 9.8758 0
      vertex 46.9152 7.43064 65
      vertex 46.9152 7.43064 0
    endloop
  endfacet
  facet normal 0.760419 0.649433 0
    outer loop
      vertex 36.9144 29.8927 65
      vertex 35.2994 31.7837 0
      vertex 35.2994 31.7837 65
    endloop
  endfacet
  facet normal 0.760419 0.649433 0
    outer loop
      vertex 35.2994 31.7837 0
      vertex 36.9144 29.8927 65
      vertex 36.9144 29.8927 0
    endloop
  endfacet
  facet normal -0.878822 -0.47715 0
    outer loop
      vertex -41.1362 -23.75 0
      vertex -42.3228 -21.5645 65
      vertex -42.3228 -21.5645 0
    endloop
  endfacet
  facet normal -0.878822 -0.47715 0
    outer loop
      vertex -42.3228 -21.5645 65
      vertex -41.1362 -23.75 0
      vertex -41.1362 -23.75 65
    endloop
  endfacet
  facet normal -0.333798 0.942645 0
    outer loop
      vertex -14.6783 45.1752 0
      vertex -17.0225 44.3451 65
      vertex -14.6783 45.1752 65
    endloop
  endfacet
  facet normal -0.333798 0.942645 0
    outer loop
      vertex -17.0225 44.3451 65
      vertex -14.6783 45.1752 0
      vertex -17.0225 44.3451 0
    endloop
  endfacet
  facet normal 0.688347 0.725382 -0
    outer loop
      vertex 33.5876 33.5876 0
      vertex 31.7837 35.2994 65
      vertex 33.5876 33.5876 65
    endloop
  endfacet
  facet normal 0.688347 0.725382 0
    outer loop
      vertex 31.7837 35.2994 65
      vertex 33.5876 33.5876 0
      vertex 31.7837 35.2994 0
    endloop
  endfacet
  facet normal -0.0261781 0.999657 0
    outer loop
      vertex 0 47.5 0
      vertex -2.48596 47.4349 65
      vertex 0 47.5 65
    endloop
  endfacet
  facet normal -0.0261781 0.999657 0
    outer loop
      vertex -2.48596 47.4349 65
      vertex 0 47.5 0
      vertex -2.48596 47.4349 0
    endloop
  endfacet
  facet normal 0.972373 0.233432 0
    outer loop
      vertex 46.462 9.8758 65
      vertex 45.8815 12.2939 0
      vertex 45.8815 12.2939 65
    endloop
  endfacet
  facet normal 0.972373 0.233432 0
    outer loop
      vertex 45.8815 12.2939 0
      vertex 46.462 9.8758 65
      vertex 46.462 9.8758 0
    endloop
  endfacet
  facet normal -0 0 1
    outer loop
      vertex -3.68838 2.58273 65
      vertex -1.25801 0.816958 65
      vertex -3.64058 2.64503 65
    endloop
  endfacet
  facet normal 0 0 1
    outer loop
      vertex -1.5 0 65
      vertex -3.35616 -3.44821 65
      vertex -3.3541 -3.52671 65
    endloop
  endfacet
  facet normal 0 0 1
    outer loop
      vertex -1.25801 0.816958 65
      vertex -3.68838 2.58273 65
      vertex -1.29904 0.75 65
    endloop
  endfacet
  facet normal 0 0 1
    outer loop
      vertex -1.5 0 65
      vertex -3.36232 -3.36992 65
      vertex -3.35616 -3.44821 65
    endloop
  endfacet
  facet normal -0 0 1
    outer loop
      vertex -3.73938 2.52302 65
      vertex -1.29904 0.75 65
      vertex -3.68838 2.58273 65
    endloop
  endfacet
  facet normal 0 0 1
    outer loop
      vertex -1.5 0 65
      vertex -3.37257 -3.29206 65
      vertex -3.36232 -3.36992 65
    endloop
  endfacet
  facet normal 0 0 1
    outer loop
      vertex -1.29904 0.75 65
      vertex -3.73938 2.52302 65
      vertex -1.33651 0.680985 65
    endloop
  endfacet
  facet normal 0 0 1
    outer loop
      vertex -1.5 0 65
      vertex -3.38688 -3.21484 65
      vertex -3.37257 -3.29206 65
    endloop
  endfacet
  facet normal -0 0 1
    outer loop
      vertex -3.79344 2.46605 65
      vertex -1.33651 0.680985 65
      vertex -3.73938 2.52302 65
    endloop
  endfacet
  facet normal 0 0 1
    outer loop
      vertex -1.5 0 65
      vertex -3.40521 -3.13848 65
      vertex -3.38688 -3.21484 65
    endloop
  endfacet
  facet normal 0 0 1
    outer loop
      vertex -1.33651 0.680985 65
      vertex -3.79344 2.46605 65
      vertex -1.37032 0.610105 65
    endloop
  endfacet
  facet normal 0 0 1
    outer loop
      vertex -1.5 0 65
      vertex -3.42752 -3.06319 65
      vertex -3.40521 -3.13848 65
    endloop
  endfacet
  facet normal -0 0 1
    outer loop
      vertex -3.85041 2.41199 65
      vertex -1.37032 0.610105 65
      vertex -3.79344 2.46605 65
    endloop
  endfacet
  facet normal 0 0 1
    outer loop
      vertex -1.5 0 65
      vertex -3.45373 -2.98916 65
      vertex -3.42752 -3.06319 65
    endloop
  endfacet
  facet normal 0 0 1
    outer loop
      vertex -1.37032 0.610105 65
      vertex -3.85041 2.41199 65
      vertex -1.40037 0.537552 65
    endloop
  endfacet
  facet normal 0 0 1
    outer loop
      vertex -1.5 0 65
      vertex -3.48378 -2.91661 65
      vertex -3.45373 -2.98916 65
    endloop
  endfacet
  facet normal -0 0 1
    outer loop
      vertex -3.91012 2.36099 65
      vertex -1.40037 0.537552 65
      vertex -3.85041 2.41199 65
    endloop
  endfacet
  facet normal 0 0 1
    outer loop
      vertex -1.5 0 65
      vertex -3.51759 -2.84573 65
      vertex -3.48378 -2.91661 65
    endloop
  endfacet
  facet normal 0 0 1
    outer loop
      vertex -1.40037 0.537552 65
      vertex -3.91012 2.36099 65
      vertex -1.42658 0.463525 65
    endloop
  endfacet
  facet normal 0 0 1
    outer loop
      vertex -1.5 0 65
      vertex -3.55506 -2.77671 65
      vertex -3.51759 -2.84573 65
    endloop
  endfacet
  facet normal -0 0 1
    outer loop
      vertex -3.97242 2.31319 65
      vertex -1.42658 0.463525 65
      vertex -3.91012 2.36099 65
    endloop
  endfacet
  facet normal 0 0 1
    outer loop
      vertex -1.5 0 65
      vertex -3.5961 -2.70975 65
      vertex -3.55506 -2.77671 65
    endloop
  endfacet
  facet normal 0 0 1
    outer loop
      vertex -1.42658 0.463525 65
      vertex -3.97242 2.31319 65
      vertex -1.44889 0.388228 65
    endloop
  endfacet
  facet normal 0 0 1
    outer loop
      vertex -1.5 0 65
      vertex -3.64058 -2.64503 65
      vertex -3.5961 -2.70975 65
    endloop
  endfacet
  facet normal -0 0 1
    outer loop
      vertex -4.03714 2.26871 65
      vertex -1.44889 0.388228 65
      vertex -3.97242 2.31319 65
    endloop
  endfacet
  facet normal 0 0 1
    outer loop
      vertex -1.5 0 65
      vertex -3.68838 -2.58273 65
      vertex -3.64058 -2.64503 65
    endloop
  endfacet
  facet normal 0 0 1
    outer loop
      vertex -1.44889 0.388228 65
      vertex -4.03714 2.26871 65
      vertex -1.46722 0.311867 65
    endloop
  endfacet
  facet normal 0 0 1
    outer loop
      vertex -1.5 0 65
      vertex -3.73938 -2.52302 65
      vertex -3.68838 -2.58273 65
    endloop
  endfacet
  facet normal -0 0 1
    outer loop
      vertex -4.1041 2.22767 65
      vertex -1.46722 0.311867 65
      vertex -4.03714 2.26871 65
    endloop
  endfacet
  facet normal 0 0 1
    outer loop
      vertex -1.5 0 65
      vertex -3.79344 -2.46605 65
      vertex -3.73938 -2.52302 65
    endloop
  endfacet
  facet normal 0 0 1
    outer loop
      vertex -1.46722 0.311867 65
      vertex -4.1041 2.22767 65
      vertex -1.48153 0.234652 65
    endloop
  endfacet
  facet normal 0 0 1
    outer loop
      vertex -1.5 0 65
      vertex -3.85041 -2.41199 65
      vertex -3.79344 -2.46605 65
    endloop
  endfacet
  facet normal -0 0 1
    outer loop
      vertex -4.17312 2.1902 65
      vertex -1.48153 0.234652 65
      vertex -4.1041 2.22767 65
    endloop
  endfacet
  facet normal 0 0 1
    outer loop
      vertex -1.5 0 65
      vertex -3.91012 -2.36099 65
      vertex -3.85041 -2.41199 65
    endloop
  endfacet
  facet normal 0 0 1
    outer loop
      vertex -1.48153 0.234652 65
      vertex -4.17312 2.1902 65
      vertex -1.49178 0.156793 65
    endloop
  endfacet
  facet normal 0 0 1
    outer loop
      vertex -1.5 0 65
      vertex -3.97242 -2.31319 65
      vertex -3.91012 -2.36099 65
    endloop
  endfacet
  facet normal -0 0 1
    outer loop
      vertex -4.244 2.15639 65
      vertex -1.49178 0.156793 65
      vertex -4.17312 2.1902 65
    endloop
  endfacet
  facet normal 0 0 1
    outer loop
      vertex -1.5 0 65
      vertex -4.03714 -2.26871 65
      vertex -3.97242 -2.31319 65
    endloop
  endfacet
  facet normal 0 0 1
    outer loop
      vertex -1.49178 0.156793 65
      vertex -4.244 2.15639 65
      vertex -1.49794 0.0785036 65
    endloop
  endfacet
  facet normal 0 0 1
    outer loop
      vertex -1.5 0 65
      vertex -4.1041 -2.22767 65
      vertex -4.03714 -2.26871 65
    endloop
  endfacet
  facet normal -0 0 1
    outer loop
      vertex -4.31655 2.12634 65
      vertex -1.49794 0.0785036 65
      vertex -4.244 2.15639 65
    endloop
  endfacet
  facet normal 0 0 1
    outer loop
      vertex -1.5 0 65
      vertex -4.17312 -2.1902 65
      vertex -4.1041 -2.22767 65
    endloop
  endfacet
  facet normal 0 0 1
    outer loop
      vertex -1.49794 0.0785036 65
      vertex -4.31655 2.12634 65
      vertex -1.5 0 65
    endloop
  endfacet
  facet normal 0 0 1
    outer loop
      vertex -1.5 0 65
      vertex -4.244 -2.15639 65
      vertex -4.17312 -2.1902 65
    endloop
  endfacet
  facet normal -0 0 1
    outer loop
      vertex -4.39058 2.10013 65
      vertex -1.5 0 65
      vertex -4.31655 2.12634 65
    endloop
  endfacet
  facet normal 0 0 1
    outer loop
      vertex -1.5 0 65
      vertex -4.31655 -2.12634 65
      vertex -4.244 -2.15639 65
    endloop
  endfacet
  facet normal 0 0 1
    outer loop
      vertex -4.39058 -2.10013 65
      vertex -1.5 0 65
      vertex -4.39058 2.10013 65
    endloop
  endfacet
  facet normal 0 0 1
    outer loop
      vertex -1.5 0 65
      vertex -4.39058 -2.10013 65
      vertex -4.31655 -2.12634 65
    endloop
  endfacet
  facet normal -0 0 1
    outer loop
      vertex -4.46587 2.07782 65
      vertex -4.39058 -2.10013 65
      vertex -4.39058 2.10013 65
    endloop
  endfacet
  facet normal 0 0 1
    outer loop
      vertex -4.46587 2.07782 65
      vertex -4.46587 -2.07782 65
      vertex -4.39058 -2.10013 65
    endloop
  endfacet
  facet normal -0 0 1
    outer loop
      vertex -4.54223 2.05949 65
      vertex -4.46587 -2.07782 65
      vertex -4.46587 2.07782 65
    endloop
  endfacet
  facet normal 0 0 1
    outer loop
      vertex -4.54223 2.05949 65
      vertex -4.54223 -2.05949 65
      vertex -4.46587 -2.07782 65
    endloop
  endfacet
  facet normal -0 0 1
    outer loop
      vertex -4.61945 2.04518 65
      vertex -4.54223 -2.05949 65
      vertex -4.54223 2.05949 65
    endloop
  endfacet
  facet normal 0 0 1
    outer loop
      vertex -4.61945 2.04518 65
      vertex -4.61945 -2.04518 65
      vertex -4.54223 -2.05949 65
    endloop
  endfacet
  facet normal -0 0 1
    outer loop
      vertex -4.69731 2.03493 65
      vertex -4.61945 -2.04518 65
      vertex -4.61945 2.04518 65
    endloop
  endfacet
  facet normal 0 0 1
    outer loop
      vertex -4.69731 2.03493 65
      vertex -4.69731 -2.03493 65
      vertex -4.61945 -2.04518 65
    endloop
  endfacet
  facet normal -0 0 1
    outer loop
      vertex -4.7756 2.02877 65
      vertex -4.69731 -2.03493 65
      vertex -4.69731 2.03493 65
    endloop
  endfacet
  facet normal 0 0 1
    outer loop
      vertex -4.7756 2.02877 65
      vertex -4.7756 -2.02877 65
      vertex -4.69731 -2.03493 65
    endloop
  endfacet
  facet normal -0 0 1
    outer loop
      vertex -4.8541 2.02671 65
      vertex -4.7756 -2.02877 65
      vertex -4.7756 2.02877 65
    endloop
  endfacet
  facet normal 0 0 1
    outer loop
      vertex -4.8541 2.02671 65
      vertex -4.8541 -2.02671 65
      vertex -4.7756 -2.02877 65
    endloop
  endfacet
  facet normal 0 0 1
    outer loop
      vertex -4.93261 2.02877 65
      vertex -4.8541 -2.02671 65
      vertex -4.8541 2.02671 65
    endloop
  endfacet
  facet normal 0 0 1
    outer loop
      vertex -4.93261 2.02877 65
      vertex -4.93261 -2.02877 65
      vertex -4.8541 -2.02671 65
    endloop
  endfacet
  facet normal 0 0 1
    outer loop
      vertex -5.01089 2.03493 65
      vertex -4.93261 -2.02877 65
      vertex -4.93261 2.02877 65
    endloop
  endfacet
  facet normal 0 0 1
    outer loop
      vertex -5.01089 2.03493 65
      vertex -5.01089 -2.03493 65
      vertex -4.93261 -2.02877 65
    endloop
  endfacet
  facet normal 0 0 1
    outer loop
      vertex -5.08875 2.04518 65
      vertex -5.01089 -2.03493 65
      vertex -5.01089 2.03493 65
    endloop
  endfacet
  facet normal 0 0 1
    outer loop
      vertex -5.08875 2.04518 65
      vertex -5.08875 -2.04518 65
      vertex -5.01089 -2.03493 65
    endloop
  endfacet
  facet normal 0 0 1
    outer loop
      vertex -5.16597 2.05949 65
      vertex -5.08875 -2.04518 65
      vertex -5.08875 2.04518 65
    endloop
  endfacet
  facet normal 0 0 1
    outer loop
      vertex -5.16597 2.05949 65
      vertex -5.16597 -2.05949 65
      vertex -5.08875 -2.04518 65
    endloop
  endfacet
  facet normal 0 0 1
    outer loop
      vertex -5.24233 2.07782 65
      vertex -5.16597 -2.05949 65
      vertex -5.16597 2.05949 65
    endloop
  endfacet
  facet normal 0 0 1
    outer loop
      vertex -5.24233 2.07782 65
      vertex -5.24233 -2.07782 65
      vertex -5.16597 -2.05949 65
    endloop
  endfacet
  facet normal 0 0 1
    outer loop
      vertex -5.31763 2.10013 65
      vertex -5.24233 -2.07782 65
      vertex -5.24233 2.07782 65
    endloop
  endfacet
  facet normal 0 0 1
    outer loop
      vertex -5.31763 2.10013 65
      vertex -5.31763 -2.10013 65
      vertex -5.24233 -2.07782 65
    endloop
  endfacet
  facet normal 0 0 1
    outer loop
      vertex -5.39165 2.12634 65
      vertex -5.31763 -2.10013 65
      vertex -5.31763 2.10013 65
    endloop
  endfacet
  facet normal 0 0 1
    outer loop
      vertex -5.39165 2.12634 65
      vertex -5.39165 -2.12634 65
      vertex -5.31763 -2.10013 65
    endloop
  endfacet
  facet normal 0 0 1
    outer loop
      vertex -5.46421 2.15639 65
      vertex -5.39165 -2.12634 65
      vertex -5.39165 2.12634 65
    endloop
  endfacet
  facet normal 0 0 1
    outer loop
      vertex -5.46421 2.15639 65
      vertex -5.46421 -2.15639 65
      vertex -5.39165 -2.12634 65
    endloop
  endfacet
  facet normal 0 0 1
    outer loop
      vertex -5.53509 2.1902 65
      vertex -5.46421 -2.15639 65
      vertex -5.46421 2.15639 65
    endloop
  endfacet
  facet normal 0 0 1
    outer loop
      vertex -5.53509 2.1902 65
      vertex -5.53509 -2.1902 65
      vertex -5.46421 -2.15639 65
    endloop
  endfacet
  facet normal 0 0 1
    outer loop
      vertex -5.6041 2.22767 65
      vertex -5.53509 -2.1902 65
      vertex -5.53509 2.1902 65
    endloop
  endfacet
  facet normal 0 0 1
    outer loop
      vertex -5.6041 2.22767 65
      vertex -5.6041 -2.22767 65
      vertex -5.53509 -2.1902 65
    endloop
  endfacet
  facet normal 0 0 1
    outer loop
      vertex -5.67106 2.26871 65
      vertex -5.6041 -2.22767 65
      vertex -5.6041 2.22767 65
    endloop
  endfacet
  facet normal 0 0 1
    outer loop
      vertex -5.67106 2.26871 65
      vertex -5.67106 -2.26871 65
      vertex -5.6041 -2.22767 65
    endloop
  endfacet
  facet normal 0 0 1
    outer loop
      vertex -5.73578 2.31319 65
      vertex -5.67106 -2.26871 65
      vertex -5.67106 2.26871 65
    endloop
  endfacet
  facet normal 0 0 1
    outer loop
      vertex -5.73578 2.31319 65
      vertex -5.73578 -2.31319 65
      vertex -5.67106 -2.26871 65
    endloop
  endfacet
  facet normal 0 0 1
    outer loop
      vertex -5.79808 2.36099 65
      vertex -5.73578 -2.31319 65
      vertex -5.73578 2.31319 65
    endloop
  endfacet
  facet normal 0 0 1
    outer loop
      vertex -5.79808 2.36099 65
      vertex -5.79808 -2.36099 65
      vertex -5.73578 -2.31319 65
    endloop
  endfacet
  facet normal 0 0 1
    outer loop
      vertex -5.8578 2.41199 65
      vertex -5.79808 -2.36099 65
      vertex -5.79808 2.36099 65
    endloop
  endfacet
  facet normal 0 0 1
    outer loop
      vertex -5.8578 2.41199 65
      vertex -5.8578 -2.41199 65
      vertex -5.79808 -2.36099 65
    endloop
  endfacet
  facet normal 0 0 1
    outer loop
      vertex -5.91476 2.46605 65
      vertex -5.8578 -2.41199 65
      vertex -5.8578 2.41199 65
    endloop
  endfacet
  facet normal 0 0 1
    outer loop
      vertex -5.91476 2.46605 65
      vertex -5.91476 -2.46605 65
      vertex -5.8578 -2.41199 65
    endloop
  endfacet
  facet normal 0 0 1
    outer loop
      vertex -5.96882 2.52302 65
      vertex -5.91476 -2.46605 65
      vertex -5.91476 2.46605 65
    endloop
  endfacet
  facet normal 0 0 1
    outer loop
      vertex -5.96882 2.52302 65
      vertex -5.96882 -2.52302 65
      vertex -5.91476 -2.46605 65
    endloop
  endfacet
  facet normal 0 0 1
    outer loop
      vertex -6.01982 2.58273 65
      vertex -5.96882 -2.52302 65
      vertex -5.96882 2.52302 65
    endloop
  endfacet
  facet normal 0 0 1
    outer loop
      vertex -6.01982 2.58273 65
      vertex -6.01982 -2.58273 65
      vertex -5.96882 -2.52302 65
    endloop
  endfacet
  facet normal 0 0 1
    outer loop
      vertex -6.06763 2.64503 65
      vertex -6.01982 -2.58273 65
      vertex -6.01982 2.58273 65
    endloop
  endfacet
  facet normal 0 0 1
    outer loop
      vertex -6.06763 2.64503 65
      vertex -6.06763 -2.64503 65
      vertex -6.01982 -2.58273 65
    endloop
  endfacet
  facet normal 0 0 1
    outer loop
      vertex -6.11211 2.70975 65
      vertex -6.06763 -2.64503 65
      vertex -6.06763 2.64503 65
    endloop
  endfacet
  facet normal 0 0 1
    outer loop
      vertex -6.11211 2.70975 65
      vertex -6.11211 -2.70975 65
      vertex -6.06763 -2.64503 65
    endloop
  endfacet
  facet normal 0 0 1
    outer loop
      vertex -6.15314 2.77671 65
      vertex -6.11211 -2.70975 65
      vertex -6.11211 2.70975 65
    endloop
  endfacet
  facet normal 0 0 1
    outer loop
      vertex -6.15314 2.77671 65
      vertex -6.15314 -2.77671 65
      vertex -6.11211 -2.70975 65
    endloop
  endfacet
  facet normal 0 0 1
    outer loop
      vertex -6.19061 2.84573 65
      vertex -6.15314 -2.77671 65
      vertex -6.15314 2.77671 65
    endloop
  endfacet
  facet normal 0 0 1
    outer loop
      vertex -6.19061 2.84573 65
      vertex -6.19061 -2.84573 65
      vertex -6.15314 -2.77671 65
    endloop
  endfacet
  facet normal 0 0 1
    outer loop
      vertex -6.22442 2.91661 65
      vertex -6.19061 -2.84573 65
      vertex -6.19061 2.84573 65
    endloop
  endfacet
  facet normal 0 0 1
    outer loop
      vertex -6.22442 2.91661 65
      vertex -6.22442 -2.91661 65
      vertex -6.19061 -2.84573 65
    endloop
  endfacet
  facet normal 0 0 1
    outer loop
      vertex -6.25447 2.98916 65
      vertex -6.22442 -2.91661 65
      vertex -6.22442 2.91661 65
    endloop
  endfacet
  facet normal 0 0 1
    outer loop
      vertex -6.25447 2.98916 65
      vertex -6.25447 -2.98916 65
      vertex -6.22442 -2.91661 65
    endloop
  endfacet
  facet normal 0 0 1
    outer loop
      vertex -6.28069 3.06319 65
      vertex -6.25447 -2.98916 65
      vertex -6.25447 2.98916 65
    endloop
  endfacet
  facet normal 0 0 1
    outer loop
      vertex -6.28069 3.06319 65
      vertex -6.28069 -3.06319 65
      vertex -6.25447 -2.98916 65
    endloop
  endfacet
  facet normal 0 0 1
    outer loop
      vertex -6.30299 3.13848 65
      vertex -6.28069 -3.06319 65
      vertex -6.28069 3.06319 65
    endloop
  endfacet
  facet normal 0 0 1
    outer loop
      vertex -6.30299 3.13848 65
      vertex -6.30299 -3.13848 65
      vertex -6.28069 -3.06319 65
    endloop
  endfacet
  facet normal 0 0 1
    outer loop
      vertex -6.32132 3.21484 65
      vertex -6.30299 -3.13848 65
      vertex -6.30299 3.13848 65
    endloop
  endfacet
  facet normal 0 0 1
    outer loop
      vertex -6.32132 3.21484 65
      vertex -6.32132 -3.21484 65
      vertex -6.30299 -3.13848 65
    endloop
  endfacet
  facet normal 0 0 1
    outer loop
      vertex -6.33563 3.29206 65
      vertex -6.32132 -3.21484 65
      vertex -6.32132 3.21484 65
    endloop
  endfacet
  facet normal 0 0 1
    outer loop
      vertex -6.33563 3.29206 65
      vertex -6.33563 -3.29206 65
      vertex -6.32132 -3.21484 65
    endloop
  endfacet
  facet normal 0 0 1
    outer loop
      vertex -47.5 0 65
      vertex -6.33563 3.29206 65
      vertex -6.34588 3.36992 65
    endloop
  endfacet
  facet normal 0 0 1
    outer loop
      vertex -6.33563 3.29206 65
      vertex -47.5 0 65
      vertex -6.33563 -3.29206 65
    endloop
  endfacet
  facet normal 0 0 1
    outer loop
      vertex -47.4349 2.48596 65
      vertex -6.34588 3.36992 65
      vertex -6.35205 3.44821 65
    endloop
  endfacet
  facet normal 0 0 1
    outer loop
      vertex -6.33563 -3.29206 65
      vertex -47.5 0 65
      vertex -6.34588 -3.36992 65
    endloop
  endfacet
  facet normal 0 0 1
    outer loop
      vertex -47.2398 4.9651 65
      vertex -6.35205 3.44821 65
      vertex -6.3541 3.52671 65
    endloop
  endfacet
  facet normal -0 -0 1
    outer loop
      vertex -47.4349 -2.48596 65
      vertex -6.34588 -3.36992 65
      vertex -47.5 0 65
    endloop
  endfacet
  facet normal -0 0 1
    outer loop
      vertex -3.73938 -4.53041 65
      vertex 0.362319 -5.86313 65
      vertex -3.68838 -4.47069 65
    endloop
  endfacet
  facet normal 0 0 1
    outer loop
      vertex 0.362319 -5.86313 65
      vertex -3.73938 -4.53041 65
      vertex 0.372569 -5.94099 65
    endloop
  endfacet
  facet normal -0 0 1
    outer loop
      vertex -3.79344 -4.58737 65
      vertex 0.372569 -5.94099 65
      vertex -3.73938 -4.53041 65
    endloop
  endfacet
  facet normal 0 0 1
    outer loop
      vertex 0.372569 -5.94099 65
      vertex -3.79344 -4.58737 65
      vertex 0.38688 -6.01821 65
    endloop
  endfacet
  facet normal -0 0 1
    outer loop
      vertex -3.85041 -4.64143 65
      vertex 0.38688 -6.01821 65
      vertex -3.79344 -4.58737 65
    endloop
  endfacet
  facet normal 0 0 1
    outer loop
      vertex 0.38688 -6.01821 65
      vertex -3.85041 -4.64143 65
      vertex 0.405212 -6.09457 65
    endloop
  endfacet
  facet normal -0 0 1
    outer loop
      vertex -3.91012 -4.69243 65
      vertex 0.405212 -6.09457 65
      vertex -3.85041 -4.64143 65
    endloop
  endfacet
  facet normal 0 0 1
    outer loop
      vertex 0.405212 -6.09457 65
      vertex -3.91012 -4.69243 65
      vertex 0.427517 -6.16986 65
    endloop
  endfacet
  facet normal -0 0 1
    outer loop
      vertex -3.97242 -4.74024 65
      vertex 0.427517 -6.16986 65
      vertex -3.91012 -4.69243 65
    endloop
  endfacet
  facet normal 0 0 1
    outer loop
      vertex 0.427517 -6.16986 65
      vertex -3.97242 -4.74024 65
      vertex 0.453731 -6.24389 65
    endloop
  endfacet
  facet normal -0 0 1
    outer loop
      vertex -4.03714 -4.78472 65
      vertex 0.453731 -6.24389 65
      vertex -3.97242 -4.74024 65
    endloop
  endfacet
  facet normal 0 0 1
    outer loop
      vertex 0.453731 -6.24389 65
      vertex -4.03714 -4.78472 65
      vertex 0.483784 -6.31644 65
    endloop
  endfacet
  facet normal -0 0 1
    outer loop
      vertex -4.1041 -4.82575 65
      vertex 0.483784 -6.31644 65
      vertex -4.03714 -4.78472 65
    endloop
  endfacet
  facet normal 0 0 1
    outer loop
      vertex 0.483784 -6.31644 65
      vertex -4.1041 -4.82575 65
      vertex 0.517591 -6.38732 65
    endloop
  endfacet
  facet normal -0 0 1
    outer loop
      vertex -4.17312 -4.86322 65
      vertex 0.517591 -6.38732 65
      vertex -4.1041 -4.82575 65
    endloop
  endfacet
  facet normal 0 0 1
    outer loop
      vertex 0.517591 -6.38732 65
      vertex -4.17312 -4.86322 65
      vertex 0.555063 -6.45634 65
    endloop
  endfacet
  facet normal -0 0 1
    outer loop
      vertex -4.244 -4.89703 65
      vertex 0.555063 -6.45634 65
      vertex -4.17312 -4.86322 65
    endloop
  endfacet
  facet normal 0 0 1
    outer loop
      vertex 0.555063 -6.45634 65
      vertex -4.244 -4.89703 65
      vertex 0.596096 -6.5233 65
    endloop
  endfacet
  facet normal -0 0 1
    outer loop
      vertex -4.31655 -4.92708 65
      vertex 0.596096 -6.5233 65
      vertex -4.244 -4.89703 65
    endloop
  endfacet
  facet normal 0 0 1
    outer loop
      vertex 0.596096 -6.5233 65
      vertex -4.31655 -4.92708 65
      vertex 0.640576 -6.58802 65
    endloop
  endfacet
  facet normal -0 0 1
    outer loop
      vertex -4.39058 -4.9533 65
      vertex 0.640576 -6.58802 65
      vertex -4.31655 -4.92708 65
    endloop
  endfacet
  facet normal 0 0 1
    outer loop
      vertex 0.640576 -6.58802 65
      vertex -4.39058 -4.9533 65
      vertex 0.688382 -6.65032 65
    endloop
  endfacet
  facet normal -0 0 1
    outer loop
      vertex -4.46587 -4.9756 65
      vertex 0.688382 -6.65032 65
      vertex -4.39058 -4.9533 65
    endloop
  endfacet
  facet normal 0 0 1
    outer loop
      vertex 0.688382 -6.65032 65
      vertex -4.46587 -4.9756 65
      vertex 0.739385 -6.71003 65
    endloop
  endfacet
  facet normal -0 0 1
    outer loop
      vertex -4.54223 -4.99393 65
      vertex 0.739385 -6.71003 65
      vertex -4.46587 -4.9756 65
    endloop
  endfacet
  facet normal 0 0 1
    outer loop
      vertex 0.739385 -6.71003 65
      vertex -4.54223 -4.99393 65
      vertex 0.793442 -6.767 65
    endloop
  endfacet
  facet normal -0 0 1
    outer loop
      vertex -4.61945 -5.00824 65
      vertex 0.793442 -6.767 65
      vertex -4.54223 -4.99393 65
    endloop
  endfacet
  facet normal -0 0 1
    outer loop
      vertex -4.69731 -5.01849 65
      vertex 0.793442 -6.767 65
      vertex -4.61945 -5.00824 65
    endloop
  endfacet
  facet normal -0 0 1
    outer loop
      vertex -4.7756 -5.02466 65
      vertex 0.793442 -6.767 65
      vertex -4.69731 -5.01849 65
    endloop
  endfacet
  facet normal -0 0 1
    outer loop
      vertex -4.8541 -5.02671 65
      vertex 0.793442 -6.767 65
      vertex -4.7756 -5.02466 65
    endloop
  endfacet
  facet normal 0 0 1
    outer loop
      vertex -4.93261 -5.02466 65
      vertex 0.793442 -6.767 65
      vertex -4.8541 -5.02671 65
    endloop
  endfacet
  facet normal 0 0 1
    outer loop
      vertex -5.01089 -5.01849 65
      vertex 0.793442 -6.767 65
      vertex -4.93261 -5.02466 65
    endloop
  endfacet
  facet normal 0 0 1
    outer loop
      vertex 0.793442 -6.767 65
      vertex -4.9651 -47.2398 65
      vertex -2.48596 -47.4349 65
    endloop
  endfacet
  facet normal 0 0 1
    outer loop
      vertex -5.08875 -5.00824 65
      vertex 0.793442 -6.767 65
      vertex -5.01089 -5.01849 65
    endloop
  endfacet
  facet normal 0 0 1
    outer loop
      vertex -14.6783 -45.1752 65
      vertex 0.793442 -6.767 65
      vertex -5.08875 -5.00824 65
    endloop
  endfacet
  facet normal 0 0 1
    outer loop
      vertex -14.6783 -45.1752 65
      vertex -5.08875 -5.00824 65
      vertex -5.16597 -4.99393 65
    endloop
  endfacet
  facet normal 0 0 1
    outer loop
      vertex -17.0225 -44.3451 65
      vertex -5.16597 -4.99393 65
      vertex -5.24233 -4.9756 65
    endloop
  endfacet
  facet normal 0 0 1
    outer loop
      vertex -19.32 -43.3934 65
      vertex -5.24233 -4.9756 65
      vertex -5.31763 -4.9533 65
    endloop
  endfacet
  facet normal 0 0 1
    outer loop
      vertex -21.5645 -42.3228 65
      vertex -5.31763 -4.9533 65
      vertex -5.39165 -4.92708 65
    endloop
  endfacet
  facet normal 0 0 1
    outer loop
      vertex -23.75 -41.1362 65
      vertex -5.39165 -4.92708 65
      vertex -5.46421 -4.89703 65
    endloop
  endfacet
  facet normal 0 0 1
    outer loop
      vertex -23.75 -41.1362 65
      vertex -5.46421 -4.89703 65
      vertex -5.53509 -4.86322 65
    endloop
  endfacet
  facet normal 0 0 1
    outer loop
      vertex -25.8704 -39.8369 65
      vertex -5.53509 -4.86322 65
      vertex -5.6041 -4.82575 65
    endloop
  endfacet
  facet normal 0 0 1
    outer loop
      vertex -27.9198 -38.4283 65
      vertex -5.6041 -4.82575 65
      vertex -5.67106 -4.78472 65
    endloop
  endfacet
  facet normal 0 0 1
    outer loop
      vertex -29.8927 -36.9144 65
      vertex -5.67106 -4.78472 65
      vertex -5.73578 -4.74024 65
    endloop
  endfacet
  facet normal 0 0 1
    outer loop
      vertex -31.7837 -35.2994 65
      vertex -5.73578 -4.74024 65
      vertex -5.79808 -4.69243 65
    endloop
  endfacet
  facet normal 0 0 1
    outer loop
      vertex -31.7837 -35.2994 65
      vertex -5.79808 -4.69243 65
      vertex -5.8578 -4.64143 65
    endloop
  endfacet
  facet normal 0 0 1
    outer loop
      vertex -33.5876 -33.5876 65
      vertex -5.8578 -4.64143 65
      vertex -5.91476 -4.58737 65
    endloop
  endfacet
  facet normal 0 0 1
    outer loop
      vertex -35.2994 -31.7837 65
      vertex -5.91476 -4.58737 65
      vertex -5.96882 -4.53041 65
    endloop
  endfacet
  facet normal 0 0 1
    outer loop
      vertex -36.9144 -29.8927 65
      vertex -5.96882 -4.53041 65
      vertex -6.01982 -4.47069 65
    endloop
  endfacet
  facet normal 0 0 1
    outer loop
      vertex -36.9144 -29.8927 65
      vertex -6.01982 -4.47069 65
      vertex -6.06763 -4.40839 65
    endloop
  endfacet
  facet normal 0 0 1
    outer loop
      vertex -38.4283 -27.9198 65
      vertex -6.06763 -4.40839 65
      vertex -6.11211 -4.34367 65
    endloop
  endfacet
  facet normal 0 0 1
    outer loop
      vertex -39.8369 -25.8704 65
      vertex -6.11211 -4.34367 65
      vertex -6.15314 -4.27671 65
    endloop
  endfacet
  facet normal 0 0 1
    outer loop
      vertex -41.1362 -23.75 65
      vertex -6.15314 -4.27671 65
      vertex -6.19061 -4.2077 65
    endloop
  endfacet
  facet normal 0 0 1
    outer loop
      vertex -42.3228 -21.5645 65
      vertex -6.19061 -4.2077 65
      vertex -6.22442 -4.13682 65
    endloop
  endfacet
  facet normal 0 0 1
    outer loop
      vertex -42.3228 -21.5645 65
      vertex -6.22442 -4.13682 65
      vertex -6.25447 -4.06426 65
    endloop
  endfacet
  facet normal 0 0 1
    outer loop
      vertex -43.3934 -19.32 65
      vertex -6.25447 -4.06426 65
      vertex -6.28069 -3.99024 65
    endloop
  endfacet
  facet normal 0 0 1
    outer loop
      vertex -44.3451 -17.0225 65
      vertex -6.28069 -3.99024 65
      vertex -6.30299 -3.91494 65
    endloop
  endfacet
  facet normal 0 0 1
    outer loop
      vertex -45.1752 -14.6783 65
      vertex -6.30299 -3.91494 65
      vertex -6.32132 -3.83858 65
    endloop
  endfacet
  facet normal 0 0 1
    outer loop
      vertex -45.8815 -12.2939 65
      vertex -6.32132 -3.83858 65
      vertex -6.33563 -3.76136 65
    endloop
  endfacet
  facet normal 0 0 1
    outer loop
      vertex -45.8815 -12.2939 65
      vertex -6.33563 -3.76136 65
      vertex -6.34588 -3.6835 65
    endloop
  endfacet
  facet normal 0 0 1
    outer loop
      vertex -46.462 -9.8758 65
      vertex -6.34588 -3.6835 65
      vertex -6.35205 -3.60522 65
    endloop
  endfacet
  facet normal 0 0 1
    outer loop
      vertex 0.793442 -6.767 65
      vertex -7.43064 -46.9152 65
      vertex -4.9651 -47.2398 65
    endloop
  endfacet
  facet normal 0 0 1
    outer loop
      vertex -46.9152 -7.43064 65
      vertex -6.35205 -3.60522 65
      vertex -6.3541 -3.52671 65
    endloop
  endfacet
  facet normal 0 0 1
    outer loop
      vertex -6.01982 4.47069 65
      vertex -36.9144 29.8927 65
      vertex -6.06763 4.40839 65
    endloop
  endfacet
  facet normal -0 0 1
    outer loop
      vertex -38.4283 27.9198 65
      vertex -6.06763 4.40839 65
      vertex -36.9144 29.8927 65
    endloop
  endfacet
  facet normal 0 0 1
    outer loop
      vertex 0.793442 -6.767 65
      vertex -9.8758 -46.462 65
      vertex -7.43064 -46.9152 65
    endloop
  endfacet
  facet normal 0 0 1
    outer loop
      vertex -6.06763 4.40839 65
      vertex -38.4283 27.9198 65
      vertex -6.11211 4.34367 65
    endloop
  endfacet
  facet normal 0 0 1
    outer loop
      vertex 0.793442 -6.767 65
      vertex -12.2939 -45.8815 65
      vertex -9.8758 -46.462 65
    endloop
  endfacet
  facet normal -0 0 1
    outer loop
      vertex -39.8369 25.8704 65
      vertex -6.11211 4.34367 65
      vertex -38.4283 27.9198 65
    endloop
  endfacet
  facet normal 0 0 1
    outer loop
      vertex 0.793442 -6.767 65
      vertex -14.6783 -45.1752 65
      vertex -12.2939 -45.8815 65
    endloop
  endfacet
  facet normal 0 0 1
    outer loop
      vertex -6.11211 4.34367 65
      vertex -39.8369 25.8704 65
      vertex -6.15314 4.27671 65
    endloop
  endfacet
  facet normal 0 0 1
    outer loop
      vertex -5.16597 -4.99393 65
      vertex -17.0225 -44.3451 65
      vertex -14.6783 -45.1752 65
    endloop
  endfacet
  facet normal -0 0 1
    outer loop
      vertex -41.1362 23.75 65
      vertex -6.15314 4.27671 65
      vertex -39.8369 25.8704 65
    endloop
  endfacet
  facet normal 0 0 1
    outer loop
      vertex -5.24233 -4.9756 65
      vertex -19.32 -43.3934 65
      vertex -17.0225 -44.3451 65
    endloop
  endfacet
  facet normal 0 0 1
    outer loop
      vertex -6.15314 4.27671 65
      vertex -41.1362 23.75 65
      vertex -6.19061 4.2077 65
    endloop
  endfacet
  facet normal 0 0 1
    outer loop
      vertex -5.31763 -4.9533 65
      vertex -21.5645 -42.3228 65
      vertex -19.32 -43.3934 65
    endloop
  endfacet
  facet normal -0 0 1
    outer loop
      vertex -42.3228 21.5645 65
      vertex -6.19061 4.2077 65
      vertex -41.1362 23.75 65
    endloop
  endfacet
  facet normal 0 0 1
    outer loop
      vertex -5.39165 -4.92708 65
      vertex -23.75 -41.1362 65
      vertex -21.5645 -42.3228 65
    endloop
  endfacet
  facet normal 0 0 1
    outer loop
      vertex -6.19061 4.2077 65
      vertex -42.3228 21.5645 65
      vertex -6.22442 4.13682 65
    endloop
  endfacet
  facet normal 0 0 1
    outer loop
      vertex -5.53509 -4.86322 65
      vertex -25.8704 -39.8369 65
      vertex -23.75 -41.1362 65
    endloop
  endfacet
  facet normal 0 0 1
    outer loop
      vertex -6.22442 4.13682 65
      vertex -42.3228 21.5645 65
      vertex -6.25447 4.06426 65
    endloop
  endfacet
  facet normal 0 0 1
    outer loop
      vertex -5.6041 -4.82575 65
      vertex -27.9198 -38.4283 65
      vertex -25.8704 -39.8369 65
    endloop
  endfacet
  facet normal -0 0 1
    outer loop
      vertex -43.3934 19.32 65
      vertex -6.25447 4.06426 65
      vertex -42.3228 21.5645 65
    endloop
  endfacet
  facet normal 0 0 1
    outer loop
      vertex -5.67106 -4.78472 65
      vertex -29.8927 -36.9144 65
      vertex -27.9198 -38.4283 65
    endloop
  endfacet
  facet normal 0 0 1
    outer loop
      vertex -6.25447 4.06426 65
      vertex -43.3934 19.32 65
      vertex -6.28069 3.99024 65
    endloop
  endfacet
  facet normal 0 0 1
    outer loop
      vertex -5.73578 -4.74024 65
      vertex -31.7837 -35.2994 65
      vertex -29.8927 -36.9144 65
    endloop
  endfacet
  facet normal -0 0 1
    outer loop
      vertex -44.3451 17.0225 65
      vertex -6.28069 3.99024 65
      vertex -43.3934 19.32 65
    endloop
  endfacet
  facet normal 0 0 1
    outer loop
      vertex -5.8578 -4.64143 65
      vertex -33.5876 -33.5876 65
      vertex -31.7837 -35.2994 65
    endloop
  endfacet
  facet normal 0 0 1
    outer loop
      vertex -6.28069 3.99024 65
      vertex -44.3451 17.0225 65
      vertex -6.30299 3.91494 65
    endloop
  endfacet
  facet normal 0 0 1
    outer loop
      vertex -5.91476 -4.58737 65
      vertex -35.2994 -31.7837 65
      vertex -33.5876 -33.5876 65
    endloop
  endfacet
  facet normal -0 0 1
    outer loop
      vertex -45.1752 14.6783 65
      vertex -6.30299 3.91494 65
      vertex -44.3451 17.0225 65
    endloop
  endfacet
  facet normal 0 0 1
    outer loop
      vertex -5.96882 -4.53041 65
      vertex -36.9144 -29.8927 65
      vertex -35.2994 -31.7837 65
    endloop
  endfacet
  facet normal 0 0 1
    outer loop
      vertex -6.30299 3.91494 65
      vertex -45.1752 14.6783 65
      vertex -6.32132 3.83858 65
    endloop
  endfacet
  facet normal 0 0 1
    outer loop
      vertex -6.06763 -4.40839 65
      vertex -38.4283 -27.9198 65
      vertex -36.9144 -29.8927 65
    endloop
  endfacet
  facet normal -0 0 1
    outer loop
      vertex -45.8815 12.2939 65
      vertex -6.32132 3.83858 65
      vertex -45.1752 14.6783 65
    endloop
  endfacet
  facet normal 0 0 1
    outer loop
      vertex -6.11211 -4.34367 65
      vertex -39.8369 -25.8704 65
      vertex -38.4283 -27.9198 65
    endloop
  endfacet
  facet normal 0 0 1
    outer loop
      vertex -6.32132 3.83858 65
      vertex -45.8815 12.2939 65
      vertex -6.33563 3.76136 65
    endloop
  endfacet
  facet normal 0 0 1
    outer loop
      vertex -6.15314 -4.27671 65
      vertex -41.1362 -23.75 65
      vertex -39.8369 -25.8704 65
    endloop
  endfacet
  facet normal 0 0 1
    outer loop
      vertex -6.33563 3.76136 65
      vertex -45.8815 12.2939 65
      vertex -6.34588 3.6835 65
    endloop
  endfacet
  facet normal 0 0 1
    outer loop
      vertex -6.19061 -4.2077 65
      vertex -42.3228 -21.5645 65
      vertex -41.1362 -23.75 65
    endloop
  endfacet
  facet normal -0 0 1
    outer loop
      vertex -46.462 9.8758 65
      vertex -6.34588 3.6835 65
      vertex -45.8815 12.2939 65
    endloop
  endfacet
  facet normal 0 0 1
    outer loop
      vertex -6.25447 -4.06426 65
      vertex -43.3934 -19.32 65
      vertex -42.3228 -21.5645 65
    endloop
  endfacet
  facet normal 0 0 1
    outer loop
      vertex -6.34588 3.6835 65
      vertex -46.462 9.8758 65
      vertex -6.35205 3.60522 65
    endloop
  endfacet
  facet normal 0 0 1
    outer loop
      vertex -6.28069 -3.99024 65
      vertex -44.3451 -17.0225 65
      vertex -43.3934 -19.32 65
    endloop
  endfacet
  facet normal -0 0 1
    outer loop
      vertex -46.9152 7.43064 65
      vertex -6.35205 3.60522 65
      vertex -46.462 9.8758 65
    endloop
  endfacet
  facet normal 0 0 1
    outer loop
      vertex -6.30299 -3.91494 65
      vertex -45.1752 -14.6783 65
      vertex -44.3451 -17.0225 65
    endloop
  endfacet
  facet normal 0 0 1
    outer loop
      vertex -6.35205 3.60522 65
      vertex -46.9152 7.43064 65
      vertex -6.3541 3.52671 65
    endloop
  endfacet
  facet normal 0 0 1
    outer loop
      vertex -6.32132 -3.83858 65
      vertex -45.8815 -12.2939 65
      vertex -45.1752 -14.6783 65
    endloop
  endfacet
  facet normal -0 0 1
    outer loop
      vertex -47.2398 4.9651 65
      vertex -6.3541 3.52671 65
      vertex -46.9152 7.43064 65
    endloop
  endfacet
  facet normal 0 0 1
    outer loop
      vertex -6.34588 -3.6835 65
      vertex -46.462 -9.8758 65
      vertex -45.8815 -12.2939 65
    endloop
  endfacet
  facet normal 0 0 1
    outer loop
      vertex -6.35205 3.44821 65
      vertex -47.2398 4.9651 65
      vertex -47.4349 2.48596 65
    endloop
  endfacet
  facet normal 0 0 1
    outer loop
      vertex -6.35205 -3.60522 65
      vertex -46.9152 -7.43064 65
      vertex -46.462 -9.8758 65
    endloop
  endfacet
  facet normal 0 0 1
    outer loop
      vertex -6.34588 3.36992 65
      vertex -47.4349 2.48596 65
      vertex -47.5 0 65
    endloop
  endfacet
  facet normal 0 0 1
    outer loop
      vertex -6.3541 -3.52671 65
      vertex -47.2398 -4.9651 65
      vertex -46.9152 -7.43064 65
    endloop
  endfacet
  facet normal 0 0 1
    outer loop
      vertex -6.34588 -3.36992 65
      vertex -47.4349 -2.48596 65
      vertex -6.35205 -3.44821 65
    endloop
  endfacet
  facet normal 0 0 1
    outer loop
      vertex -6.35205 -3.44821 65
      vertex -47.2398 -4.9651 65
      vertex -6.3541 -3.52671 65
    endloop
  endfacet
  facet normal 0 -0 1
    outer loop
      vertex -47.2398 -4.9651 65
      vertex -6.35205 -3.44821 65
      vertex -47.4349 -2.48596 65
    endloop
  endfacet
  facet normal -0 0 1
    outer loop
      vertex 2.67106 4.44833 65
      vertex 5.05602 1.16572 65
      vertex 2.73578 4.49281 65
    endloop
  endfacet
  facet normal 0 0 1
    outer loop
      vertex 4.5 0 65
      vertex 3.35205 -5.62783 65
      vertex 3.3541 -5.70634 65
    endloop
  endfacet
  facet normal 0 0 1
    outer loop
      vertex 5.05602 1.16572 65
      vertex 2.67106 4.44833 65
      vertex 4.9963 1.11472 65
    endloop
  endfacet
  facet normal 0 0 1
    outer loop
      vertex 4.5 0 65
      vertex 3.34588 -5.54955 65
      vertex 3.35205 -5.62783 65
    endloop
  endfacet
  facet normal -0 0 1
    outer loop
      vertex 2.6041 4.4073 65
      vertex 4.9963 1.11472 65
      vertex 2.67106 4.44833 65
    endloop
  endfacet
  facet normal 0 0 1
    outer loop
      vertex 4.5 0 65
      vertex 3.33563 -5.47169 65
      vertex 3.34588 -5.54955 65
    endloop
  endfacet
  facet normal 0 0 1
    outer loop
      vertex 4.9963 1.11472 65
      vertex 2.6041 4.4073 65
      vertex 4.93934 1.06066 65
    endloop
  endfacet
  facet normal 0 0 1
    outer loop
      vertex 4.5 0 65
      vertex 3.32132 -5.39447 65
      vertex 3.33563 -5.47169 65
    endloop
  endfacet
  facet normal -0 0 1
    outer loop
      vertex 2.53509 4.36983 65
      vertex 4.93934 1.06066 65
      vertex 2.6041 4.4073 65
    endloop
  endfacet
  facet normal 0 0 1
    outer loop
      vertex 4.5 0 65
      vertex 3.30299 -5.31811 65
      vertex 3.32132 -5.39447 65
    endloop
  endfacet
  facet normal 0 0 1
    outer loop
      vertex 4.93934 1.06066 65
      vertex 2.53509 4.36983 65
      vertex 4.88528 1.0037 65
    endloop
  endfacet
  facet normal 0 0 1
    outer loop
      vertex 4.5 0 65
      vertex 3.28069 -5.24281 65
      vertex 3.30299 -5.31811 65
    endloop
  endfacet
  facet normal -0 0 1
    outer loop
      vertex 2.46421 4.33602 65
      vertex 4.88528 1.0037 65
      vertex 2.53509 4.36983 65
    endloop
  endfacet
  facet normal 0 0 1
    outer loop
      vertex 4.5 0 65
      vertex 3.25447 -5.16879 65
      vertex 3.28069 -5.24281 65
    endloop
  endfacet
  facet normal 0 0 1
    outer loop
      vertex 4.88528 1.0037 65
      vertex 2.46421 4.33602 65
      vertex 4.83428 0.94398 65
    endloop
  endfacet
  facet normal 0 0 1
    outer loop
      vertex 4.5 0 65
      vertex 3.22442 -5.09623 65
      vertex 3.25447 -5.16879 65
    endloop
  endfacet
  facet normal -0 0 1
    outer loop
      vertex 2.39165 4.30597 65
      vertex 4.83428 0.94398 65
      vertex 2.46421 4.33602 65
    endloop
  endfacet
  facet normal 0 0 1
    outer loop
      vertex 4.5 0 65
      vertex 3.19061 -5.02535 65
      vertex 3.22442 -5.09623 65
    endloop
  endfacet
  facet normal 0 0 1
    outer loop
      vertex 4.83428 0.94398 65
      vertex 2.39165 4.30597 65
      vertex 4.78647 0.881678 65
    endloop
  endfacet
  facet normal 0 0 1
    outer loop
      vertex 4.5 0 65
      vertex 3.15314 -4.95634 65
      vertex 3.19061 -5.02535 65
    endloop
  endfacet
  facet normal -0 0 1
    outer loop
      vertex 2.31763 4.27975 65
      vertex 4.78647 0.881678 65
      vertex 2.39165 4.30597 65
    endloop
  endfacet
  facet normal 0 0 1
    outer loop
      vertex 4.5 0 65
      vertex 3.11211 -4.88938 65
      vertex 3.15314 -4.95634 65
    endloop
  endfacet
  facet normal 0 0 1
    outer loop
      vertex 1.21352 0.881678 65
      vertex 4.78647 0.881678 65
      vertex 2.31763 4.27975 65
    endloop
  endfacet
  facet normal 0 0 1
    outer loop
      vertex 4.5 0 65
      vertex 3.06763 -4.82466 65
      vertex 3.11211 -4.88938 65
    endloop
  endfacet
  facet normal 0 0 1
    outer loop
      vertex 4.78647 0.881678 65
      vertex 1.21352 0.881678 65
      vertex 4.74199 0.816958 65
    endloop
  endfacet
  facet normal 0 0 1
    outer loop
      vertex 1.49794 -0.0785036 65
      vertex 4.5 0 65
      vertex 1.5 0 65
    endloop
  endfacet
  facet normal 0 -0 1
    outer loop
      vertex 1.25801 0.816958 65
      vertex 4.74199 0.816958 65
      vertex 1.21352 0.881678 65
    endloop
  endfacet
  facet normal 0 0 1
    outer loop
      vertex 4.5 0 65
      vertex 3.01982 -4.76236 65
      vertex 3.06763 -4.82466 65
    endloop
  endfacet
  facet normal 0 0 1
    outer loop
      vertex 4.74199 0.816958 65
      vertex 1.25801 0.816958 65
      vertex 4.70096 0.75 65
    endloop
  endfacet
  facet normal 0 0 1
    outer loop
      vertex 1.49178 -0.156793 65
      vertex 4.5 0 65
      vertex 1.49794 -0.0785036 65
    endloop
  endfacet
  facet normal 0 -0 1
    outer loop
      vertex 1.29904 0.75 65
      vertex 4.70096 0.75 65
      vertex 1.25801 0.816958 65
    endloop
  endfacet
  facet normal 0 0 1
    outer loop
      vertex 4.5 0 65
      vertex 2.96882 -4.70264 65
      vertex 3.01982 -4.76236 65
    endloop
  endfacet
  facet normal 0 0 1
    outer loop
      vertex 4.70096 0.75 65
      vertex 1.29904 0.75 65
      vertex 4.66349 0.680985 65
    endloop
  endfacet
  facet normal 0 0 1
    outer loop
      vertex 1.48153 -0.234652 65
      vertex 4.5 0 65
      vertex 1.49178 -0.156793 65
    endloop
  endfacet
  facet normal 0 -0 1
    outer loop
      vertex 1.37032 0.610105 65
      vertex 4.62968 0.610105 65
      vertex 1.33651 0.680985 65
    endloop
  endfacet
  facet normal 0 0 1
    outer loop
      vertex 4.5 0 65
      vertex 2.91476 -4.64568 65
      vertex 2.96882 -4.70264 65
    endloop
  endfacet
  facet normal 0 0 1
    outer loop
      vertex 4.62968 0.610105 65
      vertex 1.37032 0.610105 65
      vertex 4.59963 0.537552 65
    endloop
  endfacet
  facet normal 0 0 1
    outer loop
      vertex 1.46722 -0.311867 65
      vertex 4.5 0 65
      vertex 1.48153 -0.234652 65
    endloop
  endfacet
  facet normal 0 -0 1
    outer loop
      vertex 1.40037 0.537552 65
      vertex 4.59963 0.537552 65
      vertex 1.37032 0.610105 65
    endloop
  endfacet
  facet normal 0 0 1
    outer loop
      vertex 4.5 0 65
      vertex 2.8578 -4.59162 65
      vertex 2.91476 -4.64568 65
    endloop
  endfacet
  facet normal 0 0 1
    outer loop
      vertex 4.59963 0.537552 65
      vertex 1.40037 0.537552 65
      vertex 4.57341 0.463525 65
    endloop
  endfacet
  facet normal 0 0 1
    outer loop
      vertex 1.44889 -0.388228 65
      vertex 4.5 0 65
      vertex 1.46722 -0.311867 65
    endloop
  endfacet
  facet normal 0 -0 1
    outer loop
      vertex 1.42658 0.463525 65
      vertex 4.57341 0.463525 65
      vertex 1.40037 0.537552 65
    endloop
  endfacet
  facet normal 0 0 1
    outer loop
      vertex 4.5 0 65
      vertex 2.79808 -4.54062 65
      vertex 2.8578 -4.59162 65
    endloop
  endfacet
  facet normal 0 0 1
    outer loop
      vertex 4.57341 0.463525 65
      vertex 1.42658 0.463525 65
      vertex 4.55111 0.388228 65
    endloop
  endfacet
  facet normal 0 0 1
    outer loop
      vertex 1.42658 -0.463525 65
      vertex 4.5 0 65
      vertex 1.44889 -0.388228 65
    endloop
  endfacet
  facet normal 0 -0 1
    outer loop
      vertex 1.33651 0.680985 65
      vertex 4.66349 0.680985 65
      vertex 1.29904 0.75 65
    endloop
  endfacet
  facet normal 0 0 1
    outer loop
      vertex 4.5 0 65
      vertex 2.73578 -4.49281 65
      vertex 2.79808 -4.54062 65
    endloop
  endfacet
  facet normal 0 0 1
    outer loop
      vertex 1.21352 0.881678 65
      vertex 2.31763 4.27975 65
      vertex 2.24233 4.25745 65
    endloop
  endfacet
  facet normal 0 0 1
    outer loop
      vertex 1.40037 -0.537552 65
      vertex 4.5 0 65
      vertex 1.42658 -0.463525 65
    endloop
  endfacet
  facet normal 0 0 1
    outer loop
      vertex 1.16572 0.94398 65
      vertex 2.24233 4.25745 65
      vertex 2.16597 4.23912 65
    endloop
  endfacet
  facet normal 0 0 1
    outer loop
      vertex 4.5 0 65
      vertex 2.67106 -4.44833 65
      vertex 2.73578 -4.49281 65
    endloop
  endfacet
  facet normal 0 0 1
    outer loop
      vertex 1.11472 1.0037 65
      vertex 2.16597 4.23912 65
      vertex 2.08875 4.22481 65
    endloop
  endfacet
  facet normal 0 0 1
    outer loop
      vertex 1.37032 -0.610105 65
      vertex 4.5 0 65
      vertex 1.40037 -0.537552 65
    endloop
  endfacet
  facet normal 0 0 1
    outer loop
      vertex 1.06066 1.06066 65
      vertex 2.08875 4.22481 65
      vertex 2.01089 4.21456 65
    endloop
  endfacet
  facet normal 0 0 1
    outer loop
      vertex 4.5 0 65
      vertex 2.6041 -4.4073 65
      vertex 2.67106 -4.44833 65
    endloop
  endfacet
  facet normal 0 0 1
    outer loop
      vertex 1.0037 1.11472 65
      vertex 2.01089 4.21456 65
      vertex 1.93261 4.20839 65
    endloop
  endfacet
  facet normal 0 0 1
    outer loop
      vertex 1.33651 -0.680985 65
      vertex 4.5 0 65
      vertex 1.37032 -0.610105 65
    endloop
  endfacet
  facet normal 0 0 1
    outer loop
      vertex 0.94398 1.16572 65
      vertex 1.93261 4.20839 65
      vertex 1.8541 4.20634 65
    endloop
  endfacet
  facet normal 0 0 1
    outer loop
      vertex 4.5 0 65
      vertex 2.53509 -4.36983 65
      vertex 2.6041 -4.4073 65
    endloop
  endfacet
  facet normal 0 0 1
    outer loop
      vertex 0.881678 1.21352 65
      vertex 1.8541 4.20634 65
      vertex 1.7756 4.20839 65
    endloop
  endfacet
  facet normal 0 0 1
    outer loop
      vertex 1.29904 -0.75 65
      vertex 4.5 0 65
      vertex 1.33651 -0.680985 65
    endloop
  endfacet
  facet normal 0 0 1
    outer loop
      vertex 0.816958 1.25801 65
      vertex 1.7756 4.20839 65
      vertex 1.69731 4.21456 65
    endloop
  endfacet
  facet normal 0 0 1
    outer loop
      vertex 4.5 0 65
      vertex 2.46421 -4.33602 65
      vertex 2.53509 -4.36983 65
    endloop
  endfacet
  facet normal 0 0 1
    outer loop
      vertex 0.75 1.29904 65
      vertex 1.69731 4.21456 65
      vertex 1.61945 4.22481 65
    endloop
  endfacet
  facet normal 0 0 1
    outer loop
      vertex 1.25801 -0.816958 65
      vertex 4.5 0 65
      vertex 1.29904 -0.75 65
    endloop
  endfacet
  facet normal 0 0 1
    outer loop
      vertex 0.680985 1.33651 65
      vertex 1.61945 4.22481 65
      vertex 1.54223 4.23912 65
    endloop
  endfacet
  facet normal 0 0 1
    outer loop
      vertex 4.5 0 65
      vertex 2.39165 -4.30597 65
      vertex 2.46421 -4.33602 65
    endloop
  endfacet
  facet normal 0 0 1
    outer loop
      vertex 4.5 0 65
      vertex 1.25801 -0.816958 65
      vertex 2.39165 -4.30597 65
    endloop
  endfacet
  facet normal 0 0 1
    outer loop
      vertex 4.5 0 65
      vertex 1.49794 0.0785036 65
      vertex 1.5 0 65
    endloop
  endfacet
  facet normal 0 0 1
    outer loop
      vertex 4.50206 0.0785036 65
      vertex 1.49794 0.0785036 65
      vertex 4.5 0 65
    endloop
  endfacet
  facet normal 0 -0 1
    outer loop
      vertex 1.49794 0.0785036 65
      vertex 4.50206 0.0785036 65
      vertex 1.49178 0.156793 65
    endloop
  endfacet
  facet normal 0 0 1
    outer loop
      vertex 4.50822 0.156793 65
      vertex 1.49178 0.156793 65
      vertex 4.50206 0.0785036 65
    endloop
  endfacet
  facet normal 0 0 1
    outer loop
      vertex 0.610105 1.37032 65
      vertex 1.54223 4.23912 65
      vertex 1.46587 4.25745 65
    endloop
  endfacet
  facet normal 0 -0 1
    outer loop
      vertex 1.49178 0.156793 65
      vertex 4.50822 0.156793 65
      vertex 1.48153 0.234652 65
    endloop
  endfacet
  facet normal 0 0 1
    outer loop
      vertex 4.51847 0.234652 65
      vertex 1.48153 0.234652 65
      vertex 4.50822 0.156793 65
    endloop
  endfacet
  facet normal 0 -0 1
    outer loop
      vertex 1.48153 0.234652 65
      vertex 4.51847 0.234652 65
      vertex 1.46722 0.311867 65
    endloop
  endfacet
  facet normal 0 0 1
    outer loop
      vertex 0.537552 1.40037 65
      vertex 1.46587 4.25745 65
      vertex 1.39058 4.27975 65
    endloop
  endfacet
  facet normal 0 0 1
    outer loop
      vertex 4.53278 0.311867 65
      vertex 1.46722 0.311867 65
      vertex 4.51847 0.234652 65
    endloop
  endfacet
  facet normal 0 -0 1
    outer loop
      vertex 1.46722 0.311867 65
      vertex 4.53278 0.311867 65
      vertex 1.44889 0.388228 65
    endloop
  endfacet
  facet normal 0 0 1
    outer loop
      vertex 0.463525 1.42658 65
      vertex 1.39058 4.27975 65
      vertex 1.31655 4.30597 65
    endloop
  endfacet
  facet normal 0 0 1
    outer loop
      vertex 4.55111 0.388228 65
      vertex 1.44889 0.388228 65
      vertex 4.53278 0.311867 65
    endloop
  endfacet
  facet normal 0 -0 1
    outer loop
      vertex 1.44889 0.388228 65
      vertex 4.55111 0.388228 65
      vertex 1.42658 0.463525 65
    endloop
  endfacet
  facet normal 0 0 1
    outer loop
      vertex 0.388228 1.44889 65
      vertex 1.31655 4.30597 65
      vertex 1.244 4.33602 65
    endloop
  endfacet
  facet normal 0 0 1
    outer loop
      vertex 4.66349 0.680985 65
      vertex 1.33651 0.680985 65
      vertex 4.62968 0.610105 65
    endloop
  endfacet
  facet normal 0 0 1
    outer loop
      vertex 0.311867 1.46722 65
      vertex 1.244 4.33602 65
      vertex 1.17312 4.36983 65
    endloop
  endfacet
  facet normal 0 0 1
    outer loop
      vertex 2.24233 4.25745 65
      vertex 1.16572 0.94398 65
      vertex 1.21352 0.881678 65
    endloop
  endfacet
  facet normal 0 0 1
    outer loop
      vertex 2.16597 4.23912 65
      vertex 1.11472 1.0037 65
      vertex 1.16572 0.94398 65
    endloop
  endfacet
  facet normal 0 0 1
    outer loop
      vertex 0.234652 1.48153 65
      vertex 1.17312 4.36983 65
      vertex 1.1041 4.4073 65
    endloop
  endfacet
  facet normal 0 0 1
    outer loop
      vertex 2.08875 4.22481 65
      vertex 1.06066 1.06066 65
      vertex 1.11472 1.0037 65
    endloop
  endfacet
  facet normal 0 0 1
    outer loop
      vertex 0.156793 1.49178 65
      vertex 1.1041 4.4073 65
      vertex 1.03714 4.44833 65
    endloop
  endfacet
  facet normal 0 0 1
    outer loop
      vertex 2.01089 4.21456 65
      vertex 1.0037 1.11472 65
      vertex 1.06066 1.06066 65
    endloop
  endfacet
  facet normal 0 0 1
    outer loop
      vertex 0.0785036 1.49794 65
      vertex 1.03714 4.44833 65
      vertex 0.972424 4.49281 65
    endloop
  endfacet
  facet normal 0 0 1
    outer loop
      vertex 1.93261 4.20839 65
      vertex 0.94398 1.16572 65
      vertex 1.0037 1.11472 65
    endloop
  endfacet
  facet normal 0 0 1
    outer loop
      vertex 0 1.5 65
      vertex 0.972424 4.49281 65
      vertex 0.910121 4.54062 65
    endloop
  endfacet
  facet normal 0 0 1
    outer loop
      vertex 1.8541 4.20634 65
      vertex 0.881678 1.21352 65
      vertex 0.94398 1.16572 65
    endloop
  endfacet
  facet normal 0 0 1
    outer loop
      vertex -0.0785036 1.49794 65
      vertex 0.910121 4.54062 65
      vertex 0.850406 4.59162 65
    endloop
  endfacet
  facet normal 0 0 1
    outer loop
      vertex 1.7756 4.20839 65
      vertex 0.816958 1.25801 65
      vertex 0.881678 1.21352 65
    endloop
  endfacet
  facet normal 0 0 1
    outer loop
      vertex -0.156793 1.49178 65
      vertex 0.850406 4.59162 65
      vertex 0.793442 4.64568 65
    endloop
  endfacet
  facet normal 0 0 1
    outer loop
      vertex 1.69731 4.21456 65
      vertex 0.75 1.29904 65
      vertex 0.816958 1.25801 65
    endloop
  endfacet
  facet normal 0 0 1
    outer loop
      vertex -0.234652 1.48153 65
      vertex 0.793442 4.64568 65
      vertex 0.739385 4.70264 65
    endloop
  endfacet
  facet normal 0 0 1
    outer loop
      vertex -0.311867 1.46722 65
      vertex 0.739385 4.70264 65
      vertex 0.688382 4.76236 65
    endloop
  endfacet
  facet normal 0 0 1
    outer loop
      vertex 1.61945 4.22481 65
      vertex 0.680985 1.33651 65
      vertex 0.75 1.29904 65
    endloop
  endfacet
  facet normal 0 0 1
    outer loop
      vertex -0.388228 1.44889 65
      vertex 0.688382 4.76236 65
      vertex 0.640576 4.82466 65
    endloop
  endfacet
  facet normal 0 0 1
    outer loop
      vertex 1.54223 4.23912 65
      vertex 0.610105 1.37032 65
      vertex 0.680985 1.33651 65
    endloop
  endfacet
  facet normal 0 0 1
    outer loop
      vertex -3.3541 3.52671 65
      vertex 0.640576 4.82466 65
      vertex 0.596096 4.88938 65
    endloop
  endfacet
  facet normal 0 0 1
    outer loop
      vertex -3.35616 3.60522 65
      vertex 0.596096 4.88938 65
      vertex 0.555063 4.95634 65
    endloop
  endfacet
  facet normal 0 0 1
    outer loop
      vertex 1.46587 4.25745 65
      vertex 0.537552 1.40037 65
      vertex 0.610105 1.37032 65
    endloop
  endfacet
  facet normal 0 0 1
    outer loop
      vertex -3.36232 3.6835 65
      vertex 0.555063 4.95634 65
      vertex 0.517591 5.02535 65
    endloop
  endfacet
  facet normal 0 0 1
    outer loop
      vertex -3.37257 3.76136 65
      vertex 0.517591 5.02535 65
      vertex 0.483784 5.09623 65
    endloop
  endfacet
  facet normal 0 0 1
    outer loop
      vertex 1.39058 4.27975 65
      vertex 0.463525 1.42658 65
      vertex 0.537552 1.40037 65
    endloop
  endfacet
  facet normal 0 0 1
    outer loop
      vertex -3.38688 3.83858 65
      vertex 0.483784 5.09623 65
      vertex 0.453731 5.16879 65
    endloop
  endfacet
  facet normal 0 0 1
    outer loop
      vertex -3.40521 3.91494 65
      vertex 0.453731 5.16879 65
      vertex 0.427517 5.24281 65
    endloop
  endfacet
  facet normal 0 0 1
    outer loop
      vertex -3.42752 3.99024 65
      vertex 0.427517 5.24281 65
      vertex 0.405212 5.31811 65
    endloop
  endfacet
  facet normal 0 0 1
    outer loop
      vertex 1.31655 4.30597 65
      vertex 0.388228 1.44889 65
      vertex 0.463525 1.42658 65
    endloop
  endfacet
  facet normal 0 0 1
    outer loop
      vertex -3.45373 4.06426 65
      vertex 0.405212 5.31811 65
      vertex 0.38688 5.39447 65
    endloop
  endfacet
  facet normal 0 0 1
    outer loop
      vertex -3.48378 4.13682 65
      vertex 0.38688 5.39447 65
      vertex 0.372569 5.47169 65
    endloop
  endfacet
  facet normal 0 0 1
    outer loop
      vertex -3.48378 4.13682 65
      vertex 0.372569 5.47169 65
      vertex 0.362319 5.54955 65
    endloop
  endfacet
  facet normal 0 0 1
    outer loop
      vertex -3.48378 4.13682 65
      vertex 0.362319 5.54955 65
      vertex 0.356157 5.62783 65
    endloop
  endfacet
  facet normal 0 0 1
    outer loop
      vertex -3.48378 4.13682 65
      vertex 0.356157 5.62783 65
      vertex 0.354101 5.70634 65
    endloop
  endfacet
  facet normal 0 0 1
    outer loop
      vertex 1.244 4.33602 65
      vertex 0.311867 1.46722 65
      vertex 0.388228 1.44889 65
    endloop
  endfacet
  facet normal -0 0 1
    outer loop
      vertex 7.46722 -0.311867 65
      vertex 30.5 -26 65
      vertex 7.48153 -0.234652 65
    endloop
  endfacet
  facet normal -0 0 1
    outer loop
      vertex 7.44889 -0.388228 65
      vertex 30.5 -26 65
      vertex 7.46722 -0.311867 65
    endloop
  endfacet
  facet normal -0 0 1
    outer loop
      vertex 7.42658 -0.463525 65
      vertex 30.5 -26 65
      vertex 7.44889 -0.388228 65
    endloop
  endfacet
  facet normal -0 0 1
    outer loop
      vertex 7.40037 -0.537552 65
      vertex 30.5 -26 65
      vertex 7.42658 -0.463525 65
    endloop
  endfacet
  facet normal -0 0 1
    outer loop
      vertex 7.37032 -0.610105 65
      vertex 30.5 -26 65
      vertex 7.40037 -0.537552 65
    endloop
  endfacet
  facet normal -0 0 1
    outer loop
      vertex 7.33651 -0.680985 65
      vertex 30.5 -26 65
      vertex 7.37032 -0.610105 65
    endloop
  endfacet
  facet normal -0 0 1
    outer loop
      vertex 7.29904 -0.75 65
      vertex 30.5 -26 65
      vertex 7.33651 -0.680985 65
    endloop
  endfacet
  facet normal -0 0 1
    outer loop
      vertex 7.25801 -0.816958 65
      vertex 30.5 -26 65
      vertex 7.29904 -0.75 65
    endloop
  endfacet
  facet normal -0 0 1
    outer loop
      vertex 7.21352 -0.881678 65
      vertex 30.5 -26 65
      vertex 7.25801 -0.816958 65
    endloop
  endfacet
  facet normal -0 0 1
    outer loop
      vertex 7.16572 -0.94398 65
      vertex 30.5 -26 65
      vertex 7.21352 -0.881678 65
    endloop
  endfacet
  facet normal -0 0 1
    outer loop
      vertex 7.11472 -1.0037 65
      vertex 30.5 -26 65
      vertex 7.16572 -0.94398 65
    endloop
  endfacet
  facet normal -0 0 1
    outer loop
      vertex 7.06066 -1.06066 65
      vertex 30.5 -26 65
      vertex 7.11472 -1.0037 65
    endloop
  endfacet
  facet normal -0 0 1
    outer loop
      vertex 3.11211 -6.5233 65
      vertex 30.5 -26 65
      vertex 3.15314 -6.45634 65
    endloop
  endfacet
  facet normal -0 0 1
    outer loop
      vertex 3.06763 -6.58802 65
      vertex 30.5 -26 65
      vertex 3.11211 -6.5233 65
    endloop
  endfacet
  facet normal -0 0 1
    outer loop
      vertex 3.01982 -6.65032 65
      vertex 30.5 -26 65
      vertex 3.06763 -6.58802 65
    endloop
  endfacet
  facet normal -0 0 1
    outer loop
      vertex 3.19061 -6.38732 65
      vertex 30.5 -26 65
      vertex 7.06066 -1.06066 65
    endloop
  endfacet
  facet normal 0 0 1
    outer loop
      vertex 3.19061 -6.38732 65
      vertex 7.06066 -1.06066 65
      vertex 7.0037 -1.11472 65
    endloop
  endfacet
  facet normal 0 0 1
    outer loop
      vertex 3.22442 -6.31644 65
      vertex 7.0037 -1.11472 65
      vertex 6.94398 -1.16572 65
    endloop
  endfacet
  facet normal 0 0 1
    outer loop
      vertex 3.25447 -6.24389 65
      vertex 6.94398 -1.16572 65
      vertex 6.88168 -1.21352 65
    endloop
  endfacet
  facet normal 0 0 1
    outer loop
      vertex 3.28069 -6.16986 65
      vertex 6.88168 -1.21352 65
      vertex 6.81696 -1.25801 65
    endloop
  endfacet
  facet normal 0 0 1
    outer loop
      vertex 3.30299 -6.09457 65
      vertex 6.81696 -1.25801 65
      vertex 6.75 -1.29904 65
    endloop
  endfacet
  facet normal 0 0 1
    outer loop
      vertex 3.32132 -6.01821 65
      vertex 6.75 -1.29904 65
      vertex 6.68099 -1.33651 65
    endloop
  endfacet
  facet normal 0 0 1
    outer loop
      vertex 3.33563 -5.94099 65
      vertex 6.68099 -1.33651 65
      vertex 6.6101 -1.37032 65
    endloop
  endfacet
  facet normal 0 0 1
    outer loop
      vertex 3.34588 -5.86313 65
      vertex 6.6101 -1.37032 65
      vertex 6.53755 -1.40037 65
    endloop
  endfacet
  facet normal 0 0 1
    outer loop
      vertex 3.35205 -5.78484 65
      vertex 6.53755 -1.40037 65
      vertex 6.46352 -1.42658 65
    endloop
  endfacet
  facet normal 0 0 1
    outer loop
      vertex 3.3541 -5.70634 65
      vertex 6.46352 -1.42658 65
      vertex 6.38823 -1.44889 65
    endloop
  endfacet
  facet normal 0 0 1
    outer loop
      vertex 3.3541 -5.70634 65
      vertex 6.38823 -1.44889 65
      vertex 6.31187 -1.46722 65
    endloop
  endfacet
  facet normal 0 0 1
    outer loop
      vertex 3.3541 -5.70634 65
      vertex 6.31187 -1.46722 65
      vertex 6.23465 -1.48153 65
    endloop
  endfacet
  facet normal 0 0 1
    outer loop
      vertex 3.3541 -5.70634 65
      vertex 6.23465 -1.48153 65
      vertex 6.15679 -1.49178 65
    endloop
  endfacet
  facet normal 0 0 1
    outer loop
      vertex 3.3541 -5.70634 65
      vertex 6.15679 -1.49178 65
      vertex 6.0785 -1.49794 65
    endloop
  endfacet
  facet normal 0 0 1
    outer loop
      vertex 3.3541 -5.70634 65
      vertex 6.0785 -1.49794 65
      vertex 6 -1.5 65
    endloop
  endfacet
  facet normal 0 0 1
    outer loop
      vertex 3.3541 -5.70634 65
      vertex 6 -1.5 65
      vertex 5.9215 -1.49794 65
    endloop
  endfacet
  facet normal 0 0 1
    outer loop
      vertex 3.3541 -5.70634 65
      vertex 5.9215 -1.49794 65
      vertex 5.84321 -1.49178 65
    endloop
  endfacet
  facet normal 0 0 1
    outer loop
      vertex 3.3541 -5.70634 65
      vertex 5.84321 -1.49178 65
      vertex 5.76535 -1.48153 65
    endloop
  endfacet
  facet normal 0 0 1
    outer loop
      vertex 3.3541 -5.70634 65
      vertex 5.76535 -1.48153 65
      vertex 5.68813 -1.46722 65
    endloop
  endfacet
  facet normal 0 0 1
    outer loop
      vertex 3.3541 -5.70634 65
      vertex 5.68813 -1.46722 65
      vertex 5.61177 -1.44889 65
    endloop
  endfacet
  facet normal 0 0 1
    outer loop
      vertex 3.3541 -5.70634 65
      vertex 5.61177 -1.44889 65
      vertex 5.53647 -1.42658 65
    endloop
  endfacet
  facet normal 0 0 1
    outer loop
      vertex 3.3541 -5.70634 65
      vertex 5.53647 -1.42658 65
      vertex 5.46245 -1.40037 65
    endloop
  endfacet
  facet normal 0 0 1
    outer loop
      vertex 3.3541 -5.70634 65
      vertex 5.46245 -1.40037 65
      vertex 5.38989 -1.37032 65
    endloop
  endfacet
  facet normal 0 0 1
    outer loop
      vertex 3.3541 -5.70634 65
      vertex 5.38989 -1.37032 65
      vertex 5.31901 -1.33651 65
    endloop
  endfacet
  facet normal 0 0 1
    outer loop
      vertex 3.3541 -5.70634 65
      vertex 5.31901 -1.33651 65
      vertex 5.25 -1.29904 65
    endloop
  endfacet
  facet normal 0 0 1
    outer loop
      vertex 3.3541 -5.70634 65
      vertex 5.25 -1.29904 65
      vertex 5.18304 -1.25801 65
    endloop
  endfacet
  facet normal 0 0 1
    outer loop
      vertex 3.3541 -5.70634 65
      vertex 5.18304 -1.25801 65
      vertex 5.11832 -1.21352 65
    endloop
  endfacet
  facet normal 0 0 1
    outer loop
      vertex 3.3541 -5.70634 65
      vertex 5.11832 -1.21352 65
      vertex 5.05602 -1.16572 65
    endloop
  endfacet
  facet normal 0 0 1
    outer loop
      vertex 3.3541 -5.70634 65
      vertex 5.05602 -1.16572 65
      vertex 4.9963 -1.11472 65
    endloop
  endfacet
  facet normal 0 0 1
    outer loop
      vertex 6.81696 -1.25801 65
      vertex 3.30299 -6.09457 65
      vertex 3.28069 -6.16986 65
    endloop
  endfacet
  facet normal 0 0 1
    outer loop
      vertex 3.3541 -5.70634 65
      vertex 4.9963 -1.11472 65
      vertex 4.93934 -1.06066 65
    endloop
  endfacet
  facet normal 0 0 1
    outer loop
      vertex 3.3541 -5.70634 65
      vertex 4.93934 -1.06066 65
      vertex 4.88528 -1.0037 65
    endloop
  endfacet
  facet normal 0 0 1
    outer loop
      vertex 3.3541 -5.70634 65
      vertex 4.88528 -1.0037 65
      vertex 4.83428 -0.94398 65
    endloop
  endfacet
  facet normal 0 0 1
    outer loop
      vertex 3.3541 -5.70634 65
      vertex 4.83428 -0.94398 65
      vertex 4.78647 -0.881678 65
    endloop
  endfacet
  facet normal 0 0 1
    outer loop
      vertex 3.3541 -5.70634 65
      vertex 4.78647 -0.881678 65
      vertex 4.74199 -0.816958 65
    endloop
  endfacet
  facet normal 0 0 1
    outer loop
      vertex 3.3541 -5.70634 65
      vertex 4.74199 -0.816958 65
      vertex 4.70096 -0.75 65
    endloop
  endfacet
  facet normal 0 0 1
    outer loop
      vertex 3.3541 -5.70634 65
      vertex 4.70096 -0.75 65
      vertex 4.66349 -0.680985 65
    endloop
  endfacet
  facet normal 0 0 1
    outer loop
      vertex 3.3541 -5.70634 65
      vertex 4.66349 -0.680985 65
      vertex 4.62968 -0.610105 65
    endloop
  endfacet
  facet normal 0 0 1
    outer loop
      vertex 3.3541 -5.70634 65
      vertex 4.62968 -0.610105 65
      vertex 4.59963 -0.537552 65
    endloop
  endfacet
  facet normal 0 0 1
    outer loop
      vertex 3.3541 -5.70634 65
      vertex 4.59963 -0.537552 65
      vertex 4.57341 -0.463525 65
    endloop
  endfacet
  facet normal 0 0 1
    outer loop
      vertex 3.3541 -5.70634 65
      vertex 4.57341 -0.463525 65
      vertex 4.55111 -0.388228 65
    endloop
  endfacet
  facet normal 0 0 1
    outer loop
      vertex 3.3541 -5.70634 65
      vertex 4.55111 -0.388228 65
      vertex 4.53278 -0.311867 65
    endloop
  endfacet
  facet normal 0 0 1
    outer loop
      vertex 3.3541 -5.70634 65
      vertex 4.53278 -0.311867 65
      vertex 4.51847 -0.234652 65
    endloop
  endfacet
  facet normal 0 0 1
    outer loop
      vertex 3.3541 -5.70634 65
      vertex 4.51847 -0.234652 65
      vertex 4.50822 -0.156793 65
    endloop
  endfacet
  facet normal 0 0 1
    outer loop
      vertex 3.3541 -5.70634 65
      vertex 4.50822 -0.156793 65
      vertex 4.50206 -0.0785036 65
    endloop
  endfacet
  facet normal 0 0 1
    outer loop
      vertex 3.3541 -5.70634 65
      vertex 4.50206 -0.0785036 65
      vertex 4.5 0 65
    endloop
  endfacet
  facet normal 0 0 1
    outer loop
      vertex 5.11832 1.21352 65
      vertex 2.73578 4.49281 65
      vertex 5.05602 1.16572 65
    endloop
  endfacet
  facet normal 0 0 1
    outer loop
      vertex 6.46352 -1.42658 65
      vertex 3.3541 -5.70634 65
      vertex 3.35205 -5.78484 65
    endloop
  endfacet
  facet normal 0 0 1
    outer loop
      vertex 6.53755 -1.40037 65
      vertex 3.35205 -5.78484 65
      vertex 3.34588 -5.86313 65
    endloop
  endfacet
  facet normal 0 0 1
    outer loop
      vertex 6.6101 -1.37032 65
      vertex 3.34588 -5.86313 65
      vertex 3.33563 -5.94099 65
    endloop
  endfacet
  facet normal 0 0 1
    outer loop
      vertex 6.68099 -1.33651 65
      vertex 3.33563 -5.94099 65
      vertex 3.32132 -6.01821 65
    endloop
  endfacet
  facet normal 0 0 1
    outer loop
      vertex 6.75 -1.29904 65
      vertex 3.32132 -6.01821 65
      vertex 3.30299 -6.09457 65
    endloop
  endfacet
  facet normal 0 0 1
    outer loop
      vertex 6.88168 -1.21352 65
      vertex 3.28069 -6.16986 65
      vertex 3.25447 -6.24389 65
    endloop
  endfacet
  facet normal 0 0 1
    outer loop
      vertex 6.94398 -1.16572 65
      vertex 3.25447 -6.24389 65
      vertex 3.22442 -6.31644 65
    endloop
  endfacet
  facet normal 0 0 1
    outer loop
      vertex 7.0037 -1.11472 65
      vertex 3.22442 -6.31644 65
      vertex 3.19061 -6.38732 65
    endloop
  endfacet
  facet normal 0 0 1
    outer loop
      vertex 30.5 -26 65
      vertex 3.19061 -6.38732 65
      vertex 3.15314 -6.45634 65
    endloop
  endfacet
  facet normal -0 0 1
    outer loop
      vertex 2.96882 -6.71003 65
      vertex 30.5 -26 65
      vertex 3.01982 -6.65032 65
    endloop
  endfacet
  facet normal -0 0 1
    outer loop
      vertex 2.91476 -6.767 65
      vertex 30.5 -26 65
      vertex 2.96882 -6.71003 65
    endloop
  endfacet
  facet normal -0 0 1
    outer loop
      vertex 2.8578 -6.82106 65
      vertex 30.5 -26 65
      vertex 2.91476 -6.767 65
    endloop
  endfacet
  facet normal -0 0 1
    outer loop
      vertex 2.79808 -6.87206 65
      vertex 30.5 -26 65
      vertex 2.8578 -6.82106 65
    endloop
  endfacet
  facet normal -0 0 1
    outer loop
      vertex 2.73578 -6.91986 65
      vertex 30.5 -26 65
      vertex 2.79808 -6.87206 65
    endloop
  endfacet
  facet normal -0 0 1
    outer loop
      vertex 2.67106 -6.96434 65
      vertex 30.5 -26 65
      vertex 2.73578 -6.91986 65
    endloop
  endfacet
  facet normal -0 0 1
    outer loop
      vertex 2.6041 -7.00538 65
      vertex 30.5 -26 65
      vertex 2.67106 -6.96434 65
    endloop
  endfacet
  facet normal -0 0 1
    outer loop
      vertex 2.53509 -7.04285 65
      vertex 30.5 -26 65
      vertex 2.6041 -7.00538 65
    endloop
  endfacet
  facet normal -0 0 1
    outer loop
      vertex 2.46421 -7.07666 65
      vertex 30.5 -26 65
      vertex 2.53509 -7.04285 65
    endloop
  endfacet
  facet normal 0 0 1
    outer loop
      vertex 30.5 -26 65
      vertex 2.46421 -7.07666 65
      vertex 14.6783 -45.1752 65
    endloop
  endfacet
  facet normal -0 0 1
    outer loop
      vertex 2.39165 -7.10671 65
      vertex 14.6783 -45.1752 65
      vertex 2.46421 -7.07666 65
    endloop
  endfacet
  facet normal -0 0 1
    outer loop
      vertex 2.31763 -7.13292 65
      vertex 14.6783 -45.1752 65
      vertex 2.39165 -7.10671 65
    endloop
  endfacet
  facet normal 0 0 1
    outer loop
      vertex 14.6783 -45.1752 65
      vertex 2.31763 -7.13292 65
      vertex 12.2939 -45.8815 65
    endloop
  endfacet
  facet normal -0 0 1
    outer loop
      vertex 2.24233 -7.15523 65
      vertex 12.2939 -45.8815 65
      vertex 2.31763 -7.13292 65
    endloop
  endfacet
  facet normal -0 0 1
    outer loop
      vertex 2.16597 -7.17356 65
      vertex 12.2939 -45.8815 65
      vertex 2.24233 -7.15523 65
    endloop
  endfacet
  facet normal 0 0 1
    outer loop
      vertex 12.2939 -45.8815 65
      vertex 2.16597 -7.17356 65
      vertex 9.8758 -46.462 65
    endloop
  endfacet
  facet normal -0 0 1
    outer loop
      vertex 2.08875 -7.18787 65
      vertex 9.8758 -46.462 65
      vertex 2.16597 -7.17356 65
    endloop
  endfacet
  facet normal 0 0 1
    outer loop
      vertex 9.8758 -46.462 65
      vertex 2.08875 -7.18787 65
      vertex 7.43064 -46.9152 65
    endloop
  endfacet
  facet normal -0 0 1
    outer loop
      vertex 2.01089 -7.19812 65
      vertex 7.43064 -46.9152 65
      vertex 2.08875 -7.18787 65
    endloop
  endfacet
  facet normal 0 0 1
    outer loop
      vertex 7.43064 -46.9152 65
      vertex 2.01089 -7.19812 65
      vertex 4.9651 -47.2398 65
    endloop
  endfacet
  facet normal -0 0 1
    outer loop
      vertex 1.93261 -7.20428 65
      vertex 4.9651 -47.2398 65
      vertex 2.01089 -7.19812 65
    endloop
  endfacet
  facet normal -0 0 1
    outer loop
      vertex 1.8541 -7.20634 65
      vertex 4.9651 -47.2398 65
      vertex 1.93261 -7.20428 65
    endloop
  endfacet
  facet normal 0 0 1
    outer loop
      vertex 4.9651 -47.2398 65
      vertex 1.8541 -7.20634 65
      vertex 2.48596 -47.4349 65
    endloop
  endfacet
  facet normal 0 0 1
    outer loop
      vertex 1.7756 -7.20428 65
      vertex 2.48596 -47.4349 65
      vertex 1.8541 -7.20634 65
    endloop
  endfacet
  facet normal 0 0 1
    outer loop
      vertex 0 -47.5 65
      vertex 1.7756 -7.20428 65
      vertex 1.69731 -7.19812 65
    endloop
  endfacet
  facet normal 0 0 1
    outer loop
      vertex -2.48596 -47.4349 65
      vertex 1.69731 -7.19812 65
      vertex 1.61945 -7.18787 65
    endloop
  endfacet
  facet normal 0 0 1
    outer loop
      vertex -2.48596 -47.4349 65
      vertex 1.61945 -7.18787 65
      vertex 1.54223 -7.17356 65
    endloop
  endfacet
  facet normal 0 0 1
    outer loop
      vertex -2.48596 -47.4349 65
      vertex 1.54223 -7.17356 65
      vertex 1.46587 -7.15523 65
    endloop
  endfacet
  facet normal 0 0 1
    outer loop
      vertex -2.48596 -47.4349 65
      vertex 1.46587 -7.15523 65
      vertex 1.39058 -7.13292 65
    endloop
  endfacet
  facet normal 0 0 1
    outer loop
      vertex -2.48596 -47.4349 65
      vertex 1.39058 -7.13292 65
      vertex 1.31655 -7.10671 65
    endloop
  endfacet
  facet normal 0 0 1
    outer loop
      vertex -2.48596 -47.4349 65
      vertex 1.31655 -7.10671 65
      vertex 1.244 -7.07666 65
    endloop
  endfacet
  facet normal 0 0 1
    outer loop
      vertex -2.48596 -47.4349 65
      vertex 1.244 -7.07666 65
      vertex 1.17312 -7.04285 65
    endloop
  endfacet
  facet normal 0 0 1
    outer loop
      vertex -2.48596 -47.4349 65
      vertex 1.17312 -7.04285 65
      vertex 1.1041 -7.00538 65
    endloop
  endfacet
  facet normal 0 0 1
    outer loop
      vertex -2.48596 -47.4349 65
      vertex 1.1041 -7.00538 65
      vertex 1.03714 -6.96434 65
    endloop
  endfacet
  facet normal 0 0 1
    outer loop
      vertex -2.48596 -47.4349 65
      vertex 1.03714 -6.96434 65
      vertex 0.972424 -6.91986 65
    endloop
  endfacet
  facet normal 0 0 1
    outer loop
      vertex -2.48596 -47.4349 65
      vertex 0.972424 -6.91986 65
      vertex 0.910121 -6.87206 65
    endloop
  endfacet
  facet normal 0 0 1
    outer loop
      vertex -2.48596 -47.4349 65
      vertex 0.910121 -6.87206 65
      vertex 0.850406 -6.82106 65
    endloop
  endfacet
  facet normal 0 0 1
    outer loop
      vertex -2.48596 -47.4349 65
      vertex 0.850406 -6.82106 65
      vertex 0.793442 -6.767 65
    endloop
  endfacet
  facet normal 0 0 1
    outer loop
      vertex 0.356157 -5.78484 65
      vertex -3.68838 -4.47069 65
      vertex 0.362319 -5.86313 65
    endloop
  endfacet
  facet normal -0 0 1
    outer loop
      vertex -3.68838 -4.47069 65
      vertex 0.356157 -5.78484 65
      vertex -3.64058 -4.40839 65
    endloop
  endfacet
  facet normal 0 0 1
    outer loop
      vertex 0.354101 -5.70634 65
      vertex -3.64058 -4.40839 65
      vertex 0.356157 -5.78484 65
    endloop
  endfacet
  facet normal -0 0 1
    outer loop
      vertex -3.64058 -4.40839 65
      vertex 0.354101 -5.70634 65
      vertex -3.5961 -4.34367 65
    endloop
  endfacet
  facet normal 0 0 1
    outer loop
      vertex 0.356157 -5.62783 65
      vertex -3.5961 -4.34367 65
      vertex 0.354101 -5.70634 65
    endloop
  endfacet
  facet normal -0 0 1
    outer loop
      vertex -3.5961 -4.34367 65
      vertex 0.356157 -5.62783 65
      vertex -3.55506 -4.27671 65
    endloop
  endfacet
  facet normal 0 0 1
    outer loop
      vertex 0.362319 -5.54955 65
      vertex -3.55506 -4.27671 65
      vertex 0.356157 -5.62783 65
    endloop
  endfacet
  facet normal -0 0 1
    outer loop
      vertex -3.55506 -4.27671 65
      vertex 0.362319 -5.54955 65
      vertex -3.51759 -4.2077 65
    endloop
  endfacet
  facet normal 0 0 1
    outer loop
      vertex 0.372569 -5.47169 65
      vertex -3.51759 -4.2077 65
      vertex 0.362319 -5.54955 65
    endloop
  endfacet
  facet normal -0 0 1
    outer loop
      vertex -3.51759 -4.2077 65
      vertex 0.372569 -5.47169 65
      vertex -3.48378 -4.13682 65
    endloop
  endfacet
  facet normal -0 0 1
    outer loop
      vertex -3.48378 -4.13682 65
      vertex 0.38688 -5.39447 65
      vertex -3.45373 -4.06426 65
    endloop
  endfacet
  facet normal 0 0 1
    outer loop
      vertex 0.405212 -5.31811 65
      vertex -3.45373 -4.06426 65
      vertex 0.38688 -5.39447 65
    endloop
  endfacet
  facet normal -0 0 1
    outer loop
      vertex -3.45373 -4.06426 65
      vertex 0.405212 -5.31811 65
      vertex -3.42752 -3.99024 65
    endloop
  endfacet
  facet normal 0 0 1
    outer loop
      vertex 0.427517 -5.24281 65
      vertex -3.42752 -3.99024 65
      vertex 0.405212 -5.31811 65
    endloop
  endfacet
  facet normal 0 0 1
    outer loop
      vertex 0.640576 -4.82466 65
      vertex -3.3541 -3.52671 65
      vertex 0.596096 -4.88938 65
    endloop
  endfacet
  facet normal 0 0 1
    outer loop
      vertex -3.3541 -3.52671 65
      vertex -0.537552 -1.40037 65
      vertex -0.610105 -1.37032 65
    endloop
  endfacet
  facet normal -0 0 1
    outer loop
      vertex -3.35616 -3.60522 65
      vertex 0.596096 -4.88938 65
      vertex -3.3541 -3.52671 65
    endloop
  endfacet
  facet normal 0 0 1
    outer loop
      vertex -3.3541 -3.52671 65
      vertex -0.610105 -1.37032 65
      vertex -0.680985 -1.33651 65
    endloop
  endfacet
  facet normal 0 0 1
    outer loop
      vertex 0.596096 -4.88938 65
      vertex -3.35616 -3.60522 65
      vertex 0.555063 -4.95634 65
    endloop
  endfacet
  facet normal 0 0 1
    outer loop
      vertex -3.3541 -3.52671 65
      vertex -0.680985 -1.33651 65
      vertex -0.75 -1.29904 65
    endloop
  endfacet
  facet normal 0 0 1
    outer loop
      vertex 1.7756 -7.20428 65
      vertex 0 -47.5 65
      vertex 2.48596 -47.4349 65
    endloop
  endfacet
  facet normal -0 0 1
    outer loop
      vertex -3.36232 -3.6835 65
      vertex 0.555063 -4.95634 65
      vertex -3.35616 -3.60522 65
    endloop
  endfacet
  facet normal 0 0 1
    outer loop
      vertex -3.3541 -3.52671 65
      vertex -0.75 -1.29904 65
      vertex -0.816958 -1.25801 65
    endloop
  endfacet
  facet normal 0 0 1
    outer loop
      vertex 0.555063 -4.95634 65
      vertex -3.36232 -3.6835 65
      vertex 0.517591 -5.02535 65
    endloop
  endfacet
  facet normal 0 0 1
    outer loop
      vertex -3.3541 -3.52671 65
      vertex -0.816958 -1.25801 65
      vertex -0.881678 -1.21352 65
    endloop
  endfacet
  facet normal -0 0 1
    outer loop
      vertex -3.37257 -3.76136 65
      vertex 0.517591 -5.02535 65
      vertex -3.36232 -3.6835 65
    endloop
  endfacet
  facet normal 0 0 1
    outer loop
      vertex -3.3541 -3.52671 65
      vertex -0.881678 -1.21352 65
      vertex -0.94398 -1.16572 65
    endloop
  endfacet
  facet normal 0 0 1
    outer loop
      vertex 0.517591 -5.02535 65
      vertex -3.37257 -3.76136 65
      vertex 0.483784 -5.09623 65
    endloop
  endfacet
  facet normal 0 0 1
    outer loop
      vertex -3.3541 -3.52671 65
      vertex -0.94398 -1.16572 65
      vertex -1.0037 -1.11472 65
    endloop
  endfacet
  facet normal -0 0 1
    outer loop
      vertex -3.38688 -3.83858 65
      vertex 0.483784 -5.09623 65
      vertex -3.37257 -3.76136 65
    endloop
  endfacet
  facet normal 0 0 1
    outer loop
      vertex -3.3541 -3.52671 65
      vertex -1.0037 -1.11472 65
      vertex -1.06066 -1.06066 65
    endloop
  endfacet
  facet normal 0 0 1
    outer loop
      vertex 0.483784 -5.09623 65
      vertex -3.38688 -3.83858 65
      vertex 0.453731 -5.16879 65
    endloop
  endfacet
  facet normal 0 0 1
    outer loop
      vertex -3.3541 -3.52671 65
      vertex -1.06066 -1.06066 65
      vertex -1.11472 -1.0037 65
    endloop
  endfacet
  facet normal -0 0 1
    outer loop
      vertex -3.40521 -3.91494 65
      vertex 0.453731 -5.16879 65
      vertex -3.38688 -3.83858 65
    endloop
  endfacet
  facet normal 0 0 1
    outer loop
      vertex -3.3541 -3.52671 65
      vertex -1.11472 -1.0037 65
      vertex -1.16572 -0.94398 65
    endloop
  endfacet
  facet normal 0 0 1
    outer loop
      vertex 0.453731 -5.16879 65
      vertex -3.40521 -3.91494 65
      vertex 0.427517 -5.24281 65
    endloop
  endfacet
  facet normal 0 0 1
    outer loop
      vertex -3.3541 -3.52671 65
      vertex -1.16572 -0.94398 65
      vertex -1.21352 -0.881678 65
    endloop
  endfacet
  facet normal -0 0 1
    outer loop
      vertex -3.42752 -3.99024 65
      vertex 0.427517 -5.24281 65
      vertex -3.40521 -3.91494 65
    endloop
  endfacet
  facet normal 0 0 1
    outer loop
      vertex -3.3541 -3.52671 65
      vertex -1.21352 -0.881678 65
      vertex -1.25801 -0.816958 65
    endloop
  endfacet
  facet normal 0 0 1
    outer loop
      vertex -3.3541 -3.52671 65
      vertex -1.25801 -0.816958 65
      vertex -1.29904 -0.75 65
    endloop
  endfacet
  facet normal 0 0 1
    outer loop
      vertex -3.3541 -3.52671 65
      vertex -1.29904 -0.75 65
      vertex -1.33651 -0.680985 65
    endloop
  endfacet
  facet normal 0 0 1
    outer loop
      vertex -3.3541 -3.52671 65
      vertex -1.33651 -0.680985 65
      vertex -1.37032 -0.610105 65
    endloop
  endfacet
  facet normal 0 0 1
    outer loop
      vertex -1.40037 -0.537552 65
      vertex -3.3541 -3.52671 65
      vertex -1.37032 -0.610105 65
    endloop
  endfacet
  facet normal 0 0 1
    outer loop
      vertex -1.42658 -0.463525 65
      vertex -3.3541 -3.52671 65
      vertex -1.40037 -0.537552 65
    endloop
  endfacet
  facet normal 0 0 1
    outer loop
      vertex -1.44889 -0.388228 65
      vertex -3.3541 -3.52671 65
      vertex -1.42658 -0.463525 65
    endloop
  endfacet
  facet normal 0 0 1
    outer loop
      vertex -1.46722 -0.311867 65
      vertex -3.3541 -3.52671 65
      vertex -1.44889 -0.388228 65
    endloop
  endfacet
  facet normal 0 0 1
    outer loop
      vertex -1.48153 -0.234652 65
      vertex -3.3541 -3.52671 65
      vertex -1.46722 -0.311867 65
    endloop
  endfacet
  facet normal 0 0 1
    outer loop
      vertex -1.49178 -0.156793 65
      vertex -3.3541 -3.52671 65
      vertex -1.48153 -0.234652 65
    endloop
  endfacet
  facet normal 0 0 1
    outer loop
      vertex -1.49794 -0.0785036 65
      vertex -3.3541 -3.52671 65
      vertex -1.49178 -0.156793 65
    endloop
  endfacet
  facet normal 0 0 1
    outer loop
      vertex -1.5 0 65
      vertex -3.3541 -3.52671 65
      vertex -1.49794 -0.0785036 65
    endloop
  endfacet
  facet normal 0 0 1
    outer loop
      vertex 1.69731 -7.19812 65
      vertex -2.48596 -47.4349 65
      vertex 0 -47.5 65
    endloop
  endfacet
  facet normal 0 0 1
    outer loop
      vertex -1.21352 0.881678 65
      vertex -3.64058 2.64503 65
      vertex -1.25801 0.816958 65
    endloop
  endfacet
  facet normal -0 0 1
    outer loop
      vertex -3.48378 2.91661 65
      vertex -1.0037 1.11472 65
      vertex -3.45373 2.98916 65
    endloop
  endfacet
  facet normal 0 0 1
    outer loop
      vertex 0.38688 -5.39447 65
      vertex -3.48378 -4.13682 65
      vertex 0.372569 -5.47169 65
    endloop
  endfacet
  facet normal -0 0 1
    outer loop
      vertex -3.64058 2.64503 65
      vertex -1.21352 0.881678 65
      vertex -3.5961 2.70975 65
    endloop
  endfacet
  facet normal 0 0 1
    outer loop
      vertex -1.16572 0.94398 65
      vertex -3.5961 2.70975 65
      vertex -1.21352 0.881678 65
    endloop
  endfacet
  facet normal -0 0 1
    outer loop
      vertex -3.5961 2.70975 65
      vertex -1.16572 0.94398 65
      vertex -3.55506 2.77671 65
    endloop
  endfacet
  facet normal 0 0 1
    outer loop
      vertex -1.11472 1.0037 65
      vertex -3.55506 2.77671 65
      vertex -1.16572 0.94398 65
    endloop
  endfacet
  facet normal -0 0 1
    outer loop
      vertex -3.55506 2.77671 65
      vertex -1.11472 1.0037 65
      vertex -3.51759 2.84573 65
    endloop
  endfacet
  facet normal 0 0 1
    outer loop
      vertex -1.06066 1.06066 65
      vertex -3.51759 2.84573 65
      vertex -1.11472 1.0037 65
    endloop
  endfacet
  facet normal -0 0 1
    outer loop
      vertex -3.51759 2.84573 65
      vertex -1.06066 1.06066 65
      vertex -3.48378 2.91661 65
    endloop
  endfacet
  facet normal 0 0 1
    outer loop
      vertex -1.0037 1.11472 65
      vertex -3.48378 2.91661 65
      vertex -1.06066 1.06066 65
    endloop
  endfacet
  facet normal 0 0 1
    outer loop
      vertex -2.48596 47.4349 65
      vertex -3.51759 4.2077 65
      vertex -3.48378 4.13682 65
    endloop
  endfacet
  facet normal 0 0 1
    outer loop
      vertex -2.48596 47.4349 65
      vertex -3.55506 4.27671 65
      vertex -3.51759 4.2077 65
    endloop
  endfacet
  facet normal 0 0 1
    outer loop
      vertex -2.48596 47.4349 65
      vertex -3.5961 4.34367 65
      vertex -3.55506 4.27671 65
    endloop
  endfacet
  facet normal 0 0 1
    outer loop
      vertex -2.48596 47.4349 65
      vertex -3.64058 4.40839 65
      vertex -3.5961 4.34367 65
    endloop
  endfacet
  facet normal 0 0 1
    outer loop
      vertex -2.48596 47.4349 65
      vertex -3.68838 4.47069 65
      vertex -3.64058 4.40839 65
    endloop
  endfacet
  facet normal 0 0 1
    outer loop
      vertex -2.48596 47.4349 65
      vertex -3.73938 4.53041 65
      vertex -3.68838 4.47069 65
    endloop
  endfacet
  facet normal 0 0 1
    outer loop
      vertex -2.48596 47.4349 65
      vertex -3.79344 4.58737 65
      vertex -3.73938 4.53041 65
    endloop
  endfacet
  facet normal 0 0 1
    outer loop
      vertex -2.48596 47.4349 65
      vertex -3.85041 4.64143 65
      vertex -3.79344 4.58737 65
    endloop
  endfacet
  facet normal 0 0 1
    outer loop
      vertex -2.48596 47.4349 65
      vertex -3.91012 4.69243 65
      vertex -3.85041 4.64143 65
    endloop
  endfacet
  facet normal 0 0 1
    outer loop
      vertex -2.48596 47.4349 65
      vertex -3.97242 4.74024 65
      vertex -3.91012 4.69243 65
    endloop
  endfacet
  facet normal 0 0 1
    outer loop
      vertex -2.48596 47.4349 65
      vertex -4.03714 4.78472 65
      vertex -3.97242 4.74024 65
    endloop
  endfacet
  facet normal 0 0 1
    outer loop
      vertex -2.48596 47.4349 65
      vertex -4.1041 4.82575 65
      vertex -4.03714 4.78472 65
    endloop
  endfacet
  facet normal 0 0 1
    outer loop
      vertex -2.48596 47.4349 65
      vertex -4.17312 4.86322 65
      vertex -4.1041 4.82575 65
    endloop
  endfacet
  facet normal 0 0 1
    outer loop
      vertex -2.48596 47.4349 65
      vertex -4.244 4.89703 65
      vertex -4.17312 4.86322 65
    endloop
  endfacet
  facet normal 0 0 1
    outer loop
      vertex -2.48596 47.4349 65
      vertex -4.31655 4.92708 65
      vertex -4.244 4.89703 65
    endloop
  endfacet
  facet normal 0 0 1
    outer loop
      vertex -2.48596 47.4349 65
      vertex -4.39058 4.9533 65
      vertex -4.31655 4.92708 65
    endloop
  endfacet
  facet normal 0 0 1
    outer loop
      vertex -2.48596 47.4349 65
      vertex -4.46587 4.9756 65
      vertex -4.39058 4.9533 65
    endloop
  endfacet
  facet normal 0 0 1
    outer loop
      vertex -2.48596 47.4349 65
      vertex -4.54223 4.99393 65
      vertex -4.46587 4.9756 65
    endloop
  endfacet
  facet normal 0 0 1
    outer loop
      vertex -2.48596 47.4349 65
      vertex -4.61945 5.00824 65
      vertex -4.54223 4.99393 65
    endloop
  endfacet
  facet normal 0 0 1
    outer loop
      vertex -2.48596 47.4349 65
      vertex -4.69731 5.01849 65
      vertex -4.61945 5.00824 65
    endloop
  endfacet
  facet normal -0 0 1
    outer loop
      vertex -4.9651 47.2398 65
      vertex -4.69731 5.01849 65
      vertex -2.48596 47.4349 65
    endloop
  endfacet
  facet normal 0 0 1
    outer loop
      vertex -4.69731 5.01849 65
      vertex -4.9651 47.2398 65
      vertex -4.7756 5.02466 65
    endloop
  endfacet
  facet normal -0 0 1
    outer loop
      vertex -7.43064 46.9152 65
      vertex -4.7756 5.02466 65
      vertex -4.9651 47.2398 65
    endloop
  endfacet
  facet normal 0 0 1
    outer loop
      vertex -4.7756 5.02466 65
      vertex -7.43064 46.9152 65
      vertex -4.8541 5.02671 65
    endloop
  endfacet
  facet normal -0 0 1
    outer loop
      vertex -9.8758 46.462 65
      vertex -4.8541 5.02671 65
      vertex -7.43064 46.9152 65
    endloop
  endfacet
  facet normal 0 0 1
    outer loop
      vertex -4.8541 5.02671 65
      vertex -9.8758 46.462 65
      vertex -4.93261 5.02466 65
    endloop
  endfacet
  facet normal -0 0 1
    outer loop
      vertex -12.2939 45.8815 65
      vertex -4.93261 5.02466 65
      vertex -9.8758 46.462 65
    endloop
  endfacet
  facet normal 0 0 1
    outer loop
      vertex -4.93261 5.02466 65
      vertex -12.2939 45.8815 65
      vertex -5.01089 5.01849 65
    endloop
  endfacet
  facet normal 0 0 1
    outer loop
      vertex -5.01089 5.01849 65
      vertex -12.2939 45.8815 65
      vertex -5.08875 5.00824 65
    endloop
  endfacet
  facet normal -0 0 1
    outer loop
      vertex -14.6783 45.1752 65
      vertex -5.08875 5.00824 65
      vertex -12.2939 45.8815 65
    endloop
  endfacet
  facet normal 0 0 1
    outer loop
      vertex -5.08875 5.00824 65
      vertex -14.6783 45.1752 65
      vertex -5.16597 4.99393 65
    endloop
  endfacet
  facet normal -0 0 1
    outer loop
      vertex -17.0225 44.3451 65
      vertex -5.16597 4.99393 65
      vertex -14.6783 45.1752 65
    endloop
  endfacet
  facet normal 0 0 1
    outer loop
      vertex -5.16597 4.99393 65
      vertex -17.0225 44.3451 65
      vertex -5.24233 4.9756 65
    endloop
  endfacet
  facet normal -0 0 1
    outer loop
      vertex -19.32 43.3934 65
      vertex -5.24233 4.9756 65
      vertex -17.0225 44.3451 65
    endloop
  endfacet
  facet normal 0 0 1
    outer loop
      vertex -5.24233 4.9756 65
      vertex -19.32 43.3934 65
      vertex -5.31763 4.9533 65
    endloop
  endfacet
  facet normal -0 0 1
    outer loop
      vertex -21.5645 42.3228 65
      vertex -5.31763 4.9533 65
      vertex -19.32 43.3934 65
    endloop
  endfacet
  facet normal 0 0 1
    outer loop
      vertex -5.31763 4.9533 65
      vertex -21.5645 42.3228 65
      vertex -5.39165 4.92708 65
    endloop
  endfacet
  facet normal -0 0 1
    outer loop
      vertex -23.75 41.1362 65
      vertex -5.39165 4.92708 65
      vertex -21.5645 42.3228 65
    endloop
  endfacet
  facet normal 0 0 1
    outer loop
      vertex -5.39165 4.92708 65
      vertex -23.75 41.1362 65
      vertex -5.46421 4.89703 65
    endloop
  endfacet
  facet normal 0 0 1
    outer loop
      vertex -5.46421 4.89703 65
      vertex -23.75 41.1362 65
      vertex -5.53509 4.86322 65
    endloop
  endfacet
  facet normal -0 0 1
    outer loop
      vertex -25.8704 39.8369 65
      vertex -5.53509 4.86322 65
      vertex -23.75 41.1362 65
    endloop
  endfacet
  facet normal 0 0 1
    outer loop
      vertex -5.53509 4.86322 65
      vertex -25.8704 39.8369 65
      vertex -5.6041 4.82575 65
    endloop
  endfacet
  facet normal -0 0 1
    outer loop
      vertex -27.9198 38.4283 65
      vertex -5.6041 4.82575 65
      vertex -25.8704 39.8369 65
    endloop
  endfacet
  facet normal 0 0 1
    outer loop
      vertex -5.6041 4.82575 65
      vertex -27.9198 38.4283 65
      vertex -5.67106 4.78472 65
    endloop
  endfacet
  facet normal -0 0 1
    outer loop
      vertex -29.8927 36.9144 65
      vertex -5.67106 4.78472 65
      vertex -27.9198 38.4283 65
    endloop
  endfacet
  facet normal 0 0 1
    outer loop
      vertex -5.67106 4.78472 65
      vertex -29.8927 36.9144 65
      vertex -5.73578 4.74024 65
    endloop
  endfacet
  facet normal -0 0 1
    outer loop
      vertex -31.7837 35.2994 65
      vertex -5.73578 4.74024 65
      vertex -29.8927 36.9144 65
    endloop
  endfacet
  facet normal 0 0 1
    outer loop
      vertex -5.73578 4.74024 65
      vertex -31.7837 35.2994 65
      vertex -5.79808 4.69243 65
    endloop
  endfacet
  facet normal 0 0 1
    outer loop
      vertex -5.79808 4.69243 65
      vertex -31.7837 35.2994 65
      vertex -5.8578 4.64143 65
    endloop
  endfacet
  facet normal -0 0 1
    outer loop
      vertex -33.5876 33.5876 65
      vertex -5.8578 4.64143 65
      vertex -31.7837 35.2994 65
    endloop
  endfacet
  facet normal 0 0 1
    outer loop
      vertex -5.8578 4.64143 65
      vertex -33.5876 33.5876 65
      vertex -5.91476 4.58737 65
    endloop
  endfacet
  facet normal -0 0 1
    outer loop
      vertex -35.2994 31.7837 65
      vertex -5.91476 4.58737 65
      vertex -33.5876 33.5876 65
    endloop
  endfacet
  facet normal 0 0 1
    outer loop
      vertex -5.96882 4.53041 65
      vertex -36.9144 29.8927 65
      vertex -6.01982 4.47069 65
    endloop
  endfacet
  facet normal -0 0 1
    outer loop
      vertex -36.9144 29.8927 65
      vertex -5.96882 4.53041 65
      vertex -35.2994 31.7837 65
    endloop
  endfacet
  facet normal 0 0 1
    outer loop
      vertex -5.91476 4.58737 65
      vertex -35.2994 31.7837 65
      vertex -5.96882 4.53041 65
    endloop
  endfacet
  facet normal 0 0 1
    outer loop
      vertex 2.39165 -4.30597 65
      vertex 1.25801 -0.816958 65
      vertex 2.31763 -4.27975 65
    endloop
  endfacet
  facet normal -0 0 1
    outer loop
      vertex 1.21352 -0.881678 65
      vertex 2.31763 -4.27975 65
      vertex 1.25801 -0.816958 65
    endloop
  endfacet
  facet normal 0 0 1
    outer loop
      vertex 2.31763 -4.27975 65
      vertex 1.21352 -0.881678 65
      vertex 2.24233 -4.25745 65
    endloop
  endfacet
  facet normal -0 0 1
    outer loop
      vertex 1.16572 -0.94398 65
      vertex 2.24233 -4.25745 65
      vertex 1.21352 -0.881678 65
    endloop
  endfacet
  facet normal 0 0 1
    outer loop
      vertex 2.24233 -4.25745 65
      vertex 1.16572 -0.94398 65
      vertex 2.16597 -4.23912 65
    endloop
  endfacet
  facet normal -0 0 1
    outer loop
      vertex 1.11472 -1.0037 65
      vertex 2.16597 -4.23912 65
      vertex 1.16572 -0.94398 65
    endloop
  endfacet
  facet normal 0 0 1
    outer loop
      vertex 2.16597 -4.23912 65
      vertex 1.11472 -1.0037 65
      vertex 2.08875 -4.22481 65
    endloop
  endfacet
  facet normal -0 0 1
    outer loop
      vertex 1.06066 -1.06066 65
      vertex 2.08875 -4.22481 65
      vertex 1.11472 -1.0037 65
    endloop
  endfacet
  facet normal 0 0 1
    outer loop
      vertex 2.08875 -4.22481 65
      vertex 1.06066 -1.06066 65
      vertex 2.01089 -4.21456 65
    endloop
  endfacet
  facet normal -0 0 1
    outer loop
      vertex 1.0037 -1.11472 65
      vertex 2.01089 -4.21456 65
      vertex 1.06066 -1.06066 65
    endloop
  endfacet
  facet normal 0 0 1
    outer loop
      vertex 2.01089 -4.21456 65
      vertex 1.0037 -1.11472 65
      vertex 1.93261 -4.20839 65
    endloop
  endfacet
  facet normal -0 0 1
    outer loop
      vertex 0.94398 -1.16572 65
      vertex 1.93261 -4.20839 65
      vertex 1.0037 -1.11472 65
    endloop
  endfacet
  facet normal 0 0 1
    outer loop
      vertex 1.93261 -4.20839 65
      vertex 0.94398 -1.16572 65
      vertex 1.8541 -4.20634 65
    endloop
  endfacet
  facet normal -0 0 1
    outer loop
      vertex 0.881678 -1.21352 65
      vertex 1.8541 -4.20634 65
      vertex 0.94398 -1.16572 65
    endloop
  endfacet
  facet normal 0 0 1
    outer loop
      vertex 1.8541 -4.20634 65
      vertex 0.881678 -1.21352 65
      vertex 1.7756 -4.20839 65
    endloop
  endfacet
  facet normal -0 0 1
    outer loop
      vertex 0.816958 -1.25801 65
      vertex 1.7756 -4.20839 65
      vertex 0.881678 -1.21352 65
    endloop
  endfacet
  facet normal 0 0 1
    outer loop
      vertex 1.7756 -4.20839 65
      vertex 0.816958 -1.25801 65
      vertex 1.69731 -4.21456 65
    endloop
  endfacet
  facet normal -0 0 1
    outer loop
      vertex 0.75 -1.29904 65
      vertex 1.69731 -4.21456 65
      vertex 0.816958 -1.25801 65
    endloop
  endfacet
  facet normal 0 0 1
    outer loop
      vertex 1.69731 -4.21456 65
      vertex 0.75 -1.29904 65
      vertex 1.61945 -4.22481 65
    endloop
  endfacet
  facet normal -0 0 1
    outer loop
      vertex 0.680985 -1.33651 65
      vertex 1.61945 -4.22481 65
      vertex 0.75 -1.29904 65
    endloop
  endfacet
  facet normal 0 0 1
    outer loop
      vertex 1.61945 -4.22481 65
      vertex 0.680985 -1.33651 65
      vertex 1.54223 -4.23912 65
    endloop
  endfacet
  facet normal -0 0 1
    outer loop
      vertex 0.610105 -1.37032 65
      vertex 1.54223 -4.23912 65
      vertex 0.680985 -1.33651 65
    endloop
  endfacet
  facet normal 0 0 1
    outer loop
      vertex 1.54223 -4.23912 65
      vertex 0.610105 -1.37032 65
      vertex 1.46587 -4.25745 65
    endloop
  endfacet
  facet normal -0 0 1
    outer loop
      vertex 0.537552 -1.40037 65
      vertex 1.46587 -4.25745 65
      vertex 0.610105 -1.37032 65
    endloop
  endfacet
  facet normal 0 0 1
    outer loop
      vertex 1.46587 -4.25745 65
      vertex 0.537552 -1.40037 65
      vertex 1.39058 -4.27975 65
    endloop
  endfacet
  facet normal -0 0 1
    outer loop
      vertex 0.463525 -1.42658 65
      vertex 1.39058 -4.27975 65
      vertex 0.537552 -1.40037 65
    endloop
  endfacet
  facet normal 0 0 1
    outer loop
      vertex 1.39058 -4.27975 65
      vertex 0.463525 -1.42658 65
      vertex 1.31655 -4.30597 65
    endloop
  endfacet
  facet normal -0 0 1
    outer loop
      vertex 0.388228 -1.44889 65
      vertex 1.31655 -4.30597 65
      vertex 0.463525 -1.42658 65
    endloop
  endfacet
  facet normal 0 0 1
    outer loop
      vertex 1.31655 -4.30597 65
      vertex 0.388228 -1.44889 65
      vertex 1.244 -4.33602 65
    endloop
  endfacet
  facet normal -0 0 1
    outer loop
      vertex 0.311867 -1.46722 65
      vertex 1.244 -4.33602 65
      vertex 0.388228 -1.44889 65
    endloop
  endfacet
  facet normal 0 0 1
    outer loop
      vertex 1.244 -4.33602 65
      vertex 0.311867 -1.46722 65
      vertex 1.17312 -4.36983 65
    endloop
  endfacet
  facet normal -0 0 1
    outer loop
      vertex 0.234652 -1.48153 65
      vertex 1.17312 -4.36983 65
      vertex 0.311867 -1.46722 65
    endloop
  endfacet
  facet normal 0 0 1
    outer loop
      vertex 1.17312 -4.36983 65
      vertex 0.234652 -1.48153 65
      vertex 1.1041 -4.4073 65
    endloop
  endfacet
  facet normal -0 0 1
    outer loop
      vertex 0.156793 -1.49178 65
      vertex 1.1041 -4.4073 65
      vertex 0.234652 -1.48153 65
    endloop
  endfacet
  facet normal 0 0 1
    outer loop
      vertex 1.1041 -4.4073 65
      vertex 0.156793 -1.49178 65
      vertex 1.03714 -4.44833 65
    endloop
  endfacet
  facet normal -0 0 1
    outer loop
      vertex 0.0785036 -1.49794 65
      vertex 1.03714 -4.44833 65
      vertex 0.156793 -1.49178 65
    endloop
  endfacet
  facet normal 0 0 1
    outer loop
      vertex 1.03714 -4.44833 65
      vertex 0.0785036 -1.49794 65
      vertex 0.972424 -4.49281 65
    endloop
  endfacet
  facet normal -0 0 1
    outer loop
      vertex 0 -1.5 65
      vertex 0.972424 -4.49281 65
      vertex 0.0785036 -1.49794 65
    endloop
  endfacet
  facet normal 0 0 1
    outer loop
      vertex 0.972424 -4.49281 65
      vertex 0 -1.5 65
      vertex 0.910121 -4.54062 65
    endloop
  endfacet
  facet normal 0 0 1
    outer loop
      vertex -0.0785036 -1.49794 65
      vertex 0.910121 -4.54062 65
      vertex 0 -1.5 65
    endloop
  endfacet
  facet normal 0 0 1
    outer loop
      vertex 0.910121 -4.54062 65
      vertex -0.0785036 -1.49794 65
      vertex 0.850406 -4.59162 65
    endloop
  endfacet
  facet normal 0 0 1
    outer loop
      vertex -0.156793 -1.49178 65
      vertex 0.850406 -4.59162 65
      vertex -0.0785036 -1.49794 65
    endloop
  endfacet
  facet normal 0 0 1
    outer loop
      vertex 0.850406 -4.59162 65
      vertex -0.156793 -1.49178 65
      vertex 0.793442 -4.64568 65
    endloop
  endfacet
  facet normal 0 0 1
    outer loop
      vertex -0.234652 -1.48153 65
      vertex 0.793442 -4.64568 65
      vertex -0.156793 -1.49178 65
    endloop
  endfacet
  facet normal 0 0 1
    outer loop
      vertex 0.793442 -4.64568 65
      vertex -0.234652 -1.48153 65
      vertex 0.739385 -4.70264 65
    endloop
  endfacet
  facet normal 0 0 1
    outer loop
      vertex -0.311867 -1.46722 65
      vertex 0.739385 -4.70264 65
      vertex -0.234652 -1.48153 65
    endloop
  endfacet
  facet normal 0 0 1
    outer loop
      vertex 0.739385 -4.70264 65
      vertex -0.311867 -1.46722 65
      vertex 0.688382 -4.76236 65
    endloop
  endfacet
  facet normal 0 0 1
    outer loop
      vertex -0.388228 -1.44889 65
      vertex 0.688382 -4.76236 65
      vertex -0.311867 -1.46722 65
    endloop
  endfacet
  facet normal 0 0 1
    outer loop
      vertex 0.688382 -4.76236 65
      vertex -0.388228 -1.44889 65
      vertex 0.640576 -4.82466 65
    endloop
  endfacet
  facet normal 0 0 1
    outer loop
      vertex -0.463525 -1.42658 65
      vertex 0.640576 -4.82466 65
      vertex -0.388228 -1.44889 65
    endloop
  endfacet
  facet normal -0 0 1
    outer loop
      vertex -3.3541 -3.52671 65
      vertex 0.640576 -4.82466 65
      vertex -0.463525 -1.42658 65
    endloop
  endfacet
  facet normal 0 0 1
    outer loop
      vertex -3.3541 -3.52671 65
      vertex -0.463525 -1.42658 65
      vertex -0.537552 -1.40037 65
    endloop
  endfacet
  facet normal 0 0 1
    outer loop
      vertex 47.4349 2.48596 65
      vertex 47.4349 -2.48596 65
      vertex 47.5 0 65
    endloop
  endfacet
  facet normal 0 0 1
    outer loop
      vertex 47.2398 4.9651 65
      vertex 47.4349 -2.48596 65
      vertex 47.4349 2.48596 65
    endloop
  endfacet
  facet normal 0 0 1
    outer loop
      vertex 47.2398 4.9651 65
      vertex 47.2398 -4.9651 65
      vertex 47.4349 -2.48596 65
    endloop
  endfacet
  facet normal 0 0 1
    outer loop
      vertex 46.9152 7.43064 65
      vertex 47.2398 -4.9651 65
      vertex 47.2398 4.9651 65
    endloop
  endfacet
  facet normal 0 0 1
    outer loop
      vertex 46.9152 7.43064 65
      vertex 46.9152 -7.43064 65
      vertex 47.2398 -4.9651 65
    endloop
  endfacet
  facet normal 0 0 1
    outer loop
      vertex 46.462 9.8758 65
      vertex 46.9152 -7.43064 65
      vertex 46.9152 7.43064 65
    endloop
  endfacet
  facet normal 0 0 1
    outer loop
      vertex 46.462 9.8758 65
      vertex 46.462 -9.8758 65
      vertex 46.9152 -7.43064 65
    endloop
  endfacet
  facet normal 0 0 1
    outer loop
      vertex 45.8815 12.2939 65
      vertex 46.462 -9.8758 65
      vertex 46.462 9.8758 65
    endloop
  endfacet
  facet normal 0 0 1
    outer loop
      vertex 45.8815 12.2939 65
      vertex 45.8815 -12.2939 65
      vertex 46.462 -9.8758 65
    endloop
  endfacet
  facet normal 0 0 1
    outer loop
      vertex 39.5 26 65
      vertex 45.8815 12.2939 65
      vertex 45.1752 14.6783 65
    endloop
  endfacet
  facet normal 0 0 1
    outer loop
      vertex 45.8815 12.2939 65
      vertex 39.5 26 65
      vertex 45.8815 -12.2939 65
    endloop
  endfacet
  facet normal 0 0 1
    outer loop
      vertex 39.5 26 65
      vertex 45.1752 14.6783 65
      vertex 44.3451 17.0225 65
    endloop
  endfacet
  facet normal 0 0 1
    outer loop
      vertex 39.5 -26 65
      vertex 45.8815 -12.2939 65
      vertex 39.5 26 65
    endloop
  endfacet
  facet normal 0 0 1
    outer loop
      vertex 39.5 26 65
      vertex 44.3451 17.0225 65
      vertex 43.3934 19.32 65
    endloop
  endfacet
  facet normal 0 0 1
    outer loop
      vertex 45.8815 -12.2939 65
      vertex 39.5 -26 65
      vertex 45.1752 -14.6783 65
    endloop
  endfacet
  facet normal 0 0 1
    outer loop
      vertex 39.5 26 65
      vertex 43.3934 19.32 65
      vertex 42.3228 21.5645 65
    endloop
  endfacet
  facet normal 0 0 1
    outer loop
      vertex 45.1752 -14.6783 65
      vertex 39.5 -26 65
      vertex 44.3451 -17.0225 65
    endloop
  endfacet
  facet normal 0 0 1
    outer loop
      vertex 39.5 26 65
      vertex 42.3228 21.5645 65
      vertex 41.1362 23.75 65
    endloop
  endfacet
  facet normal 0 0 1
    outer loop
      vertex 44.3451 -17.0225 65
      vertex 39.5 -26 65
      vertex 43.3934 -19.32 65
    endloop
  endfacet
  facet normal 0 0 1
    outer loop
      vertex 39.5 26 65
      vertex 41.1362 23.75 65
      vertex 39.8369 25.8704 65
    endloop
  endfacet
  facet normal 0 0 1
    outer loop
      vertex 43.3934 -19.32 65
      vertex 39.5 -26 65
      vertex 42.3228 -21.5645 65
    endloop
  endfacet
  facet normal 0 0 1
    outer loop
      vertex 42.3228 -21.5645 65
      vertex 39.5 -26 65
      vertex 41.1362 -23.75 65
    endloop
  endfacet
  facet normal 0 0 1
    outer loop
      vertex 38.4283 27.9198 65
      vertex 39.5 26 65
      vertex 39.8369 25.8704 65
    endloop
  endfacet
  facet normal 0 0 1
    outer loop
      vertex 30.5 26 65
      vertex 38.4283 27.9198 65
      vertex 36.9144 29.8927 65
    endloop
  endfacet
  facet normal 0 0 1
    outer loop
      vertex 30.5 26 65
      vertex 36.9144 29.8927 65
      vertex 35.2994 31.7837 65
    endloop
  endfacet
  facet normal 0 0 1
    outer loop
      vertex 30.5 26 65
      vertex 35.2994 31.7837 65
      vertex 33.5876 33.5876 65
    endloop
  endfacet
  facet normal 0 0 1
    outer loop
      vertex 30.5 26 65
      vertex 33.5876 33.5876 65
      vertex 31.7837 35.2994 65
    endloop
  endfacet
  facet normal 0 0 1
    outer loop
      vertex 38.4283 27.9198 65
      vertex 30.5 26 65
      vertex 39.5 26 65
    endloop
  endfacet
  facet normal 0 0 1
    outer loop
      vertex 27.9198 38.4283 65
      vertex 30.5 26 65
      vertex 29.8927 36.9144 65
    endloop
  endfacet
  facet normal 0 0 1
    outer loop
      vertex 29.8927 36.9144 65
      vertex 30.5 26 65
      vertex 31.7837 35.2994 65
    endloop
  endfacet
  facet normal 0 0 1
    outer loop
      vertex 41.1362 -23.75 65
      vertex 39.5 -26 65
      vertex 39.8369 -25.8704 65
    endloop
  endfacet
  facet normal -0 0 1
    outer loop
      vertex 39.5 -26 65
      vertex 38.4283 -27.9198 65
      vertex 39.8369 -25.8704 65
    endloop
  endfacet
  facet normal -0 0 1
    outer loop
      vertex 30.5 -26 65
      vertex 38.4283 -27.9198 65
      vertex 39.5 -26 65
    endloop
  endfacet
  facet normal 0 0 1
    outer loop
      vertex 38.4283 -27.9198 65
      vertex 30.5 -26 65
      vertex 36.9144 -29.8927 65
    endloop
  endfacet
  facet normal 0 0 1
    outer loop
      vertex 36.9144 -29.8927 65
      vertex 30.5 -26 65
      vertex 35.2994 -31.7837 65
    endloop
  endfacet
  facet normal 0 0 1
    outer loop
      vertex 35.2994 -31.7837 65
      vertex 30.5 -26 65
      vertex 33.5876 -33.5876 65
    endloop
  endfacet
  facet normal 0 0 1
    outer loop
      vertex 33.5876 -33.5876 65
      vertex 30.5 -26 65
      vertex 31.7837 -35.2994 65
    endloop
  endfacet
  facet normal 0 0 1
    outer loop
      vertex 30.5 -26 65
      vertex 29.8927 -36.9144 65
      vertex 31.7837 -35.2994 65
    endloop
  endfacet
  facet normal 0 -0 1
    outer loop
      vertex 7.49178 0.156793 65
      vertex 30.5 26 65
      vertex 7.48153 0.234652 65
    endloop
  endfacet
  facet normal 0 0 1
    outer loop
      vertex 25.8704 39.8369 65
      vertex 30.5 26 65
      vertex 27.9198 38.4283 65
    endloop
  endfacet
  facet normal -0 0 1
    outer loop
      vertex 7.49794 -0.0785036 65
      vertex 30.5 -26 65
      vertex 7.5 0 65
    endloop
  endfacet
  facet normal 0 0 1
    outer loop
      vertex 23.75 41.1362 65
      vertex 30.5 26 65
      vertex 25.8704 39.8369 65
    endloop
  endfacet
  facet normal 0 0 1
    outer loop
      vertex 30.5 -26 65
      vertex 27.9198 -38.4283 65
      vertex 29.8927 -36.9144 65
    endloop
  endfacet
  facet normal 0 0 1
    outer loop
      vertex 21.5645 42.3228 65
      vertex 30.5 26 65
      vertex 23.75 41.1362 65
    endloop
  endfacet
  facet normal 0 0 1
    outer loop
      vertex 30.5 -26 65
      vertex 25.8704 -39.8369 65
      vertex 27.9198 -38.4283 65
    endloop
  endfacet
  facet normal 0 0 1
    outer loop
      vertex 19.32 43.3934 65
      vertex 30.5 26 65
      vertex 21.5645 42.3228 65
    endloop
  endfacet
  facet normal 0 0 1
    outer loop
      vertex 30.5 -26 65
      vertex 23.75 -41.1362 65
      vertex 25.8704 -39.8369 65
    endloop
  endfacet
  facet normal 0 0 1
    outer loop
      vertex 2.46421 7.07666 65
      vertex 30.5 26 65
      vertex 19.32 43.3934 65
    endloop
  endfacet
  facet normal 0 0 1
    outer loop
      vertex 30.5 -26 65
      vertex 21.5645 -42.3228 65
      vertex 23.75 -41.1362 65
    endloop
  endfacet
  facet normal 0 0 1
    outer loop
      vertex 2.46421 7.07666 65
      vertex 19.32 43.3934 65
      vertex 17.0225 44.3451 65
    endloop
  endfacet
  facet normal 0 0 1
    outer loop
      vertex 30.5 -26 65
      vertex 19.32 -43.3934 65
      vertex 21.5645 -42.3228 65
    endloop
  endfacet
  facet normal 0 0 1
    outer loop
      vertex 2.39165 7.10671 65
      vertex 17.0225 44.3451 65
      vertex 14.6783 45.1752 65
    endloop
  endfacet
  facet normal 0 0 1
    outer loop
      vertex 30.5 -26 65
      vertex 17.0225 -44.3451 65
      vertex 19.32 -43.3934 65
    endloop
  endfacet
  facet normal 0 0 1
    outer loop
      vertex 2.31763 7.13292 65
      vertex 14.6783 45.1752 65
      vertex 12.2939 45.8815 65
    endloop
  endfacet
  facet normal 0 0 1
    outer loop
      vertex 30.5 -26 65
      vertex 14.6783 -45.1752 65
      vertex 17.0225 -44.3451 65
    endloop
  endfacet
  facet normal 0 0 1
    outer loop
      vertex 2.16597 7.17356 65
      vertex 12.2939 45.8815 65
      vertex 9.8758 46.462 65
    endloop
  endfacet
  facet normal -0 0 1
    outer loop
      vertex 7.49178 -0.156793 65
      vertex 30.5 -26 65
      vertex 7.49794 -0.0785036 65
    endloop
  endfacet
  facet normal -0 0 1
    outer loop
      vertex 7.48153 -0.234652 65
      vertex 30.5 -26 65
      vertex 7.49178 -0.156793 65
    endloop
  endfacet
  facet normal 0 0 1
    outer loop
      vertex 30.5 26 65
      vertex 7.5 0 65
      vertex 30.5 -26 65
    endloop
  endfacet
  facet normal 0 -0 1
    outer loop
      vertex 7.5 0 65
      vertex 30.5 26 65
      vertex 7.49794 0.0785036 65
    endloop
  endfacet
  facet normal 0 -0 1
    outer loop
      vertex 7.49794 0.0785036 65
      vertex 30.5 26 65
      vertex 7.49178 0.156793 65
    endloop
  endfacet
  facet normal 0 0 1
    outer loop
      vertex 30.5 26 65
      vertex 7.46722 0.311867 65
      vertex 7.48153 0.234652 65
    endloop
  endfacet
  facet normal 0 0 1
    outer loop
      vertex 30.5 26 65
      vertex 7.44889 0.388228 65
      vertex 7.46722 0.311867 65
    endloop
  endfacet
  facet normal 0 0 1
    outer loop
      vertex 2.08875 7.18787 65
      vertex 9.8758 46.462 65
      vertex 7.43064 46.9152 65
    endloop
  endfacet
  facet normal 0 0 1
    outer loop
      vertex 30.5 26 65
      vertex 7.42658 0.463525 65
      vertex 7.44889 0.388228 65
    endloop
  endfacet
  facet normal 0 0 1
    outer loop
      vertex 30.5 26 65
      vertex 7.40037 0.537552 65
      vertex 7.42658 0.463525 65
    endloop
  endfacet
  facet normal 0 0 1
    outer loop
      vertex 30.5 26 65
      vertex 7.37032 0.610105 65
      vertex 7.40037 0.537552 65
    endloop
  endfacet
  facet normal 0 0 1
    outer loop
      vertex 30.5 26 65
      vertex 7.33651 0.680985 65
      vertex 7.37032 0.610105 65
    endloop
  endfacet
  facet normal 0 0 1
    outer loop
      vertex 30.5 26 65
      vertex 7.29904 0.75 65
      vertex 7.33651 0.680985 65
    endloop
  endfacet
  facet normal 0 0 1
    outer loop
      vertex 30.5 26 65
      vertex 7.25801 0.816958 65
      vertex 7.29904 0.75 65
    endloop
  endfacet
  facet normal 0 0 1
    outer loop
      vertex 30.5 26 65
      vertex 7.21352 0.881678 65
      vertex 7.25801 0.816958 65
    endloop
  endfacet
  facet normal 0 0 1
    outer loop
      vertex 30.5 26 65
      vertex 7.16572 0.94398 65
      vertex 7.21352 0.881678 65
    endloop
  endfacet
  facet normal 0 0 1
    outer loop
      vertex 30.5 26 65
      vertex 7.11472 1.0037 65
      vertex 7.16572 0.94398 65
    endloop
  endfacet
  facet normal 0 0 1
    outer loop
      vertex 30.5 26 65
      vertex 3.15314 6.45634 65
      vertex 3.19061 6.38732 65
    endloop
  endfacet
  facet normal 0 0 1
    outer loop
      vertex 30.5 26 65
      vertex 7.06066 1.06066 65
      vertex 7.11472 1.0037 65
    endloop
  endfacet
  facet normal 0 0 1
    outer loop
      vertex 30.5 26 65
      vertex 3.19061 6.38732 65
      vertex 7.06066 1.06066 65
    endloop
  endfacet
  facet normal 0 0 1
    outer loop
      vertex 7.06066 1.06066 65
      vertex 3.19061 6.38732 65
      vertex 7.0037 1.11472 65
    endloop
  endfacet
  facet normal -0 -0 1
    outer loop
      vertex 3.22442 6.31644 65
      vertex 7.0037 1.11472 65
      vertex 3.19061 6.38732 65
    endloop
  endfacet
  facet normal 0 0 1
    outer loop
      vertex 7.0037 1.11472 65
      vertex 3.22442 6.31644 65
      vertex 6.94398 1.16572 65
    endloop
  endfacet
  facet normal -0 -0 1
    outer loop
      vertex 3.25447 6.24389 65
      vertex 6.94398 1.16572 65
      vertex 3.22442 6.31644 65
    endloop
  endfacet
  facet normal 0 0 1
    outer loop
      vertex 6.94398 1.16572 65
      vertex 3.25447 6.24389 65
      vertex 6.88168 1.21352 65
    endloop
  endfacet
  facet normal -0 -0 1
    outer loop
      vertex 3.28069 6.16986 65
      vertex 6.88168 1.21352 65
      vertex 3.25447 6.24389 65
    endloop
  endfacet
  facet normal -0 -0 1
    outer loop
      vertex 3.30299 6.09457 65
      vertex 6.81696 1.25801 65
      vertex 3.28069 6.16986 65
    endloop
  endfacet
  facet normal 0 0 1
    outer loop
      vertex 6.81696 1.25801 65
      vertex 3.30299 6.09457 65
      vertex 6.75 1.29904 65
    endloop
  endfacet
  facet normal -0 -0 1
    outer loop
      vertex 3.32132 6.01821 65
      vertex 6.75 1.29904 65
      vertex 3.30299 6.09457 65
    endloop
  endfacet
  facet normal 0 0 1
    outer loop
      vertex 6.75 1.29904 65
      vertex 3.32132 6.01821 65
      vertex 6.68099 1.33651 65
    endloop
  endfacet
  facet normal -0 -0 1
    outer loop
      vertex 3.33563 5.94099 65
      vertex 6.68099 1.33651 65
      vertex 3.32132 6.01821 65
    endloop
  endfacet
  facet normal 0 0 1
    outer loop
      vertex 6.68099 1.33651 65
      vertex 3.33563 5.94099 65
      vertex 6.6101 1.37032 65
    endloop
  endfacet
  facet normal -0 -0 1
    outer loop
      vertex 3.34588 5.86313 65
      vertex 6.6101 1.37032 65
      vertex 3.33563 5.94099 65
    endloop
  endfacet
  facet normal -0 -0 1
    outer loop
      vertex 3.35205 5.78484 65
      vertex 6.53755 1.40037 65
      vertex 3.34588 5.86313 65
    endloop
  endfacet
  facet normal 0 0 1
    outer loop
      vertex 6.53755 1.40037 65
      vertex 3.35205 5.78484 65
      vertex 6.46352 1.42658 65
    endloop
  endfacet
  facet normal -0 -0 1
    outer loop
      vertex 3.3541 5.70634 65
      vertex 6.46352 1.42658 65
      vertex 3.35205 5.78484 65
    endloop
  endfacet
  facet normal 0 0 1
    outer loop
      vertex 6.46352 1.42658 65
      vertex 3.3541 5.70634 65
      vertex 6.38823 1.44889 65
    endloop
  endfacet
  facet normal -0 0 1
    outer loop
      vertex 3.35205 5.62783 65
      vertex 6.38823 1.44889 65
      vertex 3.3541 5.70634 65
    endloop
  endfacet
  facet normal -0 0 1
    outer loop
      vertex 3.34588 5.54955 65
      vertex 6.31187 1.46722 65
      vertex 3.35205 5.62783 65
    endloop
  endfacet
  facet normal 0 0 1
    outer loop
      vertex 6.31187 1.46722 65
      vertex 3.34588 5.54955 65
      vertex 6.23465 1.48153 65
    endloop
  endfacet
  facet normal -0 0 1
    outer loop
      vertex 3.33563 5.47169 65
      vertex 6.23465 1.48153 65
      vertex 3.34588 5.54955 65
    endloop
  endfacet
  facet normal 0 0 1
    outer loop
      vertex 6.23465 1.48153 65
      vertex 3.33563 5.47169 65
      vertex 6.15679 1.49178 65
    endloop
  endfacet
  facet normal 0 0 1
    outer loop
      vertex 6.15679 1.49178 65
      vertex 3.32132 5.39447 65
      vertex 6.0785 1.49794 65
    endloop
  endfacet
  facet normal -0 0 1
    outer loop
      vertex 3.30299 5.31811 65
      vertex 6.0785 1.49794 65
      vertex 3.32132 5.39447 65
    endloop
  endfacet
  facet normal 0 0 1
    outer loop
      vertex 6.0785 1.49794 65
      vertex 3.30299 5.31811 65
      vertex 6 1.5 65
    endloop
  endfacet
  facet normal -0 0 1
    outer loop
      vertex 3.28069 5.24281 65
      vertex 6 1.5 65
      vertex 3.30299 5.31811 65
    endloop
  endfacet
  facet normal -0 0 1
    outer loop
      vertex 3.25447 5.16879 65
      vertex 5.9215 1.49794 65
      vertex 3.28069 5.24281 65
    endloop
  endfacet
  facet normal 0 0 1
    outer loop
      vertex 2.01089 7.19812 65
      vertex 7.43064 46.9152 65
      vertex 4.9651 47.2398 65
    endloop
  endfacet
  facet normal 0 0 1
    outer loop
      vertex 5.9215 1.49794 65
      vertex 3.25447 5.16879 65
      vertex 5.84321 1.49178 65
    endloop
  endfacet
  facet normal -0 0 1
    outer loop
      vertex 3.22442 5.09623 65
      vertex 5.84321 1.49178 65
      vertex 3.25447 5.16879 65
    endloop
  endfacet
  facet normal 0 0 1
    outer loop
      vertex 5.84321 1.49178 65
      vertex 3.22442 5.09623 65
      vertex 5.76535 1.48153 65
    endloop
  endfacet
  facet normal -0 0 1
    outer loop
      vertex 3.19061 5.02535 65
      vertex 5.76535 1.48153 65
      vertex 3.22442 5.09623 65
    endloop
  endfacet
  facet normal -0 0 1
    outer loop
      vertex 3.15314 4.95634 65
      vertex 5.68813 1.46722 65
      vertex 3.19061 5.02535 65
    endloop
  endfacet
  facet normal 0 0 1
    outer loop
      vertex 5.68813 1.46722 65
      vertex 3.15314 4.95634 65
      vertex 5.61177 1.44889 65
    endloop
  endfacet
  facet normal -0 0 1
    outer loop
      vertex 3.11211 4.88938 65
      vertex 5.61177 1.44889 65
      vertex 3.15314 4.95634 65
    endloop
  endfacet
  facet normal 0 0 1
    outer loop
      vertex 5.61177 1.44889 65
      vertex 3.11211 4.88938 65
      vertex 5.53647 1.42658 65
    endloop
  endfacet
  facet normal -0 0 1
    outer loop
      vertex 3.06763 4.82466 65
      vertex 5.53647 1.42658 65
      vertex 3.11211 4.88938 65
    endloop
  endfacet
  facet normal 0 0 1
    outer loop
      vertex 5.53647 1.42658 65
      vertex 3.06763 4.82466 65
      vertex 5.46245 1.40037 65
    endloop
  endfacet
  facet normal 0 0 1
    outer loop
      vertex 5.46245 1.40037 65
      vertex 3.01982 4.76236 65
      vertex 5.38989 1.37032 65
    endloop
  endfacet
  facet normal -0 0 1
    outer loop
      vertex 2.96882 4.70264 65
      vertex 5.38989 1.37032 65
      vertex 3.01982 4.76236 65
    endloop
  endfacet
  facet normal 0 0 1
    outer loop
      vertex 5.38989 1.37032 65
      vertex 2.96882 4.70264 65
      vertex 5.31901 1.33651 65
    endloop
  endfacet
  facet normal -0 0 1
    outer loop
      vertex 2.91476 4.64568 65
      vertex 5.31901 1.33651 65
      vertex 2.96882 4.70264 65
    endloop
  endfacet
  facet normal 0 0 1
    outer loop
      vertex 5.31901 1.33651 65
      vertex 2.91476 4.64568 65
      vertex 5.25 1.29904 65
    endloop
  endfacet
  facet normal -0 0 1
    outer loop
      vertex 2.8578 4.59162 65
      vertex 5.25 1.29904 65
      vertex 2.91476 4.64568 65
    endloop
  endfacet
  facet normal 0 0 1
    outer loop
      vertex 5.25 1.29904 65
      vertex 2.8578 4.59162 65
      vertex 5.18304 1.25801 65
    endloop
  endfacet
  facet normal -0 0 1
    outer loop
      vertex 2.73578 4.49281 65
      vertex 5.11832 1.21352 65
      vertex 2.79808 4.54062 65
    endloop
  endfacet
  facet normal 0 0 1
    outer loop
      vertex 5.18304 1.25801 65
      vertex 2.79808 4.54062 65
      vertex 5.11832 1.21352 65
    endloop
  endfacet
  facet normal -0 0 1
    outer loop
      vertex 2.79808 4.54062 65
      vertex 5.18304 1.25801 65
      vertex 2.8578 4.59162 65
    endloop
  endfacet
  facet normal -0 0 1
    outer loop
      vertex 3.01982 4.76236 65
      vertex 5.46245 1.40037 65
      vertex 3.06763 4.82466 65
    endloop
  endfacet
  facet normal 0 0 1
    outer loop
      vertex 5.76535 1.48153 65
      vertex 3.19061 5.02535 65
      vertex 5.68813 1.46722 65
    endloop
  endfacet
  facet normal 0 0 1
    outer loop
      vertex 6 1.5 65
      vertex 3.28069 5.24281 65
      vertex 5.9215 1.49794 65
    endloop
  endfacet
  facet normal -0 0 1
    outer loop
      vertex 3.32132 5.39447 65
      vertex 6.15679 1.49178 65
      vertex 3.33563 5.47169 65
    endloop
  endfacet
  facet normal 0 0 1
    outer loop
      vertex 6.38823 1.44889 65
      vertex 3.35205 5.62783 65
      vertex 6.31187 1.46722 65
    endloop
  endfacet
  facet normal 0 0 1
    outer loop
      vertex 6.6101 1.37032 65
      vertex 3.34588 5.86313 65
      vertex 6.53755 1.40037 65
    endloop
  endfacet
  facet normal 0 0 1
    outer loop
      vertex 6.88168 1.21352 65
      vertex 3.28069 6.16986 65
      vertex 6.81696 1.25801 65
    endloop
  endfacet
  facet normal 0 0 1
    outer loop
      vertex 30.5 26 65
      vertex 3.11211 6.5233 65
      vertex 3.15314 6.45634 65
    endloop
  endfacet
  facet normal 0 0 1
    outer loop
      vertex 30.5 26 65
      vertex 3.06763 6.58802 65
      vertex 3.11211 6.5233 65
    endloop
  endfacet
  facet normal 0 0 1
    outer loop
      vertex 30.5 26 65
      vertex 3.01982 6.65032 65
      vertex 3.06763 6.58802 65
    endloop
  endfacet
  facet normal 0 0 1
    outer loop
      vertex 30.5 26 65
      vertex 2.96882 6.71003 65
      vertex 3.01982 6.65032 65
    endloop
  endfacet
  facet normal 0 0 1
    outer loop
      vertex 30.5 26 65
      vertex 2.91476 6.767 65
      vertex 2.96882 6.71003 65
    endloop
  endfacet
  facet normal 0 0 1
    outer loop
      vertex 30.5 26 65
      vertex 2.8578 6.82106 65
      vertex 2.91476 6.767 65
    endloop
  endfacet
  facet normal 0 0 1
    outer loop
      vertex 30.5 26 65
      vertex 2.79808 6.87206 65
      vertex 2.8578 6.82106 65
    endloop
  endfacet
  facet normal 0 0 1
    outer loop
      vertex 30.5 26 65
      vertex 2.73578 6.91986 65
      vertex 2.79808 6.87206 65
    endloop
  endfacet
  facet normal 0 0 1
    outer loop
      vertex 30.5 26 65
      vertex 2.67106 6.96434 65
      vertex 2.73578 6.91986 65
    endloop
  endfacet
  facet normal 0 0 1
    outer loop
      vertex 30.5 26 65
      vertex 2.6041 7.00538 65
      vertex 2.67106 6.96434 65
    endloop
  endfacet
  facet normal 0 0 1
    outer loop
      vertex 30.5 26 65
      vertex 2.53509 7.04285 65
      vertex 2.6041 7.00538 65
    endloop
  endfacet
  facet normal 0 0 1
    outer loop
      vertex 1.8541 7.20634 65
      vertex 4.9651 47.2398 65
      vertex 2.48596 47.4349 65
    endloop
  endfacet
  facet normal 0 0 1
    outer loop
      vertex 30.5 26 65
      vertex 2.46421 7.07666 65
      vertex 2.53509 7.04285 65
    endloop
  endfacet
  facet normal 0 0 1
    outer loop
      vertex 17.0225 44.3451 65
      vertex 2.39165 7.10671 65
      vertex 2.46421 7.07666 65
    endloop
  endfacet
  facet normal 0 0 1
    outer loop
      vertex 14.6783 45.1752 65
      vertex 2.31763 7.13292 65
      vertex 2.39165 7.10671 65
    endloop
  endfacet
  facet normal 0 0 1
    outer loop
      vertex 12.2939 45.8815 65
      vertex 2.24233 7.15523 65
      vertex 2.31763 7.13292 65
    endloop
  endfacet
  facet normal 0 0 1
    outer loop
      vertex 12.2939 45.8815 65
      vertex 2.16597 7.17356 65
      vertex 2.24233 7.15523 65
    endloop
  endfacet
  facet normal 0 0 1
    outer loop
      vertex 9.8758 46.462 65
      vertex 2.08875 7.18787 65
      vertex 2.16597 7.17356 65
    endloop
  endfacet
  facet normal 0 0 1
    outer loop
      vertex 7.43064 46.9152 65
      vertex 2.01089 7.19812 65
      vertex 2.08875 7.18787 65
    endloop
  endfacet
  facet normal 0 0 1
    outer loop
      vertex 4.9651 47.2398 65
      vertex 1.93261 7.20428 65
      vertex 2.01089 7.19812 65
    endloop
  endfacet
  facet normal 0 0 1
    outer loop
      vertex 4.9651 47.2398 65
      vertex 1.8541 7.20634 65
      vertex 1.93261 7.20428 65
    endloop
  endfacet
  facet normal 0 0 1
    outer loop
      vertex 2.48596 47.4349 65
      vertex 1.7756 7.20428 65
      vertex 1.8541 7.20634 65
    endloop
  endfacet
  facet normal 0 0 1
    outer loop
      vertex 0 47.5 65
      vertex 1.7756 7.20428 65
      vertex 2.48596 47.4349 65
    endloop
  endfacet
  facet normal 0 0 1
    outer loop
      vertex 1.7756 7.20428 65
      vertex 0 47.5 65
      vertex 1.69731 7.19812 65
    endloop
  endfacet
  facet normal -0 0 1
    outer loop
      vertex -2.48596 47.4349 65
      vertex 1.69731 7.19812 65
      vertex 0 47.5 65
    endloop
  endfacet
  facet normal 0 0 1
    outer loop
      vertex 1.69731 7.19812 65
      vertex -2.48596 47.4349 65
      vertex 1.61945 7.18787 65
    endloop
  endfacet
  facet normal 0 0 1
    outer loop
      vertex 1.61945 7.18787 65
      vertex -2.48596 47.4349 65
      vertex 1.54223 7.17356 65
    endloop
  endfacet
  facet normal 0 0 1
    outer loop
      vertex 1.54223 7.17356 65
      vertex -2.48596 47.4349 65
      vertex 1.46587 7.15523 65
    endloop
  endfacet
  facet normal 0 0 1
    outer loop
      vertex 1.46587 7.15523 65
      vertex -2.48596 47.4349 65
      vertex 1.39058 7.13292 65
    endloop
  endfacet
  facet normal 0 0 1
    outer loop
      vertex 1.39058 7.13292 65
      vertex -2.48596 47.4349 65
      vertex 1.31655 7.10671 65
    endloop
  endfacet
  facet normal 0 0 1
    outer loop
      vertex 1.31655 7.10671 65
      vertex -2.48596 47.4349 65
      vertex 1.244 7.07666 65
    endloop
  endfacet
  facet normal 0 0 1
    outer loop
      vertex 1.244 7.07666 65
      vertex -2.48596 47.4349 65
      vertex 1.17312 7.04285 65
    endloop
  endfacet
  facet normal 0 0 1
    outer loop
      vertex 1.17312 7.04285 65
      vertex -2.48596 47.4349 65
      vertex 1.1041 7.00538 65
    endloop
  endfacet
  facet normal 0 0 1
    outer loop
      vertex 1.1041 7.00538 65
      vertex -2.48596 47.4349 65
      vertex 1.03714 6.96434 65
    endloop
  endfacet
  facet normal 0 0 1
    outer loop
      vertex 1.03714 6.96434 65
      vertex -2.48596 47.4349 65
      vertex 0.972424 6.91986 65
    endloop
  endfacet
  facet normal 0 0 1
    outer loop
      vertex 0.972424 6.91986 65
      vertex -2.48596 47.4349 65
      vertex 0.910121 6.87206 65
    endloop
  endfacet
  facet normal 0 0 1
    outer loop
      vertex -3.48378 4.13682 65
      vertex 0.910121 6.87206 65
      vertex -2.48596 47.4349 65
    endloop
  endfacet
  facet normal 0 0 1
    outer loop
      vertex 0.910121 6.87206 65
      vertex -3.48378 4.13682 65
      vertex 0.850406 6.82106 65
    endloop
  endfacet
  facet normal 0 0 1
    outer loop
      vertex 0.850406 6.82106 65
      vertex -3.48378 4.13682 65
      vertex 0.793442 6.767 65
    endloop
  endfacet
  facet normal 0 0 1
    outer loop
      vertex 0.793442 6.767 65
      vertex -3.48378 4.13682 65
      vertex 0.739385 6.71003 65
    endloop
  endfacet
  facet normal 0 0 1
    outer loop
      vertex 0.739385 6.71003 65
      vertex -3.48378 4.13682 65
      vertex 0.688382 6.65032 65
    endloop
  endfacet
  facet normal 0 0 1
    outer loop
      vertex 0.688382 6.65032 65
      vertex -3.48378 4.13682 65
      vertex 0.640576 6.58802 65
    endloop
  endfacet
  facet normal 0 0 1
    outer loop
      vertex 0.640576 6.58802 65
      vertex -3.48378 4.13682 65
      vertex 0.596096 6.5233 65
    endloop
  endfacet
  facet normal 0 0 1
    outer loop
      vertex 0.596096 6.5233 65
      vertex -3.48378 4.13682 65
      vertex 0.555063 6.45634 65
    endloop
  endfacet
  facet normal 0 0 1
    outer loop
      vertex 0.555063 6.45634 65
      vertex -3.48378 4.13682 65
      vertex 0.517591 6.38732 65
    endloop
  endfacet
  facet normal 0 0 1
    outer loop
      vertex 0.517591 6.38732 65
      vertex -3.48378 4.13682 65
      vertex 0.483784 6.31644 65
    endloop
  endfacet
  facet normal 0 0 1
    outer loop
      vertex 0.483784 6.31644 65
      vertex -3.48378 4.13682 65
      vertex 0.453731 6.24389 65
    endloop
  endfacet
  facet normal 0 0 1
    outer loop
      vertex 0.453731 6.24389 65
      vertex -3.48378 4.13682 65
      vertex 0.427517 6.16986 65
    endloop
  endfacet
  facet normal 0 0 1
    outer loop
      vertex 0.427517 6.16986 65
      vertex -3.48378 4.13682 65
      vertex 0.405212 6.09457 65
    endloop
  endfacet
  facet normal 0 0 1
    outer loop
      vertex -3.48378 4.13682 65
      vertex 0.38688 6.01821 65
      vertex 0.405212 6.09457 65
    endloop
  endfacet
  facet normal 0 0 1
    outer loop
      vertex 1.17312 4.36983 65
      vertex 0.234652 1.48153 65
      vertex 0.311867 1.46722 65
    endloop
  endfacet
  facet normal 0 0 1
    outer loop
      vertex -3.48378 4.13682 65
      vertex 0.354101 5.70634 65
      vertex 0.356157 5.78484 65
    endloop
  endfacet
  facet normal 0 0 1
    outer loop
      vertex 1.1041 4.4073 65
      vertex 0.156793 1.49178 65
      vertex 0.234652 1.48153 65
    endloop
  endfacet
  facet normal 0 0 1
    outer loop
      vertex 1.03714 4.44833 65
      vertex 0.0785036 1.49794 65
      vertex 0.156793 1.49178 65
    endloop
  endfacet
  facet normal -0 0 1
    outer loop
      vertex -3.38688 3.21484 65
      vertex -0.75 1.29904 65
      vertex -3.37257 3.29206 65
    endloop
  endfacet
  facet normal 0 0 1
    outer loop
      vertex -3.48378 4.13682 65
      vertex 0.372569 5.94099 65
      vertex 0.38688 6.01821 65
    endloop
  endfacet
  facet normal 0 0 1
    outer loop
      vertex 0.972424 4.49281 65
      vertex 0 1.5 65
      vertex 0.0785036 1.49794 65
    endloop
  endfacet
  facet normal 0 0 1
    outer loop
      vertex 0.910121 4.54062 65
      vertex -0.0785036 1.49794 65
      vertex 0 1.5 65
    endloop
  endfacet
  facet normal 0 0 1
    outer loop
      vertex -0.680985 1.33651 65
      vertex -3.37257 3.29206 65
      vertex -0.75 1.29904 65
    endloop
  endfacet
  facet normal 0 0 1
    outer loop
      vertex 0.850406 4.59162 65
      vertex -0.156793 1.49178 65
      vertex -0.0785036 1.49794 65
    endloop
  endfacet
  facet normal 0 0 1
    outer loop
      vertex 0.793442 4.64568 65
      vertex -0.234652 1.48153 65
      vertex -0.156793 1.49178 65
    endloop
  endfacet
  facet normal 0 0 1
    outer loop
      vertex 0.739385 4.70264 65
      vertex -0.311867 1.46722 65
      vertex -0.234652 1.48153 65
    endloop
  endfacet
  facet normal 0 0 1
    outer loop
      vertex 0.688382 4.76236 65
      vertex -0.388228 1.44889 65
      vertex -0.311867 1.46722 65
    endloop
  endfacet
  facet normal 0 0 1
    outer loop
      vertex 0.405212 5.31811 65
      vertex -3.45373 4.06426 65
      vertex -3.42752 3.99024 65
    endloop
  endfacet
  facet normal 0 0 1
    outer loop
      vertex 0.38688 5.39447 65
      vertex -3.48378 4.13682 65
      vertex -3.45373 4.06426 65
    endloop
  endfacet
  facet normal 0 0 1
    outer loop
      vertex 0.427517 5.24281 65
      vertex -3.42752 3.99024 65
      vertex -3.40521 3.91494 65
    endloop
  endfacet
  facet normal 0 0 1
    outer loop
      vertex 0.453731 5.16879 65
      vertex -3.40521 3.91494 65
      vertex -3.38688 3.83858 65
    endloop
  endfacet
  facet normal 0 0 1
    outer loop
      vertex 0.483784 5.09623 65
      vertex -3.38688 3.83858 65
      vertex -3.37257 3.76136 65
    endloop
  endfacet
  facet normal 0 0 1
    outer loop
      vertex 0.517591 5.02535 65
      vertex -3.37257 3.76136 65
      vertex -3.36232 3.6835 65
    endloop
  endfacet
  facet normal 0 0 1
    outer loop
      vertex 0.555063 4.95634 65
      vertex -3.36232 3.6835 65
      vertex -3.35616 3.60522 65
    endloop
  endfacet
  facet normal 0 0 1
    outer loop
      vertex 0.596096 4.88938 65
      vertex -3.35616 3.60522 65
      vertex -3.3541 3.52671 65
    endloop
  endfacet
  facet normal 0 0 1
    outer loop
      vertex 0.640576 4.82466 65
      vertex -0.463525 1.42658 65
      vertex -0.388228 1.44889 65
    endloop
  endfacet
  facet normal 0 0 1
    outer loop
      vertex 0.640576 4.82466 65
      vertex -3.3541 3.52671 65
      vertex -0.463525 1.42658 65
    endloop
  endfacet
  facet normal 0 0 1
    outer loop
      vertex -0.463525 1.42658 65
      vertex -3.3541 3.52671 65
      vertex -0.537552 1.40037 65
    endloop
  endfacet
  facet normal -0 0 1
    outer loop
      vertex -3.35616 3.44821 65
      vertex -0.537552 1.40037 65
      vertex -3.3541 3.52671 65
    endloop
  endfacet
  facet normal 0 0 1
    outer loop
      vertex -0.537552 1.40037 65
      vertex -3.35616 3.44821 65
      vertex -0.610105 1.37032 65
    endloop
  endfacet
  facet normal -0 0 1
    outer loop
      vertex -3.36232 3.36992 65
      vertex -0.610105 1.37032 65
      vertex -3.35616 3.44821 65
    endloop
  endfacet
  facet normal 0 0 1
    outer loop
      vertex -0.610105 1.37032 65
      vertex -3.36232 3.36992 65
      vertex -0.680985 1.33651 65
    endloop
  endfacet
  facet normal 0 0 1
    outer loop
      vertex -3.48378 4.13682 65
      vertex 0.356157 5.78484 65
      vertex 0.362319 5.86313 65
    endloop
  endfacet
  facet normal -0 0 1
    outer loop
      vertex -3.37257 3.29206 65
      vertex -0.680985 1.33651 65
      vertex -3.36232 3.36992 65
    endloop
  endfacet
  facet normal 0 0 1
    outer loop
      vertex -3.48378 4.13682 65
      vertex 0.362319 5.86313 65
      vertex 0.372569 5.94099 65
    endloop
  endfacet
  facet normal 0 0 1
    outer loop
      vertex -0.75 1.29904 65
      vertex -3.38688 3.21484 65
      vertex -0.816958 1.25801 65
    endloop
  endfacet
  facet normal -0 0 1
    outer loop
      vertex -3.40521 3.13848 65
      vertex -0.816958 1.25801 65
      vertex -3.38688 3.21484 65
    endloop
  endfacet
  facet normal 0 0 1
    outer loop
      vertex -0.816958 1.25801 65
      vertex -3.40521 3.13848 65
      vertex -0.881678 1.21352 65
    endloop
  endfacet
  facet normal -0 0 1
    outer loop
      vertex -3.42752 3.06319 65
      vertex -0.881678 1.21352 65
      vertex -3.40521 3.13848 65
    endloop
  endfacet
  facet normal 0 0 1
    outer loop
      vertex -0.881678 1.21352 65
      vertex -3.42752 3.06319 65
      vertex -0.94398 1.16572 65
    endloop
  endfacet
  facet normal 0 0 1
    outer loop
      vertex -0.94398 1.16572 65
      vertex -3.45373 2.98916 65
      vertex -1.0037 1.11472 65
    endloop
  endfacet
  facet normal -0 0 1
    outer loop
      vertex -3.45373 2.98916 65
      vertex -0.94398 1.16572 65
      vertex -3.42752 3.06319 65
    endloop
  endfacet
  facet normal -0.999657 0.0261781 0
    outer loop
      vertex -47.5 0 0
      vertex -47.4349 2.48596 65
      vertex -47.4349 2.48596 0
    endloop
  endfacet
  facet normal -0.999657 0.0261781 0
    outer loop
      vertex -47.4349 2.48596 65
      vertex -47.5 0 0
      vertex -47.5 0 65
    endloop
  endfacet
  facet normal 0.182242 -0.983254 0
    outer loop
      vertex 7.43064 -46.9152 23
      vertex 9.8758 -46.462 65
      vertex 7.43064 -46.9152 65
    endloop
  endfacet
  facet normal 0.182242 -0.983254 0
    outer loop
      vertex 9.8758 -46.462 65
      vertex 7.43064 -46.9152 23
      vertex 9.8758 -46.462 23
    endloop
  endfacet
  facet normal 0.182242 -0.983254 0
    outer loop
      vertex 7.43064 -46.9152 0
      vertex 9.8758 -46.462 5
      vertex 7.43064 -46.9152 5
    endloop
  endfacet
  facet normal 0.182242 -0.983254 0
    outer loop
      vertex 9.8758 -46.462 5
      vertex 7.43064 -46.9152 0
      vertex 9.8758 -46.462 0
    endloop
  endfacet
  facet normal -0.233432 -0.972373 4.51239e-07
    outer loop
      vertex -12.2939 -45.8815 65
      vertex -12.224 -45.8983 23
      vertex -9.8758 -46.462 65
    endloop
  endfacet
  facet normal -0.233689 -0.972311 0
    outer loop
      vertex -12.2939 -45.8815 0
      vertex -12.224 -45.8983 23
      vertex -12.2939 -45.8815 65
    endloop
  endfacet
  facet normal -0.233689 -0.972311 -0
    outer loop
      vertex -12.224 -45.8983 23
      vertex -12.2939 -45.8815 0
      vertex -12.224 -45.8983 5
    endloop
  endfacet
  facet normal -0.233432 -0.972373 -3.79041e-06
    outer loop
      vertex -9.8758 -46.462 0
      vertex -12.224 -45.8983 5
      vertex -12.2939 -45.8815 0
    endloop
  endfacet
  facet normal -0.233425 -0.972375 0
    outer loop
      vertex -12.224 -45.8983 5
      vertex -9.8758 -46.462 0
      vertex -9.8758 -46.462 5
    endloop
  endfacet
  facet normal -0.233425 -0.972375 -0
    outer loop
      vertex -9.8758 -46.462 65
      vertex -12.224 -45.8983 23
      vertex -9.8758 -46.462 23
    endloop
  endfacet
  facet normal 0.608772 0.793345 1.06715e-06
    outer loop
      vertex 29.8927 36.9144 65
      vertex 28.8497 37.7148 23
      vertex 27.9198 38.4283 65
    endloop
  endfacet
  facet normal 0.608799 0.793325 -0
    outer loop
      vertex 29.8927 36.9144 0
      vertex 28.8497 37.7148 23
      vertex 29.8927 36.9144 65
    endloop
  endfacet
  facet normal 0.608799 0.793325 0
    outer loop
      vertex 28.8497 37.7148 23
      vertex 29.8927 36.9144 0
      vertex 28.8497 37.7148 5
    endloop
  endfacet
  facet normal 0.608772 0.793345 -8.96409e-06
    outer loop
      vertex 27.9198 38.4283 0
      vertex 28.8497 37.7148 5
      vertex 29.8927 36.9144 0
    endloop
  endfacet
  facet normal 0.608741 0.793369 0
    outer loop
      vertex 28.8497 37.7148 5
      vertex 27.9198 38.4283 0
      vertex 27.9198 38.4283 5
    endloop
  endfacet
  facet normal 0.608741 0.793369 0
    outer loop
      vertex 27.9198 38.4283 65
      vertex 28.8497 37.7148 23
      vertex 27.9198 38.4283 23
    endloop
  endfacet
  facet normal -0.284019 0.958819 0
    outer loop
      vertex -12.2939 45.8815 0
      vertex -14.6783 45.1752 65
      vertex -12.2939 45.8815 65
    endloop
  endfacet
  facet normal -0.284019 0.958819 0
    outer loop
      vertex -14.6783 45.1752 65
      vertex -12.2939 45.8815 0
      vertex -14.6783 45.1752 0
    endloop
  endfacet
  facet normal -0.608772 0.793345 0
    outer loop
      vertex -27.9198 38.4283 0
      vertex -29.8927 36.9144 65
      vertex -27.9198 38.4283 65
    endloop
  endfacet
  facet normal -0.608772 0.793345 0
    outer loop
      vertex -29.8927 36.9144 65
      vertex -27.9198 38.4283 0
      vertex -29.8927 36.9144 0
    endloop
  endfacet
  facet normal 0.56643 0.82411 -0
    outer loop
      vertex 27.9198 38.4283 23
      vertex 25.8704 39.8369 65
      vertex 27.9198 38.4283 65
    endloop
  endfacet
  facet normal 0.56643 0.82411 0
    outer loop
      vertex 25.8704 39.8369 65
      vertex 27.9198 38.4283 23
      vertex 25.8704 39.8369 23
    endloop
  endfacet
  facet normal 0.56643 0.82411 -0
    outer loop
      vertex 27.9198 38.4283 0
      vertex 25.8704 39.8369 5
      vertex 27.9198 38.4283 5
    endloop
  endfacet
  facet normal 0.56643 0.82411 0
    outer loop
      vertex 25.8704 39.8369 5
      vertex 27.9198 38.4283 0
      vertex 25.8704 39.8369 0
    endloop
  endfacet
  facet normal -0.688347 0.725382 0
    outer loop
      vertex -31.7837 35.2994 0
      vertex -33.5876 33.5876 65
      vertex -31.7837 35.2994 65
    endloop
  endfacet
  facet normal -0.688347 0.725382 0
    outer loop
      vertex -33.5876 33.5876 65
      vertex -31.7837 35.2994 0
      vertex -33.5876 33.5876 0
    endloop
  endfacet
  facet normal -0.996918 0.0784541 0
    outer loop
      vertex -47.4349 2.48596 0
      vertex -47.2398 4.9651 65
      vertex -47.2398 4.9651 0
    endloop
  endfacet
  facet normal -0.996918 0.0784541 0
    outer loop
      vertex -47.2398 4.9651 65
      vertex -47.4349 2.48596 0
      vertex -47.4349 2.48596 65
    endloop
  endfacet
  facet normal -0.284019 -0.958819 0
    outer loop
      vertex -14.6783 -45.1752 0
      vertex -12.2939 -45.8815 65
      vertex -14.6783 -45.1752 65
    endloop
  endfacet
  facet normal -0.284019 -0.958819 -0
    outer loop
      vertex -12.2939 -45.8815 65
      vertex -14.6783 -45.1752 0
      vertex -12.2939 -45.8815 0
    endloop
  endfacet
  facet normal -0.793325 0.608799 0
    outer loop
      vertex -37.7148 28.8497 23
      vertex -36.9144 29.8927 0
      vertex -37.7148 28.8497 5
    endloop
  endfacet
  facet normal -0.793345 0.608772 -8.96409e-06
    outer loop
      vertex -38.4283 27.9198 0
      vertex -37.7148 28.8497 5
      vertex -36.9144 29.8927 0
    endloop
  endfacet
  facet normal -0.793369 0.608741 0
    outer loop
      vertex -37.7148 28.8497 5
      vertex -38.4283 27.9198 0
      vertex -38.4283 27.9198 5
    endloop
  endfacet
  facet normal -0.793325 0.608799 0
    outer loop
      vertex -36.9144 29.8927 0
      vertex -37.7148 28.8497 23
      vertex -36.9144 29.8927 65
    endloop
  endfacet
  facet normal -0.793369 0.608741 0
    outer loop
      vertex -38.4283 27.9198 65
      vertex -37.7148 28.8497 23
      vertex -38.4283 27.9198 23
    endloop
  endfacet
  facet normal -0.793345 0.608772 1.06715e-06
    outer loop
      vertex -37.7148 28.8497 23
      vertex -38.4283 27.9198 65
      vertex -36.9144 29.8927 65
    endloop
  endfacet
  facet normal -0.182242 0.983254 0
    outer loop
      vertex -7.43064 46.9152 23
      vertex -9.8758 46.462 65
      vertex -7.43064 46.9152 65
    endloop
  endfacet
  facet normal -0.182242 0.983254 0
    outer loop
      vertex -9.8758 46.462 65
      vertex -7.43064 46.9152 23
      vertex -9.8758 46.462 23
    endloop
  endfacet
  facet normal -0.182242 0.983254 0
    outer loop
      vertex -7.43064 46.9152 0
      vertex -9.8758 46.462 5
      vertex -7.43064 46.9152 5
    endloop
  endfacet
  facet normal -0.182242 0.983254 0
    outer loop
      vertex -9.8758 46.462 5
      vertex -7.43064 46.9152 0
      vertex -9.8758 46.462 0
    endloop
  endfacet
  facet normal -0.43052 0.902581 0
    outer loop
      vertex -19.32 43.3934 0
      vertex -21.5645 42.3228 65
      vertex -19.32 43.3934 65
    endloop
  endfacet
  facet normal -0.43052 0.902581 0
    outer loop
      vertex -21.5645 42.3228 65
      vertex -19.32 43.3934 0
      vertex -21.5645 42.3228 0
    endloop
  endfacet
  facet normal 0.43052 -0.902581 0
    outer loop
      vertex 19.32 -43.3934 0
      vertex 21.5645 -42.3228 65
      vertex 19.32 -43.3934 65
    endloop
  endfacet
  facet normal 0.43052 -0.902581 0
    outer loop
      vertex 21.5645 -42.3228 65
      vertex 19.32 -43.3934 0
      vertex 21.5645 -42.3228 0
    endloop
  endfacet
  facet normal -0.852421 -0.522855 -0
    outer loop
      vertex -41.0986 -23.8113 23
      vertex -41.1362 -23.75 0
      vertex -41.0986 -23.8113 5
    endloop
  endfacet
  facet normal -0.852655 -0.522474 6.4299e-06
    outer loop
      vertex -39.8369 -25.8704 0
      vertex -41.0986 -23.8113 5
      vertex -41.1362 -23.75 0
    endloop
  endfacet
  facet normal -0.852662 -0.522463 0
    outer loop
      vertex -41.0986 -23.8113 5
      vertex -39.8369 -25.8704 0
      vertex -39.8369 -25.8704 5
    endloop
  endfacet
  facet normal -0.852421 -0.522855 0
    outer loop
      vertex -41.1362 -23.75 0
      vertex -41.0986 -23.8113 23
      vertex -41.1362 -23.75 65
    endloop
  endfacet
  facet normal -0.852662 -0.522463 -7.88258e-07
    outer loop
      vertex -39.8369 -25.8704 23
      vertex -41.1362 -23.75 65
      vertex -41.0986 -23.8113 23
    endloop
  endfacet
  facet normal -0.852655 -0.522474 0
    outer loop
      vertex -41.1362 -23.75 65
      vertex -39.8369 -25.8704 23
      vertex -39.8369 -25.8704 65
    endloop
  endfacet
  facet normal -0.996918 -0.0784541 0
    outer loop
      vertex -47.2398 -4.9651 0
      vertex -47.4349 -2.48596 65
      vertex -47.4349 -2.48596 0
    endloop
  endfacet
  facet normal -0.996918 -0.0784541 0
    outer loop
      vertex -47.4349 -2.48596 65
      vertex -47.2398 -4.9651 0
      vertex -47.2398 -4.9651 65
    endloop
  endfacet
  facet normal -0.793345 -0.608772 0
    outer loop
      vertex -36.9144 -29.8927 0
      vertex -38.4283 -27.9198 65
      vertex -38.4283 -27.9198 0
    endloop
  endfacet
  facet normal -0.793345 -0.608772 0
    outer loop
      vertex -38.4283 -27.9198 65
      vertex -36.9144 -29.8927 0
      vertex -36.9144 -29.8927 65
    endloop
  endfacet
  facet normal -0.983254 -0.182242 0
    outer loop
      vertex -46.462 -9.8758 0
      vertex -46.9152 -7.43064 5
      vertex -46.9152 -7.43064 0
    endloop
  endfacet
  facet normal -0.983254 -0.182242 0
    outer loop
      vertex -46.9152 -7.43064 5
      vertex -46.462 -9.8758 0
      vertex -46.462 -9.8758 5
    endloop
  endfacet
  facet normal -0.983254 -0.182242 0
    outer loop
      vertex -46.462 -9.8758 23
      vertex -46.9152 -7.43064 65
      vertex -46.9152 -7.43064 23
    endloop
  endfacet
  facet normal -0.983254 -0.182242 0
    outer loop
      vertex -46.9152 -7.43064 65
      vertex -46.462 -9.8758 23
      vertex -46.462 -9.8758 65
    endloop
  endfacet
  facet normal -0.942645 0.333798 0
    outer loop
      vertex -45.1752 14.6783 0
      vertex -44.3451 17.0225 65
      vertex -44.3451 17.0225 0
    endloop
  endfacet
  facet normal -0.942645 0.333798 0
    outer loop
      vertex -44.3451 17.0225 65
      vertex -45.1752 14.6783 0
      vertex -45.1752 14.6783 65
    endloop
  endfacet
  facet normal 0.82411 -0.56643 0
    outer loop
      vertex 38.4283 -27.9198 65
      vertex 39.8369 -25.8704 0
      vertex 39.8369 -25.8704 65
    endloop
  endfacet
  facet normal 0.82411 -0.56643 0
    outer loop
      vertex 39.8369 -25.8704 0
      vertex 38.4283 -27.9198 65
      vertex 38.4283 -27.9198 0
    endloop
  endfacet
  facet normal -0.608772 -0.793345 1.06715e-06
    outer loop
      vertex -29.8927 -36.9144 65
      vertex -28.8497 -37.7148 23
      vertex -27.9198 -38.4283 65
    endloop
  endfacet
  facet normal -0.608799 -0.793325 0
    outer loop
      vertex -29.8927 -36.9144 0
      vertex -28.8497 -37.7148 23
      vertex -29.8927 -36.9144 65
    endloop
  endfacet
  facet normal -0.608799 -0.793325 -0
    outer loop
      vertex -28.8497 -37.7148 23
      vertex -29.8927 -36.9144 0
      vertex -28.8497 -37.7148 5
    endloop
  endfacet
  facet normal -0.608772 -0.793345 -8.96409e-06
    outer loop
      vertex -27.9198 -38.4283 0
      vertex -28.8497 -37.7148 5
      vertex -29.8927 -36.9144 0
    endloop
  endfacet
  facet normal -0.608741 -0.793369 0
    outer loop
      vertex -28.8497 -37.7148 5
      vertex -27.9198 -38.4283 0
      vertex -27.9198 -38.4283 5
    endloop
  endfacet
  facet normal -0.608741 -0.793369 -0
    outer loop
      vertex -27.9198 -38.4283 65
      vertex -28.8497 -37.7148 23
      vertex -27.9198 -38.4283 23
    endloop
  endfacet
  facet normal -0.958819 0.284019 0
    outer loop
      vertex -45.8815 12.2939 0
      vertex -45.1752 14.6783 65
      vertex -45.1752 14.6783 0
    endloop
  endfacet
  facet normal -0.958819 0.284019 0
    outer loop
      vertex -45.1752 14.6783 65
      vertex -45.8815 12.2939 0
      vertex -45.8815 12.2939 65
    endloop
  endfacet
  facet normal 0.233432 0.972373 4.51239e-07
    outer loop
      vertex 12.2939 45.8815 65
      vertex 12.224 45.8983 23
      vertex 9.8758 46.462 65
    endloop
  endfacet
  facet normal 0.233689 0.972311 -0
    outer loop
      vertex 12.2939 45.8815 0
      vertex 12.224 45.8983 23
      vertex 12.2939 45.8815 65
    endloop
  endfacet
  facet normal 0.233689 0.972311 0
    outer loop
      vertex 12.224 45.8983 23
      vertex 12.2939 45.8815 0
      vertex 12.224 45.8983 5
    endloop
  endfacet
  facet normal 0.233432 0.972373 -3.79041e-06
    outer loop
      vertex 9.8758 46.462 0
      vertex 12.224 45.8983 5
      vertex 12.2939 45.8815 0
    endloop
  endfacet
  facet normal 0.233425 0.972375 0
    outer loop
      vertex 12.224 45.8983 5
      vertex 9.8758 46.462 0
      vertex 9.8758 46.462 5
    endloop
  endfacet
  facet normal 0.233425 0.972375 0
    outer loop
      vertex 9.8758 46.462 65
      vertex 12.224 45.8983 23
      vertex 9.8758 46.462 23
    endloop
  endfacet
  facet normal 0.983254 -0.182242 0
    outer loop
      vertex 46.462 -9.8758 65
      vertex 46.9152 -7.43064 0
      vertex 46.9152 -7.43064 65
    endloop
  endfacet
  facet normal 0.983254 -0.182242 0
    outer loop
      vertex 46.9152 -7.43064 0
      vertex 46.462 -9.8758 65
      vertex 46.462 -9.8758 0
    endloop
  endfacet
  facet normal 0.82411 0.56643 0
    outer loop
      vertex 39.8369 25.8704 65
      vertex 38.4283 27.9198 0
      vertex 38.4283 27.9198 65
    endloop
  endfacet
  facet normal 0.82411 0.56643 0
    outer loop
      vertex 38.4283 27.9198 0
      vertex 39.8369 25.8704 65
      vertex 39.8369 25.8704 0
    endloop
  endfacet
  facet normal -0.0261781 -0.999657 0
    outer loop
      vertex -2.48596 -47.4349 0
      vertex 0 -47.5 65
      vertex -2.48596 -47.4349 65
    endloop
  endfacet
  facet normal -0.0261781 -0.999657 -0
    outer loop
      vertex 0 -47.5 65
      vertex -2.48596 -47.4349 0
      vertex 0 -47.5 0
    endloop
  endfacet
  facet normal 0.284019 -0.958819 0
    outer loop
      vertex 12.2939 -45.8815 0
      vertex 14.6783 -45.1752 65
      vertex 12.2939 -45.8815 65
    endloop
  endfacet
  facet normal 0.284019 -0.958819 0
    outer loop
      vertex 14.6783 -45.1752 65
      vertex 12.2939 -45.8815 0
      vertex 14.6783 -45.1752 0
    endloop
  endfacet
  facet normal 0.333798 0.942645 -0
    outer loop
      vertex 17.0225 44.3451 0
      vertex 14.6783 45.1752 65
      vertex 17.0225 44.3451 65
    endloop
  endfacet
  facet normal 0.333798 0.942645 0
    outer loop
      vertex 14.6783 45.1752 65
      vertex 17.0225 44.3451 0
      vertex 14.6783 45.1752 0
    endloop
  endfacet
  facet normal -0.0784541 -0.996918 0
    outer loop
      vertex -4.9651 -47.2398 0
      vertex -2.48596 -47.4349 65
      vertex -4.9651 -47.2398 65
    endloop
  endfacet
  facet normal -0.0784541 -0.996918 -0
    outer loop
      vertex -2.48596 -47.4349 65
      vertex -4.9651 -47.2398 0
      vertex -2.48596 -47.4349 0
    endloop
  endfacet
  facet normal -0.47715 0.878822 0
    outer loop
      vertex -21.5645 42.3228 0
      vertex -23.75 41.1362 65
      vertex -21.5645 42.3228 65
    endloop
  endfacet
  facet normal -0.47715 0.878822 0
    outer loop
      vertex -23.75 41.1362 65
      vertex -21.5645 42.3228 0
      vertex -23.75 41.1362 0
    endloop
  endfacet
  facet normal -0.522474 0.852655 -7.65464e-07
    outer loop
      vertex -23.75 41.1362 65
      vertex -23.8113 41.0986 23
      vertex -25.8704 39.8369 65
    endloop
  endfacet
  facet normal -0.522855 0.852421 0
    outer loop
      vertex -23.75 41.1362 0
      vertex -23.8113 41.0986 23
      vertex -23.75 41.1362 65
    endloop
  endfacet
  facet normal -0.522855 0.852421 0
    outer loop
      vertex -23.8113 41.0986 23
      vertex -23.75 41.1362 0
      vertex -23.8113 41.0986 5
    endloop
  endfacet
  facet normal -0.522474 0.852655 6.4299e-06
    outer loop
      vertex -25.8704 39.8369 0
      vertex -23.8113 41.0986 5
      vertex -23.75 41.1362 0
    endloop
  endfacet
  facet normal -0.522463 0.852662 0
    outer loop
      vertex -23.8113 41.0986 5
      vertex -25.8704 39.8369 0
      vertex -25.8704 39.8369 5
    endloop
  endfacet
  facet normal -0.522463 0.852662 0
    outer loop
      vertex -25.8704 39.8369 65
      vertex -23.8113 41.0986 23
      vertex -25.8704 39.8369 23
    endloop
  endfacet
  facet normal -0.983256 0.18223 0
    outer loop
      vertex -46.462 9.8758 0
      vertex -46.7511 8.31591 5
      vertex -46.462 9.8758 5
    endloop
  endfacet
  facet normal -0.98325 0.182262 0
    outer loop
      vertex -46.7511 8.31591 5
      vertex -46.9152 7.43064 0
      vertex -46.7511 8.31591 23
    endloop
  endfacet
  facet normal -0.983254 0.182242 3.73105e-06
    outer loop
      vertex -46.9152 7.43064 0
      vertex -46.7511 8.31591 5
      vertex -46.462 9.8758 0
    endloop
  endfacet
  facet normal -0.983256 0.18223 0
    outer loop
      vertex -46.7511 8.31591 23
      vertex -46.462 9.8758 65
      vertex -46.462 9.8758 23
    endloop
  endfacet
  facet normal -0.98325 0.182262 0
    outer loop
      vertex -46.9152 7.43064 65
      vertex -46.7511 8.31591 23
      vertex -46.9152 7.43064 0
    endloop
  endfacet
  facet normal -0.983254 0.182242 -4.44173e-07
    outer loop
      vertex -46.7511 8.31591 23
      vertex -46.9152 7.43064 65
      vertex -46.462 9.8758 65
    endloop
  endfacet
  facet normal -0.991445 0.130528 0
    outer loop
      vertex -47.2398 4.9651 0
      vertex -46.9152 7.43064 65
      vertex -46.9152 7.43064 0
    endloop
  endfacet
  facet normal -0.991445 0.130528 0
    outer loop
      vertex -46.9152 7.43064 65
      vertex -47.2398 4.9651 0
      vertex -47.2398 4.9651 65
    endloop
  endfacet
  facet normal -0.382699 0.923873 0
    outer loop
      vertex -17.0225 44.3451 0
      vertex -19.32 43.3934 65
      vertex -17.0225 44.3451 65
    endloop
  endfacet
  facet normal -0.382699 0.923873 0
    outer loop
      vertex -19.32 43.3934 65
      vertex -17.0225 44.3451 0
      vertex -19.32 43.3934 0
    endloop
  endfacet
  facet normal -0.382699 -0.923873 0
    outer loop
      vertex -19.32 -43.3934 0
      vertex -17.0225 -44.3451 65
      vertex -19.32 -43.3934 65
    endloop
  endfacet
  facet normal -0.382699 -0.923873 -0
    outer loop
      vertex -17.0225 -44.3451 65
      vertex -19.32 -43.3934 0
      vertex -17.0225 -44.3451 0
    endloop
  endfacet
  facet normal -0.47715 -0.878822 0
    outer loop
      vertex -23.75 -41.1362 0
      vertex -21.5645 -42.3228 65
      vertex -23.75 -41.1362 65
    endloop
  endfacet
  facet normal -0.47715 -0.878822 -0
    outer loop
      vertex -21.5645 -42.3228 65
      vertex -23.75 -41.1362 0
      vertex -21.5645 -42.3228 0
    endloop
  endfacet
  facet normal -0.902581 -0.43052 0
    outer loop
      vertex -42.3228 -21.5645 0
      vertex -43.3934 -19.32 65
      vertex -43.3934 -19.32 0
    endloop
  endfacet
  facet normal -0.902581 -0.43052 0
    outer loop
      vertex -43.3934 -19.32 65
      vertex -42.3228 -21.5645 0
      vertex -42.3228 -21.5645 65
    endloop
  endfacet
  facet normal 0 0 -1
    outer loop
      vertex 20.3877 2.14283 0
      vertex 30.5 26 0
      vertex 20.4719 1.07289 0
    endloop
  endfacet
  facet normal 0 0 -1
    outer loop
      vertex 20.2476 3.20691 0
      vertex 30.5 26 0
      vertex 20.3877 2.14283 0
    endloop
  endfacet
  facet normal 0 0 -1
    outer loop
      vertex 20.052 4.26219 0
      vertex 30.5 26 0
      vertex 20.2476 3.20691 0
    endloop
  endfacet
  facet normal 0 0 -1
    outer loop
      vertex 19.8015 5.30579 0
      vertex 30.5 26 0
      vertex 20.052 4.26219 0
    endloop
  endfacet
  facet normal 0 0 -1
    outer loop
      vertex 19.4967 6.33485 0
      vertex 30.5 26 0
      vertex 19.8015 5.30579 0
    endloop
  endfacet
  facet normal 0 0 -1
    outer loop
      vertex 19.1384 7.34654 0
      vertex 30.5 26 0
      vertex 19.4967 6.33485 0
    endloop
  endfacet
  facet normal 0 0 -1
    outer loop
      vertex 18.7277 8.3381 0
      vertex 30.5 26 0
      vertex 19.1384 7.34654 0
    endloop
  endfacet
  facet normal 0 0 -1
    outer loop
      vertex 18.2656 9.3068 0
      vertex 30.5 26 0
      vertex 18.7277 8.3381 0
    endloop
  endfacet
  facet normal 0 0 -1
    outer loop
      vertex 17.7535 10.25 0
      vertex 30.5 26 0
      vertex 18.2656 9.3068 0
    endloop
  endfacet
  facet normal 0 0 -1
    outer loop
      vertex 17.1927 11.1651 0
      vertex 30.5 26 0
      vertex 17.7535 10.25 0
    endloop
  endfacet
  facet normal 0 0 -1
    outer loop
      vertex 16.5848 12.0496 0
      vertex 30.5 26 0
      vertex 17.1927 11.1651 0
    endloop
  endfacet
  facet normal 0 0 -1
    outer loop
      vertex 15.9315 12.9011 0
      vertex 30.5 26 0
      vertex 16.5848 12.0496 0
    endloop
  endfacet
  facet normal 0 0 -1
    outer loop
      vertex 15.2345 13.7172 0
      vertex 30.5 26 0
      vertex 15.9315 12.9011 0
    endloop
  endfacet
  facet normal 0 0 -1
    outer loop
      vertex 14.4957 14.4957 0
      vertex 30.5 26 0
      vertex 15.2345 13.7172 0
    endloop
  endfacet
  facet normal 0 0 -1
    outer loop
      vertex 13.7172 15.2345 0
      vertex 30.5 26 0
      vertex 14.4957 14.4957 0
    endloop
  endfacet
  facet normal 0 0 -1
    outer loop
      vertex 12.9011 15.9315 0
      vertex 30.5 26 0
      vertex 13.7172 15.2345 0
    endloop
  endfacet
  facet normal 0 0 -1
    outer loop
      vertex 12.0496 16.5848 0
      vertex 30.5 26 0
      vertex 12.9011 15.9315 0
    endloop
  endfacet
  facet normal 0 0 -1
    outer loop
      vertex 11.1651 17.1927 0
      vertex 30.5 26 0
      vertex 12.0496 16.5848 0
    endloop
  endfacet
  facet normal 0 0 -1
    outer loop
      vertex 10.25 17.7535 0
      vertex 30.5 26 0
      vertex 11.1651 17.1927 0
    endloop
  endfacet
  facet normal -0 0 -1
    outer loop
      vertex 30.5 26 0
      vertex 10.25 17.7535 0
      vertex 21.5645 42.3228 0
    endloop
  endfacet
  facet normal 0 0 -1
    outer loop
      vertex 9.3068 18.2656 0
      vertex 21.5645 42.3228 0
      vertex 10.25 17.7535 0
    endloop
  endfacet
  facet normal -0 0 -1
    outer loop
      vertex 21.5645 42.3228 0
      vertex 9.3068 18.2656 0
      vertex 19.32 43.3934 0
    endloop
  endfacet
  facet normal 0 0 -1
    outer loop
      vertex 8.3381 18.7277 0
      vertex 19.32 43.3934 0
      vertex 9.3068 18.2656 0
    endloop
  endfacet
  facet normal -0 0 -1
    outer loop
      vertex 19.32 43.3934 0
      vertex 8.3381 18.7277 0
      vertex 17.0225 44.3451 0
    endloop
  endfacet
  facet normal 0 0 -1
    outer loop
      vertex 7.34654 19.1384 0
      vertex 17.0225 44.3451 0
      vertex 8.3381 18.7277 0
    endloop
  endfacet
  facet normal -0 0 -1
    outer loop
      vertex 17.0225 44.3451 0
      vertex 7.34654 19.1384 0
      vertex 14.6783 45.1752 0
    endloop
  endfacet
  facet normal 0 0 -1
    outer loop
      vertex 6.33485 19.4967 0
      vertex 14.6783 45.1752 0
      vertex 7.34654 19.1384 0
    endloop
  endfacet
  facet normal -0 0 -1
    outer loop
      vertex 14.6783 45.1752 0
      vertex 6.33485 19.4967 0
      vertex 12.2939 45.8815 0
    endloop
  endfacet
  facet normal 0 0 -1
    outer loop
      vertex 5.30579 19.8015 0
      vertex 12.2939 45.8815 0
      vertex 6.33485 19.4967 0
    endloop
  endfacet
  facet normal -0 0 -1
    outer loop
      vertex 12.2939 45.8815 0
      vertex 5.30579 19.8015 0
      vertex 9.8758 46.462 0
    endloop
  endfacet
  facet normal 0 0 -1
    outer loop
      vertex 4.26219 20.052 0
      vertex 9.8758 46.462 0
      vertex 5.30579 19.8015 0
    endloop
  endfacet
  facet normal -0 0 -1
    outer loop
      vertex 9.8758 46.462 0
      vertex 4.26219 20.052 0
      vertex 7.43064 46.9152 0
    endloop
  endfacet
  facet normal 0 0 -1
    outer loop
      vertex 3.20691 20.2476 0
      vertex 7.43064 46.9152 0
      vertex 4.26219 20.052 0
    endloop
  endfacet
  facet normal -0 0 -1
    outer loop
      vertex 7.43064 46.9152 0
      vertex 3.20691 20.2476 0
      vertex 4.9651 47.2398 0
    endloop
  endfacet
  facet normal 0 0 -1
    outer loop
      vertex 2.14283 20.3877 0
      vertex 4.9651 47.2398 0
      vertex 3.20691 20.2476 0
    endloop
  endfacet
  facet normal -0 0 -1
    outer loop
      vertex 4.9651 47.2398 0
      vertex 2.14283 20.3877 0
      vertex 2.48596 47.4349 0
    endloop
  endfacet
  facet normal 0 0 -1
    outer loop
      vertex 1.07289 20.4719 0
      vertex 2.48596 47.4349 0
      vertex 2.14283 20.3877 0
    endloop
  endfacet
  facet normal 0 0 -1
    outer loop
      vertex 0 20.5 0
      vertex 2.48596 47.4349 0
      vertex 1.07289 20.4719 0
    endloop
  endfacet
  facet normal 0 0 -1
    outer loop
      vertex 0 20.5 0
      vertex 0 47.5 0
      vertex 2.48596 47.4349 0
    endloop
  endfacet
  facet normal 0 0 -1
    outer loop
      vertex -1.07289 20.4719 0
      vertex 0 47.5 0
      vertex 0 20.5 0
    endloop
  endfacet
  facet normal 0 0 -1
    outer loop
      vertex -2.48596 47.4349 0
      vertex -1.07289 20.4719 0
      vertex -2.14283 20.3877 0
    endloop
  endfacet
  facet normal 0 0 -1
    outer loop
      vertex -1.07289 20.4719 0
      vertex -2.48596 47.4349 0
      vertex 0 47.5 0
    endloop
  endfacet
  facet normal 0 0 -1
    outer loop
      vertex -4.9651 47.2398 0
      vertex -2.14283 20.3877 0
      vertex -3.20691 20.2476 0
    endloop
  endfacet
  facet normal 0 0 -1
    outer loop
      vertex -7.43064 46.9152 0
      vertex -3.20691 20.2476 0
      vertex -4.26219 20.052 0
    endloop
  endfacet
  facet normal 0 0 -1
    outer loop
      vertex -2.14283 20.3877 0
      vertex -4.9651 47.2398 0
      vertex -2.48596 47.4349 0
    endloop
  endfacet
  facet normal 0 0 -1
    outer loop
      vertex -9.8758 46.462 0
      vertex -4.26219 20.052 0
      vertex -5.30579 19.8015 0
    endloop
  endfacet
  facet normal 0 0 -1
    outer loop
      vertex -12.2939 45.8815 0
      vertex -5.30579 19.8015 0
      vertex -6.33485 19.4967 0
    endloop
  endfacet
  facet normal 0 0 -1
    outer loop
      vertex -14.6783 45.1752 0
      vertex -6.33485 19.4967 0
      vertex -7.34654 19.1384 0
    endloop
  endfacet
  facet normal 0 0 -1
    outer loop
      vertex -3.20691 20.2476 0
      vertex -7.43064 46.9152 0
      vertex -4.9651 47.2398 0
    endloop
  endfacet
  facet normal 0 0 -1
    outer loop
      vertex -17.0225 44.3451 0
      vertex -7.34654 19.1384 0
      vertex -8.3381 18.7277 0
    endloop
  endfacet
  facet normal 0 0 -1
    outer loop
      vertex -19.32 43.3934 0
      vertex -8.3381 18.7277 0
      vertex -9.3068 18.2656 0
    endloop
  endfacet
  facet normal 0 0 -1
    outer loop
      vertex -4.26219 20.052 0
      vertex -9.8758 46.462 0
      vertex -7.43064 46.9152 0
    endloop
  endfacet
  facet normal 0 0 -1
    outer loop
      vertex -21.5645 42.3228 0
      vertex -9.3068 18.2656 0
      vertex -10.25 17.7535 0
    endloop
  endfacet
  facet normal 0 0 -1
    outer loop
      vertex -23.75 41.1362 0
      vertex -10.25 17.7535 0
      vertex -11.1651 17.1927 0
    endloop
  endfacet
  facet normal 0 0 -1
    outer loop
      vertex -25.8704 39.8369 0
      vertex -11.1651 17.1927 0
      vertex -12.0496 16.5848 0
    endloop
  endfacet
  facet normal 0 0 -1
    outer loop
      vertex -5.30579 19.8015 0
      vertex -12.2939 45.8815 0
      vertex -9.8758 46.462 0
    endloop
  endfacet
  facet normal 0 0 -1
    outer loop
      vertex -27.9198 38.4283 0
      vertex -12.0496 16.5848 0
      vertex -12.9011 15.9315 0
    endloop
  endfacet
  facet normal 0 0 -1
    outer loop
      vertex -29.8927 36.9144 0
      vertex -12.9011 15.9315 0
      vertex -13.7172 15.2345 0
    endloop
  endfacet
  facet normal 0 0 -1
    outer loop
      vertex -31.7837 35.2994 0
      vertex -13.7172 15.2345 0
      vertex -14.4957 14.4957 0
    endloop
  endfacet
  facet normal 0 0 -1
    outer loop
      vertex -6.33485 19.4967 0
      vertex -14.6783 45.1752 0
      vertex -12.2939 45.8815 0
    endloop
  endfacet
  facet normal 0 0 -1
    outer loop
      vertex -33.5876 33.5876 0
      vertex -14.4957 14.4957 0
      vertex -15.2345 13.7172 0
    endloop
  endfacet
  facet normal 0 0 -1
    outer loop
      vertex -35.2994 31.7837 0
      vertex -15.2345 13.7172 0
      vertex -15.9315 12.9011 0
    endloop
  endfacet
  facet normal 0 0 -1
    outer loop
      vertex -36.9144 29.8927 0
      vertex -15.9315 12.9011 0
      vertex -16.5848 12.0496 0
    endloop
  endfacet
  facet normal 0 0 -1
    outer loop
      vertex -7.34654 19.1384 0
      vertex -17.0225 44.3451 0
      vertex -14.6783 45.1752 0
    endloop
  endfacet
  facet normal 0 0 -1
    outer loop
      vertex -38.4283 27.9198 0
      vertex -16.5848 12.0496 0
      vertex -17.1927 11.1651 0
    endloop
  endfacet
  facet normal 0 0 -1
    outer loop
      vertex -39.8369 25.8704 0
      vertex -17.1927 11.1651 0
      vertex -17.7535 10.25 0
    endloop
  endfacet
  facet normal 0 0 -1
    outer loop
      vertex -41.1362 23.75 0
      vertex -17.7535 10.25 0
      vertex -18.2656 9.3068 0
    endloop
  endfacet
  facet normal 0 0 -1
    outer loop
      vertex -42.3228 21.5645 0
      vertex -18.2656 9.3068 0
      vertex -18.7277 8.3381 0
    endloop
  endfacet
  facet normal 0 0 -1
    outer loop
      vertex -43.3934 19.32 0
      vertex -18.7277 8.3381 0
      vertex -19.1384 7.34654 0
    endloop
  endfacet
  facet normal 0 0 -1
    outer loop
      vertex -8.3381 18.7277 0
      vertex -19.32 43.3934 0
      vertex -17.0225 44.3451 0
    endloop
  endfacet
  facet normal 0 0 -1
    outer loop
      vertex -44.3451 17.0225 0
      vertex -19.1384 7.34654 0
      vertex -19.4967 6.33485 0
    endloop
  endfacet
  facet normal 0 0 -1
    outer loop
      vertex -45.1752 14.6783 0
      vertex -19.4967 6.33485 0
      vertex -19.8015 5.30579 0
    endloop
  endfacet
  facet normal 0 0 -1
    outer loop
      vertex -45.8815 12.2939 0
      vertex -19.8015 5.30579 0
      vertex -20.052 4.26219 0
    endloop
  endfacet
  facet normal 0 0 -1
    outer loop
      vertex -46.462 9.8758 0
      vertex -20.052 4.26219 0
      vertex -20.2476 3.20691 0
    endloop
  endfacet
  facet normal 0 0 -1
    outer loop
      vertex -46.9152 7.43064 0
      vertex -20.2476 3.20691 0
      vertex -20.3877 2.14283 0
    endloop
  endfacet
  facet normal 0 0 -1
    outer loop
      vertex -47.2398 4.9651 0
      vertex -20.3877 2.14283 0
      vertex -20.4719 1.07289 0
    endloop
  endfacet
  facet normal 0 0 -1
    outer loop
      vertex -9.3068 18.2656 0
      vertex -21.5645 42.3228 0
      vertex -19.32 43.3934 0
    endloop
  endfacet
  facet normal 0 0 -1
    outer loop
      vertex -47.4349 2.48596 0
      vertex -20.4719 1.07289 0
      vertex -20.5 0 0
    endloop
  endfacet
  facet normal 0 0 -1
    outer loop
      vertex -41.1362 -23.75 0
      vertex -17.7535 -10.25 0
      vertex -39.8369 -25.8704 0
    endloop
  endfacet
  facet normal -0 0 -1
    outer loop
      vertex -17.7535 -10.25 0
      vertex -41.1362 -23.75 0
      vertex -18.2656 -9.3068 0
    endloop
  endfacet
  facet normal 0 0 -1
    outer loop
      vertex -10.25 17.7535 0
      vertex -23.75 41.1362 0
      vertex -21.5645 42.3228 0
    endloop
  endfacet
  facet normal 0 0 -1
    outer loop
      vertex -42.3228 -21.5645 0
      vertex -18.2656 -9.3068 0
      vertex -41.1362 -23.75 0
    endloop
  endfacet
  facet normal 0 0 -1
    outer loop
      vertex -11.1651 17.1927 0
      vertex -25.8704 39.8369 0
      vertex -23.75 41.1362 0
    endloop
  endfacet
  facet normal -0 0 -1
    outer loop
      vertex -18.2656 -9.3068 0
      vertex -42.3228 -21.5645 0
      vertex -18.7277 -8.3381 0
    endloop
  endfacet
  facet normal 0 0 -1
    outer loop
      vertex -12.0496 16.5848 0
      vertex -27.9198 38.4283 0
      vertex -25.8704 39.8369 0
    endloop
  endfacet
  facet normal 0 0 -1
    outer loop
      vertex -43.3934 -19.32 0
      vertex -18.7277 -8.3381 0
      vertex -42.3228 -21.5645 0
    endloop
  endfacet
  facet normal 0 0 -1
    outer loop
      vertex -12.9011 15.9315 0
      vertex -29.8927 36.9144 0
      vertex -27.9198 38.4283 0
    endloop
  endfacet
  facet normal -0 0 -1
    outer loop
      vertex -18.7277 -8.3381 0
      vertex -43.3934 -19.32 0
      vertex -19.1384 -7.34654 0
    endloop
  endfacet
  facet normal 0 0 -1
    outer loop
      vertex -13.7172 15.2345 0
      vertex -31.7837 35.2994 0
      vertex -29.8927 36.9144 0
    endloop
  endfacet
  facet normal 0 0 -1
    outer loop
      vertex -44.3451 -17.0225 0
      vertex -19.1384 -7.34654 0
      vertex -43.3934 -19.32 0
    endloop
  endfacet
  facet normal 0 0 -1
    outer loop
      vertex -14.4957 14.4957 0
      vertex -33.5876 33.5876 0
      vertex -31.7837 35.2994 0
    endloop
  endfacet
  facet normal -0 0 -1
    outer loop
      vertex -19.1384 -7.34654 0
      vertex -44.3451 -17.0225 0
      vertex -19.4967 -6.33485 0
    endloop
  endfacet
  facet normal 0 0 -1
    outer loop
      vertex -15.2345 13.7172 0
      vertex -35.2994 31.7837 0
      vertex -33.5876 33.5876 0
    endloop
  endfacet
  facet normal 0 0 -1
    outer loop
      vertex -45.1752 -14.6783 0
      vertex -19.4967 -6.33485 0
      vertex -44.3451 -17.0225 0
    endloop
  endfacet
  facet normal 0 0 -1
    outer loop
      vertex -15.9315 12.9011 0
      vertex -36.9144 29.8927 0
      vertex -35.2994 31.7837 0
    endloop
  endfacet
  facet normal -0 0 -1
    outer loop
      vertex -19.4967 -6.33485 0
      vertex -45.1752 -14.6783 0
      vertex -19.8015 -5.30579 0
    endloop
  endfacet
  facet normal 0 0 -1
    outer loop
      vertex -16.5848 12.0496 0
      vertex -38.4283 27.9198 0
      vertex -36.9144 29.8927 0
    endloop
  endfacet
  facet normal 0 0 -1
    outer loop
      vertex -45.8815 -12.2939 0
      vertex -19.8015 -5.30579 0
      vertex -45.1752 -14.6783 0
    endloop
  endfacet
  facet normal 0 0 -1
    outer loop
      vertex -17.1927 11.1651 0
      vertex -39.8369 25.8704 0
      vertex -38.4283 27.9198 0
    endloop
  endfacet
  facet normal -0 0 -1
    outer loop
      vertex -19.8015 -5.30579 0
      vertex -45.8815 -12.2939 0
      vertex -20.052 -4.26219 0
    endloop
  endfacet
  facet normal 0 0 -1
    outer loop
      vertex -17.7535 10.25 0
      vertex -41.1362 23.75 0
      vertex -39.8369 25.8704 0
    endloop
  endfacet
  facet normal 0 0 -1
    outer loop
      vertex -46.462 -9.8758 0
      vertex -20.052 -4.26219 0
      vertex -45.8815 -12.2939 0
    endloop
  endfacet
  facet normal 0 0 -1
    outer loop
      vertex -18.2656 9.3068 0
      vertex -42.3228 21.5645 0
      vertex -41.1362 23.75 0
    endloop
  endfacet
  facet normal -0 0 -1
    outer loop
      vertex -20.052 -4.26219 0
      vertex -46.462 -9.8758 0
      vertex -20.2476 -3.20691 0
    endloop
  endfacet
  facet normal 0 0 -1
    outer loop
      vertex -18.7277 8.3381 0
      vertex -43.3934 19.32 0
      vertex -42.3228 21.5645 0
    endloop
  endfacet
  facet normal 0 0 -1
    outer loop
      vertex -46.9152 -7.43064 0
      vertex -20.2476 -3.20691 0
      vertex -46.462 -9.8758 0
    endloop
  endfacet
  facet normal 0 0 -1
    outer loop
      vertex -19.1384 7.34654 0
      vertex -44.3451 17.0225 0
      vertex -43.3934 19.32 0
    endloop
  endfacet
  facet normal -0 0 -1
    outer loop
      vertex -20.2476 -3.20691 0
      vertex -46.9152 -7.43064 0
      vertex -20.3877 -2.14283 0
    endloop
  endfacet
  facet normal 0 0 -1
    outer loop
      vertex -19.4967 6.33485 0
      vertex -45.1752 14.6783 0
      vertex -44.3451 17.0225 0
    endloop
  endfacet
  facet normal 0 0 -1
    outer loop
      vertex -47.2398 -4.9651 0
      vertex -20.3877 -2.14283 0
      vertex -46.9152 -7.43064 0
    endloop
  endfacet
  facet normal 0 0 -1
    outer loop
      vertex -19.8015 5.30579 0
      vertex -45.8815 12.2939 0
      vertex -45.1752 14.6783 0
    endloop
  endfacet
  facet normal -0 0 -1
    outer loop
      vertex -20.3877 -2.14283 0
      vertex -47.2398 -4.9651 0
      vertex -20.4719 -1.07289 0
    endloop
  endfacet
  facet normal 0 0 -1
    outer loop
      vertex -20.052 4.26219 0
      vertex -46.462 9.8758 0
      vertex -45.8815 12.2939 0
    endloop
  endfacet
  facet normal 0 0 -1
    outer loop
      vertex -47.4349 -2.48596 0
      vertex -20.4719 -1.07289 0
      vertex -47.2398 -4.9651 0
    endloop
  endfacet
  facet normal 0 0 -1
    outer loop
      vertex -20.2476 3.20691 0
      vertex -46.9152 7.43064 0
      vertex -46.462 9.8758 0
    endloop
  endfacet
  facet normal -0 0 -1
    outer loop
      vertex -20.4719 -1.07289 0
      vertex -47.4349 -2.48596 0
      vertex -20.5 0 0
    endloop
  endfacet
  facet normal 0 0 -1
    outer loop
      vertex -20.3877 2.14283 0
      vertex -47.2398 4.9651 0
      vertex -46.9152 7.43064 0
    endloop
  endfacet
  facet normal 0 0 -1
    outer loop
      vertex -47.5 0 0
      vertex -20.5 0 0
      vertex -47.4349 -2.48596 0
    endloop
  endfacet
  facet normal 0 0 -1
    outer loop
      vertex -20.4719 1.07289 0
      vertex -47.4349 2.48596 0
      vertex -47.2398 4.9651 0
    endloop
  endfacet
  facet normal 0 0 -1
    outer loop
      vertex -20.5 0 0
      vertex -47.5 0 0
      vertex -47.4349 2.48596 0
    endloop
  endfacet
  facet normal 0 0 -1
    outer loop
      vertex 47.4349 -2.48596 0
      vertex 47.4349 2.48596 0
      vertex 47.5 0 0
    endloop
  endfacet
  facet normal 0 0 -1
    outer loop
      vertex 47.2398 -4.9651 0
      vertex 47.4349 2.48596 0
      vertex 47.4349 -2.48596 0
    endloop
  endfacet
  facet normal 0 0 -1
    outer loop
      vertex 47.2398 -4.9651 0
      vertex 47.2398 4.9651 0
      vertex 47.4349 2.48596 0
    endloop
  endfacet
  facet normal 0 0 -1
    outer loop
      vertex 46.9152 -7.43064 0
      vertex 47.2398 4.9651 0
      vertex 47.2398 -4.9651 0
    endloop
  endfacet
  facet normal 0 0 -1
    outer loop
      vertex 46.9152 -7.43064 0
      vertex 46.9152 7.43064 0
      vertex 47.2398 4.9651 0
    endloop
  endfacet
  facet normal 0 0 -1
    outer loop
      vertex 46.462 -9.8758 0
      vertex 46.9152 7.43064 0
      vertex 46.9152 -7.43064 0
    endloop
  endfacet
  facet normal 0 0 -1
    outer loop
      vertex 46.462 -9.8758 0
      vertex 46.462 9.8758 0
      vertex 46.9152 7.43064 0
    endloop
  endfacet
  facet normal 0 0 -1
    outer loop
      vertex 45.8815 -12.2939 0
      vertex 46.462 9.8758 0
      vertex 46.462 -9.8758 0
    endloop
  endfacet
  facet normal 0 0 -1
    outer loop
      vertex 45.8815 -12.2939 0
      vertex 45.8815 12.2939 0
      vertex 46.462 9.8758 0
    endloop
  endfacet
  facet normal 0 0 -1
    outer loop
      vertex 39.5 -26 0
      vertex 45.8815 -12.2939 0
      vertex 45.1752 -14.6783 0
    endloop
  endfacet
  facet normal -0 0 -1
    outer loop
      vertex 45.8815 -12.2939 0
      vertex 39.5 -26 0
      vertex 45.8815 12.2939 0
    endloop
  endfacet
  facet normal 0 0 -1
    outer loop
      vertex 39.5 -26 0
      vertex 45.1752 -14.6783 0
      vertex 44.3451 -17.0225 0
    endloop
  endfacet
  facet normal 0 0 -1
    outer loop
      vertex 39.5 26 0
      vertex 45.8815 12.2939 0
      vertex 39.5 -26 0
    endloop
  endfacet
  facet normal 0 0 -1
    outer loop
      vertex 39.5 -26 0
      vertex 44.3451 -17.0225 0
      vertex 43.3934 -19.32 0
    endloop
  endfacet
  facet normal 0 0 -1
    outer loop
      vertex 45.8815 12.2939 0
      vertex 39.5 26 0
      vertex 45.1752 14.6783 0
    endloop
  endfacet
  facet normal 0 0 -1
    outer loop
      vertex 39.5 -26 0
      vertex 43.3934 -19.32 0
      vertex 42.3228 -21.5645 0
    endloop
  endfacet
  facet normal 0 0 -1
    outer loop
      vertex 45.1752 14.6783 0
      vertex 39.5 26 0
      vertex 44.3451 17.0225 0
    endloop
  endfacet
  facet normal 0 0 -1
    outer loop
      vertex 39.5 -26 0
      vertex 42.3228 -21.5645 0
      vertex 41.1362 -23.75 0
    endloop
  endfacet
  facet normal 0 0 -1
    outer loop
      vertex 44.3451 17.0225 0
      vertex 39.5 26 0
      vertex 43.3934 19.32 0
    endloop
  endfacet
  facet normal 0 0 -1
    outer loop
      vertex 39.5 -26 0
      vertex 41.1362 -23.75 0
      vertex 39.8369 -25.8704 0
    endloop
  endfacet
  facet normal 0 0 -1
    outer loop
      vertex 43.3934 19.32 0
      vertex 39.5 26 0
      vertex 42.3228 21.5645 0
    endloop
  endfacet
  facet normal 0 0 -1
    outer loop
      vertex 42.3228 21.5645 0
      vertex 39.5 26 0
      vertex 41.1362 23.75 0
    endloop
  endfacet
  facet normal 0 0 -1
    outer loop
      vertex 38.4283 -27.9198 0
      vertex 39.5 -26 0
      vertex 39.8369 -25.8704 0
    endloop
  endfacet
  facet normal 0 0 -1
    outer loop
      vertex 30.5 -26 0
      vertex 38.4283 -27.9198 0
      vertex 36.9144 -29.8927 0
    endloop
  endfacet
  facet normal 0 0 -1
    outer loop
      vertex 30.5 -26 0
      vertex 36.9144 -29.8927 0
      vertex 35.2994 -31.7837 0
    endloop
  endfacet
  facet normal 0 0 -1
    outer loop
      vertex 30.5 -26 0
      vertex 35.2994 -31.7837 0
      vertex 33.5876 -33.5876 0
    endloop
  endfacet
  facet normal 0 0 -1
    outer loop
      vertex 30.5 -26 0
      vertex 33.5876 -33.5876 0
      vertex 31.7837 -35.2994 0
    endloop
  endfacet
  facet normal 0 0 -1
    outer loop
      vertex 38.4283 -27.9198 0
      vertex 30.5 -26 0
      vertex 39.5 -26 0
    endloop
  endfacet
  facet normal 0 0 -1
    outer loop
      vertex 27.9198 -38.4283 0
      vertex 30.5 -26 0
      vertex 29.8927 -36.9144 0
    endloop
  endfacet
  facet normal 0 0 -1
    outer loop
      vertex 29.8927 -36.9144 0
      vertex 30.5 -26 0
      vertex 31.7837 -35.2994 0
    endloop
  endfacet
  facet normal 0 0 -1
    outer loop
      vertex 41.1362 23.75 0
      vertex 39.5 26 0
      vertex 39.8369 25.8704 0
    endloop
  endfacet
  facet normal 0 0 -1
    outer loop
      vertex 39.5 26 0
      vertex 38.4283 27.9198 0
      vertex 39.8369 25.8704 0
    endloop
  endfacet
  facet normal 0 0 -1
    outer loop
      vertex 30.5 26 0
      vertex 38.4283 27.9198 0
      vertex 39.5 26 0
    endloop
  endfacet
  facet normal -0 0 -1
    outer loop
      vertex 38.4283 27.9198 0
      vertex 30.5 26 0
      vertex 36.9144 29.8927 0
    endloop
  endfacet
  facet normal -0 0 -1
    outer loop
      vertex 36.9144 29.8927 0
      vertex 30.5 26 0
      vertex 35.2994 31.7837 0
    endloop
  endfacet
  facet normal -0 0 -1
    outer loop
      vertex 35.2994 31.7837 0
      vertex 30.5 26 0
      vertex 33.5876 33.5876 0
    endloop
  endfacet
  facet normal -0 0 -1
    outer loop
      vertex 33.5876 33.5876 0
      vertex 30.5 26 0
      vertex 31.7837 35.2994 0
    endloop
  endfacet
  facet normal 0 0 -1
    outer loop
      vertex 30.5 26 0
      vertex 29.8927 36.9144 0
      vertex 31.7837 35.2994 0
    endloop
  endfacet
  facet normal 0 -0 -1
    outer loop
      vertex 20.5 0 0
      vertex 30.5 -26 0
      vertex 20.4719 -1.07289 0
    endloop
  endfacet
  facet normal 0 0 -1
    outer loop
      vertex 25.8704 -39.8369 0
      vertex 30.5 -26 0
      vertex 27.9198 -38.4283 0
    endloop
  endfacet
  facet normal 0 0 -1
    outer loop
      vertex 20.4719 1.07289 0
      vertex 30.5 26 0
      vertex 20.5 0 0
    endloop
  endfacet
  facet normal 0 0 -1
    outer loop
      vertex 23.75 -41.1362 0
      vertex 30.5 -26 0
      vertex 25.8704 -39.8369 0
    endloop
  endfacet
  facet normal 0 0 -1
    outer loop
      vertex 30.5 26 0
      vertex 27.9198 38.4283 0
      vertex 29.8927 36.9144 0
    endloop
  endfacet
  facet normal 0 0 -1
    outer loop
      vertex 10.25 -17.7535 0
      vertex 30.5 -26 0
      vertex 23.75 -41.1362 0
    endloop
  endfacet
  facet normal 0 0 -1
    outer loop
      vertex 30.5 26 0
      vertex 25.8704 39.8369 0
      vertex 27.9198 38.4283 0
    endloop
  endfacet
  facet normal 0 0 -1
    outer loop
      vertex 10.25 -17.7535 0
      vertex 23.75 -41.1362 0
      vertex 21.5645 -42.3228 0
    endloop
  endfacet
  facet normal 0 0 -1
    outer loop
      vertex 30.5 26 0
      vertex 23.75 41.1362 0
      vertex 25.8704 39.8369 0
    endloop
  endfacet
  facet normal 0 0 -1
    outer loop
      vertex 30.5 26 0
      vertex 21.5645 42.3228 0
      vertex 23.75 41.1362 0
    endloop
  endfacet
  facet normal 0 0 -1
    outer loop
      vertex 30.5 -26 0
      vertex 20.5 0 0
      vertex 30.5 26 0
    endloop
  endfacet
  facet normal 0 0 -1
    outer loop
      vertex 30.5 -26 0
      vertex 20.3877 -2.14283 0
      vertex 20.4719 -1.07289 0
    endloop
  endfacet
  facet normal 0 0 -1
    outer loop
      vertex 30.5 -26 0
      vertex 20.2476 -3.20691 0
      vertex 20.3877 -2.14283 0
    endloop
  endfacet
  facet normal 0 0 -1
    outer loop
      vertex 30.5 -26 0
      vertex 20.052 -4.26219 0
      vertex 20.2476 -3.20691 0
    endloop
  endfacet
  facet normal 0 0 -1
    outer loop
      vertex 30.5 -26 0
      vertex 19.8015 -5.30579 0
      vertex 20.052 -4.26219 0
    endloop
  endfacet
  facet normal 0 0 -1
    outer loop
      vertex 30.5 -26 0
      vertex 19.4967 -6.33485 0
      vertex 19.8015 -5.30579 0
    endloop
  endfacet
  facet normal 0 0 -1
    outer loop
      vertex 9.3068 -18.2656 0
      vertex 21.5645 -42.3228 0
      vertex 19.32 -43.3934 0
    endloop
  endfacet
  facet normal 0 0 -1
    outer loop
      vertex 30.5 -26 0
      vertex 19.1384 -7.34654 0
      vertex 19.4967 -6.33485 0
    endloop
  endfacet
  facet normal 0 0 -1
    outer loop
      vertex 30.5 -26 0
      vertex 18.7277 -8.3381 0
      vertex 19.1384 -7.34654 0
    endloop
  endfacet
  facet normal 0 0 -1
    outer loop
      vertex 30.5 -26 0
      vertex 18.2656 -9.3068 0
      vertex 18.7277 -8.3381 0
    endloop
  endfacet
  facet normal 0 0 -1
    outer loop
      vertex 30.5 -26 0
      vertex 17.7535 -10.25 0
      vertex 18.2656 -9.3068 0
    endloop
  endfacet
  facet normal 0 0 -1
    outer loop
      vertex 30.5 -26 0
      vertex 17.1927 -11.1651 0
      vertex 17.7535 -10.25 0
    endloop
  endfacet
  facet normal 0 0 -1
    outer loop
      vertex 8.3381 -18.7277 0
      vertex 19.32 -43.3934 0
      vertex 17.0225 -44.3451 0
    endloop
  endfacet
  facet normal 0 0 -1
    outer loop
      vertex 30.5 -26 0
      vertex 16.5848 -12.0496 0
      vertex 17.1927 -11.1651 0
    endloop
  endfacet
  facet normal 0 0 -1
    outer loop
      vertex 30.5 -26 0
      vertex 15.9315 -12.9011 0
      vertex 16.5848 -12.0496 0
    endloop
  endfacet
  facet normal 0 0 -1
    outer loop
      vertex 30.5 -26 0
      vertex 15.2345 -13.7172 0
      vertex 15.9315 -12.9011 0
    endloop
  endfacet
  facet normal 0 0 -1
    outer loop
      vertex 7.34654 -19.1384 0
      vertex 17.0225 -44.3451 0
      vertex 14.6783 -45.1752 0
    endloop
  endfacet
  facet normal 0 0 -1
    outer loop
      vertex 30.5 -26 0
      vertex 14.4957 -14.4957 0
      vertex 15.2345 -13.7172 0
    endloop
  endfacet
  facet normal 0 0 -1
    outer loop
      vertex 30.5 -26 0
      vertex 13.7172 -15.2345 0
      vertex 14.4957 -14.4957 0
    endloop
  endfacet
  facet normal 0 0 -1
    outer loop
      vertex 30.5 -26 0
      vertex 12.9011 -15.9315 0
      vertex 13.7172 -15.2345 0
    endloop
  endfacet
  facet normal 0 0 -1
    outer loop
      vertex 6.33485 -19.4967 0
      vertex 14.6783 -45.1752 0
      vertex 12.2939 -45.8815 0
    endloop
  endfacet
  facet normal 0 0 -1
    outer loop
      vertex 30.5 -26 0
      vertex 12.0496 -16.5848 0
      vertex 12.9011 -15.9315 0
    endloop
  endfacet
  facet normal 0 0 -1
    outer loop
      vertex 30.5 -26 0
      vertex 11.1651 -17.1927 0
      vertex 12.0496 -16.5848 0
    endloop
  endfacet
  facet normal 0 0 -1
    outer loop
      vertex 30.5 -26 0
      vertex 10.25 -17.7535 0
      vertex 11.1651 -17.1927 0
    endloop
  endfacet
  facet normal 0 0 -1
    outer loop
      vertex 5.30579 -19.8015 0
      vertex 12.2939 -45.8815 0
      vertex 9.8758 -46.462 0
    endloop
  endfacet
  facet normal 0 0 -1
    outer loop
      vertex 21.5645 -42.3228 0
      vertex 9.3068 -18.2656 0
      vertex 10.25 -17.7535 0
    endloop
  endfacet
  facet normal 0 0 -1
    outer loop
      vertex 19.32 -43.3934 0
      vertex 8.3381 -18.7277 0
      vertex 9.3068 -18.2656 0
    endloop
  endfacet
  facet normal 0 0 -1
    outer loop
      vertex 4.26219 -20.052 0
      vertex 9.8758 -46.462 0
      vertex 7.43064 -46.9152 0
    endloop
  endfacet
  facet normal 0 0 -1
    outer loop
      vertex 17.0225 -44.3451 0
      vertex 7.34654 -19.1384 0
      vertex 8.3381 -18.7277 0
    endloop
  endfacet
  facet normal 0 0 -1
    outer loop
      vertex 14.6783 -45.1752 0
      vertex 6.33485 -19.4967 0
      vertex 7.34654 -19.1384 0
    endloop
  endfacet
  facet normal 0 0 -1
    outer loop
      vertex 12.2939 -45.8815 0
      vertex 5.30579 -19.8015 0
      vertex 6.33485 -19.4967 0
    endloop
  endfacet
  facet normal 0 0 -1
    outer loop
      vertex 3.20691 -20.2476 0
      vertex 7.43064 -46.9152 0
      vertex 4.9651 -47.2398 0
    endloop
  endfacet
  facet normal 0 0 -1
    outer loop
      vertex 9.8758 -46.462 0
      vertex 4.26219 -20.052 0
      vertex 5.30579 -19.8015 0
    endloop
  endfacet
  facet normal 0 0 -1
    outer loop
      vertex 7.43064 -46.9152 0
      vertex 3.20691 -20.2476 0
      vertex 4.26219 -20.052 0
    endloop
  endfacet
  facet normal 0 0 -1
    outer loop
      vertex 2.14283 -20.3877 0
      vertex 4.9651 -47.2398 0
      vertex 2.48596 -47.4349 0
    endloop
  endfacet
  facet normal 0 0 -1
    outer loop
      vertex 4.9651 -47.2398 0
      vertex 2.14283 -20.3877 0
      vertex 3.20691 -20.2476 0
    endloop
  endfacet
  facet normal 0 0 -1
    outer loop
      vertex 2.48596 -47.4349 0
      vertex 1.07289 -20.4719 0
      vertex 2.14283 -20.3877 0
    endloop
  endfacet
  facet normal 0 0 -1
    outer loop
      vertex 0 -47.5 0
      vertex 1.07289 -20.4719 0
      vertex 2.48596 -47.4349 0
    endloop
  endfacet
  facet normal 0 0 -1
    outer loop
      vertex 0 -47.5 0
      vertex 0 -20.5 0
      vertex 1.07289 -20.4719 0
    endloop
  endfacet
  facet normal 0 0 -1
    outer loop
      vertex 0 -47.5 0
      vertex -1.07289 -20.4719 0
      vertex 0 -20.5 0
    endloop
  endfacet
  facet normal 0 0 -1
    outer loop
      vertex -2.48596 -47.4349 0
      vertex -1.07289 -20.4719 0
      vertex 0 -47.5 0
    endloop
  endfacet
  facet normal -0 0 -1
    outer loop
      vertex -1.07289 -20.4719 0
      vertex -2.48596 -47.4349 0
      vertex -2.14283 -20.3877 0
    endloop
  endfacet
  facet normal 0 0 -1
    outer loop
      vertex -4.9651 -47.2398 0
      vertex -2.14283 -20.3877 0
      vertex -2.48596 -47.4349 0
    endloop
  endfacet
  facet normal -0 0 -1
    outer loop
      vertex -2.14283 -20.3877 0
      vertex -4.9651 -47.2398 0
      vertex -3.20691 -20.2476 0
    endloop
  endfacet
  facet normal 0 0 -1
    outer loop
      vertex -7.43064 -46.9152 0
      vertex -3.20691 -20.2476 0
      vertex -4.9651 -47.2398 0
    endloop
  endfacet
  facet normal -0 0 -1
    outer loop
      vertex -3.20691 -20.2476 0
      vertex -7.43064 -46.9152 0
      vertex -4.26219 -20.052 0
    endloop
  endfacet
  facet normal 0 0 -1
    outer loop
      vertex -9.8758 -46.462 0
      vertex -4.26219 -20.052 0
      vertex -7.43064 -46.9152 0
    endloop
  endfacet
  facet normal -0 0 -1
    outer loop
      vertex -4.26219 -20.052 0
      vertex -9.8758 -46.462 0
      vertex -5.30579 -19.8015 0
    endloop
  endfacet
  facet normal 0 0 -1
    outer loop
      vertex -12.2939 -45.8815 0
      vertex -5.30579 -19.8015 0
      vertex -9.8758 -46.462 0
    endloop
  endfacet
  facet normal -0 0 -1
    outer loop
      vertex -5.30579 -19.8015 0
      vertex -12.2939 -45.8815 0
      vertex -6.33485 -19.4967 0
    endloop
  endfacet
  facet normal 0 0 -1
    outer loop
      vertex -14.6783 -45.1752 0
      vertex -6.33485 -19.4967 0
      vertex -12.2939 -45.8815 0
    endloop
  endfacet
  facet normal -0 0 -1
    outer loop
      vertex -6.33485 -19.4967 0
      vertex -14.6783 -45.1752 0
      vertex -7.34654 -19.1384 0
    endloop
  endfacet
  facet normal 0 0 -1
    outer loop
      vertex -17.0225 -44.3451 0
      vertex -7.34654 -19.1384 0
      vertex -14.6783 -45.1752 0
    endloop
  endfacet
  facet normal -0 0 -1
    outer loop
      vertex -7.34654 -19.1384 0
      vertex -17.0225 -44.3451 0
      vertex -8.3381 -18.7277 0
    endloop
  endfacet
  facet normal 0 0 -1
    outer loop
      vertex -19.32 -43.3934 0
      vertex -8.3381 -18.7277 0
      vertex -17.0225 -44.3451 0
    endloop
  endfacet
  facet normal -0 0 -1
    outer loop
      vertex -8.3381 -18.7277 0
      vertex -19.32 -43.3934 0
      vertex -9.3068 -18.2656 0
    endloop
  endfacet
  facet normal 0 0 -1
    outer loop
      vertex -21.5645 -42.3228 0
      vertex -9.3068 -18.2656 0
      vertex -19.32 -43.3934 0
    endloop
  endfacet
  facet normal -0 0 -1
    outer loop
      vertex -9.3068 -18.2656 0
      vertex -21.5645 -42.3228 0
      vertex -10.25 -17.7535 0
    endloop
  endfacet
  facet normal 0 0 -1
    outer loop
      vertex -23.75 -41.1362 0
      vertex -10.25 -17.7535 0
      vertex -21.5645 -42.3228 0
    endloop
  endfacet
  facet normal -0 0 -1
    outer loop
      vertex -10.25 -17.7535 0
      vertex -23.75 -41.1362 0
      vertex -11.1651 -17.1927 0
    endloop
  endfacet
  facet normal 0 0 -1
    outer loop
      vertex -25.8704 -39.8369 0
      vertex -11.1651 -17.1927 0
      vertex -23.75 -41.1362 0
    endloop
  endfacet
  facet normal -0 0 -1
    outer loop
      vertex -11.1651 -17.1927 0
      vertex -25.8704 -39.8369 0
      vertex -12.0496 -16.5848 0
    endloop
  endfacet
  facet normal 0 0 -1
    outer loop
      vertex -27.9198 -38.4283 0
      vertex -12.0496 -16.5848 0
      vertex -25.8704 -39.8369 0
    endloop
  endfacet
  facet normal -0 0 -1
    outer loop
      vertex -12.0496 -16.5848 0
      vertex -27.9198 -38.4283 0
      vertex -12.9011 -15.9315 0
    endloop
  endfacet
  facet normal 0 0 -1
    outer loop
      vertex -29.8927 -36.9144 0
      vertex -12.9011 -15.9315 0
      vertex -27.9198 -38.4283 0
    endloop
  endfacet
  facet normal -0 0 -1
    outer loop
      vertex -12.9011 -15.9315 0
      vertex -29.8927 -36.9144 0
      vertex -13.7172 -15.2345 0
    endloop
  endfacet
  facet normal 0 0 -1
    outer loop
      vertex -31.7837 -35.2994 0
      vertex -13.7172 -15.2345 0
      vertex -29.8927 -36.9144 0
    endloop
  endfacet
  facet normal -0 0 -1
    outer loop
      vertex -13.7172 -15.2345 0
      vertex -31.7837 -35.2994 0
      vertex -14.4957 -14.4957 0
    endloop
  endfacet
  facet normal 0 0 -1
    outer loop
      vertex -33.5876 -33.5876 0
      vertex -14.4957 -14.4957 0
      vertex -31.7837 -35.2994 0
    endloop
  endfacet
  facet normal -0 0 -1
    outer loop
      vertex -14.4957 -14.4957 0
      vertex -33.5876 -33.5876 0
      vertex -15.2345 -13.7172 0
    endloop
  endfacet
  facet normal 0 0 -1
    outer loop
      vertex -35.2994 -31.7837 0
      vertex -15.2345 -13.7172 0
      vertex -33.5876 -33.5876 0
    endloop
  endfacet
  facet normal -0 0 -1
    outer loop
      vertex -15.2345 -13.7172 0
      vertex -35.2994 -31.7837 0
      vertex -15.9315 -12.9011 0
    endloop
  endfacet
  facet normal 0 0 -1
    outer loop
      vertex -36.9144 -29.8927 0
      vertex -15.9315 -12.9011 0
      vertex -35.2994 -31.7837 0
    endloop
  endfacet
  facet normal -0 0 -1
    outer loop
      vertex -15.9315 -12.9011 0
      vertex -36.9144 -29.8927 0
      vertex -16.5848 -12.0496 0
    endloop
  endfacet
  facet normal 0 0 -1
    outer loop
      vertex -38.4283 -27.9198 0
      vertex -16.5848 -12.0496 0
      vertex -36.9144 -29.8927 0
    endloop
  endfacet
  facet normal -0 0 -1
    outer loop
      vertex -16.5848 -12.0496 0
      vertex -38.4283 -27.9198 0
      vertex -17.1927 -11.1651 0
    endloop
  endfacet
  facet normal -0 0 -1
    outer loop
      vertex -17.1927 -11.1651 0
      vertex -39.8369 -25.8704 0
      vertex -17.7535 -10.25 0
    endloop
  endfacet
  facet normal 0 0 -1
    outer loop
      vertex -39.8369 -25.8704 0
      vertex -17.1927 -11.1651 0
      vertex -38.4283 -27.9198 0
    endloop
  endfacet
  facet normal -0.56643 -0.82411 0
    outer loop
      vertex -27.9198 -38.4283 23
      vertex -25.8704 -39.8369 65
      vertex -27.9198 -38.4283 65
    endloop
  endfacet
  facet normal -0.56643 -0.82411 -0
    outer loop
      vertex -25.8704 -39.8369 65
      vertex -27.9198 -38.4283 23
      vertex -25.8704 -39.8369 23
    endloop
  endfacet
  facet normal -0.56643 -0.82411 0
    outer loop
      vertex -27.9198 -38.4283 0
      vertex -25.8704 -39.8369 5
      vertex -27.9198 -38.4283 5
    endloop
  endfacet
  facet normal -0.56643 -0.82411 -0
    outer loop
      vertex -25.8704 -39.8369 5
      vertex -27.9198 -38.4283 0
      vertex -25.8704 -39.8369 0
    endloop
  endfacet
  facet normal 0.852608 -0.522552 0
    outer loop
      vertex -37.3208 24.2364 62.01
      vertex -37.5548 23.8546 23
      vertex -37.3208 24.2364 23
    endloop
  endfacet
  facet normal 0.852634 -0.522509 -5.77229e-07
    outer loop
      vertex -38.5381 22.25 62.01
      vertex -37.5548 23.8546 23
      vertex -37.3208 24.2364 62.01
    endloop
  endfacet
  facet normal 0.85264 -0.522499 0
    outer loop
      vertex -38.5381 22.25 6
      vertex -37.5548 23.8546 23
      vertex -38.5381 22.25 62.01
    endloop
  endfacet
  facet normal 0.85264 -0.522499 0
    outer loop
      vertex -37.5548 23.8546 23
      vertex -38.5381 22.25 6
      vertex -37.5548 23.8546 6
    endloop
  endfacet
  facet normal -0.477176 -0.878808 0
    outer loop
      vertex 20.2026 39.6498 6
      vertex 22.25 38.5381 62.01
      vertex 20.2026 39.6498 62.01
    endloop
  endfacet
  facet normal -0.477176 -0.878808 -0
    outer loop
      vertex 22.25 38.5381 62.01
      vertex 20.2026 39.6498 6
      vertex 22.25 38.5381 6
    endloop
  endfacet
  facet normal -0.996917 -0.0784633 0
    outer loop
      vertex 44.439 2.32895 6
      vertex 44.2562 4.65152 62.01
      vertex 44.2562 4.65152 6
    endloop
  endfacet
  facet normal -0.996917 -0.0784633 0
    outer loop
      vertex 44.2562 4.65152 62.01
      vertex 44.439 2.32895 6
      vertex 44.439 2.32895 62.01
    endloop
  endfacet
  facet normal -0.999657 -0.0261831 0
    outer loop
      vertex 44.5 0 6
      vertex 44.439 2.32895 62.01
      vertex 44.439 2.32895 6
    endloop
  endfacet
  facet normal -0.999657 -0.0261831 0
    outer loop
      vertex 44.439 2.32895 62.01
      vertex 44.5 0 6
      vertex 44.5 0 62.01
    endloop
  endfacet
  facet normal -0.991444 -0.130529 0
    outer loop
      vertex 44.2562 4.65152 6
      vertex 43.9521 6.96133 62.01
      vertex 43.9521 6.96133 6
    endloop
  endfacet
  facet normal -0.991444 -0.130529 0
    outer loop
      vertex 43.9521 6.96133 62.01
      vertex 44.2562 4.65152 6
      vertex 44.2562 4.65152 62.01
    endloop
  endfacet
  facet normal -0.878819 0.477155 0
    outer loop
      vertex 39.5 -20.4785 6
      vertex 39.6498 -20.2026 62.01
      vertex 39.6498 -20.2026 6
    endloop
  endfacet
  facet normal -0.878819 0.477155 0
    outer loop
      vertex 39.6498 -20.2026 62.01
      vertex 39.5 -20.4785 6
      vertex 39.5 -20.4785 62.01
    endloop
  endfacet
  facet normal -0.333815 -0.942639 0
    outer loop
      vertex 13.7513 42.322 6
      vertex 15.9474 41.5443 62.01
      vertex 13.7513 42.322 62.01
    endloop
  endfacet
  facet normal -0.333815 -0.942639 -0
    outer loop
      vertex 15.9474 41.5443 62.01
      vertex 13.7513 42.322 6
      vertex 15.9474 41.5443 6
    endloop
  endfacet
  facet normal -0.688321 0.725407 0
    outer loop
      vertex 31.4663 -31.4663 6
      vertex 29.7763 -33.0699 62.01
      vertex 31.4663 -31.4663 62.01
    endloop
  endfacet
  facet normal -0.688321 0.725407 0
    outer loop
      vertex 29.7763 -33.0699 62.01
      vertex 31.4663 -31.4663 6
      vertex 29.7763 -33.0699 6
    endloop
  endfacet
  facet normal -0.824103 -0.566439 0
    outer loop
      vertex 36.1088 26 6
      vertex 36.0013 26.1564 62.01
      vertex 36.0013 26.1564 6
    endloop
  endfacet
  facet normal -0.824103 -0.566439 0
    outer loop
      vertex 36.0013 26.1564 62.01
      vertex 36.1088 26 6
      vertex 36.1088 26 62.01
    endloop
  endfacet
  facet normal 0.688321 -0.725407 0
    outer loop
      vertex -31.4663 31.4663 6
      vertex -29.7763 33.0699 62.01
      vertex -31.4663 31.4663 62.01
    endloop
  endfacet
  facet normal 0.688321 -0.725407 0
    outer loop
      vertex -29.7763 33.0699 62.01
      vertex -31.4663 31.4663 6
      vertex -29.7763 33.0699 6
    endloop
  endfacet
  facet normal -0.793359 0.608754 0
    outer loop
      vertex 34.583 -28.0048 6
      vertex 36.0013 -26.1564 62.01
      vertex 36.0013 -26.1564 6
    endloop
  endfacet
  facet normal -0.793359 0.608754 0
    outer loop
      vertex 36.0013 -26.1564 62.01
      vertex 34.583 -28.0048 6
      vertex 34.583 -28.0048 62.01
    endloop
  endfacet
  facet normal 0.999657 0.0261831 0
    outer loop
      vertex -44.439 -2.32895 62.01
      vertex -44.5 0 6
      vertex -44.5 0 62.01
    endloop
  endfacet
  facet normal 0.999657 0.0261831 0
    outer loop
      vertex -44.5 0 6
      vertex -44.439 -2.32895 62.01
      vertex -44.439 -2.32895 6
    endloop
  endfacet
  facet normal 0.996917 -0.0784633 0
    outer loop
      vertex -44.439 2.32895 62.01
      vertex -44.2562 4.65152 6
      vertex -44.2562 4.65152 62.01
    endloop
  endfacet
  facet normal 0.996917 -0.0784633 0
    outer loop
      vertex -44.2562 4.65152 6
      vertex -44.439 2.32895 62.01
      vertex -44.439 2.32895 6
    endloop
  endfacet
  facet normal -0.182209 -0.98326 9.79422e-07
    outer loop
      vertex 6.96133 43.9521 62.01
      vertex 7.66642 43.8214 23
      vertex 9.25207 43.5276 62.01
    endloop
  endfacet
  facet normal -0.182262 -0.98325 0
    outer loop
      vertex 6.96133 43.9521 6
      vertex 7.66642 43.8214 23
      vertex 6.96133 43.9521 62.01
    endloop
  endfacet
  facet normal -0.182262 -0.98325 -0
    outer loop
      vertex 7.66642 43.8214 23
      vertex 6.96133 43.9521 6
      vertex 7.66642 43.8214 6
    endloop
  endfacet
  facet normal -0.182186 -0.983264 -0
    outer loop
      vertex 9.25207 43.5276 62.01
      vertex 7.66642 43.8214 23
      vertex 9.25207 43.5276 23
    endloop
  endfacet
  facet normal 0.333815 -0.942639 0
    outer loop
      vertex -15.9474 41.5443 6
      vertex -13.7513 42.322 62.01
      vertex -15.9474 41.5443 62.01
    endloop
  endfacet
  facet normal 0.333815 -0.942639 0
    outer loop
      vertex -13.7513 42.322 62.01
      vertex -15.9474 41.5443 6
      vertex -13.7513 42.322 6
    endloop
  endfacet
  facet normal -0.566383 -0.824142 0
    outer loop
      vertex 24.2364 37.3208 23
      vertex 26.1564 36.0013 62.01
      vertex 24.2364 37.3208 62.01
    endloop
  endfacet
  facet normal -0.566383 -0.824142 -0
    outer loop
      vertex 26.1564 36.0013 62.01
      vertex 24.2364 37.3208 23
      vertex 26.1564 36.0013 23
    endloop
  endfacet
  facet normal -0.793359 -0.608754 0
    outer loop
      vertex 36.0013 26.1564 6
      vertex 34.583 28.0048 62.01
      vertex 34.583 28.0048 6
    endloop
  endfacet
  facet normal -0.793359 -0.608754 0
    outer loop
      vertex 34.583 28.0048 62.01
      vertex 36.0013 26.1564 6
      vertex 36.0013 26.1564 62.01
    endloop
  endfacet
  facet normal -0.996917 0.0784633 0
    outer loop
      vertex 44.2562 -4.65152 6
      vertex 44.439 -2.32895 62.01
      vertex 44.439 -2.32895 6
    endloop
  endfacet
  facet normal -0.996917 0.0784633 0
    outer loop
      vertex 44.439 -2.32895 62.01
      vertex 44.2562 -4.65152 6
      vertex 44.2562 -4.65152 62.01
    endloop
  endfacet
  facet normal -0.522509 -0.852634 -5.77229e-07
    outer loop
      vertex 22.25 38.5381 62.01
      vertex 23.8546 37.5548 23
      vertex 24.2364 37.3208 62.01
    endloop
  endfacet
  facet normal -0.522499 -0.85264 0
    outer loop
      vertex 22.25 38.5381 6
      vertex 23.8546 37.5548 23
      vertex 22.25 38.5381 62.01
    endloop
  endfacet
  facet normal -0.522499 -0.85264 -0
    outer loop
      vertex 23.8546 37.5548 23
      vertex 22.25 38.5381 6
      vertex 23.8546 37.5548 6
    endloop
  endfacet
  facet normal -0.522552 -0.852608 -0
    outer loop
      vertex 24.2364 37.3208 62.01
      vertex 23.8546 37.5548 23
      vertex 24.2364 37.3208 23
    endloop
  endfacet
  facet normal -0.430517 -0.902583 0
    outer loop
      vertex 18.0998 40.6528 6
      vertex 20.2026 39.6498 62.01
      vertex 18.0998 40.6528 62.01
    endloop
  endfacet
  facet normal -0.430517 -0.902583 -0
    outer loop
      vertex 20.2026 39.6498 62.01
      vertex 18.0998 40.6528 6
      vertex 20.2026 39.6498 6
    endloop
  endfacet
  facet normal -0.284088 -0.958798 0
    outer loop
      vertex 11.5741 42.9669 23
      vertex 11.5174 42.9837 62.01
      vertex 11.5174 42.9837 23
    endloop
  endfacet
  facet normal -0.284011 -0.958821 1.2246e-07
    outer loop
      vertex 11.5174 42.9837 62.01
      vertex 11.5741 42.9669 23
      vertex 13.7513 42.322 62.01
    endloop
  endfacet
  facet normal -0.284009 -0.958822 0
    outer loop
      vertex 13.7513 42.322 6
      vertex 11.5741 42.9669 23
      vertex 11.5741 42.9669 6
    endloop
  endfacet
  facet normal -0.284009 -0.958822 0
    outer loop
      vertex 11.5741 42.9669 23
      vertex 13.7513 42.322 6
      vertex 13.7513 42.322 62.01
    endloop
  endfacet
  facet normal -0.824103 0.566439 0
    outer loop
      vertex 36.0013 -26.1564 6
      vertex 36.1088 -26 62.01
      vertex 36.1088 -26 6
    endloop
  endfacet
  facet normal -0.824103 0.566439 0
    outer loop
      vertex 36.1088 -26 62.01
      vertex 36.0013 -26.1564 6
      vertex 36.0013 -26.1564 62.01
    endloop
  endfacet
  facet normal -0.942639 -0.333815 0
    outer loop
      vertex 42.322 13.7513 6
      vertex 41.5443 15.9474 62.01
      vertex 41.5443 15.9474 6
    endloop
  endfacet
  facet normal -0.942639 -0.333815 0
    outer loop
      vertex 41.5443 15.9474 62.01
      vertex 42.322 13.7513 6
      vertex 42.322 13.7513 62.01
    endloop
  endfacet
  facet normal -0.999657 0.0261831 0
    outer loop
      vertex 44.439 -2.32895 6
      vertex 44.5 0 62.01
      vertex 44.5 0 6
    endloop
  endfacet
  facet normal -0.999657 0.0261831 0
    outer loop
      vertex 44.5 0 62.01
      vertex 44.439 -2.32895 6
      vertex 44.439 -2.32895 62.01
    endloop
  endfacet
  facet normal 0.991452 0.130473 0
    outer loop
      vertex -44.2562 -4.65152 62.01
      vertex -44.112 -5.74728 23
      vertex -44.2562 -4.65152 6
    endloop
  endfacet
  facet normal 0.991444 0.130529 -1.60661e-06
    outer loop
      vertex -43.9521 -6.96133 62.01
      vertex -44.112 -5.74728 23
      vertex -44.2562 -4.65152 62.01
    endloop
  endfacet
  facet normal 0.991438 0.13058 0
    outer loop
      vertex -44.112 -5.74728 23
      vertex -43.9521 -6.96133 62.01
      vertex -43.9521 -6.96133 23
    endloop
  endfacet
  facet normal 0.991452 0.130473 0
    outer loop
      vertex -44.2562 -4.65152 6
      vertex -44.112 -5.74728 23
      vertex -44.112 -5.74728 6
    endloop
  endfacet
  facet normal 0.999657 -0.0261831 0
    outer loop
      vertex -44.5 0 62.01
      vertex -44.439 2.32895 6
      vertex -44.439 2.32895 62.01
    endloop
  endfacet
  facet normal 0.999657 -0.0261831 0
    outer loop
      vertex -44.439 2.32895 6
      vertex -44.5 0 62.01
      vertex -44.5 0 6
    endloop
  endfacet
  facet normal -0.972366 0.233463 0
    outer loop
      vertex 42.9837 -11.5174 6
      vertex 43.5276 -9.25207 62.01
      vertex 43.5276 -9.25207 6
    endloop
  endfacet
  facet normal -0.972366 0.233463 0
    outer loop
      vertex 43.5276 -9.25207 62.01
      vertex 42.9837 -11.5174 6
      vertex 42.9837 -11.5174 62.01
    endloop
  endfacet
  facet normal 0.566383 -0.824142 -2.14015e-07
    outer loop
      vertex -26.1564 36.0013 62.01
      vertex -25.5655 36.4074 23
      vertex -24.2364 37.3208 62.01
    endloop
  endfacet
  facet normal 0.566393 -0.824136 0
    outer loop
      vertex -26.1564 36.0013 6
      vertex -25.5655 36.4074 23
      vertex -26.1564 36.0013 62.01
    endloop
  endfacet
  facet normal 0.566393 -0.824136 0
    outer loop
      vertex -25.5655 36.4074 23
      vertex -26.1564 36.0013 6
      vertex -25.5655 36.4074 6
    endloop
  endfacet
  facet normal 0.566379 -0.824145 0
    outer loop
      vertex -24.2364 37.3208 62.01
      vertex -25.5655 36.4074 23
      vertex -24.2364 37.3208 23
    endloop
  endfacet
  facet normal -0.522509 0.852634 0
    outer loop
      vertex 24.2364 -37.3208 23
      vertex 22.25 -38.5381 62.01
      vertex 24.2364 -37.3208 62.01
    endloop
  endfacet
  facet normal -0.522509 0.852634 0
    outer loop
      vertex 22.25 -38.5381 62.01
      vertex 24.2364 -37.3208 23
      vertex 22.25 -38.5381 23
    endloop
  endfacet
  facet normal -0.878819 -0.477155 0
    outer loop
      vertex 39.6498 20.2026 6
      vertex 39.5 20.4785 62.01
      vertex 39.5 20.4785 6
    endloop
  endfacet
  facet normal -0.878819 -0.477155 0
    outer loop
      vertex 39.5 20.4785 62.01
      vertex 39.6498 20.2026 6
      vertex 39.6498 20.2026 62.01
    endloop
  endfacet
  facet normal -0.0784633 -0.996917 0
    outer loop
      vertex 2.32895 44.439 6
      vertex 4.65152 44.2562 62.01
      vertex 2.32895 44.439 62.01
    endloop
  endfacet
  facet normal -0.0784633 -0.996917 -0
    outer loop
      vertex 4.65152 44.2562 62.01
      vertex 2.32895 44.439 6
      vertex 4.65152 44.2562 6
    endloop
  endfacet
  facet normal 0.725407 0.688321 0
    outer loop
      vertex -31.4663 -31.4663 62.01
      vertex -33.0699 -29.7763 6
      vertex -33.0699 -29.7763 62.01
    endloop
  endfacet
  facet normal 0.725407 0.688321 0
    outer loop
      vertex -33.0699 -29.7763 6
      vertex -31.4663 -31.4663 62.01
      vertex -31.4663 -31.4663 6
    endloop
  endfacet
  facet normal -0.649472 0.760386 0
    outer loop
      vertex 29.7763 -33.0699 6
      vertex 28.0048 -34.583 62.01
      vertex 29.7763 -33.0699 62.01
    endloop
  endfacet
  facet normal -0.649472 0.760386 0
    outer loop
      vertex 28.0048 -34.583 62.01
      vertex 29.7763 -33.0699 6
      vertex 28.0048 -34.583 6
    endloop
  endfacet
  facet normal -0.0784633 0.996917 0
    outer loop
      vertex 4.65152 -44.2562 6
      vertex 2.32895 -44.439 62.01
      vertex 4.65152 -44.2562 62.01
    endloop
  endfacet
  facet normal -0.0784633 0.996917 0
    outer loop
      vertex 2.32895 -44.439 62.01
      vertex 4.65152 -44.2562 6
      vertex 2.32895 -44.439 6
    endloop
  endfacet
  facet normal -0.98326 -0.182209 0
    outer loop
      vertex 43.9521 6.96133 6
      vertex 43.5276 9.25207 62.01
      vertex 43.5276 9.25207 6
    endloop
  endfacet
  facet normal -0.98326 -0.182209 0
    outer loop
      vertex 43.5276 9.25207 62.01
      vertex 43.9521 6.96133 6
      vertex 43.9521 6.96133 62.01
    endloop
  endfacet
  facet normal -0.382664 -0.923888 0
    outer loop
      vertex 15.9474 41.5443 6
      vertex 18.0998 40.6528 62.01
      vertex 15.9474 41.5443 62.01
    endloop
  endfacet
  facet normal -0.382664 -0.923888 -0
    outer loop
      vertex 18.0998 40.6528 62.01
      vertex 15.9474 41.5443 6
      vertex 18.0998 40.6528 6
    endloop
  endfacet
  facet normal -0.477428 0.878671 0
    outer loop
      vertex 22.1981 -38.5663 23
      vertex 22.25 -38.5381 62.01
      vertex 22.25 -38.5381 23
    endloop
  endfacet
  facet normal -0.477176 0.878808 -4.34072e-07
    outer loop
      vertex 22.25 -38.5381 62.01
      vertex 22.1981 -38.5663 23
      vertex 20.2026 -39.6498 62.01
    endloop
  endfacet
  facet normal -0.47717 0.878811 0
    outer loop
      vertex 20.2026 -39.6498 6
      vertex 22.1981 -38.5663 23
      vertex 22.1981 -38.5663 6
    endloop
  endfacet
  facet normal -0.47717 0.878811 0
    outer loop
      vertex 22.1981 -38.5663 23
      vertex 20.2026 -39.6498 6
      vertex 20.2026 -39.6498 62.01
    endloop
  endfacet
  facet normal -0.0261831 0.999657 0
    outer loop
      vertex 2.32895 -44.439 6
      vertex 0 -44.5 62.01
      vertex 2.32895 -44.439 62.01
    endloop
  endfacet
  facet normal -0.0261831 0.999657 0
    outer loop
      vertex 0 -44.5 62.01
      vertex 2.32895 -44.439 6
      vertex 0 -44.5 6
    endloop
  endfacet
  facet normal -0.233463 0.972366 1.35496e-06
    outer loop
      vertex 11.5174 -42.9837 62.01
      vertex 9.6875 -43.423 23
      vertex 9.25207 -43.5276 62.01
    endloop
  endfacet
  facet normal -0.233435 0.972372 0
    outer loop
      vertex 11.5174 -42.9837 6
      vertex 9.6875 -43.423 23
      vertex 11.5174 -42.9837 62.01
    endloop
  endfacet
  facet normal -0.233435 0.972372 0
    outer loop
      vertex 9.6875 -43.423 23
      vertex 11.5174 -42.9837 6
      vertex 9.6875 -43.423 6
    endloop
  endfacet
  facet normal -0.233577 0.972338 0
    outer loop
      vertex 9.25207 -43.5276 62.01
      vertex 9.6875 -43.423 23
      vertex 9.25207 -43.5276 23
    endloop
  endfacet
  facet normal 0.958822 -0.284009 0
    outer loop
      vertex -42.322 13.7513 62.01
      vertex -42.9669 11.5741 23
      vertex -42.322 13.7513 6
    endloop
  endfacet
  facet normal 0.958821 -0.284011 1.2246e-07
    outer loop
      vertex -42.9837 11.5174 62.01
      vertex -42.9669 11.5741 23
      vertex -42.322 13.7513 62.01
    endloop
  endfacet
  facet normal 0.958798 -0.284088 0
    outer loop
      vertex -42.9669 11.5741 23
      vertex -42.9837 11.5174 62.01
      vertex -42.9837 11.5174 23
    endloop
  endfacet
  facet normal 0.958822 -0.284009 0
    outer loop
      vertex -42.322 13.7513 6
      vertex -42.9669 11.5741 23
      vertex -42.9669 11.5741 6
    endloop
  endfacet
  facet normal 0.0261831 0.999657 -0
    outer loop
      vertex 0 -44.5 6
      vertex -2.32895 -44.439 62.01
      vertex 0 -44.5 62.01
    endloop
  endfacet
  facet normal 0.0261831 0.999657 0
    outer loop
      vertex -2.32895 -44.439 62.01
      vertex 0 -44.5 6
      vertex -2.32895 -44.439 6
    endloop
  endfacet
  facet normal 0.182209 0.98326 9.79422e-07
    outer loop
      vertex -6.96133 -43.9521 62.01
      vertex -7.66642 -43.8214 23
      vertex -9.25207 -43.5276 62.01
    endloop
  endfacet
  facet normal 0.182262 0.98325 -0
    outer loop
      vertex -6.96133 -43.9521 6
      vertex -7.66642 -43.8214 23
      vertex -6.96133 -43.9521 62.01
    endloop
  endfacet
  facet normal 0.182262 0.98325 0
    outer loop
      vertex -7.66642 -43.8214 23
      vertex -6.96133 -43.9521 6
      vertex -7.66642 -43.8214 6
    endloop
  endfacet
  facet normal 0.182186 0.983264 0
    outer loop
      vertex -9.25207 -43.5276 62.01
      vertex -7.66642 -43.8214 23
      vertex -9.25207 -43.5276 23
    endloop
  endfacet
  facet normal -0.902583 -0.430517 0
    outer loop
      vertex 40.6528 18.0998 6
      vertex 39.6498 20.2026 62.01
      vertex 39.6498 20.2026 6
    endloop
  endfacet
  facet normal -0.902583 -0.430517 0
    outer loop
      vertex 39.6498 20.2026 62.01
      vertex 40.6528 18.0998 6
      vertex 40.6528 18.0998 62.01
    endloop
  endfacet
  facet normal -0.649472 -0.760386 0
    outer loop
      vertex 28.0048 34.583 6
      vertex 29.7763 33.0699 62.01
      vertex 28.0048 34.583 62.01
    endloop
  endfacet
  facet normal -0.649472 -0.760386 -0
    outer loop
      vertex 29.7763 33.0699 62.01
      vertex 28.0048 34.583 6
      vertex 29.7763 33.0699 6
    endloop
  endfacet
  facet normal 0.760386 -0.649472 0
    outer loop
      vertex -34.583 28.0048 62.01
      vertex -33.0699 29.7763 6
      vertex -33.0699 29.7763 62.01
    endloop
  endfacet
  facet normal 0.760386 -0.649472 0
    outer loop
      vertex -33.0699 29.7763 6
      vertex -34.583 28.0048 62.01
      vertex -34.583 28.0048 6
    endloop
  endfacet
  facet normal 0.824145 0.566379 0
    outer loop
      vertex -37.3208 -24.2364 62.01
      vertex -36.4074 -25.5655 23
      vertex -37.3208 -24.2364 23
    endloop
  endfacet
  facet normal 0.824142 0.566383 -2.14015e-07
    outer loop
      vertex -36.0013 -26.1564 62.01
      vertex -36.4074 -25.5655 23
      vertex -37.3208 -24.2364 62.01
    endloop
  endfacet
  facet normal 0.824136 0.566393 -0
    outer loop
      vertex -36.0013 -26.1564 6
      vertex -36.4074 -25.5655 23
      vertex -36.0013 -26.1564 62.01
    endloop
  endfacet
  facet normal 0.824136 0.566393 0
    outer loop
      vertex -36.4074 -25.5655 23
      vertex -36.0013 -26.1564 6
      vertex -36.4074 -25.5655 6
    endloop
  endfacet
  facet normal 0.725407 -0.688321 0
    outer loop
      vertex -33.0699 29.7763 62.01
      vertex -31.4663 31.4663 6
      vertex -31.4663 31.4663 62.01
    endloop
  endfacet
  facet normal 0.725407 -0.688321 0
    outer loop
      vertex -31.4663 31.4663 6
      vertex -33.0699 29.7763 62.01
      vertex -33.0699 29.7763 6
    endloop
  endfacet
  facet normal 0.130529 0.991444 -0
    outer loop
      vertex -4.65152 -44.2562 6
      vertex -6.96133 -43.9521 62.01
      vertex -4.65152 -44.2562 62.01
    endloop
  endfacet
  facet normal 0.130529 0.991444 0
    outer loop
      vertex -6.96133 -43.9521 62.01
      vertex -4.65152 -44.2562 6
      vertex -6.96133 -43.9521 6
    endloop
  endfacet
  facet normal 0.284088 0.958798 0
    outer loop
      vertex -11.5741 -42.9669 23
      vertex -11.5174 -42.9837 62.01
      vertex -11.5174 -42.9837 23
    endloop
  endfacet
  facet normal 0.284011 0.958821 1.2246e-07
    outer loop
      vertex -11.5174 -42.9837 62.01
      vertex -11.5741 -42.9669 23
      vertex -13.7513 -42.322 62.01
    endloop
  endfacet
  facet normal 0.284009 0.958822 0
    outer loop
      vertex -13.7513 -42.322 6
      vertex -11.5741 -42.9669 23
      vertex -11.5741 -42.9669 6
    endloop
  endfacet
  facet normal 0.284009 0.958822 0
    outer loop
      vertex -11.5741 -42.9669 23
      vertex -13.7513 -42.322 6
      vertex -13.7513 -42.322 62.01
    endloop
  endfacet
  facet normal -0.923888 0.382664 0
    outer loop
      vertex 40.6528 -18.0998 6
      vertex 41.5443 -15.9474 62.01
      vertex 41.5443 -15.9474 6
    endloop
  endfacet
  facet normal -0.923888 0.382664 0
    outer loop
      vertex 41.5443 -15.9474 62.01
      vertex 40.6528 -18.0998 6
      vertex 40.6528 -18.0998 62.01
    endloop
  endfacet
  facet normal 0.430517 -0.902583 0
    outer loop
      vertex -20.2026 39.6498 6
      vertex -18.0998 40.6528 62.01
      vertex -20.2026 39.6498 62.01
    endloop
  endfacet
  facet normal 0.430517 -0.902583 0
    outer loop
      vertex -18.0998 40.6528 62.01
      vertex -20.2026 39.6498 6
      vertex -18.0998 40.6528 6
    endloop
  endfacet
  facet normal -0.991444 0.130529 0
    outer loop
      vertex 43.9521 -6.96133 6
      vertex 44.2562 -4.65152 62.01
      vertex 44.2562 -4.65152 6
    endloop
  endfacet
  facet normal -0.991444 0.130529 0
    outer loop
      vertex 44.2562 -4.65152 62.01
      vertex 43.9521 -6.96133 6
      vertex 43.9521 -6.96133 62.01
    endloop
  endfacet
  facet normal 0.824142 -0.566383 0
    outer loop
      vertex -37.3208 24.2364 62.01
      vertex -36.0013 26.1564 23
      vertex -36.0013 26.1564 62.01
    endloop
  endfacet
  facet normal 0.824142 -0.566383 0
    outer loop
      vertex -36.0013 26.1564 23
      vertex -37.3208 24.2364 62.01
      vertex -37.3208 24.2364 23
    endloop
  endfacet
  facet normal -0.608783 -0.793337 0
    outer loop
      vertex 27.1279 35.2558 23
      vertex 26.1564 36.0013 62.01
      vertex 26.1564 36.0013 23
    endloop
  endfacet
  facet normal -0.608754 -0.793359 1.14153e-06
    outer loop
      vertex 26.1564 36.0013 62.01
      vertex 27.1279 35.2558 23
      vertex 28.0048 34.583 62.01
    endloop
  endfacet
  facet normal -0.608722 -0.793384 0
    outer loop
      vertex 28.0048 34.583 6
      vertex 27.1279 35.2558 23
      vertex 27.1279 35.2558 6
    endloop
  endfacet
  facet normal -0.608722 -0.793384 0
    outer loop
      vertex 27.1279 35.2558 23
      vertex 28.0048 34.583 6
      vertex 28.0048 34.583 62.01
    endloop
  endfacet
  facet normal 0.942639 0.333815 0
    outer loop
      vertex -41.5443 -15.9474 62.01
      vertex -42.322 -13.7513 6
      vertex -42.322 -13.7513 62.01
    endloop
  endfacet
  facet normal 0.942639 0.333815 0
    outer loop
      vertex -42.322 -13.7513 6
      vertex -41.5443 -15.9474 62.01
      vertex -41.5443 -15.9474 6
    endloop
  endfacet
  facet normal 0.608783 0.793337 0
    outer loop
      vertex -27.1279 -35.2558 23
      vertex -26.1564 -36.0013 62.01
      vertex -26.1564 -36.0013 23
    endloop
  endfacet
  facet normal 0.608754 0.793359 1.14153e-06
    outer loop
      vertex -26.1564 -36.0013 62.01
      vertex -27.1279 -35.2558 23
      vertex -28.0048 -34.583 62.01
    endloop
  endfacet
  facet normal 0.608722 0.793384 0
    outer loop
      vertex -28.0048 -34.583 6
      vertex -27.1279 -35.2558 23
      vertex -27.1279 -35.2558 6
    endloop
  endfacet
  facet normal 0.608722 0.793384 0
    outer loop
      vertex -27.1279 -35.2558 23
      vertex -28.0048 -34.583 6
      vertex -28.0048 -34.583 62.01
    endloop
  endfacet
  facet normal -0.958821 0.284011 0
    outer loop
      vertex 42.322 -13.7513 6
      vertex 42.9837 -11.5174 62.01
      vertex 42.9837 -11.5174 6
    endloop
  endfacet
  facet normal -0.958821 0.284011 0
    outer loop
      vertex 42.9837 -11.5174 62.01
      vertex 42.322 -13.7513 6
      vertex 42.322 -13.7513 62.01
    endloop
  endfacet
  facet normal 0.942639 -0.333815 0
    outer loop
      vertex -42.322 13.7513 62.01
      vertex -41.5443 15.9474 6
      vertex -41.5443 15.9474 62.01
    endloop
  endfacet
  facet normal 0.942639 -0.333815 0
    outer loop
      vertex -41.5443 15.9474 6
      vertex -42.322 13.7513 62.01
      vertex -42.322 13.7513 6
    endloop
  endfacet
  facet normal -0.182209 0.98326 0
    outer loop
      vertex 9.25207 -43.5276 23
      vertex 6.96133 -43.9521 62.01
      vertex 9.25207 -43.5276 62.01
    endloop
  endfacet
  facet normal -0.182209 0.98326 0
    outer loop
      vertex 6.96133 -43.9521 62.01
      vertex 9.25207 -43.5276 23
      vertex 6.96133 -43.9521 23
    endloop
  endfacet
  facet normal -0.760386 0.649472 0
    outer loop
      vertex 33.0699 -29.7763 6
      vertex 34.583 -28.0048 62.01
      vertex 34.583 -28.0048 6
    endloop
  endfacet
  facet normal -0.760386 0.649472 0
    outer loop
      vertex 34.583 -28.0048 62.01
      vertex 33.0699 -29.7763 6
      vertex 33.0699 -29.7763 62.01
    endloop
  endfacet
  facet normal -0.98326 0.182209 0
    outer loop
      vertex 43.5276 -9.25207 6
      vertex 43.9521 -6.96133 62.01
      vertex 43.9521 -6.96133 6
    endloop
  endfacet
  facet normal -0.98326 0.182209 0
    outer loop
      vertex 43.9521 -6.96133 62.01
      vertex 43.5276 -9.25207 6
      vertex 43.5276 -9.25207 62.01
    endloop
  endfacet
  facet normal -0.725407 -0.688321 0
    outer loop
      vertex 33.0699 29.7763 6
      vertex 31.4663 31.4663 62.01
      vertex 31.4663 31.4663 6
    endloop
  endfacet
  facet normal -0.725407 -0.688321 0
    outer loop
      vertex 31.4663 31.4663 62.01
      vertex 33.0699 29.7763 6
      vertex 33.0699 29.7763 62.01
    endloop
  endfacet
  facet normal -0.608754 0.793359 0
    outer loop
      vertex 28.0048 -34.583 6
      vertex 26.1564 -36.0013 62.01
      vertex 28.0048 -34.583 62.01
    endloop
  endfacet
  facet normal -0.608754 0.793359 0
    outer loop
      vertex 26.1564 -36.0013 62.01
      vertex 28.0048 -34.583 6
      vertex 26.1564 -36.0013 6
    endloop
  endfacet
  facet normal 0.382664 0.923888 -0
    outer loop
      vertex -15.9474 -41.5443 6
      vertex -18.0998 -40.6528 62.01
      vertex -15.9474 -41.5443 62.01
    endloop
  endfacet
  facet normal 0.382664 0.923888 0
    outer loop
      vertex -18.0998 -40.6528 62.01
      vertex -15.9474 -41.5443 6
      vertex -18.0998 -40.6528 6
    endloop
  endfacet
  facet normal -0.972366 -0.233463 0
    outer loop
      vertex 43.5276 9.25207 6
      vertex 42.9837 11.5174 62.01
      vertex 42.9837 11.5174 6
    endloop
  endfacet
  facet normal -0.972366 -0.233463 0
    outer loop
      vertex 42.9837 11.5174 62.01
      vertex 43.5276 9.25207 6
      vertex 43.5276 9.25207 62.01
    endloop
  endfacet
  facet normal -0.958821 -0.284011 0
    outer loop
      vertex 42.9837 11.5174 6
      vertex 42.322 13.7513 62.01
      vertex 42.322 13.7513 6
    endloop
  endfacet
  facet normal -0.958821 -0.284011 0
    outer loop
      vertex 42.322 13.7513 62.01
      vertex 42.9837 11.5174 6
      vertex 42.9837 11.5174 62.01
    endloop
  endfacet
  facet normal -0.0261831 -0.999657 0
    outer loop
      vertex 0 44.5 6
      vertex 2.32895 44.439 62.01
      vertex 0 44.5 62.01
    endloop
  endfacet
  facet normal -0.0261831 -0.999657 -0
    outer loop
      vertex 2.32895 44.439 62.01
      vertex 0 44.5 6
      vertex 2.32895 44.439 6
    endloop
  endfacet
  facet normal 0.649472 -0.760386 0
    outer loop
      vertex -29.7763 33.0699 6
      vertex -28.0048 34.583 62.01
      vertex -29.7763 33.0699 62.01
    endloop
  endfacet
  facet normal 0.649472 -0.760386 0
    outer loop
      vertex -28.0048 34.583 62.01
      vertex -29.7763 33.0699 6
      vertex -28.0048 34.583 6
    endloop
  endfacet
  facet normal 0.382664 -0.923888 0
    outer loop
      vertex -18.0998 40.6528 6
      vertex -15.9474 41.5443 62.01
      vertex -18.0998 40.6528 62.01
    endloop
  endfacet
  facet normal 0.382664 -0.923888 0
    outer loop
      vertex -15.9474 41.5443 62.01
      vertex -18.0998 40.6528 6
      vertex -15.9474 41.5443 6
    endloop
  endfacet
  facet normal -0.284011 0.958821 0
    outer loop
      vertex 13.7513 -42.322 6
      vertex 11.5174 -42.9837 62.01
      vertex 13.7513 -42.322 62.01
    endloop
  endfacet
  facet normal -0.284011 0.958821 0
    outer loop
      vertex 11.5174 -42.9837 62.01
      vertex 13.7513 -42.322 6
      vertex 11.5174 -42.9837 6
    endloop
  endfacet
  facet normal 0.0784633 -0.996917 0
    outer loop
      vertex -4.65152 44.2562 6
      vertex -2.32895 44.439 62.01
      vertex -4.65152 44.2562 62.01
    endloop
  endfacet
  facet normal 0.0784633 -0.996917 0
    outer loop
      vertex -2.32895 44.439 62.01
      vertex -4.65152 44.2562 6
      vertex -2.32895 44.439 6
    endloop
  endfacet
  facet normal 0.996917 0.0784633 0
    outer loop
      vertex -44.2562 -4.65152 62.01
      vertex -44.439 -2.32895 6
      vertex -44.439 -2.32895 62.01
    endloop
  endfacet
  facet normal 0.996917 0.0784633 0
    outer loop
      vertex -44.439 -2.32895 6
      vertex -44.2562 -4.65152 62.01
      vertex -44.2562 -4.65152 6
    endloop
  endfacet
  facet normal -0.688321 -0.725407 0
    outer loop
      vertex 29.7763 33.0699 6
      vertex 31.4663 31.4663 62.01
      vertex 29.7763 33.0699 62.01
    endloop
  endfacet
  facet normal -0.688321 -0.725407 -0
    outer loop
      vertex 31.4663 31.4663 62.01
      vertex 29.7763 33.0699 6
      vertex 31.4663 31.4663 6
    endloop
  endfacet
  facet normal 0.878808 -0.477176 0
    outer loop
      vertex -39.6498 20.2026 62.01
      vertex -38.5381 22.25 6
      vertex -38.5381 22.25 62.01
    endloop
  endfacet
  facet normal 0.878808 -0.477176 0
    outer loop
      vertex -38.5381 22.25 6
      vertex -39.6498 20.2026 62.01
      vertex -39.6498 20.2026 6
    endloop
  endfacet
  facet normal 0.233463 0.972366 -0
    outer loop
      vertex -9.25207 -43.5276 23
      vertex -11.5174 -42.9837 62.01
      vertex -9.25207 -43.5276 62.01
    endloop
  endfacet
  facet normal 0.233463 0.972366 0
    outer loop
      vertex -11.5174 -42.9837 62.01
      vertex -9.25207 -43.5276 23
      vertex -11.5174 -42.9837 23
    endloop
  endfacet
  facet normal 0.13058 -0.991438 0
    outer loop
      vertex -5.74728 44.112 23
      vertex -6.96133 43.9521 62.01
      vertex -6.96133 43.9521 23
    endloop
  endfacet
  facet normal 0.130529 -0.991444 -1.60661e-06
    outer loop
      vertex -6.96133 43.9521 62.01
      vertex -5.74728 44.112 23
      vertex -4.65152 44.2562 62.01
    endloop
  endfacet
  facet normal 0.130473 -0.991452 0
    outer loop
      vertex -4.65152 44.2562 6
      vertex -5.74728 44.112 23
      vertex -5.74728 44.112 6
    endloop
  endfacet
  facet normal 0.130473 -0.991452 0
    outer loop
      vertex -5.74728 44.112 23
      vertex -4.65152 44.2562 6
      vertex -4.65152 44.2562 62.01
    endloop
  endfacet
  facet normal 0.0261831 -0.999657 0
    outer loop
      vertex -2.32895 44.439 6
      vertex 0 44.5 62.01
      vertex -2.32895 44.439 62.01
    endloop
  endfacet
  facet normal 0.0261831 -0.999657 0
    outer loop
      vertex 0 44.5 62.01
      vertex -2.32895 44.439 6
      vertex 0 44.5 6
    endloop
  endfacet
  facet normal 0.430517 0.902583 -0
    outer loop
      vertex -18.0998 -40.6528 6
      vertex -20.2026 -39.6498 62.01
      vertex -18.0998 -40.6528 62.01
    endloop
  endfacet
  facet normal 0.430517 0.902583 0
    outer loop
      vertex -20.2026 -39.6498 62.01
      vertex -18.0998 -40.6528 6
      vertex -20.2026 -39.6498 6
    endloop
  endfacet
  facet normal 0.333815 0.942639 -0
    outer loop
      vertex -13.7513 -42.322 6
      vertex -15.9474 -41.5443 62.01
      vertex -13.7513 -42.322 62.01
    endloop
  endfacet
  facet normal 0.333815 0.942639 0
    outer loop
      vertex -15.9474 -41.5443 62.01
      vertex -13.7513 -42.322 6
      vertex -15.9474 -41.5443 6
    endloop
  endfacet
  facet normal 0.182209 -0.98326 0
    outer loop
      vertex -9.25207 43.5276 23
      vertex -6.96133 43.9521 62.01
      vertex -9.25207 43.5276 62.01
    endloop
  endfacet
  facet normal 0.182209 -0.98326 0
    outer loop
      vertex -6.96133 43.9521 62.01
      vertex -9.25207 43.5276 23
      vertex -6.96133 43.9521 23
    endloop
  endfacet
  facet normal 0.760386 0.649472 0
    outer loop
      vertex -33.0699 -29.7763 62.01
      vertex -34.583 -28.0048 6
      vertex -34.583 -28.0048 62.01
    endloop
  endfacet
  facet normal 0.760386 0.649472 0
    outer loop
      vertex -34.583 -28.0048 6
      vertex -33.0699 -29.7763 62.01
      vertex -33.0699 -29.7763 6
    endloop
  endfacet
  facet normal -0.566383 0.824142 -2.14015e-07
    outer loop
      vertex 26.1564 -36.0013 62.01
      vertex 25.5655 -36.4074 23
      vertex 24.2364 -37.3208 62.01
    endloop
  endfacet
  facet normal -0.566393 0.824136 0
    outer loop
      vertex 26.1564 -36.0013 6
      vertex 25.5655 -36.4074 23
      vertex 26.1564 -36.0013 62.01
    endloop
  endfacet
  facet normal -0.566393 0.824136 0
    outer loop
      vertex 25.5655 -36.4074 23
      vertex 26.1564 -36.0013 6
      vertex 25.5655 -36.4074 6
    endloop
  endfacet
  facet normal -0.566379 0.824145 0
    outer loop
      vertex 24.2364 -37.3208 62.01
      vertex 25.5655 -36.4074 23
      vertex 24.2364 -37.3208 23
    endloop
  endfacet
  facet normal -0.130529 -0.991444 0
    outer loop
      vertex 4.65152 44.2562 6
      vertex 6.96133 43.9521 62.01
      vertex 4.65152 44.2562 62.01
    endloop
  endfacet
  facet normal -0.130529 -0.991444 -0
    outer loop
      vertex 6.96133 43.9521 62.01
      vertex 4.65152 44.2562 6
      vertex 6.96133 43.9521 6
    endloop
  endfacet
  facet normal -0.760386 -0.649472 0
    outer loop
      vertex 34.583 28.0048 6
      vertex 33.0699 29.7763 62.01
      vertex 33.0699 29.7763 6
    endloop
  endfacet
  facet normal -0.760386 -0.649472 0
    outer loop
      vertex 33.0699 29.7763 62.01
      vertex 34.583 28.0048 6
      vertex 34.583 28.0048 62.01
    endloop
  endfacet
  facet normal -0.430517 0.902583 0
    outer loop
      vertex 20.2026 -39.6498 6
      vertex 18.0998 -40.6528 62.01
      vertex 20.2026 -39.6498 62.01
    endloop
  endfacet
  facet normal -0.430517 0.902583 0
    outer loop
      vertex 18.0998 -40.6528 62.01
      vertex 20.2026 -39.6498 6
      vertex 18.0998 -40.6528 6
    endloop
  endfacet
  facet normal 0.852634 0.522509 0
    outer loop
      vertex -37.3208 -24.2364 62.01
      vertex -38.5381 -22.25 23
      vertex -38.5381 -22.25 62.01
    endloop
  endfacet
  facet normal 0.852634 0.522509 0
    outer loop
      vertex -38.5381 -22.25 23
      vertex -37.3208 -24.2364 62.01
      vertex -37.3208 -24.2364 23
    endloop
  endfacet
  facet normal -0.13058 0.991438 0
    outer loop
      vertex 5.74728 -44.112 23
      vertex 6.96133 -43.9521 62.01
      vertex 6.96133 -43.9521 23
    endloop
  endfacet
  facet normal -0.130529 0.991444 -1.60661e-06
    outer loop
      vertex 6.96133 -43.9521 62.01
      vertex 5.74728 -44.112 23
      vertex 4.65152 -44.2562 62.01
    endloop
  endfacet
  facet normal -0.130473 0.991452 0
    outer loop
      vertex 4.65152 -44.2562 6
      vertex 5.74728 -44.112 23
      vertex 5.74728 -44.112 6
    endloop
  endfacet
  facet normal -0.130473 0.991452 0
    outer loop
      vertex 5.74728 -44.112 23
      vertex 4.65152 -44.2562 6
      vertex 4.65152 -44.2562 62.01
    endloop
  endfacet
  facet normal -0.333815 0.942639 0
    outer loop
      vertex 15.9474 -41.5443 6
      vertex 13.7513 -42.322 62.01
      vertex 15.9474 -41.5443 62.01
    endloop
  endfacet
  facet normal -0.333815 0.942639 0
    outer loop
      vertex 13.7513 -42.322 62.01
      vertex 15.9474 -41.5443 6
      vertex 13.7513 -42.322 6
    endloop
  endfacet
  facet normal -0.382664 0.923888 0
    outer loop
      vertex 18.0998 -40.6528 6
      vertex 15.9474 -41.5443 62.01
      vertex 18.0998 -40.6528 62.01
    endloop
  endfacet
  facet normal -0.382664 0.923888 0
    outer loop
      vertex 15.9474 -41.5443 62.01
      vertex 18.0998 -40.6528 6
      vertex 15.9474 -41.5443 6
    endloop
  endfacet
  facet normal 0.923888 -0.382664 0
    outer loop
      vertex -41.5443 15.9474 62.01
      vertex -40.6528 18.0998 6
      vertex -40.6528 18.0998 62.01
    endloop
  endfacet
  facet normal 0.923888 -0.382664 0
    outer loop
      vertex -40.6528 18.0998 6
      vertex -41.5443 15.9474 62.01
      vertex -41.5443 15.9474 6
    endloop
  endfacet
  facet normal 0.98326 0.182209 0
    outer loop
      vertex -43.5276 -9.25207 62.01
      vertex -43.9521 -6.96133 23
      vertex -43.9521 -6.96133 62.01
    endloop
  endfacet
  facet normal 0.98326 0.182209 0
    outer loop
      vertex -43.9521 -6.96133 23
      vertex -43.5276 -9.25207 62.01
      vertex -43.5276 -9.25207 23
    endloop
  endfacet
  facet normal -0.902583 0.430517 0
    outer loop
      vertex 39.6498 -20.2026 6
      vertex 40.6528 -18.0998 62.01
      vertex 40.6528 -18.0998 6
    endloop
  endfacet
  facet normal -0.902583 0.430517 0
    outer loop
      vertex 40.6528 -18.0998 62.01
      vertex 39.6498 -20.2026 6
      vertex 39.6498 -20.2026 62.01
    endloop
  endfacet
  facet normal 0.688321 0.725407 -0
    outer loop
      vertex -29.7763 -33.0699 6
      vertex -31.4663 -31.4663 62.01
      vertex -29.7763 -33.0699 62.01
    endloop
  endfacet
  facet normal 0.688321 0.725407 0
    outer loop
      vertex -31.4663 -31.4663 62.01
      vertex -29.7763 -33.0699 6
      vertex -31.4663 -31.4663 6
    endloop
  endfacet
  facet normal 0.793384 -0.608722 0
    outer loop
      vertex -34.583 28.0048 62.01
      vertex -35.2558 27.1279 23
      vertex -34.583 28.0048 6
    endloop
  endfacet
  facet normal 0.793359 -0.608754 1.14153e-06
    outer loop
      vertex -36.0013 26.1564 62.01
      vertex -35.2558 27.1279 23
      vertex -34.583 28.0048 62.01
    endloop
  endfacet
  facet normal 0.793337 -0.608783 0
    outer loop
      vertex -35.2558 27.1279 23
      vertex -36.0013 26.1564 62.01
      vertex -36.0013 26.1564 23
    endloop
  endfacet
  facet normal 0.793384 -0.608722 0
    outer loop
      vertex -34.583 28.0048 6
      vertex -35.2558 27.1279 23
      vertex -35.2558 27.1279 6
    endloop
  endfacet
  facet normal -0.923888 -0.382664 0
    outer loop
      vertex 41.5443 15.9474 6
      vertex 40.6528 18.0998 62.01
      vertex 40.6528 18.0998 6
    endloop
  endfacet
  facet normal -0.923888 -0.382664 0
    outer loop
      vertex 40.6528 18.0998 62.01
      vertex 41.5443 15.9474 6
      vertex 41.5443 15.9474 62.01
    endloop
  endfacet
  facet normal 0.522509 -0.852634 0
    outer loop
      vertex -24.2364 37.3208 23
      vertex -22.25 38.5381 62.01
      vertex -24.2364 37.3208 62.01
    endloop
  endfacet
  facet normal 0.522509 -0.852634 0
    outer loop
      vertex -22.25 38.5381 62.01
      vertex -24.2364 37.3208 23
      vertex -22.25 38.5381 23
    endloop
  endfacet
  facet normal 0.477428 -0.878671 0
    outer loop
      vertex -22.1981 38.5663 23
      vertex -22.25 38.5381 62.01
      vertex -22.25 38.5381 23
    endloop
  endfacet
  facet normal 0.477176 -0.878808 -4.34072e-07
    outer loop
      vertex -22.25 38.5381 62.01
      vertex -22.1981 38.5663 23
      vertex -20.2026 39.6498 62.01
    endloop
  endfacet
  facet normal 0.47717 -0.878811 0
    outer loop
      vertex -20.2026 39.6498 6
      vertex -22.1981 38.5663 23
      vertex -22.1981 38.5663 6
    endloop
  endfacet
  facet normal 0.47717 -0.878811 0
    outer loop
      vertex -22.1981 38.5663 23
      vertex -20.2026 39.6498 6
      vertex -20.2026 39.6498 62.01
    endloop
  endfacet
  facet normal 0.793359 0.608754 0
    outer loop
      vertex -34.583 -28.0048 62.01
      vertex -36.0013 -26.1564 6
      vertex -36.0013 -26.1564 62.01
    endloop
  endfacet
  facet normal 0.793359 0.608754 0
    outer loop
      vertex -36.0013 -26.1564 6
      vertex -34.583 -28.0048 62.01
      vertex -34.583 -28.0048 6
    endloop
  endfacet
  facet normal 0.0784633 0.996917 -0
    outer loop
      vertex -2.32895 -44.439 6
      vertex -4.65152 -44.2562 62.01
      vertex -2.32895 -44.439 62.01
    endloop
  endfacet
  facet normal 0.0784633 0.996917 0
    outer loop
      vertex -4.65152 -44.2562 62.01
      vertex -2.32895 -44.439 6
      vertex -4.65152 -44.2562 6
    endloop
  endfacet
  facet normal 0.972338 0.233577 0
    outer loop
      vertex -43.5276 -9.25207 62.01
      vertex -43.423 -9.6875 23
      vertex -43.5276 -9.25207 23
    endloop
  endfacet
  facet normal 0.972366 0.233463 1.35496e-06
    outer loop
      vertex -42.9837 -11.5174 62.01
      vertex -43.423 -9.6875 23
      vertex -43.5276 -9.25207 62.01
    endloop
  endfacet
  facet normal 0.972372 0.233435 -0
    outer loop
      vertex -42.9837 -11.5174 6
      vertex -43.423 -9.6875 23
      vertex -42.9837 -11.5174 62.01
    endloop
  endfacet
  facet normal 0.972372 0.233435 0
    outer loop
      vertex -43.423 -9.6875 23
      vertex -42.9837 -11.5174 6
      vertex -43.423 -9.6875 6
    endloop
  endfacet
  facet normal 0.608754 -0.793359 0
    outer loop
      vertex -28.0048 34.583 6
      vertex -26.1564 36.0013 62.01
      vertex -28.0048 34.583 62.01
    endloop
  endfacet
  facet normal 0.608754 -0.793359 0
    outer loop
      vertex -26.1564 36.0013 62.01
      vertex -28.0048 34.583 6
      vertex -26.1564 36.0013 6
    endloop
  endfacet
  facet normal 0.983264 -0.182186 0
    outer loop
      vertex -43.5276 9.25207 62.01
      vertex -43.8214 7.66642 23
      vertex -43.5276 9.25207 23
    endloop
  endfacet
  facet normal 0.98326 -0.182209 9.79422e-07
    outer loop
      vertex -43.9521 6.96133 62.01
      vertex -43.8214 7.66642 23
      vertex -43.5276 9.25207 62.01
    endloop
  endfacet
  facet normal 0.98325 -0.182262 0
    outer loop
      vertex -43.9521 6.96133 6
      vertex -43.8214 7.66642 23
      vertex -43.9521 6.96133 62.01
    endloop
  endfacet
  facet normal 0.98325 -0.182262 0
    outer loop
      vertex -43.8214 7.66642 23
      vertex -43.9521 6.96133 6
      vertex -43.8214 7.66642 6
    endloop
  endfacet
  facet normal 0.991444 -0.130529 0
    outer loop
      vertex -44.2562 4.65152 62.01
      vertex -43.9521 6.96133 6
      vertex -43.9521 6.96133 62.01
    endloop
  endfacet
  facet normal 0.991444 -0.130529 0
    outer loop
      vertex -43.9521 6.96133 6
      vertex -44.2562 4.65152 62.01
      vertex -44.2562 4.65152 6
    endloop
  endfacet
  facet normal 0.902583 -0.430517 0
    outer loop
      vertex -40.6528 18.0998 62.01
      vertex -39.6498 20.2026 6
      vertex -39.6498 20.2026 62.01
    endloop
  endfacet
  facet normal 0.902583 -0.430517 0
    outer loop
      vertex -39.6498 20.2026 6
      vertex -40.6528 18.0998 62.01
      vertex -40.6528 18.0998 6
    endloop
  endfacet
  facet normal -0.233463 -0.972366 0
    outer loop
      vertex 9.25207 43.5276 23
      vertex 11.5174 42.9837 62.01
      vertex 9.25207 43.5276 62.01
    endloop
  endfacet
  facet normal -0.233463 -0.972366 -0
    outer loop
      vertex 11.5174 42.9837 62.01
      vertex 9.25207 43.5276 23
      vertex 11.5174 42.9837 23
    endloop
  endfacet
  facet normal 0.233463 -0.972366 1.35496e-06
    outer loop
      vertex -11.5174 42.9837 62.01
      vertex -9.6875 43.423 23
      vertex -9.25207 43.5276 62.01
    endloop
  endfacet
  facet normal 0.233435 -0.972372 0
    outer loop
      vertex -11.5174 42.9837 6
      vertex -9.6875 43.423 23
      vertex -11.5174 42.9837 62.01
    endloop
  endfacet
  facet normal 0.233435 -0.972372 0
    outer loop
      vertex -9.6875 43.423 23
      vertex -11.5174 42.9837 6
      vertex -9.6875 43.423 6
    endloop
  endfacet
  facet normal 0.233577 -0.972338 0
    outer loop
      vertex -9.25207 43.5276 62.01
      vertex -9.6875 43.423 23
      vertex -9.25207 43.5276 23
    endloop
  endfacet
  facet normal 0.284011 -0.958821 0
    outer loop
      vertex -13.7513 42.322 6
      vertex -11.5174 42.9837 62.01
      vertex -13.7513 42.322 62.01
    endloop
  endfacet
  facet normal 0.284011 -0.958821 0
    outer loop
      vertex -11.5174 42.9837 62.01
      vertex -13.7513 42.322 6
      vertex -11.5174 42.9837 6
    endloop
  endfacet
  facet normal -0.725407 0.688321 0
    outer loop
      vertex 31.4663 -31.4663 6
      vertex 33.0699 -29.7763 62.01
      vertex 33.0699 -29.7763 6
    endloop
  endfacet
  facet normal -0.725407 0.688321 0
    outer loop
      vertex 33.0699 -29.7763 62.01
      vertex 31.4663 -31.4663 6
      vertex 31.4663 -31.4663 62.01
    endloop
  endfacet
  facet normal 0.972366 -0.233463 0
    outer loop
      vertex -43.5276 9.25207 62.01
      vertex -42.9837 11.5174 23
      vertex -42.9837 11.5174 62.01
    endloop
  endfacet
  facet normal 0.972366 -0.233463 0
    outer loop
      vertex -42.9837 11.5174 23
      vertex -43.5276 9.25207 62.01
      vertex -43.5276 9.25207 23
    endloop
  endfacet
  facet normal 0.878811 0.47717 0
    outer loop
      vertex -39.6498 -20.2026 62.01
      vertex -38.5663 -22.1981 23
      vertex -39.6498 -20.2026 6
    endloop
  endfacet
  facet normal 0.878808 0.477176 -4.34072e-07
    outer loop
      vertex -38.5381 -22.25 62.01
      vertex -38.5663 -22.1981 23
      vertex -39.6498 -20.2026 62.01
    endloop
  endfacet
  facet normal 0.878671 0.477428 0
    outer loop
      vertex -38.5663 -22.1981 23
      vertex -38.5381 -22.25 62.01
      vertex -38.5381 -22.25 23
    endloop
  endfacet
  facet normal 0.878811 0.47717 0
    outer loop
      vertex -39.6498 -20.2026 6
      vertex -38.5663 -22.1981 23
      vertex -38.5663 -22.1981 6
    endloop
  endfacet
  facet normal 0.958821 0.284011 0
    outer loop
      vertex -42.322 -13.7513 62.01
      vertex -42.9837 -11.5174 6
      vertex -42.9837 -11.5174 62.01
    endloop
  endfacet
  facet normal 0.958821 0.284011 0
    outer loop
      vertex -42.9837 -11.5174 6
      vertex -42.322 -13.7513 62.01
      vertex -42.322 -13.7513 6
    endloop
  endfacet
  facet normal -0.942639 0.333815 0
    outer loop
      vertex 41.5443 -15.9474 6
      vertex 42.322 -13.7513 62.01
      vertex 42.322 -13.7513 6
    endloop
  endfacet
  facet normal -0.942639 0.333815 0
    outer loop
      vertex 42.322 -13.7513 62.01
      vertex 41.5443 -15.9474 6
      vertex 41.5443 -15.9474 62.01
    endloop
  endfacet
  facet normal 0.649472 0.760386 -0
    outer loop
      vertex -28.0048 -34.583 6
      vertex -29.7763 -33.0699 62.01
      vertex -28.0048 -34.583 62.01
    endloop
  endfacet
  facet normal 0.649472 0.760386 0
    outer loop
      vertex -29.7763 -33.0699 62.01
      vertex -28.0048 -34.583 6
      vertex -29.7763 -33.0699 6
    endloop
  endfacet
  facet normal 0 0 1
    outer loop
      vertex 6.96133 43.9521 6
      vertex 7.61404 43.5852 6
      vertex 7.66642 43.8214 6
    endloop
  endfacet
  facet normal 0 0 1
    outer loop
      vertex 4.65152 44.2562 6
      vertex 7.61404 43.5852 6
      vertex 6.96133 43.9521 6
    endloop
  endfacet
  facet normal 0 0 1
    outer loop
      vertex 7.61404 43.5852 6
      vertex 6.33485 19.4967 6
      vertex 7.34654 19.1384 6
    endloop
  endfacet
  facet normal 0 0 1
    outer loop
      vertex 7.61404 43.5852 6
      vertex 5.30579 19.8015 6
      vertex 6.33485 19.4967 6
    endloop
  endfacet
  facet normal 0 0 1
    outer loop
      vertex 2.14283 20.3877 6
      vertex 7.61404 43.5852 6
      vertex 4.65152 44.2562 6
    endloop
  endfacet
  facet normal 0 0 1
    outer loop
      vertex 7.61404 43.5852 6
      vertex 4.26219 20.052 6
      vertex 5.30579 19.8015 6
    endloop
  endfacet
  facet normal 0 0 1
    outer loop
      vertex 7.61404 43.5852 6
      vertex 3.20691 20.2476 6
      vertex 4.26219 20.052 6
    endloop
  endfacet
  facet normal 0 0 1
    outer loop
      vertex 2.14283 20.3877 6
      vertex 4.65152 44.2562 6
      vertex 2.32895 44.439 6
    endloop
  endfacet
  facet normal 0 0 1
    outer loop
      vertex 7.61404 43.5852 6
      vertex 2.14283 20.3877 6
      vertex 3.20691 20.2476 6
    endloop
  endfacet
  facet normal 0 0 1
    outer loop
      vertex 2.32895 44.439 6
      vertex 1.07289 20.4719 6
      vertex 2.14283 20.3877 6
    endloop
  endfacet
  facet normal 0 0 1
    outer loop
      vertex 0 44.5 6
      vertex 1.07289 20.4719 6
      vertex 2.32895 44.439 6
    endloop
  endfacet
  facet normal 0 0 1
    outer loop
      vertex 0 44.5 6
      vertex 0 20.5 6
      vertex 1.07289 20.4719 6
    endloop
  endfacet
  facet normal 0 0 1
    outer loop
      vertex 0 44.5 6
      vertex -1.07289 20.4719 6
      vertex 0 20.5 6
    endloop
  endfacet
  facet normal -0 0 1
    outer loop
      vertex -2.32895 44.439 6
      vertex -1.07289 20.4719 6
      vertex 0 44.5 6
    endloop
  endfacet
  facet normal -0 0 1
    outer loop
      vertex -5.70563 43.8758 6
      vertex -1.07289 20.4719 6
      vertex -2.32895 44.439 6
    endloop
  endfacet
  facet normal 0 0 1
    outer loop
      vertex -1.07289 20.4719 6
      vertex -5.70563 43.8758 6
      vertex -2.14283 20.3877 6
    endloop
  endfacet
  facet normal 0 0 1
    outer loop
      vertex -2.14283 20.3877 6
      vertex -5.70563 43.8758 6
      vertex -3.20691 20.2476 6
    endloop
  endfacet
  facet normal 0 0 1
    outer loop
      vertex -5.70563 43.8758 6
      vertex -2.32895 44.439 6
      vertex -4.65152 44.2562 6
    endloop
  endfacet
  facet normal -0 0 1
    outer loop
      vertex -9.64486 43.1812 6
      vertex -3.20691 20.2476 6
      vertex -5.70563 43.8758 6
    endloop
  endfacet
  facet normal 0 0 1
    outer loop
      vertex -3.20691 20.2476 6
      vertex -9.64486 43.1812 6
      vertex -4.26219 20.052 6
    endloop
  endfacet
  facet normal 0 -0 1
    outer loop
      vertex -5.70563 43.8758 6
      vertex -4.65152 44.2562 6
      vertex -5.74728 44.112 6
    endloop
  endfacet
  facet normal 0 0 1
    outer loop
      vertex 23.8546 37.5548 6
      vertex 22.25 38.5381 6
      vertex 23.7138 37.3537 6
    endloop
  endfacet
  facet normal 0 0 1
    outer loop
      vertex 30.5 26 6
      vertex 36.0013 26.1564 6
      vertex 34.583 28.0048 6
    endloop
  endfacet
  facet normal 0 0 1
    outer loop
      vertex 30.5 26 6
      vertex 34.583 28.0048 6
      vertex 33.0699 29.7763 6
    endloop
  endfacet
  facet normal 0 0 1
    outer loop
      vertex 30.5 26 6
      vertex 33.0699 29.7763 6
      vertex 31.4663 31.4663 6
    endloop
  endfacet
  facet normal 0 0 1
    outer loop
      vertex 36.0013 26.1564 6
      vertex 30.5 26 6
      vertex 36.1088 26 6
    endloop
  endfacet
  facet normal 0 0 1
    outer loop
      vertex 26.9904 35.0594 6
      vertex 30.5 26 6
      vertex 29.7763 33.0699 6
    endloop
  endfacet
  facet normal 0 0 1
    outer loop
      vertex 29.7763 33.0699 6
      vertex 30.5 26 6
      vertex 31.4663 31.4663 6
    endloop
  endfacet
  facet normal -0 0 1
    outer loop
      vertex 30.5 -26 6
      vertex 36.0013 -26.1564 6
      vertex 36.1088 -26 6
    endloop
  endfacet
  facet normal 0 0 1
    outer loop
      vertex 36.0013 -26.1564 6
      vertex 30.5 -26 6
      vertex 34.583 -28.0048 6
    endloop
  endfacet
  facet normal 0 0 1
    outer loop
      vertex 34.583 -28.0048 6
      vertex 30.5 -26 6
      vertex 33.0699 -29.7763 6
    endloop
  endfacet
  facet normal 0 0 1
    outer loop
      vertex 33.0699 -29.7763 6
      vertex 30.5 -26 6
      vertex 31.4663 -31.4663 6
    endloop
  endfacet
  facet normal 0 0 1
    outer loop
      vertex 30.5 -26 6
      vertex 29.7763 -33.0699 6
      vertex 31.4663 -31.4663 6
    endloop
  endfacet
  facet normal 0 -0 1
    outer loop
      vertex 20.5 0 6
      vertex 30.5 26 6
      vertex 20.4719 1.07289 6
    endloop
  endfacet
  facet normal 0 0 1
    outer loop
      vertex 26.9904 35.0594 6
      vertex 29.7763 33.0699 6
      vertex 28.0048 34.583 6
    endloop
  endfacet
  facet normal -0 0 1
    outer loop
      vertex 20.4719 -1.07289 6
      vertex 30.5 -26 6
      vertex 20.5 0 6
    endloop
  endfacet
  facet normal -0 0 1
    outer loop
      vertex 26.9904 35.0594 6
      vertex 28.0048 34.583 6
      vertex 27.1279 35.2558 6
    endloop
  endfacet
  facet normal 0 0 1
    outer loop
      vertex 12.0496 16.5848 6
      vertex 30.5 26 6
      vertex 26.9904 35.0594 6
    endloop
  endfacet
  facet normal -0 0 1
    outer loop
      vertex 20.3877 -2.14283 6
      vertex 30.5 -26 6
      vertex 20.4719 -1.07289 6
    endloop
  endfacet
  facet normal -0 0 1
    outer loop
      vertex 20.2476 -3.20691 6
      vertex 30.5 -26 6
      vertex 20.3877 -2.14283 6
    endloop
  endfacet
  facet normal -0 0 1
    outer loop
      vertex 20.052 -4.26219 6
      vertex 30.5 -26 6
      vertex 20.2476 -3.20691 6
    endloop
  endfacet
  facet normal 0 0 1
    outer loop
      vertex 12.0496 16.5848 6
      vertex 26.9904 35.0594 6
      vertex 23.7138 37.3537 6
    endloop
  endfacet
  facet normal 0 0 1
    outer loop
      vertex 10.25 17.7535 6
      vertex 23.7138 37.3537 6
      vertex 22.25 38.5381 6
    endloop
  endfacet
  facet normal 0 0 1
    outer loop
      vertex 30.5 26 6
      vertex 20.5 0 6
      vertex 30.5 -26 6
    endloop
  endfacet
  facet normal -0 0 1
    outer loop
      vertex 19.4967 -6.33485 6
      vertex 30.5 -26 6
      vertex 19.8015 -5.30579 6
    endloop
  endfacet
  facet normal -0 0 1
    outer loop
      vertex 19.8015 -5.30579 6
      vertex 30.5 -26 6
      vertex 20.052 -4.26219 6
    endloop
  endfacet
  facet normal 0 0 1
    outer loop
      vertex 30.5 26 6
      vertex 20.3877 2.14283 6
      vertex 20.4719 1.07289 6
    endloop
  endfacet
  facet normal 0 0 1
    outer loop
      vertex 30.5 26 6
      vertex 20.2476 3.20691 6
      vertex 20.3877 2.14283 6
    endloop
  endfacet
  facet normal 0 0 1
    outer loop
      vertex 10.25 17.7535 6
      vertex 22.25 38.5381 6
      vertex 20.2026 39.6498 6
    endloop
  endfacet
  facet normal 0 0 1
    outer loop
      vertex 30.5 26 6
      vertex 20.052 4.26219 6
      vertex 20.2476 3.20691 6
    endloop
  endfacet
  facet normal 0 0 1
    outer loop
      vertex 30.5 26 6
      vertex 19.8015 5.30579 6
      vertex 20.052 4.26219 6
    endloop
  endfacet
  facet normal 0 0 1
    outer loop
      vertex 30.5 26 6
      vertex 19.4967 6.33485 6
      vertex 19.8015 5.30579 6
    endloop
  endfacet
  facet normal 0 0 1
    outer loop
      vertex 30.5 26 6
      vertex 19.1384 7.34654 6
      vertex 19.4967 6.33485 6
    endloop
  endfacet
  facet normal 0 0 1
    outer loop
      vertex 30.5 26 6
      vertex 18.7277 8.3381 6
      vertex 19.1384 7.34654 6
    endloop
  endfacet
  facet normal 0 0 1
    outer loop
      vertex 30.5 26 6
      vertex 18.2656 9.3068 6
      vertex 18.7277 8.3381 6
    endloop
  endfacet
  facet normal 0 0 1
    outer loop
      vertex 9.3068 18.2656 6
      vertex 20.2026 39.6498 6
      vertex 18.0998 40.6528 6
    endloop
  endfacet
  facet normal 0 0 1
    outer loop
      vertex 30.5 26 6
      vertex 17.7535 10.25 6
      vertex 18.2656 9.3068 6
    endloop
  endfacet
  facet normal 0 0 1
    outer loop
      vertex 30.5 26 6
      vertex 17.1927 11.1651 6
      vertex 17.7535 10.25 6
    endloop
  endfacet
  facet normal 0 0 1
    outer loop
      vertex 30.5 26 6
      vertex 16.5848 12.0496 6
      vertex 17.1927 11.1651 6
    endloop
  endfacet
  facet normal 0 0 1
    outer loop
      vertex 8.3381 18.7277 6
      vertex 18.0998 40.6528 6
      vertex 15.9474 41.5443 6
    endloop
  endfacet
  facet normal 0 0 1
    outer loop
      vertex 30.5 26 6
      vertex 15.9315 12.9011 6
      vertex 16.5848 12.0496 6
    endloop
  endfacet
  facet normal 0 0 1
    outer loop
      vertex 30.5 26 6
      vertex 15.2345 13.7172 6
      vertex 15.9315 12.9011 6
    endloop
  endfacet
  facet normal 0 0 1
    outer loop
      vertex 30.5 26 6
      vertex 14.4957 14.4957 6
      vertex 15.2345 13.7172 6
    endloop
  endfacet
  facet normal 0 0 1
    outer loop
      vertex 7.34654 19.1384 6
      vertex 15.9474 41.5443 6
      vertex 13.7513 42.322 6
    endloop
  endfacet
  facet normal 0 0 1
    outer loop
      vertex 30.5 26 6
      vertex 13.7172 15.2345 6
      vertex 14.4957 14.4957 6
    endloop
  endfacet
  facet normal 0 0 1
    outer loop
      vertex 30.5 26 6
      vertex 12.9011 15.9315 6
      vertex 13.7172 15.2345 6
    endloop
  endfacet
  facet normal 0 0 1
    outer loop
      vertex 30.5 26 6
      vertex 12.0496 16.5848 6
      vertex 12.9011 15.9315 6
    endloop
  endfacet
  facet normal -0 0 1
    outer loop
      vertex 11.5192 42.7194 6
      vertex 13.7513 42.322 6
      vertex 11.5741 42.9669 6
    endloop
  endfacet
  facet normal 0 0 1
    outer loop
      vertex 7.34654 19.1384 6
      vertex 13.7513 42.322 6
      vertex 11.5192 42.7194 6
    endloop
  endfacet
  facet normal 0 0 1
    outer loop
      vertex 23.7138 37.3537 6
      vertex 11.1651 17.1927 6
      vertex 12.0496 16.5848 6
    endloop
  endfacet
  facet normal 0 0 1
    outer loop
      vertex 23.7138 37.3537 6
      vertex 10.25 17.7535 6
      vertex 11.1651 17.1927 6
    endloop
  endfacet
  facet normal 0 0 1
    outer loop
      vertex 20.2026 39.6498 6
      vertex 9.3068 18.2656 6
      vertex 10.25 17.7535 6
    endloop
  endfacet
  facet normal 0 0 1
    outer loop
      vertex 18.0998 40.6528 6
      vertex 8.3381 18.7277 6
      vertex 9.3068 18.2656 6
    endloop
  endfacet
  facet normal 0 0 1
    outer loop
      vertex 7.34654 19.1384 6
      vertex 11.5192 42.7194 6
      vertex 7.61404 43.5852 6
    endloop
  endfacet
  facet normal 0 0 1
    outer loop
      vertex 15.9474 41.5443 6
      vertex 7.34654 19.1384 6
      vertex 8.3381 18.7277 6
    endloop
  endfacet
  facet normal -0 0 1
    outer loop
      vertex 19.1384 -7.34654 6
      vertex 30.5 -26 6
      vertex 19.4967 -6.33485 6
    endloop
  endfacet
  facet normal -0 0 1
    outer loop
      vertex 18.7277 -8.3381 6
      vertex 30.5 -26 6
      vertex 19.1384 -7.34654 6
    endloop
  endfacet
  facet normal 0 0 1
    outer loop
      vertex 26.1564 -36.0013 6
      vertex 25.4354 -36.2033 6
      vertex 25.5655 -36.4074 6
    endloop
  endfacet
  facet normal 0 0 1
    outer loop
      vertex 22.0619 -38.3525 6
      vertex 20.2026 -39.6498 6
      vertex 22.1981 -38.5663 6
    endloop
  endfacet
  facet normal -0 0 1
    outer loop
      vertex 18.2656 -9.3068 6
      vertex 30.5 -26 6
      vertex 18.7277 -8.3381 6
    endloop
  endfacet
  facet normal -0 0 1
    outer loop
      vertex 17.7535 -10.25 6
      vertex 30.5 -26 6
      vertex 18.2656 -9.3068 6
    endloop
  endfacet
  facet normal -0 0 1
    outer loop
      vertex 17.1927 -11.1651 6
      vertex 30.5 -26 6
      vertex 17.7535 -10.25 6
    endloop
  endfacet
  facet normal -0 0 1
    outer loop
      vertex 16.5848 -12.0496 6
      vertex 30.5 -26 6
      vertex 17.1927 -11.1651 6
    endloop
  endfacet
  facet normal -0 0 1
    outer loop
      vertex 15.9315 -12.9011 6
      vertex 30.5 -26 6
      vertex 16.5848 -12.0496 6
    endloop
  endfacet
  facet normal -0 0 1
    outer loop
      vertex 15.2345 -13.7172 6
      vertex 30.5 -26 6
      vertex 15.9315 -12.9011 6
    endloop
  endfacet
  facet normal -0 0 1
    outer loop
      vertex 14.4957 -14.4957 6
      vertex 30.5 -26 6
      vertex 15.2345 -13.7172 6
    endloop
  endfacet
  facet normal -0 0 1
    outer loop
      vertex 13.7172 -15.2345 6
      vertex 30.5 -26 6
      vertex 14.4957 -14.4957 6
    endloop
  endfacet
  facet normal -0 0 1
    outer loop
      vertex 12.9011 -15.9315 6
      vertex 30.5 -26 6
      vertex 13.7172 -15.2345 6
    endloop
  endfacet
  facet normal 0 0 1
    outer loop
      vertex 30.5 -26 6
      vertex 28.0048 -34.583 6
      vertex 29.7763 -33.0699 6
    endloop
  endfacet
  facet normal -0 0 1
    outer loop
      vertex 12.0496 -16.5848 6
      vertex 30.5 -26 6
      vertex 12.9011 -15.9315 6
    endloop
  endfacet
  facet normal 0 0 1
    outer loop
      vertex 28.0048 -34.583 6
      vertex 25.4354 -36.2033 6
      vertex 26.1564 -36.0013 6
    endloop
  endfacet
  facet normal 0 0 1
    outer loop
      vertex 30.5 -26 6
      vertex 25.4354 -36.2033 6
      vertex 28.0048 -34.583 6
    endloop
  endfacet
  facet normal 0 0 1
    outer loop
      vertex 30.5 -26 6
      vertex 12.0496 -16.5848 6
      vertex 25.4354 -36.2033 6
    endloop
  endfacet
  facet normal -0 0 1
    outer loop
      vertex 11.1651 -17.1927 6
      vertex 25.4354 -36.2033 6
      vertex 12.0496 -16.5848 6
    endloop
  endfacet
  facet normal 0 0 1
    outer loop
      vertex 25.4354 -36.2033 6
      vertex 11.1651 -17.1927 6
      vertex 22.0619 -38.3525 6
    endloop
  endfacet
  facet normal -0 0 1
    outer loop
      vertex 10.25 -17.7535 6
      vertex 22.0619 -38.3525 6
      vertex 11.1651 -17.1927 6
    endloop
  endfacet
  facet normal -0 0 1
    outer loop
      vertex 9.3068 -18.2656 6
      vertex 22.0619 -38.3525 6
      vertex 10.25 -17.7535 6
    endloop
  endfacet
  facet normal 0 0 1
    outer loop
      vertex 22.0619 -38.3525 6
      vertex 9.3068 -18.2656 6
      vertex 20.2026 -39.6498 6
    endloop
  endfacet
  facet normal 0 0 1
    outer loop
      vertex 20.2026 -39.6498 6
      vertex 9.3068 -18.2656 6
      vertex 18.0998 -40.6528 6
    endloop
  endfacet
  facet normal -0 0 1
    outer loop
      vertex 8.3381 -18.7277 6
      vertex 18.0998 -40.6528 6
      vertex 9.3068 -18.2656 6
    endloop
  endfacet
  facet normal 0 0 1
    outer loop
      vertex 18.0998 -40.6528 6
      vertex 8.3381 -18.7277 6
      vertex 15.9474 -41.5443 6
    endloop
  endfacet
  facet normal -0 0 1
    outer loop
      vertex 7.34654 -19.1384 6
      vertex 15.9474 -41.5443 6
      vertex 8.3381 -18.7277 6
    endloop
  endfacet
  facet normal 0 0 1
    outer loop
      vertex 11.5174 -42.9837 6
      vertex 9.64486 -43.1812 6
      vertex 9.6875 -43.423 6
    endloop
  endfacet
  facet normal 0 0 1
    outer loop
      vertex 15.9474 -41.5443 6
      vertex 7.34654 -19.1384 6
      vertex 13.7513 -42.322 6
    endloop
  endfacet
  facet normal -0 0 1
    outer loop
      vertex 6.33485 -19.4967 6
      vertex 13.7513 -42.322 6
      vertex 7.34654 -19.1384 6
    endloop
  endfacet
  facet normal 0 0 1
    outer loop
      vertex 13.7513 -42.322 6
      vertex 6.33485 -19.4967 6
      vertex 11.5174 -42.9837 6
    endloop
  endfacet
  facet normal 0 0 1
    outer loop
      vertex 11.5174 -42.9837 6
      vertex 6.33485 -19.4967 6
      vertex 9.64486 -43.1812 6
    endloop
  endfacet
  facet normal -0 0 1
    outer loop
      vertex 5.30579 -19.8015 6
      vertex 9.64486 -43.1812 6
      vertex 6.33485 -19.4967 6
    endloop
  endfacet
  facet normal -0 0 1
    outer loop
      vertex 4.26219 -20.052 6
      vertex 9.64486 -43.1812 6
      vertex 5.30579 -19.8015 6
    endloop
  endfacet
  facet normal 0 0 1
    outer loop
      vertex 5.70563 -43.8758 6
      vertex 4.65152 -44.2562 6
      vertex 5.74728 -44.112 6
    endloop
  endfacet
  facet normal -0 0 1
    outer loop
      vertex 3.20691 -20.2476 6
      vertex 9.64486 -43.1812 6
      vertex 4.26219 -20.052 6
    endloop
  endfacet
  facet normal 0 0 1
    outer loop
      vertex 9.64486 -43.1812 6
      vertex 3.20691 -20.2476 6
      vertex 5.70563 -43.8758 6
    endloop
  endfacet
  facet normal -0 0 1
    outer loop
      vertex 2.14283 -20.3877 6
      vertex 5.70563 -43.8758 6
      vertex 3.20691 -20.2476 6
    endloop
  endfacet
  facet normal -0 0 1
    outer loop
      vertex 1.07289 -20.4719 6
      vertex 5.70563 -43.8758 6
      vertex 2.14283 -20.3877 6
    endloop
  endfacet
  facet normal 0 0 1
    outer loop
      vertex 5.70563 -43.8758 6
      vertex 2.32895 -44.439 6
      vertex 4.65152 -44.2562 6
    endloop
  endfacet
  facet normal 0 0 1
    outer loop
      vertex 5.70563 -43.8758 6
      vertex 1.07289 -20.4719 6
      vertex 2.32895 -44.439 6
    endloop
  endfacet
  facet normal -0 0 1
    outer loop
      vertex 0 -20.5 6
      vertex 2.32895 -44.439 6
      vertex 1.07289 -20.4719 6
    endloop
  endfacet
  facet normal 0 0 1
    outer loop
      vertex 0 -20.5 6
      vertex 0 -44.5 6
      vertex 2.32895 -44.439 6
    endloop
  endfacet
  facet normal 0 0 1
    outer loop
      vertex -1.07289 -20.4719 6
      vertex 0 -44.5 6
      vertex 0 -20.5 6
    endloop
  endfacet
  facet normal 0 0 1
    outer loop
      vertex -2.32895 -44.439 6
      vertex -1.07289 -20.4719 6
      vertex -2.14283 -20.3877 6
    endloop
  endfacet
  facet normal 0 0 1
    outer loop
      vertex -1.07289 -20.4719 6
      vertex -2.32895 -44.439 6
      vertex 0 -44.5 6
    endloop
  endfacet
  facet normal 0 0 1
    outer loop
      vertex -7.61404 -43.5852 6
      vertex -2.14283 -20.3877 6
      vertex -3.20691 -20.2476 6
    endloop
  endfacet
  facet normal 0 0 1
    outer loop
      vertex -7.61404 -43.5852 6
      vertex -3.20691 -20.2476 6
      vertex -4.26219 -20.052 6
    endloop
  endfacet
  facet normal 0 0 1
    outer loop
      vertex -2.14283 -20.3877 6
      vertex -4.65152 -44.2562 6
      vertex -2.32895 -44.439 6
    endloop
  endfacet
  facet normal 0 0 1
    outer loop
      vertex -11.5192 -42.7194 6
      vertex -4.26219 -20.052 6
      vertex -5.30579 -19.8015 6
    endloop
  endfacet
  facet normal 0 0 1
    outer loop
      vertex -11.5192 -42.7194 6
      vertex -5.30579 -19.8015 6
      vertex -6.33485 -19.4967 6
    endloop
  endfacet
  facet normal 0 0 1
    outer loop
      vertex -2.14283 -20.3877 6
      vertex -7.61404 -43.5852 6
      vertex -4.65152 -44.2562 6
    endloop
  endfacet
  facet normal 0 0 1
    outer loop
      vertex -13.7513 -42.322 6
      vertex -6.33485 -19.4967 6
      vertex -7.34654 -19.1384 6
    endloop
  endfacet
  facet normal 0 0 1
    outer loop
      vertex -4.65152 -44.2562 6
      vertex -7.61404 -43.5852 6
      vertex -6.96133 -43.9521 6
    endloop
  endfacet
  facet normal 0 0 1
    outer loop
      vertex -6.96133 -43.9521 6
      vertex -7.61404 -43.5852 6
      vertex -7.66642 -43.8214 6
    endloop
  endfacet
  facet normal 0 0 1
    outer loop
      vertex -15.9474 -41.5443 6
      vertex -7.34654 -19.1384 6
      vertex -8.3381 -18.7277 6
    endloop
  endfacet
  facet normal 0 0 1
    outer loop
      vertex -18.0998 -40.6528 6
      vertex -8.3381 -18.7277 6
      vertex -9.3068 -18.2656 6
    endloop
  endfacet
  facet normal 0 0 1
    outer loop
      vertex -20.2026 -39.6498 6
      vertex -9.3068 -18.2656 6
      vertex -10.25 -17.7535 6
    endloop
  endfacet
  facet normal 0 0 1
    outer loop
      vertex -23.7138 -37.3537 6
      vertex -10.25 -17.7535 6
      vertex -11.1651 -17.1927 6
    endloop
  endfacet
  facet normal 0 0 1
    outer loop
      vertex -4.26219 -20.052 6
      vertex -11.5192 -42.7194 6
      vertex -7.61404 -43.5852 6
    endloop
  endfacet
  facet normal 0 0 1
    outer loop
      vertex -6.33485 -19.4967 6
      vertex -13.7513 -42.322 6
      vertex -11.5192 -42.7194 6
    endloop
  endfacet
  facet normal 0 0 1
    outer loop
      vertex -23.7138 -37.3537 6
      vertex -11.1651 -17.1927 6
      vertex -12.0496 -16.5848 6
    endloop
  endfacet
  facet normal 0 0 1
    outer loop
      vertex -26.9904 -35.0594 6
      vertex -12.0496 -16.5848 6
      vertex -12.9011 -15.9315 6
    endloop
  endfacet
  facet normal 0 0 1
    outer loop
      vertex -26.9904 -35.0594 6
      vertex -12.9011 -15.9315 6
      vertex -13.7172 -15.2345 6
    endloop
  endfacet
  facet normal 0 0 1
    outer loop
      vertex -11.5192 -42.7194 6
      vertex -13.7513 -42.322 6
      vertex -11.5741 -42.9669 6
    endloop
  endfacet
  facet normal 0 0 1
    outer loop
      vertex -29.7763 -33.0699 6
      vertex -13.7172 -15.2345 6
      vertex -14.4957 -14.4957 6
    endloop
  endfacet
  facet normal 0 0 1
    outer loop
      vertex -31.4663 -31.4663 6
      vertex -14.4957 -14.4957 6
      vertex -15.2345 -13.7172 6
    endloop
  endfacet
  facet normal 0 0 1
    outer loop
      vertex -33.0699 -29.7763 6
      vertex -15.2345 -13.7172 6
      vertex -15.9315 -12.9011 6
    endloop
  endfacet
  facet normal 0 0 1
    outer loop
      vertex -7.34654 -19.1384 6
      vertex -15.9474 -41.5443 6
      vertex -13.7513 -42.322 6
    endloop
  endfacet
  facet normal 0 0 1
    outer loop
      vertex -36.2033 -25.4354 6
      vertex -15.9315 -12.9011 6
      vertex -16.5848 -12.0496 6
    endloop
  endfacet
  facet normal 0 0 1
    outer loop
      vertex -36.2033 -25.4354 6
      vertex -16.5848 -12.0496 6
      vertex -17.1927 -11.1651 6
    endloop
  endfacet
  facet normal 0 0 1
    outer loop
      vertex -38.3525 -22.0619 6
      vertex -17.1927 -11.1651 6
      vertex -17.7535 -10.25 6
    endloop
  endfacet
  facet normal 0 0 1
    outer loop
      vertex -8.3381 -18.7277 6
      vertex -18.0998 -40.6528 6
      vertex -15.9474 -41.5443 6
    endloop
  endfacet
  facet normal 0 0 1
    outer loop
      vertex -38.3525 -22.0619 6
      vertex -17.7535 -10.25 6
      vertex -18.2656 -9.3068 6
    endloop
  endfacet
  facet normal 0 0 1
    outer loop
      vertex -39.6498 -20.2026 6
      vertex -18.2656 -9.3068 6
      vertex -18.7277 -8.3381 6
    endloop
  endfacet
  facet normal 0 0 1
    outer loop
      vertex -40.6528 -18.0998 6
      vertex -18.7277 -8.3381 6
      vertex -19.1384 -7.34654 6
    endloop
  endfacet
  facet normal 0 0 1
    outer loop
      vertex -41.5443 -15.9474 6
      vertex -19.1384 -7.34654 6
      vertex -19.4967 -6.33485 6
    endloop
  endfacet
  facet normal 0 0 1
    outer loop
      vertex -42.322 -13.7513 6
      vertex -19.4967 -6.33485 6
      vertex -19.8015 -5.30579 6
    endloop
  endfacet
  facet normal 0 0 1
    outer loop
      vertex -43.1812 -9.64486 6
      vertex -19.8015 -5.30579 6
      vertex -20.052 -4.26219 6
    endloop
  endfacet
  facet normal 0 0 1
    outer loop
      vertex -9.3068 -18.2656 6
      vertex -20.2026 -39.6498 6
      vertex -18.0998 -40.6528 6
    endloop
  endfacet
  facet normal 0 0 1
    outer loop
      vertex -43.1812 -9.64486 6
      vertex -20.052 -4.26219 6
      vertex -20.2476 -3.20691 6
    endloop
  endfacet
  facet normal 0 0 1
    outer loop
      vertex -43.8758 -5.70563 6
      vertex -20.2476 -3.20691 6
      vertex -20.3877 -2.14283 6
    endloop
  endfacet
  facet normal 0 0 1
    outer loop
      vertex -43.8758 -5.70563 6
      vertex -20.3877 -2.14283 6
      vertex -20.4719 -1.07289 6
    endloop
  endfacet
  facet normal 0 0 1
    outer loop
      vertex -44.439 -2.32895 6
      vertex -20.4719 -1.07289 6
      vertex -20.5 0 6
    endloop
  endfacet
  facet normal 0 0 1
    outer loop
      vertex -18.7277 8.3381 6
      vertex -40.6528 18.0998 6
      vertex -19.1384 7.34654 6
    endloop
  endfacet
  facet normal 0 0 1
    outer loop
      vertex -10.25 -17.7535 6
      vertex -23.7138 -37.3537 6
      vertex -20.2026 -39.6498 6
    endloop
  endfacet
  facet normal 0 0 1
    outer loop
      vertex -20.2026 -39.6498 6
      vertex -23.7138 -37.3537 6
      vertex -22.25 -38.5381 6
    endloop
  endfacet
  facet normal -0 0 1
    outer loop
      vertex -41.5443 15.9474 6
      vertex -19.1384 7.34654 6
      vertex -40.6528 18.0998 6
    endloop
  endfacet
  facet normal 0 0 1
    outer loop
      vertex -26.1564 36.0013 6
      vertex -25.4354 36.2033 6
      vertex -25.5655 36.4074 6
    endloop
  endfacet
  facet normal 0 0 1
    outer loop
      vertex -25.4354 36.2033 6
      vertex -26.1564 36.0013 6
      vertex -28.0048 34.583 6
    endloop
  endfacet
  facet normal 0 0 1
    outer loop
      vertex -19.4967 6.33485 6
      vertex -42.7194 11.5192 6
      vertex -19.8015 5.30579 6
    endloop
  endfacet
  facet normal 0 0 1
    outer loop
      vertex -12.0496 -16.5848 6
      vertex -26.9904 -35.0594 6
      vertex -23.7138 -37.3537 6
    endloop
  endfacet
  facet normal 0 0 1
    outer loop
      vertex -29.7763 33.0699 6
      vertex -25.4354 36.2033 6
      vertex -28.0048 34.583 6
    endloop
  endfacet
  facet normal 0 0 1
    outer loop
      vertex -15.9315 -12.9011 6
      vertex -36.2033 -25.4354 6
      vertex -34.583 -28.0048 6
    endloop
  endfacet
  facet normal 0 0 1
    outer loop
      vertex -19.1384 7.34654 6
      vertex -41.5443 15.9474 6
      vertex -19.4967 6.33485 6
    endloop
  endfacet
  facet normal 0 0 1
    outer loop
      vertex -14.4957 -14.4957 6
      vertex -31.4663 -31.4663 6
      vertex -29.7763 -33.0699 6
    endloop
  endfacet
  facet normal -0 0 1
    outer loop
      vertex -42.322 13.7513 6
      vertex -19.4967 6.33485 6
      vertex -41.5443 15.9474 6
    endloop
  endfacet
  facet normal 0 0 1
    outer loop
      vertex -26.9904 -35.0594 6
      vertex -28.0048 -34.583 6
      vertex -27.1279 -35.2558 6
    endloop
  endfacet
  facet normal -0 0 1
    outer loop
      vertex -42.7194 11.5192 6
      vertex -19.4967 6.33485 6
      vertex -42.322 13.7513 6
    endloop
  endfacet
  facet normal 0 0 1
    outer loop
      vertex -26.9904 -35.0594 6
      vertex -29.7763 -33.0699 6
      vertex -28.0048 -34.583 6
    endloop
  endfacet
  facet normal 0 0 1
    outer loop
      vertex -35.0594 26.9904 6
      vertex -33.0699 29.7763 6
      vertex -34.583 28.0048 6
    endloop
  endfacet
  facet normal 0 0 1
    outer loop
      vertex -13.7172 -15.2345 6
      vertex -29.7763 -33.0699 6
      vertex -26.9904 -35.0594 6
    endloop
  endfacet
  facet normal 0 0 1
    outer loop
      vertex -15.2345 -13.7172 6
      vertex -33.0699 -29.7763 6
      vertex -31.4663 -31.4663 6
    endloop
  endfacet
  facet normal 0 -0 1
    outer loop
      vertex -35.0594 26.9904 6
      vertex -34.583 28.0048 6
      vertex -35.2558 27.1279 6
    endloop
  endfacet
  facet normal 0 0 1
    outer loop
      vertex -4.26219 20.052 6
      vertex -9.64486 43.1812 6
      vertex -5.30579 19.8015 6
    endloop
  endfacet
  facet normal 0 0 1
    outer loop
      vertex -5.30579 19.8015 6
      vertex -9.64486 43.1812 6
      vertex -6.33485 19.4967 6
    endloop
  endfacet
  facet normal -0 0 1
    outer loop
      vertex -13.7513 42.322 6
      vertex -6.33485 19.4967 6
      vertex -9.64486 43.1812 6
    endloop
  endfacet
  facet normal 0 0 1
    outer loop
      vertex -6.33485 19.4967 6
      vertex -13.7513 42.322 6
      vertex -7.34654 19.1384 6
    endloop
  endfacet
  facet normal -0 0 1
    outer loop
      vertex -15.9474 41.5443 6
      vertex -7.34654 19.1384 6
      vertex -13.7513 42.322 6
    endloop
  endfacet
  facet normal 0 0 1
    outer loop
      vertex -11.5174 42.9837 6
      vertex -9.64486 43.1812 6
      vertex -9.6875 43.423 6
    endloop
  endfacet
  facet normal 0 0 1
    outer loop
      vertex -13.7513 42.322 6
      vertex -9.64486 43.1812 6
      vertex -11.5174 42.9837 6
    endloop
  endfacet
  facet normal 0 0 1
    outer loop
      vertex -7.34654 19.1384 6
      vertex -15.9474 41.5443 6
      vertex -8.3381 18.7277 6
    endloop
  endfacet
  facet normal -0 0 1
    outer loop
      vertex -18.0998 40.6528 6
      vertex -8.3381 18.7277 6
      vertex -15.9474 41.5443 6
    endloop
  endfacet
  facet normal 0 0 1
    outer loop
      vertex -8.3381 18.7277 6
      vertex -18.0998 40.6528 6
      vertex -9.3068 18.2656 6
    endloop
  endfacet
  facet normal -0 0 1
    outer loop
      vertex -20.2026 39.6498 6
      vertex -9.3068 18.2656 6
      vertex -18.0998 40.6528 6
    endloop
  endfacet
  facet normal -0 0 1
    outer loop
      vertex -22.0619 38.3525 6
      vertex -9.3068 18.2656 6
      vertex -20.2026 39.6498 6
    endloop
  endfacet
  facet normal 0 0 1
    outer loop
      vertex -9.3068 18.2656 6
      vertex -22.0619 38.3525 6
      vertex -10.25 17.7535 6
    endloop
  endfacet
  facet normal 0 0 1
    outer loop
      vertex -10.25 17.7535 6
      vertex -22.0619 38.3525 6
      vertex -11.1651 17.1927 6
    endloop
  endfacet
  facet normal -0 0 1
    outer loop
      vertex -25.4354 36.2033 6
      vertex -11.1651 17.1927 6
      vertex -22.0619 38.3525 6
    endloop
  endfacet
  facet normal 0 0 1
    outer loop
      vertex -11.1651 17.1927 6
      vertex -25.4354 36.2033 6
      vertex -12.0496 16.5848 6
    endloop
  endfacet
  facet normal -0 0 1
    outer loop
      vertex -29.7763 33.0699 6
      vertex -12.9011 15.9315 6
      vertex -25.4354 36.2033 6
    endloop
  endfacet
  facet normal 0 0 1
    outer loop
      vertex -12.9011 15.9315 6
      vertex -29.7763 33.0699 6
      vertex -13.7172 15.2345 6
    endloop
  endfacet
  facet normal 0 0 1
    outer loop
      vertex -13.7172 15.2345 6
      vertex -29.7763 33.0699 6
      vertex -14.4957 14.4957 6
    endloop
  endfacet
  facet normal -0 0 1
    outer loop
      vertex -31.4663 31.4663 6
      vertex -14.4957 14.4957 6
      vertex -29.7763 33.0699 6
    endloop
  endfacet
  facet normal 0 0 1
    outer loop
      vertex -14.4957 14.4957 6
      vertex -31.4663 31.4663 6
      vertex -15.2345 13.7172 6
    endloop
  endfacet
  facet normal -0 0 1
    outer loop
      vertex -33.0699 29.7763 6
      vertex -15.2345 13.7172 6
      vertex -31.4663 31.4663 6
    endloop
  endfacet
  facet normal -0 0 1
    outer loop
      vertex -35.0594 26.9904 6
      vertex -15.2345 13.7172 6
      vertex -33.0699 29.7763 6
    endloop
  endfacet
  facet normal 0 0 1
    outer loop
      vertex -15.2345 13.7172 6
      vertex -35.0594 26.9904 6
      vertex -15.9315 12.9011 6
    endloop
  endfacet
  facet normal 0 0 1
    outer loop
      vertex -15.9315 12.9011 6
      vertex -35.0594 26.9904 6
      vertex -16.5848 12.0496 6
    endloop
  endfacet
  facet normal -0 0 1
    outer loop
      vertex -37.3537 23.7138 6
      vertex -16.5848 12.0496 6
      vertex -35.0594 26.9904 6
    endloop
  endfacet
  facet normal 0 0 1
    outer loop
      vertex -16.5848 12.0496 6
      vertex -37.3537 23.7138 6
      vertex -17.1927 11.1651 6
    endloop
  endfacet
  facet normal 0 0 1
    outer loop
      vertex -12.0496 16.5848 6
      vertex -25.4354 36.2033 6
      vertex -12.9011 15.9315 6
    endloop
  endfacet
  facet normal 0 0 1
    outer loop
      vertex -17.1927 11.1651 6
      vertex -37.3537 23.7138 6
      vertex -17.7535 10.25 6
    endloop
  endfacet
  facet normal 0 0 1
    outer loop
      vertex -17.7535 10.25 6
      vertex -37.3537 23.7138 6
      vertex -18.2656 9.3068 6
    endloop
  endfacet
  facet normal -0 0 1
    outer loop
      vertex -39.6498 20.2026 6
      vertex -18.2656 9.3068 6
      vertex -37.3537 23.7138 6
    endloop
  endfacet
  facet normal 0 0 1
    outer loop
      vertex -18.2656 9.3068 6
      vertex -39.6498 20.2026 6
      vertex -18.7277 8.3381 6
    endloop
  endfacet
  facet normal -0 0 1
    outer loop
      vertex -40.6528 18.0998 6
      vertex -18.7277 8.3381 6
      vertex -39.6498 20.2026 6
    endloop
  endfacet
  facet normal 0 -0 1
    outer loop
      vertex -22.0619 38.3525 6
      vertex -20.2026 39.6498 6
      vertex -22.1981 38.5663 6
    endloop
  endfacet
  facet normal 0 0 1
    outer loop
      vertex -22.25 -38.5381 6
      vertex -23.7138 -37.3537 6
      vertex -23.8546 -37.5548 6
    endloop
  endfacet
  facet normal 0 0 1
    outer loop
      vertex -15.9315 -12.9011 6
      vertex -34.583 -28.0048 6
      vertex -33.0699 -29.7763 6
    endloop
  endfacet
  facet normal 0 0 1
    outer loop
      vertex -34.583 -28.0048 6
      vertex -36.2033 -25.4354 6
      vertex -36.0013 -26.1564 6
    endloop
  endfacet
  facet normal 0 0 1
    outer loop
      vertex -19.8015 5.30579 6
      vertex -42.7194 11.5192 6
      vertex -20.052 4.26219 6
    endloop
  endfacet
  facet normal 0 0 1
    outer loop
      vertex -38.5381 22.25 6
      vertex -37.3537 23.7138 6
      vertex -37.5548 23.8546 6
    endloop
  endfacet
  facet normal 0 0 1
    outer loop
      vertex -20.3877 2.14283 6
      vertex -44.2562 4.65152 6
      vertex -20.4719 1.07289 6
    endloop
  endfacet
  facet normal 0 0 1
    outer loop
      vertex -39.6498 20.2026 6
      vertex -37.3537 23.7138 6
      vertex -38.5381 22.25 6
    endloop
  endfacet
  facet normal 0 0 1
    outer loop
      vertex -17.1927 -11.1651 6
      vertex -38.3525 -22.0619 6
      vertex -36.2033 -25.4354 6
    endloop
  endfacet
  facet normal -0 0 1
    outer loop
      vertex -43.5852 7.61404 6
      vertex -20.052 4.26219 6
      vertex -42.7194 11.5192 6
    endloop
  endfacet
  facet normal 0 0 1
    outer loop
      vertex -19.8015 -5.30579 6
      vertex -43.1812 -9.64486 6
      vertex -42.322 -13.7513 6
    endloop
  endfacet
  facet normal 0 0 1
    outer loop
      vertex -20.052 4.26219 6
      vertex -43.5852 7.61404 6
      vertex -20.2476 3.20691 6
    endloop
  endfacet
  facet normal 0 0 1
    outer loop
      vertex -19.1384 -7.34654 6
      vertex -41.5443 -15.9474 6
      vertex -40.6528 -18.0998 6
    endloop
  endfacet
  facet normal -0 0 1
    outer loop
      vertex -44.2562 4.65152 6
      vertex -20.3877 2.14283 6
      vertex -43.5852 7.61404 6
    endloop
  endfacet
  facet normal 0 0 1
    outer loop
      vertex -38.3525 -22.0619 6
      vertex -39.6498 -20.2026 6
      vertex -38.5663 -22.1981 6
    endloop
  endfacet
  facet normal 0 0 1
    outer loop
      vertex -20.2476 3.20691 6
      vertex -43.5852 7.61404 6
      vertex -20.3877 2.14283 6
    endloop
  endfacet
  facet normal 0 0 1
    outer loop
      vertex -18.2656 -9.3068 6
      vertex -39.6498 -20.2026 6
      vertex -38.3525 -22.0619 6
    endloop
  endfacet
  facet normal 0 0 1
    outer loop
      vertex -18.7277 -8.3381 6
      vertex -40.6528 -18.0998 6
      vertex -39.6498 -20.2026 6
    endloop
  endfacet
  facet normal 0 -0 1
    outer loop
      vertex -42.7194 11.5192 6
      vertex -42.322 13.7513 6
      vertex -42.9669 11.5741 6
    endloop
  endfacet
  facet normal 0 0 1
    outer loop
      vertex -36.0013 -26.1564 6
      vertex -36.2033 -25.4354 6
      vertex -36.4074 -25.5655 6
    endloop
  endfacet
  facet normal 0 0 1
    outer loop
      vertex -19.4967 -6.33485 6
      vertex -42.322 -13.7513 6
      vertex -41.5443 -15.9474 6
    endloop
  endfacet
  facet normal 0 0 1
    outer loop
      vertex -42.322 -13.7513 6
      vertex -43.1812 -9.64486 6
      vertex -42.9837 -11.5174 6
    endloop
  endfacet
  facet normal -0 0 1
    outer loop
      vertex -44.439 2.32895 6
      vertex -20.4719 1.07289 6
      vertex -44.2562 4.65152 6
    endloop
  endfacet
  facet normal 0 0 1
    outer loop
      vertex -43.9521 6.96133 6
      vertex -43.5852 7.61404 6
      vertex -43.8214 7.66642 6
    endloop
  endfacet
  facet normal 0 0 1
    outer loop
      vertex -20.2476 -3.20691 6
      vertex -43.8758 -5.70563 6
      vertex -43.1812 -9.64486 6
    endloop
  endfacet
  facet normal 0 0 1
    outer loop
      vertex -43.5852 7.61404 6
      vertex -43.9521 6.96133 6
      vertex -44.2562 4.65152 6
    endloop
  endfacet
  facet normal 0 0 1
    outer loop
      vertex -20.4719 1.07289 6
      vertex -44.439 2.32895 6
      vertex -20.5 0 6
    endloop
  endfacet
  facet normal 0 0 1
    outer loop
      vertex -44.5 0 6
      vertex -20.5 0 6
      vertex -44.439 2.32895 6
    endloop
  endfacet
  facet normal 0 -0 1
    outer loop
      vertex -44.439 -2.32895 6
      vertex -20.5 0 6
      vertex -44.5 0 6
    endloop
  endfacet
  facet normal -0 -0 1
    outer loop
      vertex -44.2562 -4.65152 6
      vertex -43.8758 -5.70563 6
      vertex -44.439 -2.32895 6
    endloop
  endfacet
  facet normal 0 0 1
    outer loop
      vertex -43.8758 -5.70563 6
      vertex -44.2562 -4.65152 6
      vertex -44.112 -5.74728 6
    endloop
  endfacet
  facet normal 0 0 1
    outer loop
      vertex -20.4719 -1.07289 6
      vertex -44.439 -2.32895 6
      vertex -43.8758 -5.70563 6
    endloop
  endfacet
  facet normal 0 0 1
    outer loop
      vertex -42.9837 -11.5174 6
      vertex -43.1812 -9.64486 6
      vertex -43.423 -9.6875 6
    endloop
  endfacet
  facet normal 0 0 1
    outer loop
      vertex 44.439 2.32895 6
      vertex 44.439 -2.32895 6
      vertex 44.5 0 6
    endloop
  endfacet
  facet normal 0 0 1
    outer loop
      vertex 44.2562 4.65152 6
      vertex 44.439 -2.32895 6
      vertex 44.439 2.32895 6
    endloop
  endfacet
  facet normal 0 0 1
    outer loop
      vertex 44.2562 4.65152 6
      vertex 44.2562 -4.65152 6
      vertex 44.439 -2.32895 6
    endloop
  endfacet
  facet normal 0 0 1
    outer loop
      vertex 43.9521 6.96133 6
      vertex 44.2562 -4.65152 6
      vertex 44.2562 4.65152 6
    endloop
  endfacet
  facet normal 0 0 1
    outer loop
      vertex 43.9521 6.96133 6
      vertex 43.9521 -6.96133 6
      vertex 44.2562 -4.65152 6
    endloop
  endfacet
  facet normal 0 0 1
    outer loop
      vertex 43.5276 9.25207 6
      vertex 43.9521 -6.96133 6
      vertex 43.9521 6.96133 6
    endloop
  endfacet
  facet normal 0 0 1
    outer loop
      vertex 43.5276 9.25207 6
      vertex 43.5276 -9.25207 6
      vertex 43.9521 -6.96133 6
    endloop
  endfacet
  facet normal 0 0 1
    outer loop
      vertex 42.9837 11.5174 6
      vertex 43.5276 -9.25207 6
      vertex 43.5276 9.25207 6
    endloop
  endfacet
  facet normal 0 0 1
    outer loop
      vertex 42.9837 11.5174 6
      vertex 42.9837 -11.5174 6
      vertex 43.5276 -9.25207 6
    endloop
  endfacet
  facet normal 0 0 1
    outer loop
      vertex 42.322 13.7513 6
      vertex 42.9837 -11.5174 6
      vertex 42.9837 11.5174 6
    endloop
  endfacet
  facet normal 0 0 1
    outer loop
      vertex 42.322 13.7513 6
      vertex 42.322 -13.7513 6
      vertex 42.9837 -11.5174 6
    endloop
  endfacet
  facet normal 0 0 1
    outer loop
      vertex 41.5443 15.9474 6
      vertex 42.322 -13.7513 6
      vertex 42.322 13.7513 6
    endloop
  endfacet
  facet normal 0 0 1
    outer loop
      vertex 41.5443 15.9474 6
      vertex 41.5443 -15.9474 6
      vertex 42.322 -13.7513 6
    endloop
  endfacet
  facet normal 0 0 1
    outer loop
      vertex 40.6528 18.0998 6
      vertex 41.5443 -15.9474 6
      vertex 41.5443 15.9474 6
    endloop
  endfacet
  facet normal 0 0 1
    outer loop
      vertex 40.6528 18.0998 6
      vertex 40.6528 -18.0998 6
      vertex 41.5443 -15.9474 6
    endloop
  endfacet
  facet normal 0 0 1
    outer loop
      vertex 39.5 20.4785 6
      vertex 40.6528 18.0998 6
      vertex 39.6498 20.2026 6
    endloop
  endfacet
  facet normal 0 0 1
    outer loop
      vertex 40.6528 18.0998 6
      vertex 39.5 20.4785 6
      vertex 40.6528 -18.0998 6
    endloop
  endfacet
  facet normal 0 0 1
    outer loop
      vertex 39.5 -20.4785 6
      vertex 40.6528 -18.0998 6
      vertex 39.5 20.4785 6
    endloop
  endfacet
  facet normal 0 0 1
    outer loop
      vertex 40.6528 -18.0998 6
      vertex 39.5 -20.4785 6
      vertex 39.6498 -20.2026 6
    endloop
  endfacet
  facet normal 0.477176 0.878808 -0
    outer loop
      vertex -20.2026 -39.6498 6
      vertex -22.25 -38.5381 62.01
      vertex -20.2026 -39.6498 62.01
    endloop
  endfacet
  facet normal 0.477176 0.878808 0
    outer loop
      vertex -22.25 -38.5381 62.01
      vertex -20.2026 -39.6498 6
      vertex -22.25 -38.5381 6
    endloop
  endfacet
  facet normal 0.923888 0.382664 0
    outer loop
      vertex -40.6528 -18.0998 62.01
      vertex -41.5443 -15.9474 6
      vertex -41.5443 -15.9474 62.01
    endloop
  endfacet
  facet normal 0.923888 0.382664 0
    outer loop
      vertex -41.5443 -15.9474 6
      vertex -40.6528 -18.0998 62.01
      vertex -40.6528 -18.0998 6
    endloop
  endfacet
  facet normal 0.566383 0.824142 -0
    outer loop
      vertex -24.2364 -37.3208 23
      vertex -26.1564 -36.0013 62.01
      vertex -24.2364 -37.3208 62.01
    endloop
  endfacet
  facet normal 0.566383 0.824142 0
    outer loop
      vertex -26.1564 -36.0013 62.01
      vertex -24.2364 -37.3208 23
      vertex -26.1564 -36.0013 23
    endloop
  endfacet
  facet normal 0.522509 0.852634 -5.77229e-07
    outer loop
      vertex -22.25 -38.5381 62.01
      vertex -23.8546 -37.5548 23
      vertex -24.2364 -37.3208 62.01
    endloop
  endfacet
  facet normal 0.522499 0.85264 -0
    outer loop
      vertex -22.25 -38.5381 6
      vertex -23.8546 -37.5548 23
      vertex -22.25 -38.5381 62.01
    endloop
  endfacet
  facet normal 0.522499 0.85264 0
    outer loop
      vertex -23.8546 -37.5548 23
      vertex -22.25 -38.5381 6
      vertex -23.8546 -37.5548 6
    endloop
  endfacet
  facet normal 0.522552 0.852608 0
    outer loop
      vertex -24.2364 -37.3208 62.01
      vertex -23.8546 -37.5548 23
      vertex -24.2364 -37.3208 23
    endloop
  endfacet
  facet normal 0 0 -1
    outer loop
      vertex 30.5 -26 62.01
      vertex 36.0013 -26.1564 62.01
      vertex 34.583 -28.0048 62.01
    endloop
  endfacet
  facet normal 0 0 -1
    outer loop
      vertex 30.5 -26 62.01
      vertex 34.583 -28.0048 62.01
      vertex 33.0699 -29.7763 62.01
    endloop
  endfacet
  facet normal 0 0 -1
    outer loop
      vertex 30.5 -26 62.01
      vertex 33.0699 -29.7763 62.01
      vertex 31.4663 -31.4663 62.01
    endloop
  endfacet
  facet normal 0 0 -1
    outer loop
      vertex 36.0013 -26.1564 62.01
      vertex 30.5 -26 62.01
      vertex 36.1088 -26 62.01
    endloop
  endfacet
  facet normal 0 0 -1
    outer loop
      vertex 28.0048 -34.583 62.01
      vertex 30.5 -26 62.01
      vertex 29.7763 -33.0699 62.01
    endloop
  endfacet
  facet normal 0 0 -1
    outer loop
      vertex 29.7763 -33.0699 62.01
      vertex 30.5 -26 62.01
      vertex 31.4663 -31.4663 62.01
    endloop
  endfacet
  facet normal 0 0 -1
    outer loop
      vertex 30.5 26 62.01
      vertex 36.0013 26.1564 62.01
      vertex 36.1088 26 62.01
    endloop
  endfacet
  facet normal -0 0 -1
    outer loop
      vertex 36.0013 26.1564 62.01
      vertex 30.5 26 62.01
      vertex 34.583 28.0048 62.01
    endloop
  endfacet
  facet normal -0 0 -1
    outer loop
      vertex 34.583 28.0048 62.01
      vertex 30.5 26 62.01
      vertex 33.0699 29.7763 62.01
    endloop
  endfacet
  facet normal -0 0 -1
    outer loop
      vertex 33.0699 29.7763 62.01
      vertex 30.5 26 62.01
      vertex 31.4663 31.4663 62.01
    endloop
  endfacet
  facet normal 0 0 -1
    outer loop
      vertex 30.5 26 62.01
      vertex 29.7763 33.0699 62.01
      vertex 31.4663 31.4663 62.01
    endloop
  endfacet
  facet normal 0 0 -1
    outer loop
      vertex 26.1564 -36.0013 62.01
      vertex 30.5 -26 62.01
      vertex 28.0048 -34.583 62.01
    endloop
  endfacet
  facet normal 0 0 -1
    outer loop
      vertex 24.2364 -37.3208 62.01
      vertex 30.5 -26 62.01
      vertex 26.1564 -36.0013 62.01
    endloop
  endfacet
  facet normal 0 0 -1
    outer loop
      vertex 30.5 26 62.01
      vertex 28.0048 34.583 62.01
      vertex 29.7763 33.0699 62.01
    endloop
  endfacet
  facet normal 0 0 -1
    outer loop
      vertex 22.25 -38.5381 62.01
      vertex 30.5 -26 62.01
      vertex 24.2364 -37.3208 62.01
    endloop
  endfacet
  facet normal 0 0 -1
    outer loop
      vertex 30.5 26 62.01
      vertex 26.1564 36.0013 62.01
      vertex 28.0048 34.583 62.01
    endloop
  endfacet
  facet normal 0 0 -1
    outer loop
      vertex 20.2026 -39.6498 62.01
      vertex 30.5 -26 62.01
      vertex 22.25 -38.5381 62.01
    endloop
  endfacet
  facet normal 0 0 -1
    outer loop
      vertex 30.5 26 62.01
      vertex 24.2364 37.3208 62.01
      vertex 26.1564 36.0013 62.01
    endloop
  endfacet
  facet normal 0 0 -1
    outer loop
      vertex 18.0998 -40.6528 62.01
      vertex 30.5 -26 62.01
      vertex 20.2026 -39.6498 62.01
    endloop
  endfacet
  facet normal 0 0 -1
    outer loop
      vertex 30.5 26 62.01
      vertex 22.25 38.5381 62.01
      vertex 24.2364 37.3208 62.01
    endloop
  endfacet
  facet normal 0 0 -1
    outer loop
      vertex 15.9474 -41.5443 62.01
      vertex 30.5 -26 62.01
      vertex 18.0998 -40.6528 62.01
    endloop
  endfacet
  facet normal 0 0 -1
    outer loop
      vertex 30.5 26 62.01
      vertex 20.2026 39.6498 62.01
      vertex 22.25 38.5381 62.01
    endloop
  endfacet
  facet normal 0 0 -1
    outer loop
      vertex 13.7513 -42.322 62.01
      vertex 30.5 -26 62.01
      vertex 15.9474 -41.5443 62.01
    endloop
  endfacet
  facet normal 0 0 -1
    outer loop
      vertex 30.5 26 62.01
      vertex 18.0998 40.6528 62.01
      vertex 20.2026 39.6498 62.01
    endloop
  endfacet
  facet normal 0 0 -1
    outer loop
      vertex 11.5174 -42.9837 62.01
      vertex 30.5 -26 62.01
      vertex 13.7513 -42.322 62.01
    endloop
  endfacet
  facet normal 0 0 -1
    outer loop
      vertex 30.5 26 62.01
      vertex 15.9474 41.5443 62.01
      vertex 18.0998 40.6528 62.01
    endloop
  endfacet
  facet normal 0 0 -1
    outer loop
      vertex 9.25207 -43.5276 62.01
      vertex 30.5 -26 62.01
      vertex 11.5174 -42.9837 62.01
    endloop
  endfacet
  facet normal 0 0 -1
    outer loop
      vertex 30.5 26 62.01
      vertex 13.7513 42.322 62.01
      vertex 15.9474 41.5443 62.01
    endloop
  endfacet
  facet normal 0 0 -1
    outer loop
      vertex 6.96133 -43.9521 62.01
      vertex 30.5 -26 62.01
      vertex 9.25207 -43.5276 62.01
    endloop
  endfacet
  facet normal 0 0 -1
    outer loop
      vertex 30.5 26 62.01
      vertex 11.5174 42.9837 62.01
      vertex 13.7513 42.322 62.01
    endloop
  endfacet
  facet normal 0 0 -1
    outer loop
      vertex 4.65152 -44.2562 62.01
      vertex 30.5 -26 62.01
      vertex 6.96133 -43.9521 62.01
    endloop
  endfacet
  facet normal 0 0 -1
    outer loop
      vertex 30.5 26 62.01
      vertex 9.25207 43.5276 62.01
      vertex 11.5174 42.9837 62.01
    endloop
  endfacet
  facet normal 0 0 -1
    outer loop
      vertex 2.32895 -44.439 62.01
      vertex 30.5 -26 62.01
      vertex 4.65152 -44.2562 62.01
    endloop
  endfacet
  facet normal 0 0 -1
    outer loop
      vertex 30.5 26 62.01
      vertex 6.96133 43.9521 62.01
      vertex 9.25207 43.5276 62.01
    endloop
  endfacet
  facet normal 0 0 -1
    outer loop
      vertex 0 -44.5 62.01
      vertex 30.5 -26 62.01
      vertex 2.32895 -44.439 62.01
    endloop
  endfacet
  facet normal 0 0 -1
    outer loop
      vertex 30.5 26 62.01
      vertex 4.65152 44.2562 62.01
      vertex 6.96133 43.9521 62.01
    endloop
  endfacet
  facet normal 0 0 -1
    outer loop
      vertex -2.32895 -44.439 62.01
      vertex 30.5 -26 62.01
      vertex 0 -44.5 62.01
    endloop
  endfacet
  facet normal 0 0 -1
    outer loop
      vertex 30.5 26 62.01
      vertex 2.32895 44.439 62.01
      vertex 4.65152 44.2562 62.01
    endloop
  endfacet
  facet normal 0 0 -1
    outer loop
      vertex -4.65152 -44.2562 62.01
      vertex 30.5 -26 62.01
      vertex -2.32895 -44.439 62.01
    endloop
  endfacet
  facet normal 0 0 -1
    outer loop
      vertex 30.5 26 62.01
      vertex 0 44.5 62.01
      vertex 2.32895 44.439 62.01
    endloop
  endfacet
  facet normal 0 0 -1
    outer loop
      vertex -6.96133 -43.9521 62.01
      vertex 30.5 -26 62.01
      vertex -4.65152 -44.2562 62.01
    endloop
  endfacet
  facet normal 0 0 -1
    outer loop
      vertex 30.5 26 62.01
      vertex -2.32895 44.439 62.01
      vertex 0 44.5 62.01
    endloop
  endfacet
  facet normal 0 0 -1
    outer loop
      vertex -9.25207 -43.5276 62.01
      vertex 30.5 -26 62.01
      vertex -6.96133 -43.9521 62.01
    endloop
  endfacet
  facet normal 0 0 -1
    outer loop
      vertex 30.5 26 62.01
      vertex -4.65152 44.2562 62.01
      vertex -2.32895 44.439 62.01
    endloop
  endfacet
  facet normal 0 0 -1
    outer loop
      vertex -11.5174 -42.9837 62.01
      vertex 30.5 -26 62.01
      vertex -9.25207 -43.5276 62.01
    endloop
  endfacet
  facet normal 0 0 -1
    outer loop
      vertex 30.5 26 62.01
      vertex -6.96133 43.9521 62.01
      vertex -4.65152 44.2562 62.01
    endloop
  endfacet
  facet normal 0 0 -1
    outer loop
      vertex -13.7513 -42.322 62.01
      vertex 30.5 -26 62.01
      vertex -11.5174 -42.9837 62.01
    endloop
  endfacet
  facet normal 0 0 -1
    outer loop
      vertex 30.5 26 62.01
      vertex -9.25207 43.5276 62.01
      vertex -6.96133 43.9521 62.01
    endloop
  endfacet
  facet normal 0 0 -1
    outer loop
      vertex -15.9474 -41.5443 62.01
      vertex 30.5 -26 62.01
      vertex -13.7513 -42.322 62.01
    endloop
  endfacet
  facet normal 0 0 -1
    outer loop
      vertex 30.5 26 62.01
      vertex -11.5174 42.9837 62.01
      vertex -9.25207 43.5276 62.01
    endloop
  endfacet
  facet normal 0 0 -1
    outer loop
      vertex -18.0998 -40.6528 62.01
      vertex 30.5 -26 62.01
      vertex -15.9474 -41.5443 62.01
    endloop
  endfacet
  facet normal 0 0 -1
    outer loop
      vertex 30.5 26 62.01
      vertex -13.7513 42.322 62.01
      vertex -11.5174 42.9837 62.01
    endloop
  endfacet
  facet normal 0 0 -1
    outer loop
      vertex -20.2026 -39.6498 62.01
      vertex 30.5 -26 62.01
      vertex -18.0998 -40.6528 62.01
    endloop
  endfacet
  facet normal 0 0 -1
    outer loop
      vertex 30.5 26 62.01
      vertex -15.9474 41.5443 62.01
      vertex -13.7513 42.322 62.01
    endloop
  endfacet
  facet normal 0 0 -1
    outer loop
      vertex -22.25 -38.5381 62.01
      vertex 30.5 -26 62.01
      vertex -20.2026 -39.6498 62.01
    endloop
  endfacet
  facet normal 0 0 -1
    outer loop
      vertex 30.5 26 62.01
      vertex -18.0998 40.6528 62.01
      vertex -15.9474 41.5443 62.01
    endloop
  endfacet
  facet normal 0 0 -1
    outer loop
      vertex -24.2364 -37.3208 62.01
      vertex 30.5 -26 62.01
      vertex -22.25 -38.5381 62.01
    endloop
  endfacet
  facet normal 0 0 -1
    outer loop
      vertex 30.5 26 62.01
      vertex -20.2026 39.6498 62.01
      vertex -18.0998 40.6528 62.01
    endloop
  endfacet
  facet normal 0 0 -1
    outer loop
      vertex -26.1564 -36.0013 62.01
      vertex 30.5 -26 62.01
      vertex -24.2364 -37.3208 62.01
    endloop
  endfacet
  facet normal 0 0 -1
    outer loop
      vertex 30.5 26 62.01
      vertex -22.25 38.5381 62.01
      vertex -20.2026 39.6498 62.01
    endloop
  endfacet
  facet normal 0 0 -1
    outer loop
      vertex -28.0048 -34.583 62.01
      vertex 30.5 -26 62.01
      vertex -26.1564 -36.0013 62.01
    endloop
  endfacet
  facet normal 0 0 -1
    outer loop
      vertex 30.5 26 62.01
      vertex -24.2364 37.3208 62.01
      vertex -22.25 38.5381 62.01
    endloop
  endfacet
  facet normal 0 0 -1
    outer loop
      vertex -29.7763 -33.0699 62.01
      vertex 30.5 -26 62.01
      vertex -28.0048 -34.583 62.01
    endloop
  endfacet
  facet normal 0 0 -1
    outer loop
      vertex 30.5 26 62.01
      vertex -26.1564 36.0013 62.01
      vertex -24.2364 37.3208 62.01
    endloop
  endfacet
  facet normal 0 0 -1
    outer loop
      vertex -31.4663 -31.4663 62.01
      vertex 30.5 -26 62.01
      vertex -29.7763 -33.0699 62.01
    endloop
  endfacet
  facet normal 0 0 -1
    outer loop
      vertex 30.5 26 62.01
      vertex -28.0048 34.583 62.01
      vertex -26.1564 36.0013 62.01
    endloop
  endfacet
  facet normal 0 0 -1
    outer loop
      vertex -33.0699 -29.7763 62.01
      vertex 30.5 -26 62.01
      vertex -31.4663 -31.4663 62.01
    endloop
  endfacet
  facet normal 0 0 -1
    outer loop
      vertex 30.5 26 62.01
      vertex -29.7763 33.0699 62.01
      vertex -28.0048 34.583 62.01
    endloop
  endfacet
  facet normal 0 0 -1
    outer loop
      vertex -34.583 -28.0048 62.01
      vertex 30.5 -26 62.01
      vertex -33.0699 -29.7763 62.01
    endloop
  endfacet
  facet normal 0 0 -1
    outer loop
      vertex 30.5 26 62.01
      vertex -31.4663 31.4663 62.01
      vertex -29.7763 33.0699 62.01
    endloop
  endfacet
  facet normal 0 0 -1
    outer loop
      vertex -36.0013 -26.1564 62.01
      vertex 30.5 -26 62.01
      vertex -34.583 -28.0048 62.01
    endloop
  endfacet
  facet normal 0 0 -1
    outer loop
      vertex 30.5 26 62.01
      vertex -33.0699 29.7763 62.01
      vertex -31.4663 31.4663 62.01
    endloop
  endfacet
  facet normal 0 0 -1
    outer loop
      vertex -37.3208 -24.2364 62.01
      vertex 30.5 -26 62.01
      vertex -36.0013 -26.1564 62.01
    endloop
  endfacet
  facet normal 0 0 -1
    outer loop
      vertex 30.5 26 62.01
      vertex -34.583 28.0048 62.01
      vertex -33.0699 29.7763 62.01
    endloop
  endfacet
  facet normal 0 0 -1
    outer loop
      vertex -38.5381 -22.25 62.01
      vertex 30.5 -26 62.01
      vertex -37.3208 -24.2364 62.01
    endloop
  endfacet
  facet normal 0 0 -1
    outer loop
      vertex 30.5 26 62.01
      vertex -36.0013 26.1564 62.01
      vertex -34.583 28.0048 62.01
    endloop
  endfacet
  facet normal 0 0 -1
    outer loop
      vertex -39.6498 -20.2026 62.01
      vertex 30.5 -26 62.01
      vertex -38.5381 -22.25 62.01
    endloop
  endfacet
  facet normal -0 0 -1
    outer loop
      vertex 30.5 26 62.01
      vertex -37.3208 24.2364 62.01
      vertex -36.0013 26.1564 62.01
    endloop
  endfacet
  facet normal 0 0 -1
    outer loop
      vertex -40.6528 -18.0998 62.01
      vertex 30.5 -26 62.01
      vertex -39.6498 -20.2026 62.01
    endloop
  endfacet
  facet normal 0 0 -1
    outer loop
      vertex 30.5 26 62.01
      vertex -38.5381 22.25 62.01
      vertex -37.3208 24.2364 62.01
    endloop
  endfacet
  facet normal 0 0 -1
    outer loop
      vertex -41.5443 -15.9474 62.01
      vertex 30.5 -26 62.01
      vertex -40.6528 -18.0998 62.01
    endloop
  endfacet
  facet normal 0 0 -1
    outer loop
      vertex 30.5 26 62.01
      vertex -39.6498 20.2026 62.01
      vertex -38.5381 22.25 62.01
    endloop
  endfacet
  facet normal 0 0 -1
    outer loop
      vertex -42.322 -13.7513 62.01
      vertex 30.5 -26 62.01
      vertex -41.5443 -15.9474 62.01
    endloop
  endfacet
  facet normal 0 0 -1
    outer loop
      vertex 30.5 26 62.01
      vertex -40.6528 18.0998 62.01
      vertex -39.6498 20.2026 62.01
    endloop
  endfacet
  facet normal 0 0 -1
    outer loop
      vertex -42.9837 -11.5174 62.01
      vertex 30.5 -26 62.01
      vertex -42.322 -13.7513 62.01
    endloop
  endfacet
  facet normal 0 0 -1
    outer loop
      vertex 30.5 26 62.01
      vertex -41.5443 15.9474 62.01
      vertex -40.6528 18.0998 62.01
    endloop
  endfacet
  facet normal 0 0 -1
    outer loop
      vertex -43.5276 -9.25207 62.01
      vertex 30.5 -26 62.01
      vertex -42.9837 -11.5174 62.01
    endloop
  endfacet
  facet normal 0 0 -1
    outer loop
      vertex 30.5 26 62.01
      vertex -42.322 13.7513 62.01
      vertex -41.5443 15.9474 62.01
    endloop
  endfacet
  facet normal 0 0 -1
    outer loop
      vertex -43.9521 -6.96133 62.01
      vertex 30.5 -26 62.01
      vertex -43.5276 -9.25207 62.01
    endloop
  endfacet
  facet normal 0 0 -1
    outer loop
      vertex 30.5 26 62.01
      vertex -42.9837 11.5174 62.01
      vertex -42.322 13.7513 62.01
    endloop
  endfacet
  facet normal 0 0 -1
    outer loop
      vertex 30.5 -26 62.01
      vertex -43.9521 -6.96133 62.01
      vertex 30.5 26 62.01
    endloop
  endfacet
  facet normal 0 0 -1
    outer loop
      vertex 30.5 26 62.01
      vertex -43.5276 9.25207 62.01
      vertex -42.9837 11.5174 62.01
    endloop
  endfacet
  facet normal 0 0 -1
    outer loop
      vertex -43.9521 6.96133 62.01
      vertex 30.5 26 62.01
      vertex -43.9521 -6.96133 62.01
    endloop
  endfacet
  facet normal 0 0 -1
    outer loop
      vertex 30.5 26 62.01
      vertex -43.9521 6.96133 62.01
      vertex -43.5276 9.25207 62.01
    endloop
  endfacet
  facet normal 0 0 -1
    outer loop
      vertex -44.2562 -4.65152 62.01
      vertex -43.9521 6.96133 62.01
      vertex -43.9521 -6.96133 62.01
    endloop
  endfacet
  facet normal 0 0 -1
    outer loop
      vertex -44.2562 -4.65152 62.01
      vertex -44.2562 4.65152 62.01
      vertex -43.9521 6.96133 62.01
    endloop
  endfacet
  facet normal 0 0 -1
    outer loop
      vertex -44.439 -2.32895 62.01
      vertex -44.2562 4.65152 62.01
      vertex -44.2562 -4.65152 62.01
    endloop
  endfacet
  facet normal 0 0 -1
    outer loop
      vertex -44.439 -2.32895 62.01
      vertex -44.439 2.32895 62.01
      vertex -44.2562 4.65152 62.01
    endloop
  endfacet
  facet normal 0 -0 -1
    outer loop
      vertex -44.439 2.32895 62.01
      vertex -44.439 -2.32895 62.01
      vertex -44.5 0 62.01
    endloop
  endfacet
  facet normal 0 0 -1
    outer loop
      vertex 44.439 -2.32895 62.01
      vertex 44.439 2.32895 62.01
      vertex 44.5 0 62.01
    endloop
  endfacet
  facet normal 0 0 -1
    outer loop
      vertex 44.2562 -4.65152 62.01
      vertex 44.439 2.32895 62.01
      vertex 44.439 -2.32895 62.01
    endloop
  endfacet
  facet normal 0 0 -1
    outer loop
      vertex 44.2562 -4.65152 62.01
      vertex 44.2562 4.65152 62.01
      vertex 44.439 2.32895 62.01
    endloop
  endfacet
  facet normal 0 0 -1
    outer loop
      vertex 43.9521 -6.96133 62.01
      vertex 44.2562 4.65152 62.01
      vertex 44.2562 -4.65152 62.01
    endloop
  endfacet
  facet normal 0 0 -1
    outer loop
      vertex 43.9521 -6.96133 62.01
      vertex 43.9521 6.96133 62.01
      vertex 44.2562 4.65152 62.01
    endloop
  endfacet
  facet normal 0 0 -1
    outer loop
      vertex 43.5276 -9.25207 62.01
      vertex 43.9521 6.96133 62.01
      vertex 43.9521 -6.96133 62.01
    endloop
  endfacet
  facet normal 0 0 -1
    outer loop
      vertex 43.5276 -9.25207 62.01
      vertex 43.5276 9.25207 62.01
      vertex 43.9521 6.96133 62.01
    endloop
  endfacet
  facet normal 0 0 -1
    outer loop
      vertex 42.9837 -11.5174 62.01
      vertex 43.5276 9.25207 62.01
      vertex 43.5276 -9.25207 62.01
    endloop
  endfacet
  facet normal 0 0 -1
    outer loop
      vertex 42.9837 -11.5174 62.01
      vertex 42.9837 11.5174 62.01
      vertex 43.5276 9.25207 62.01
    endloop
  endfacet
  facet normal 0 0 -1
    outer loop
      vertex 42.322 -13.7513 62.01
      vertex 42.9837 11.5174 62.01
      vertex 42.9837 -11.5174 62.01
    endloop
  endfacet
  facet normal 0 0 -1
    outer loop
      vertex 42.322 -13.7513 62.01
      vertex 42.322 13.7513 62.01
      vertex 42.9837 11.5174 62.01
    endloop
  endfacet
  facet normal 0 0 -1
    outer loop
      vertex 41.5443 -15.9474 62.01
      vertex 42.322 13.7513 62.01
      vertex 42.322 -13.7513 62.01
    endloop
  endfacet
  facet normal 0 0 -1
    outer loop
      vertex 41.5443 -15.9474 62.01
      vertex 41.5443 15.9474 62.01
      vertex 42.322 13.7513 62.01
    endloop
  endfacet
  facet normal 0 0 -1
    outer loop
      vertex 40.6528 -18.0998 62.01
      vertex 41.5443 15.9474 62.01
      vertex 41.5443 -15.9474 62.01
    endloop
  endfacet
  facet normal 0 0 -1
    outer loop
      vertex 40.6528 -18.0998 62.01
      vertex 40.6528 18.0998 62.01
      vertex 41.5443 15.9474 62.01
    endloop
  endfacet
  facet normal 0 0 -1
    outer loop
      vertex 39.5 -20.4785 62.01
      vertex 40.6528 -18.0998 62.01
      vertex 39.6498 -20.2026 62.01
    endloop
  endfacet
  facet normal -0 0 -1
    outer loop
      vertex 40.6528 -18.0998 62.01
      vertex 39.5 -20.4785 62.01
      vertex 40.6528 18.0998 62.01
    endloop
  endfacet
  facet normal 0 0 -1
    outer loop
      vertex 39.5 20.4785 62.01
      vertex 40.6528 18.0998 62.01
      vertex 39.5 -20.4785 62.01
    endloop
  endfacet
  facet normal 0 0 -1
    outer loop
      vertex 40.6528 18.0998 62.01
      vertex 39.5 20.4785 62.01
      vertex 39.6498 20.2026 62.01
    endloop
  endfacet
  facet normal 0.902583 0.430517 0
    outer loop
      vertex -39.6498 -20.2026 62.01
      vertex -40.6528 -18.0998 6
      vertex -40.6528 -18.0998 62.01
    endloop
  endfacet
  facet normal 0.902583 0.430517 0
    outer loop
      vertex -40.6528 -18.0998 6
      vertex -39.6498 -20.2026 62.01
      vertex -39.6498 -20.2026 6
    endloop
  endfacet
  facet normal -1 0 0
    outer loop
      vertex 39.5 26 0
      vertex 39.5 20.4785 6
      vertex 39.5 26 65
    endloop
  endfacet
  facet normal -1 0 0
    outer loop
      vertex 39.5 26 0
      vertex 39.5 -20.4785 6
      vertex 39.5 20.4785 6
    endloop
  endfacet
  facet normal -1 0 0
    outer loop
      vertex 39.5 -26 65
      vertex 39.5 -20.4785 6
      vertex 39.5 -26 0
    endloop
  endfacet
  facet normal -1 0 0
    outer loop
      vertex 39.5 -26 0
      vertex 39.5 -20.4785 6
      vertex 39.5 26 0
    endloop
  endfacet
  facet normal -1 0 0
    outer loop
      vertex 39.5 20.4785 62.01
      vertex 39.5 26 65
      vertex 39.5 20.4785 6
    endloop
  endfacet
  facet normal -1 0 0
    outer loop
      vertex 39.5 -20.4785 62.01
      vertex 39.5 26 65
      vertex 39.5 20.4785 62.01
    endloop
  endfacet
  facet normal -1 0 0
    outer loop
      vertex 39.5 -20.4785 62.01
      vertex 39.5 -26 65
      vertex 39.5 26 65
    endloop
  endfacet
  facet normal -1 0 0
    outer loop
      vertex 39.5 -20.4785 6
      vertex 39.5 -26 65
      vertex 39.5 -20.4785 62.01
    endloop
  endfacet
  facet normal 1 -0 0
    outer loop
      vertex 30.5 -26 65
      vertex 30.5 26 62.01
      vertex 30.5 26 65
    endloop
  endfacet
  facet normal 1 0 0
    outer loop
      vertex 30.5 26 62.01
      vertex 30.5 -26 65
      vertex 30.5 -26 62.01
    endloop
  endfacet
  facet normal 1 -0 0
    outer loop
      vertex 30.5 -26 6
      vertex 30.5 26 0
      vertex 30.5 26 6
    endloop
  endfacet
  facet normal 1 0 0
    outer loop
      vertex 30.5 26 0
      vertex 30.5 -26 6
      vertex 30.5 -26 0
    endloop
  endfacet
  facet normal 0 -1 0
    outer loop
      vertex 30.5 26 6
      vertex 30.5 26 0
      vertex 36.1088 26 6
    endloop
  endfacet
  facet normal 0 -1 0
    outer loop
      vertex 36.1088 26 62.01
      vertex 30.5 26 65
      vertex 30.5 26 62.01
    endloop
  endfacet
  facet normal 0 -1 0
    outer loop
      vertex 30.5 26 65
      vertex 36.1088 26 62.01
      vertex 39.5 26 65
    endloop
  endfacet
  facet normal 0 -1 0
    outer loop
      vertex 36.1088 26 6
      vertex 39.5 26 65
      vertex 36.1088 26 62.01
    endloop
  endfacet
  facet normal 0 -1 0
    outer loop
      vertex 36.1088 26 6
      vertex 39.5 26 0
      vertex 39.5 26 65
    endloop
  endfacet
  facet normal 0 -1 0
    outer loop
      vertex 39.5 26 0
      vertex 36.1088 26 6
      vertex 30.5 26 0
    endloop
  endfacet
  facet normal 0 1 0
    outer loop
      vertex 39.5 -26 65
      vertex 36.1088 -26 62.01
      vertex 30.5 -26 65
    endloop
  endfacet
  facet normal 0 1 0
    outer loop
      vertex 39.5 -26 65
      vertex 36.1088 -26 6
      vertex 36.1088 -26 62.01
    endloop
  endfacet
  facet normal 0 1 -0
    outer loop
      vertex 39.5 -26 0
      vertex 36.1088 -26 6
      vertex 39.5 -26 65
    endloop
  endfacet
  facet normal 0 1 0
    outer loop
      vertex 30.5 -26 0
      vertex 36.1088 -26 6
      vertex 39.5 -26 0
    endloop
  endfacet
  facet normal 0 1 0
    outer loop
      vertex 36.1088 -26 6
      vertex 30.5 -26 0
      vertex 30.5 -26 6
    endloop
  endfacet
  facet normal 0 1 0
    outer loop
      vertex 30.5 -26 65
      vertex 36.1088 -26 62.01
      vertex 30.5 -26 62.01
    endloop
  endfacet
  facet normal -0.983257 0.182224 0
    outer loop
      vertex 1.46722 -0.311867 64.99
      vertex 1.48153 -0.234652 65
      vertex 1.48153 -0.234652 64.99
    endloop
  endfacet
  facet normal -0.983257 0.182224 0
    outer loop
      vertex 1.48153 -0.234652 65
      vertex 1.46722 -0.311867 64.99
      vertex 1.46722 -0.311867 65
    endloop
  endfacet
  facet normal -0.996919 -0.07844 0
    outer loop
      vertex 1.49794 0.0785036 64.99
      vertex 1.49178 0.156793 65
      vertex 1.49178 0.156793 64.99
    endloop
  endfacet
  facet normal -0.996919 -0.07844 0
    outer loop
      vertex 1.49178 0.156793 65
      vertex 1.49794 0.0785036 64.99
      vertex 1.49794 0.0785036 65
    endloop
  endfacet
  facet normal -0.999656 -0.0262318 0
    outer loop
      vertex 1.5 0 64.99
      vertex 1.49794 0.0785036 65
      vertex 1.49794 0.0785036 64.99
    endloop
  endfacet
  facet normal -0.999656 -0.0262318 0
    outer loop
      vertex 1.49794 0.0785036 65
      vertex 1.5 0 64.99
      vertex 1.5 0 65
    endloop
  endfacet
  facet normal -0.991445 -0.130522 0
    outer loop
      vertex 1.49178 0.156793 64.99
      vertex 1.48153 0.234652 65
      vertex 1.48153 0.234652 64.99
    endloop
  endfacet
  facet normal -0.991445 -0.130522 0
    outer loop
      vertex 1.48153 0.234652 65
      vertex 1.49178 0.156793 64.99
      vertex 1.49178 0.156793 65
    endloop
  endfacet
  facet normal -0.760442 -0.649406 0
    outer loop
      vertex 1.16572 0.94398 64.99
      vertex 1.11472 1.0037 65
      vertex 1.11472 1.0037 64.99
    endloop
  endfacet
  facet normal -0.760442 -0.649406 0
    outer loop
      vertex 1.11472 1.0037 65
      vertex 1.16572 0.94398 64.99
      vertex 1.16572 0.94398 65
    endloop
  endfacet
  facet normal 0.72533 -0.688401 0
    outer loop
      vertex -1.11472 1.0037 65
      vertex -1.06066 1.06066 64.99
      vertex -1.06066 1.06066 65
    endloop
  endfacet
  facet normal 0.72533 -0.688401 0
    outer loop
      vertex -1.06066 1.06066 64.99
      vertex -1.11472 1.0037 65
      vertex -1.11472 1.0037 64.99
    endloop
  endfacet
  facet normal 0.130522 -0.991445 0
    outer loop
      vertex -0.234652 1.48153 64.99
      vertex -0.156793 1.49178 65
      vertex -0.234652 1.48153 65
    endloop
  endfacet
  facet normal 0.130522 -0.991445 0
    outer loop
      vertex -0.156793 1.49178 65
      vertex -0.234652 1.48153 64.99
      vertex -0.156793 1.49178 64.99
    endloop
  endfacet
  facet normal -0.902576 -0.430532 0
    outer loop
      vertex 1.37032 0.610105 64.99
      vertex 1.33651 0.680985 65
      vertex 1.33651 0.680985 64.99
    endloop
  endfacet
  facet normal -0.902576 -0.430532 0
    outer loop
      vertex 1.33651 0.680985 65
      vertex 1.37032 0.610105 64.99
      vertex 1.37032 0.610105 65
    endloop
  endfacet
  facet normal -0.760442 0.649406 0
    outer loop
      vertex 1.11472 -1.0037 64.99
      vertex 1.16572 -0.94398 65
      vertex 1.16572 -0.94398 64.99
    endloop
  endfacet
  facet normal -0.760442 0.649406 0
    outer loop
      vertex 1.16572 -0.94398 65
      vertex 1.11472 -1.0037 64.99
      vertex 1.11472 -1.0037 65
    endloop
  endfacet
  facet normal -0.824072 0.566486 0
    outer loop
      vertex 1.21352 -0.881678 64.99
      vertex 1.25801 -0.816958 65
      vertex 1.25801 -0.816958 64.99
    endloop
  endfacet
  facet normal -0.824072 0.566486 0
    outer loop
      vertex 1.25801 -0.816958 65
      vertex 1.21352 -0.881678 64.99
      vertex 1.21352 -0.881678 65
    endloop
  endfacet
  facet normal -0.942659 -0.333758 0
    outer loop
      vertex 1.42658 0.463525 64.99
      vertex 1.40037 0.537552 65
      vertex 1.40037 0.537552 64.99
    endloop
  endfacet
  facet normal -0.942659 -0.333758 0
    outer loop
      vertex 1.40037 0.537552 65
      vertex 1.42658 0.463525 64.99
      vertex 1.42658 0.463525 65
    endloop
  endfacet
  facet normal 0.824072 -0.566486 0
    outer loop
      vertex -1.25801 0.816958 65
      vertex -1.21352 0.881678 64.99
      vertex -1.21352 0.881678 65
    endloop
  endfacet
  facet normal 0.824072 -0.566486 0
    outer loop
      vertex -1.21352 0.881678 64.99
      vertex -1.25801 0.816958 65
      vertex -1.25801 0.816958 64.99
    endloop
  endfacet
  facet normal 0.996919 0.07844 0
    outer loop
      vertex -1.49178 -0.156793 65
      vertex -1.49794 -0.0785036 64.99
      vertex -1.49794 -0.0785036 65
    endloop
  endfacet
  facet normal 0.996919 0.07844 0
    outer loop
      vertex -1.49794 -0.0785036 64.99
      vertex -1.49178 -0.156793 65
      vertex -1.49178 -0.156793 64.99
    endloop
  endfacet
  facet normal 0.566486 -0.824072 0
    outer loop
      vertex -0.881678 1.21352 64.99
      vertex -0.816958 1.25801 65
      vertex -0.881678 1.21352 65
    endloop
  endfacet
  facet normal 0.566486 -0.824072 0
    outer loop
      vertex -0.816958 1.25801 65
      vertex -0.881678 1.21352 64.99
      vertex -0.816958 1.25801 64.99
    endloop
  endfacet
  facet normal -0.07844 0.996919 0
    outer loop
      vertex 0.156793 -1.49178 64.99
      vertex 0.0785036 -1.49794 65
      vertex 0.156793 -1.49178 65
    endloop
  endfacet
  facet normal -0.07844 0.996919 0
    outer loop
      vertex 0.0785036 -1.49794 65
      vertex 0.156793 -1.49178 64.99
      vertex 0.0785036 -1.49794 64.99
    endloop
  endfacet
  facet normal 0.130522 0.991445 -0
    outer loop
      vertex -0.156793 -1.49178 64.99
      vertex -0.234652 -1.48153 65
      vertex -0.156793 -1.49178 65
    endloop
  endfacet
  facet normal 0.130522 0.991445 0
    outer loop
      vertex -0.234652 -1.48153 65
      vertex -0.156793 -1.49178 64.99
      vertex -0.234652 -1.48153 64.99
    endloop
  endfacet
  facet normal -0.522481 -0.852651 0
    outer loop
      vertex 0.75 1.29904 64.99
      vertex 0.816958 1.25801 65
      vertex 0.75 1.29904 65
    endloop
  endfacet
  facet normal -0.522481 -0.852651 -0
    outer loop
      vertex 0.816958 1.25801 65
      vertex 0.75 1.29904 64.99
      vertex 0.816958 1.25801 64.99
    endloop
  endfacet
  facet normal 0.999656 0.0262318 0
    outer loop
      vertex -1.49794 -0.0785036 65
      vertex -1.5 0 64.99
      vertex -1.5 0 65
    endloop
  endfacet
  facet normal 0.999656 0.0262318 0
    outer loop
      vertex -1.5 0 64.99
      vertex -1.49794 -0.0785036 65
      vertex -1.49794 -0.0785036 64.99
    endloop
  endfacet
  facet normal -0.477138 -0.878828 0
    outer loop
      vertex 0.680985 1.33651 64.99
      vertex 0.75 1.29904 65
      vertex 0.680985 1.33651 65
    endloop
  endfacet
  facet normal -0.477138 -0.878828 -0
    outer loop
      vertex 0.75 1.29904 65
      vertex 0.680985 1.33651 64.99
      vertex 0.75 1.29904 64.99
    endloop
  endfacet
  facet normal 0.233413 0.972378 -0
    outer loop
      vertex -0.311867 -1.46722 64.99
      vertex -0.388228 -1.44889 65
      vertex -0.311867 -1.46722 65
    endloop
  endfacet
  facet normal 0.233413 0.972378 0
    outer loop
      vertex -0.388228 -1.44889 65
      vertex -0.311867 -1.46722 64.99
      vertex -0.388228 -1.44889 64.99
    endloop
  endfacet
  facet normal -0.284086 0.958799 0
    outer loop
      vertex 0.463525 -1.42658 64.99
      vertex 0.388228 -1.44889 65
      vertex 0.463525 -1.42658 65
    endloop
  endfacet
  facet normal -0.284086 0.958799 0
    outer loop
      vertex 0.388228 -1.44889 65
      vertex 0.463525 -1.42658 64.99
      vertex 0.388228 -1.44889 64.99
    endloop
  endfacet
  facet normal -0.284086 -0.958799 0
    outer loop
      vertex 0.388228 1.44889 64.99
      vertex 0.463525 1.42658 65
      vertex 0.388228 1.44889 65
    endloop
  endfacet
  facet normal -0.284086 -0.958799 -0
    outer loop
      vertex 0.463525 1.42658 65
      vertex 0.388228 1.44889 64.99
      vertex 0.463525 1.42658 64.99
    endloop
  endfacet
  facet normal -0.852651 -0.522481 0
    outer loop
      vertex 1.29904 0.75 64.99
      vertex 1.25801 0.816958 65
      vertex 1.25801 0.816958 64.99
    endloop
  endfacet
  facet normal -0.852651 -0.522481 0
    outer loop
      vertex 1.25801 0.816958 65
      vertex 1.29904 0.75 64.99
      vertex 1.29904 0.75 65
    endloop
  endfacet
  facet normal -0.996919 0.07844 0
    outer loop
      vertex 1.49178 -0.156793 64.99
      vertex 1.49794 -0.0785036 65
      vertex 1.49794 -0.0785036 64.99
    endloop
  endfacet
  facet normal -0.996919 0.07844 0
    outer loop
      vertex 1.49794 -0.0785036 65
      vertex 1.49178 -0.156793 64.99
      vertex 1.49178 -0.156793 65
    endloop
  endfacet
  facet normal 0.477138 -0.878828 0
    outer loop
      vertex -0.75 1.29904 64.99
      vertex -0.680985 1.33651 65
      vertex -0.75 1.29904 65
    endloop
  endfacet
  facet normal 0.477138 -0.878828 0
    outer loop
      vertex -0.680985 1.33651 65
      vertex -0.75 1.29904 64.99
      vertex -0.680985 1.33651 64.99
    endloop
  endfacet
  facet normal 0.688401 -0.72533 0
    outer loop
      vertex -1.06066 1.06066 64.99
      vertex -1.0037 1.11472 65
      vertex -1.06066 1.06066 65
    endloop
  endfacet
  facet normal 0.688401 -0.72533 0
    outer loop
      vertex -1.0037 1.11472 65
      vertex -1.06066 1.06066 64.99
      vertex -1.0037 1.11472 64.99
    endloop
  endfacet
  facet normal 0.991445 0.130522 0
    outer loop
      vertex -1.48153 -0.234652 65
      vertex -1.49178 -0.156793 64.99
      vertex -1.49178 -0.156793 65
    endloop
  endfacet
  facet normal 0.991445 0.130522 0
    outer loop
      vertex -1.49178 -0.156793 64.99
      vertex -1.48153 -0.234652 65
      vertex -1.48153 -0.234652 64.99
    endloop
  endfacet
  facet normal -0.79339 0.608713 0
    outer loop
      vertex 1.16572 -0.94398 64.99
      vertex 1.21352 -0.881678 65
      vertex 1.21352 -0.881678 64.99
    endloop
  endfacet
  facet normal -0.79339 0.608713 0
    outer loop
      vertex 1.21352 -0.881678 65
      vertex 1.16572 -0.94398 64.99
      vertex 1.16572 -0.94398 65
    endloop
  endfacet
  facet normal 0.0262318 0.999656 -0
    outer loop
      vertex 0 -1.5 64.99
      vertex -0.0785036 -1.49794 65
      vertex 0 -1.5 65
    endloop
  endfacet
  facet normal 0.0262318 0.999656 0
    outer loop
      vertex -0.0785036 -1.49794 65
      vertex 0 -1.5 64.99
      vertex -0.0785036 -1.49794 64.99
    endloop
  endfacet
  facet normal 0.824072 0.566486 0
    outer loop
      vertex -1.21352 -0.881678 65
      vertex -1.25801 -0.816958 64.99
      vertex -1.25801 -0.816958 65
    endloop
  endfacet
  facet normal 0.824072 0.566486 0
    outer loop
      vertex -1.25801 -0.816958 64.99
      vertex -1.21352 -0.881678 65
      vertex -1.21352 -0.881678 64.99
    endloop
  endfacet
  facet normal -0.972378 0.233413 0
    outer loop
      vertex 1.44889 -0.388228 64.99
      vertex 1.46722 -0.311867 65
      vertex 1.46722 -0.311867 64.99
    endloop
  endfacet
  facet normal -0.972378 0.233413 0
    outer loop
      vertex 1.46722 -0.311867 65
      vertex 1.44889 -0.388228 64.99
      vertex 1.44889 -0.388228 65
    endloop
  endfacet
  facet normal -0.878828 -0.477138 0
    outer loop
      vertex 1.33651 0.680985 64.99
      vertex 1.29904 0.75 65
      vertex 1.29904 0.75 64.99
    endloop
  endfacet
  facet normal -0.878828 -0.477138 0
    outer loop
      vertex 1.29904 0.75 65
      vertex 1.33651 0.680985 64.99
      vertex 1.33651 0.680985 65
    endloop
  endfacet
  facet normal 0.991445 -0.130522 0
    outer loop
      vertex -1.49178 0.156793 65
      vertex -1.48153 0.234652 64.99
      vertex -1.48153 0.234652 65
    endloop
  endfacet
  facet normal 0.991445 -0.130522 0
    outer loop
      vertex -1.48153 0.234652 64.99
      vertex -1.49178 0.156793 65
      vertex -1.49178 0.156793 64.99
    endloop
  endfacet
  facet normal -0.649406 0.760442 0
    outer loop
      vertex 1.0037 -1.11472 64.99
      vertex 0.94398 -1.16572 65
      vertex 1.0037 -1.11472 65
    endloop
  endfacet
  facet normal -0.649406 0.760442 0
    outer loop
      vertex 0.94398 -1.16572 65
      vertex 1.0037 -1.11472 64.99
      vertex 0.94398 -1.16572 64.99
    endloop
  endfacet
  facet normal -0.942659 0.333758 0
    outer loop
      vertex 1.40037 -0.537552 64.99
      vertex 1.42658 -0.463525 65
      vertex 1.42658 -0.463525 64.99
    endloop
  endfacet
  facet normal -0.942659 0.333758 0
    outer loop
      vertex 1.42658 -0.463525 65
      vertex 1.40037 -0.537552 64.99
      vertex 1.40037 -0.537552 65
    endloop
  endfacet
  facet normal -0.182224 0.983257 0
    outer loop
      vertex 0.311867 -1.46722 64.99
      vertex 0.234652 -1.48153 65
      vertex 0.311867 -1.46722 65
    endloop
  endfacet
  facet normal -0.182224 0.983257 0
    outer loop
      vertex 0.234652 -1.48153 65
      vertex 0.311867 -1.46722 64.99
      vertex 0.234652 -1.48153 64.99
    endloop
  endfacet
  facet normal -0.958799 -0.284086 0
    outer loop
      vertex 1.44889 0.388228 64.99
      vertex 1.42658 0.463525 65
      vertex 1.42658 0.463525 64.99
    endloop
  endfacet
  facet normal -0.958799 -0.284086 0
    outer loop
      vertex 1.42658 0.463525 65
      vertex 1.44889 0.388228 64.99
      vertex 1.44889 0.388228 65
    endloop
  endfacet
  facet normal 0 0 1
    outer loop
      vertex 1.49794 0.0785036 64.99
      vertex 1.49794 -0.0785036 64.99
      vertex 1.5 0 64.99
    endloop
  endfacet
  facet normal 0 0 1
    outer loop
      vertex 1.49178 0.156793 64.99
      vertex 1.49794 -0.0785036 64.99
      vertex 1.49794 0.0785036 64.99
    endloop
  endfacet
  facet normal 0 0 1
    outer loop
      vertex 1.49178 0.156793 64.99
      vertex 1.49178 -0.156793 64.99
      vertex 1.49794 -0.0785036 64.99
    endloop
  endfacet
  facet normal 0 0 1
    outer loop
      vertex 1.48153 0.234652 64.99
      vertex 1.49178 -0.156793 64.99
      vertex 1.49178 0.156793 64.99
    endloop
  endfacet
  facet normal 0 0 1
    outer loop
      vertex 1.48153 0.234652 64.99
      vertex 1.48153 -0.234652 64.99
      vertex 1.49178 -0.156793 64.99
    endloop
  endfacet
  facet normal 0 0 1
    outer loop
      vertex 1.46722 0.311867 64.99
      vertex 1.48153 -0.234652 64.99
      vertex 1.48153 0.234652 64.99
    endloop
  endfacet
  facet normal 0 0 1
    outer loop
      vertex 1.46722 0.311867 64.99
      vertex 1.46722 -0.311867 64.99
      vertex 1.48153 -0.234652 64.99
    endloop
  endfacet
  facet normal 0 0 1
    outer loop
      vertex 1.44889 0.388228 64.99
      vertex 1.46722 -0.311867 64.99
      vertex 1.46722 0.311867 64.99
    endloop
  endfacet
  facet normal 0 0 1
    outer loop
      vertex 1.44889 0.388228 64.99
      vertex 1.44889 -0.388228 64.99
      vertex 1.46722 -0.311867 64.99
    endloop
  endfacet
  facet normal 0 0 1
    outer loop
      vertex 1.42658 0.463525 64.99
      vertex 1.44889 -0.388228 64.99
      vertex 1.44889 0.388228 64.99
    endloop
  endfacet
  facet normal 0 0 1
    outer loop
      vertex 1.42658 0.463525 64.99
      vertex 1.42658 -0.463525 64.99
      vertex 1.44889 -0.388228 64.99
    endloop
  endfacet
  facet normal 0 0 1
    outer loop
      vertex 1.40037 0.537552 64.99
      vertex 1.42658 -0.463525 64.99
      vertex 1.42658 0.463525 64.99
    endloop
  endfacet
  facet normal 0 0 1
    outer loop
      vertex 1.40037 0.537552 64.99
      vertex 1.40037 -0.537552 64.99
      vertex 1.42658 -0.463525 64.99
    endloop
  endfacet
  facet normal 0 0 1
    outer loop
      vertex 1.37032 0.610105 64.99
      vertex 1.40037 -0.537552 64.99
      vertex 1.40037 0.537552 64.99
    endloop
  endfacet
  facet normal 0 0 1
    outer loop
      vertex 1.37032 0.610105 64.99
      vertex 1.37032 -0.610105 64.99
      vertex 1.40037 -0.537552 64.99
    endloop
  endfacet
  facet normal 0 0 1
    outer loop
      vertex 1.33651 0.680985 64.99
      vertex 1.37032 -0.610105 64.99
      vertex 1.37032 0.610105 64.99
    endloop
  endfacet
  facet normal 0 0 1
    outer loop
      vertex 1.33651 0.680985 64.99
      vertex 1.33651 -0.680985 64.99
      vertex 1.37032 -0.610105 64.99
    endloop
  endfacet
  facet normal 0 0 1
    outer loop
      vertex 1.29904 0.75 64.99
      vertex 1.33651 -0.680985 64.99
      vertex 1.33651 0.680985 64.99
    endloop
  endfacet
  facet normal 0 0 1
    outer loop
      vertex 1.29904 0.75 64.99
      vertex 1.29904 -0.75 64.99
      vertex 1.33651 -0.680985 64.99
    endloop
  endfacet
  facet normal 0 0 1
    outer loop
      vertex 1.25801 0.816958 64.99
      vertex 1.29904 -0.75 64.99
      vertex 1.29904 0.75 64.99
    endloop
  endfacet
  facet normal 0 0 1
    outer loop
      vertex 1.25801 0.816958 64.99
      vertex 1.25801 -0.816958 64.99
      vertex 1.29904 -0.75 64.99
    endloop
  endfacet
  facet normal 0 0 1
    outer loop
      vertex 1.21352 0.881678 64.99
      vertex 1.25801 -0.816958 64.99
      vertex 1.25801 0.816958 64.99
    endloop
  endfacet
  facet normal 0 0 1
    outer loop
      vertex 1.21352 0.881678 64.99
      vertex 1.21352 -0.881678 64.99
      vertex 1.25801 -0.816958 64.99
    endloop
  endfacet
  facet normal 0 0 1
    outer loop
      vertex 1.16572 0.94398 64.99
      vertex 1.21352 -0.881678 64.99
      vertex 1.21352 0.881678 64.99
    endloop
  endfacet
  facet normal 0 0 1
    outer loop
      vertex 1.16572 0.94398 64.99
      vertex 1.16572 -0.94398 64.99
      vertex 1.21352 -0.881678 64.99
    endloop
  endfacet
  facet normal 0 0 1
    outer loop
      vertex 1.11472 1.0037 64.99
      vertex 1.16572 -0.94398 64.99
      vertex 1.16572 0.94398 64.99
    endloop
  endfacet
  facet normal 0 0 1
    outer loop
      vertex 1.11472 1.0037 64.99
      vertex 1.11472 -1.0037 64.99
      vertex 1.16572 -0.94398 64.99
    endloop
  endfacet
  facet normal 0 0 1
    outer loop
      vertex 1.06066 1.06066 64.99
      vertex 1.11472 -1.0037 64.99
      vertex 1.11472 1.0037 64.99
    endloop
  endfacet
  facet normal 0 0 1
    outer loop
      vertex 1.06066 1.06066 64.99
      vertex 1.06066 -1.06066 64.99
      vertex 1.11472 -1.0037 64.99
    endloop
  endfacet
  facet normal 0 0 1
    outer loop
      vertex 1.0037 1.11472 64.99
      vertex 1.06066 -1.06066 64.99
      vertex 1.06066 1.06066 64.99
    endloop
  endfacet
  facet normal 0 0 1
    outer loop
      vertex 1.0037 1.11472 64.99
      vertex 1.0037 -1.11472 64.99
      vertex 1.06066 -1.06066 64.99
    endloop
  endfacet
  facet normal 0 0 1
    outer loop
      vertex 0.94398 1.16572 64.99
      vertex 1.0037 -1.11472 64.99
      vertex 1.0037 1.11472 64.99
    endloop
  endfacet
  facet normal 0 0 1
    outer loop
      vertex 0.94398 1.16572 64.99
      vertex 0.94398 -1.16572 64.99
      vertex 1.0037 -1.11472 64.99
    endloop
  endfacet
  facet normal 0 0 1
    outer loop
      vertex 0.881678 1.21352 64.99
      vertex 0.94398 -1.16572 64.99
      vertex 0.94398 1.16572 64.99
    endloop
  endfacet
  facet normal 0 0 1
    outer loop
      vertex 0.881678 1.21352 64.99
      vertex 0.881678 -1.21352 64.99
      vertex 0.94398 -1.16572 64.99
    endloop
  endfacet
  facet normal 0 0 1
    outer loop
      vertex 0.816958 1.25801 64.99
      vertex 0.881678 -1.21352 64.99
      vertex 0.881678 1.21352 64.99
    endloop
  endfacet
  facet normal 0 0 1
    outer loop
      vertex 0.816958 1.25801 64.99
      vertex 0.816958 -1.25801 64.99
      vertex 0.881678 -1.21352 64.99
    endloop
  endfacet
  facet normal 0 0 1
    outer loop
      vertex 0.75 1.29904 64.99
      vertex 0.816958 -1.25801 64.99
      vertex 0.816958 1.25801 64.99
    endloop
  endfacet
  facet normal 0 0 1
    outer loop
      vertex 0.75 1.29904 64.99
      vertex 0.75 -1.29904 64.99
      vertex 0.816958 -1.25801 64.99
    endloop
  endfacet
  facet normal 0 0 1
    outer loop
      vertex 0.680985 1.33651 64.99
      vertex 0.75 -1.29904 64.99
      vertex 0.75 1.29904 64.99
    endloop
  endfacet
  facet normal 0 0 1
    outer loop
      vertex 0.680985 1.33651 64.99
      vertex 0.680985 -1.33651 64.99
      vertex 0.75 -1.29904 64.99
    endloop
  endfacet
  facet normal 0 0 1
    outer loop
      vertex 0.610105 1.37032 64.99
      vertex 0.680985 -1.33651 64.99
      vertex 0.680985 1.33651 64.99
    endloop
  endfacet
  facet normal 0 0 1
    outer loop
      vertex 0.610105 1.37032 64.99
      vertex 0.610105 -1.37032 64.99
      vertex 0.680985 -1.33651 64.99
    endloop
  endfacet
  facet normal 0 0 1
    outer loop
      vertex 0.537552 1.40037 64.99
      vertex 0.610105 -1.37032 64.99
      vertex 0.610105 1.37032 64.99
    endloop
  endfacet
  facet normal 0 0 1
    outer loop
      vertex 0.537552 1.40037 64.99
      vertex 0.537552 -1.40037 64.99
      vertex 0.610105 -1.37032 64.99
    endloop
  endfacet
  facet normal 0 0 1
    outer loop
      vertex 0.463525 1.42658 64.99
      vertex 0.537552 -1.40037 64.99
      vertex 0.537552 1.40037 64.99
    endloop
  endfacet
  facet normal 0 0 1
    outer loop
      vertex 0.463525 1.42658 64.99
      vertex 0.463525 -1.42658 64.99
      vertex 0.537552 -1.40037 64.99
    endloop
  endfacet
  facet normal 0 0 1
    outer loop
      vertex 0.388228 1.44889 64.99
      vertex 0.463525 -1.42658 64.99
      vertex 0.463525 1.42658 64.99
    endloop
  endfacet
  facet normal 0 0 1
    outer loop
      vertex 0.388228 1.44889 64.99
      vertex 0.388228 -1.44889 64.99
      vertex 0.463525 -1.42658 64.99
    endloop
  endfacet
  facet normal 0 0 1
    outer loop
      vertex 0.311867 1.46722 64.99
      vertex 0.388228 -1.44889 64.99
      vertex 0.388228 1.44889 64.99
    endloop
  endfacet
  facet normal 0 0 1
    outer loop
      vertex 0.311867 1.46722 64.99
      vertex 0.311867 -1.46722 64.99
      vertex 0.388228 -1.44889 64.99
    endloop
  endfacet
  facet normal 0 0 1
    outer loop
      vertex 0.234652 1.48153 64.99
      vertex 0.311867 -1.46722 64.99
      vertex 0.311867 1.46722 64.99
    endloop
  endfacet
  facet normal 0 0 1
    outer loop
      vertex 0.234652 1.48153 64.99
      vertex 0.234652 -1.48153 64.99
      vertex 0.311867 -1.46722 64.99
    endloop
  endfacet
  facet normal 0 0 1
    outer loop
      vertex 0.156793 1.49178 64.99
      vertex 0.234652 -1.48153 64.99
      vertex 0.234652 1.48153 64.99
    endloop
  endfacet
  facet normal 0 0 1
    outer loop
      vertex 0.156793 1.49178 64.99
      vertex 0.156793 -1.49178 64.99
      vertex 0.234652 -1.48153 64.99
    endloop
  endfacet
  facet normal 0 0 1
    outer loop
      vertex 0.0785036 1.49794 64.99
      vertex 0.156793 -1.49178 64.99
      vertex 0.156793 1.49178 64.99
    endloop
  endfacet
  facet normal 0 0 1
    outer loop
      vertex 0.0785036 1.49794 64.99
      vertex 0.0785036 -1.49794 64.99
      vertex 0.156793 -1.49178 64.99
    endloop
  endfacet
  facet normal 0 0 1
    outer loop
      vertex 0 1.5 64.99
      vertex 0.0785036 -1.49794 64.99
      vertex 0.0785036 1.49794 64.99
    endloop
  endfacet
  facet normal 0 0 1
    outer loop
      vertex 0 1.5 64.99
      vertex 0 -1.5 64.99
      vertex 0.0785036 -1.49794 64.99
    endloop
  endfacet
  facet normal -0 0 1
    outer loop
      vertex -0.0785036 1.49794 64.99
      vertex 0 -1.5 64.99
      vertex 0 1.5 64.99
    endloop
  endfacet
  facet normal 0 0 1
    outer loop
      vertex -0.0785036 1.49794 64.99
      vertex -0.0785036 -1.49794 64.99
      vertex 0 -1.5 64.99
    endloop
  endfacet
  facet normal -0 0 1
    outer loop
      vertex -0.156793 1.49178 64.99
      vertex -0.0785036 -1.49794 64.99
      vertex -0.0785036 1.49794 64.99
    endloop
  endfacet
  facet normal 0 0 1
    outer loop
      vertex -0.156793 1.49178 64.99
      vertex -0.156793 -1.49178 64.99
      vertex -0.0785036 -1.49794 64.99
    endloop
  endfacet
  facet normal -0 0 1
    outer loop
      vertex -0.234652 1.48153 64.99
      vertex -0.156793 -1.49178 64.99
      vertex -0.156793 1.49178 64.99
    endloop
  endfacet
  facet normal 0 0 1
    outer loop
      vertex -0.234652 1.48153 64.99
      vertex -0.234652 -1.48153 64.99
      vertex -0.156793 -1.49178 64.99
    endloop
  endfacet
  facet normal -0 0 1
    outer loop
      vertex -0.311867 1.46722 64.99
      vertex -0.234652 -1.48153 64.99
      vertex -0.234652 1.48153 64.99
    endloop
  endfacet
  facet normal 0 0 1
    outer loop
      vertex -0.311867 1.46722 64.99
      vertex -0.311867 -1.46722 64.99
      vertex -0.234652 -1.48153 64.99
    endloop
  endfacet
  facet normal -0 0 1
    outer loop
      vertex -0.388228 1.44889 64.99
      vertex -0.311867 -1.46722 64.99
      vertex -0.311867 1.46722 64.99
    endloop
  endfacet
  facet normal 0 0 1
    outer loop
      vertex -0.388228 1.44889 64.99
      vertex -0.388228 -1.44889 64.99
      vertex -0.311867 -1.46722 64.99
    endloop
  endfacet
  facet normal -0 0 1
    outer loop
      vertex -0.463525 1.42658 64.99
      vertex -0.388228 -1.44889 64.99
      vertex -0.388228 1.44889 64.99
    endloop
  endfacet
  facet normal 0 0 1
    outer loop
      vertex -0.463525 1.42658 64.99
      vertex -0.463525 -1.42658 64.99
      vertex -0.388228 -1.44889 64.99
    endloop
  endfacet
  facet normal -0 0 1
    outer loop
      vertex -0.537552 1.40037 64.99
      vertex -0.463525 -1.42658 64.99
      vertex -0.463525 1.42658 64.99
    endloop
  endfacet
  facet normal 0 0 1
    outer loop
      vertex -0.537552 1.40037 64.99
      vertex -0.537552 -1.40037 64.99
      vertex -0.463525 -1.42658 64.99
    endloop
  endfacet
  facet normal -0 0 1
    outer loop
      vertex -0.610105 1.37032 64.99
      vertex -0.537552 -1.40037 64.99
      vertex -0.537552 1.40037 64.99
    endloop
  endfacet
  facet normal 0 0 1
    outer loop
      vertex -0.610105 1.37032 64.99
      vertex -0.610105 -1.37032 64.99
      vertex -0.537552 -1.40037 64.99
    endloop
  endfacet
  facet normal -0 0 1
    outer loop
      vertex -0.680985 1.33651 64.99
      vertex -0.610105 -1.37032 64.99
      vertex -0.610105 1.37032 64.99
    endloop
  endfacet
  facet normal 0 0 1
    outer loop
      vertex -0.680985 1.33651 64.99
      vertex -0.680985 -1.33651 64.99
      vertex -0.610105 -1.37032 64.99
    endloop
  endfacet
  facet normal -0 0 1
    outer loop
      vertex -0.75 1.29904 64.99
      vertex -0.680985 -1.33651 64.99
      vertex -0.680985 1.33651 64.99
    endloop
  endfacet
  facet normal 0 0 1
    outer loop
      vertex -0.75 1.29904 64.99
      vertex -0.75 -1.29904 64.99
      vertex -0.680985 -1.33651 64.99
    endloop
  endfacet
  facet normal -0 0 1
    outer loop
      vertex -0.816958 1.25801 64.99
      vertex -0.75 -1.29904 64.99
      vertex -0.75 1.29904 64.99
    endloop
  endfacet
  facet normal 0 0 1
    outer loop
      vertex -0.816958 1.25801 64.99
      vertex -0.816958 -1.25801 64.99
      vertex -0.75 -1.29904 64.99
    endloop
  endfacet
  facet normal -0 0 1
    outer loop
      vertex -0.881678 1.21352 64.99
      vertex -0.816958 -1.25801 64.99
      vertex -0.816958 1.25801 64.99
    endloop
  endfacet
  facet normal 0 0 1
    outer loop
      vertex -0.881678 1.21352 64.99
      vertex -0.881678 -1.21352 64.99
      vertex -0.816958 -1.25801 64.99
    endloop
  endfacet
  facet normal -0 0 1
    outer loop
      vertex -0.94398 1.16572 64.99
      vertex -0.881678 -1.21352 64.99
      vertex -0.881678 1.21352 64.99
    endloop
  endfacet
  facet normal 0 0 1
    outer loop
      vertex -0.94398 1.16572 64.99
      vertex -0.94398 -1.16572 64.99
      vertex -0.881678 -1.21352 64.99
    endloop
  endfacet
  facet normal -0 0 1
    outer loop
      vertex -1.0037 1.11472 64.99
      vertex -0.94398 -1.16572 64.99
      vertex -0.94398 1.16572 64.99
    endloop
  endfacet
  facet normal 0 0 1
    outer loop
      vertex -1.0037 1.11472 64.99
      vertex -1.0037 -1.11472 64.99
      vertex -0.94398 -1.16572 64.99
    endloop
  endfacet
  facet normal -0 0 1
    outer loop
      vertex -1.06066 1.06066 64.99
      vertex -1.0037 -1.11472 64.99
      vertex -1.0037 1.11472 64.99
    endloop
  endfacet
  facet normal 0 0 1
    outer loop
      vertex -1.06066 1.06066 64.99
      vertex -1.06066 -1.06066 64.99
      vertex -1.0037 -1.11472 64.99
    endloop
  endfacet
  facet normal -0 0 1
    outer loop
      vertex -1.11472 1.0037 64.99
      vertex -1.06066 -1.06066 64.99
      vertex -1.06066 1.06066 64.99
    endloop
  endfacet
  facet normal 0 0 1
    outer loop
      vertex -1.11472 1.0037 64.99
      vertex -1.11472 -1.0037 64.99
      vertex -1.06066 -1.06066 64.99
    endloop
  endfacet
  facet normal -0 0 1
    outer loop
      vertex -1.16572 0.94398 64.99
      vertex -1.11472 -1.0037 64.99
      vertex -1.11472 1.0037 64.99
    endloop
  endfacet
  facet normal 0 0 1
    outer loop
      vertex -1.16572 0.94398 64.99
      vertex -1.16572 -0.94398 64.99
      vertex -1.11472 -1.0037 64.99
    endloop
  endfacet
  facet normal -0 0 1
    outer loop
      vertex -1.21352 0.881678 64.99
      vertex -1.16572 -0.94398 64.99
      vertex -1.16572 0.94398 64.99
    endloop
  endfacet
  facet normal 0 0 1
    outer loop
      vertex -1.21352 0.881678 64.99
      vertex -1.21352 -0.881678 64.99
      vertex -1.16572 -0.94398 64.99
    endloop
  endfacet
  facet normal -0 0 1
    outer loop
      vertex -1.25801 0.816958 64.99
      vertex -1.21352 -0.881678 64.99
      vertex -1.21352 0.881678 64.99
    endloop
  endfacet
  facet normal 0 0 1
    outer loop
      vertex -1.25801 0.816958 64.99
      vertex -1.25801 -0.816958 64.99
      vertex -1.21352 -0.881678 64.99
    endloop
  endfacet
  facet normal -0 0 1
    outer loop
      vertex -1.29904 0.75 64.99
      vertex -1.25801 -0.816958 64.99
      vertex -1.25801 0.816958 64.99
    endloop
  endfacet
  facet normal 0 0 1
    outer loop
      vertex -1.29904 0.75 64.99
      vertex -1.29904 -0.75 64.99
      vertex -1.25801 -0.816958 64.99
    endloop
  endfacet
  facet normal -0 0 1
    outer loop
      vertex -1.33651 0.680985 64.99
      vertex -1.29904 -0.75 64.99
      vertex -1.29904 0.75 64.99
    endloop
  endfacet
  facet normal 0 0 1
    outer loop
      vertex -1.33651 0.680985 64.99
      vertex -1.33651 -0.680985 64.99
      vertex -1.29904 -0.75 64.99
    endloop
  endfacet
  facet normal -0 0 1
    outer loop
      vertex -1.37032 0.610105 64.99
      vertex -1.33651 -0.680985 64.99
      vertex -1.33651 0.680985 64.99
    endloop
  endfacet
  facet normal 0 0 1
    outer loop
      vertex -1.37032 0.610105 64.99
      vertex -1.37032 -0.610105 64.99
      vertex -1.33651 -0.680985 64.99
    endloop
  endfacet
  facet normal -0 0 1
    outer loop
      vertex -1.40037 0.537552 64.99
      vertex -1.37032 -0.610105 64.99
      vertex -1.37032 0.610105 64.99
    endloop
  endfacet
  facet normal 0 0 1
    outer loop
      vertex -1.40037 0.537552 64.99
      vertex -1.40037 -0.537552 64.99
      vertex -1.37032 -0.610105 64.99
    endloop
  endfacet
  facet normal -0 0 1
    outer loop
      vertex -1.42658 0.463525 64.99
      vertex -1.40037 -0.537552 64.99
      vertex -1.40037 0.537552 64.99
    endloop
  endfacet
  facet normal 0 0 1
    outer loop
      vertex -1.42658 0.463525 64.99
      vertex -1.42658 -0.463525 64.99
      vertex -1.40037 -0.537552 64.99
    endloop
  endfacet
  facet normal -0 0 1
    outer loop
      vertex -1.44889 0.388228 64.99
      vertex -1.42658 -0.463525 64.99
      vertex -1.42658 0.463525 64.99
    endloop
  endfacet
  facet normal 0 0 1
    outer loop
      vertex -1.44889 0.388228 64.99
      vertex -1.44889 -0.388228 64.99
      vertex -1.42658 -0.463525 64.99
    endloop
  endfacet
  facet normal -0 0 1
    outer loop
      vertex -1.46722 0.311867 64.99
      vertex -1.44889 -0.388228 64.99
      vertex -1.44889 0.388228 64.99
    endloop
  endfacet
  facet normal 0 0 1
    outer loop
      vertex -1.46722 0.311867 64.99
      vertex -1.46722 -0.311867 64.99
      vertex -1.44889 -0.388228 64.99
    endloop
  endfacet
  facet normal -0 0 1
    outer loop
      vertex -1.48153 0.234652 64.99
      vertex -1.46722 -0.311867 64.99
      vertex -1.46722 0.311867 64.99
    endloop
  endfacet
  facet normal 0 0 1
    outer loop
      vertex -1.48153 0.234652 64.99
      vertex -1.48153 -0.234652 64.99
      vertex -1.46722 -0.311867 64.99
    endloop
  endfacet
  facet normal -0 0 1
    outer loop
      vertex -1.49178 0.156793 64.99
      vertex -1.48153 -0.234652 64.99
      vertex -1.48153 0.234652 64.99
    endloop
  endfacet
  facet normal 0 0 1
    outer loop
      vertex -1.49178 0.156793 64.99
      vertex -1.49178 -0.156793 64.99
      vertex -1.48153 -0.234652 64.99
    endloop
  endfacet
  facet normal -0 0 1
    outer loop
      vertex -1.49794 0.0785036 64.99
      vertex -1.49178 -0.156793 64.99
      vertex -1.49178 0.156793 64.99
    endloop
  endfacet
  facet normal 0 0 1
    outer loop
      vertex -1.49794 0.0785036 64.99
      vertex -1.49794 -0.0785036 64.99
      vertex -1.49178 -0.156793 64.99
    endloop
  endfacet
  facet normal 0 -0 1
    outer loop
      vertex -1.49794 -0.0785036 64.99
      vertex -1.49794 0.0785036 64.99
      vertex -1.5 0 64.99
    endloop
  endfacet
  facet normal -0.991445 0.130522 0
    outer loop
      vertex 1.48153 -0.234652 64.99
      vertex 1.49178 -0.156793 65
      vertex 1.49178 -0.156793 64.99
    endloop
  endfacet
  facet normal -0.991445 0.130522 0
    outer loop
      vertex 1.49178 -0.156793 65
      vertex 1.48153 -0.234652 64.99
      vertex 1.48153 -0.234652 65
    endloop
  endfacet
  facet normal 0.333758 -0.942659 0
    outer loop
      vertex -0.537552 1.40037 64.99
      vertex -0.463525 1.42658 65
      vertex -0.537552 1.40037 65
    endloop
  endfacet
  facet normal 0.333758 -0.942659 0
    outer loop
      vertex -0.463525 1.42658 65
      vertex -0.537552 1.40037 64.99
      vertex -0.463525 1.42658 64.99
    endloop
  endfacet
  facet normal 0.72533 0.688401 0
    outer loop
      vertex -1.06066 -1.06066 65
      vertex -1.11472 -1.0037 64.99
      vertex -1.11472 -1.0037 65
    endloop
  endfacet
  facet normal 0.72533 0.688401 0
    outer loop
      vertex -1.11472 -1.0037 64.99
      vertex -1.06066 -1.06066 65
      vertex -1.06066 -1.06066 64.99
    endloop
  endfacet
  facet normal 0.852651 -0.522481 0
    outer loop
      vertex -1.29904 0.75 65
      vertex -1.25801 0.816958 64.99
      vertex -1.25801 0.816958 65
    endloop
  endfacet
  facet normal 0.852651 -0.522481 0
    outer loop
      vertex -1.25801 0.816958 64.99
      vertex -1.29904 0.75 65
      vertex -1.29904 0.75 64.99
    endloop
  endfacet
  facet normal 0.996919 -0.07844 0
    outer loop
      vertex -1.49794 0.0785036 65
      vertex -1.49178 0.156793 64.99
      vertex -1.49178 0.156793 65
    endloop
  endfacet
  facet normal 0.996919 -0.07844 0
    outer loop
      vertex -1.49178 0.156793 64.99
      vertex -1.49794 0.0785036 65
      vertex -1.49794 0.0785036 64.99
    endloop
  endfacet
  facet normal -0.923891 -0.382657 0
    outer loop
      vertex 1.40037 0.537552 64.99
      vertex 1.37032 0.610105 65
      vertex 1.37032 0.610105 64.99
    endloop
  endfacet
  facet normal -0.923891 -0.382657 0
    outer loop
      vertex 1.37032 0.610105 65
      vertex 1.40037 0.537552 64.99
      vertex 1.40037 0.537552 65
    endloop
  endfacet
  facet normal -0.430532 -0.902576 0
    outer loop
      vertex 0.610105 1.37032 64.99
      vertex 0.680985 1.33651 65
      vertex 0.610105 1.37032 65
    endloop
  endfacet
  facet normal -0.430532 -0.902576 -0
    outer loop
      vertex 0.680985 1.33651 65
      vertex 0.610105 1.37032 64.99
      vertex 0.680985 1.33651 64.99
    endloop
  endfacet
  facet normal -0.878828 0.477138 0
    outer loop
      vertex 1.29904 -0.75 64.99
      vertex 1.33651 -0.680985 65
      vertex 1.33651 -0.680985 64.99
    endloop
  endfacet
  facet normal -0.878828 0.477138 0
    outer loop
      vertex 1.33651 -0.680985 65
      vertex 1.29904 -0.75 64.99
      vertex 1.29904 -0.75 65
    endloop
  endfacet
  facet normal -0.382657 -0.923891 0
    outer loop
      vertex 0.537552 1.40037 64.99
      vertex 0.610105 1.37032 65
      vertex 0.537552 1.40037 65
    endloop
  endfacet
  facet normal -0.382657 -0.923891 -0
    outer loop
      vertex 0.610105 1.37032 65
      vertex 0.537552 1.40037 64.99
      vertex 0.610105 1.37032 64.99
    endloop
  endfacet
  facet normal -0.477138 0.878828 0
    outer loop
      vertex 0.75 -1.29904 64.99
      vertex 0.680985 -1.33651 65
      vertex 0.75 -1.29904 65
    endloop
  endfacet
  facet normal -0.477138 0.878828 0
    outer loop
      vertex 0.680985 -1.33651 65
      vertex 0.75 -1.29904 64.99
      vertex 0.680985 -1.33651 64.99
    endloop
  endfacet
  facet normal 0.942659 -0.333758 0
    outer loop
      vertex -1.42658 0.463525 65
      vertex -1.40037 0.537552 64.99
      vertex -1.40037 0.537552 65
    endloop
  endfacet
  facet normal 0.942659 -0.333758 0
    outer loop
      vertex -1.40037 0.537552 64.99
      vertex -1.42658 0.463525 65
      vertex -1.42658 0.463525 64.99
    endloop
  endfacet
  facet normal -0.233413 0.972378 0
    outer loop
      vertex 0.388228 -1.44889 64.99
      vertex 0.311867 -1.46722 65
      vertex 0.388228 -1.44889 65
    endloop
  endfacet
  facet normal -0.233413 0.972378 0
    outer loop
      vertex 0.311867 -1.46722 65
      vertex 0.388228 -1.44889 64.99
      vertex 0.311867 -1.46722 64.99
    endloop
  endfacet
  facet normal 0.923891 -0.382657 0
    outer loop
      vertex -1.40037 0.537552 65
      vertex -1.37032 0.610105 64.99
      vertex -1.37032 0.610105 65
    endloop
  endfacet
  facet normal 0.923891 -0.382657 0
    outer loop
      vertex -1.37032 0.610105 64.99
      vertex -1.40037 0.537552 65
      vertex -1.40037 0.537552 64.99
    endloop
  endfacet
  facet normal -0.649406 -0.760442 0
    outer loop
      vertex 0.94398 1.16572 64.99
      vertex 1.0037 1.11472 65
      vertex 0.94398 1.16572 65
    endloop
  endfacet
  facet normal -0.649406 -0.760442 -0
    outer loop
      vertex 1.0037 1.11472 65
      vertex 0.94398 1.16572 64.99
      vertex 1.0037 1.11472 64.99
    endloop
  endfacet
  facet normal -0.79339 -0.608713 0
    outer loop
      vertex 1.21352 0.881678 64.99
      vertex 1.16572 0.94398 65
      vertex 1.16572 0.94398 64.99
    endloop
  endfacet
  facet normal -0.79339 -0.608713 0
    outer loop
      vertex 1.16572 0.94398 65
      vertex 1.21352 0.881678 64.99
      vertex 1.21352 0.881678 65
    endloop
  endfacet
  facet normal -0.522481 0.852651 0
    outer loop
      vertex 0.816958 -1.25801 64.99
      vertex 0.75 -1.29904 65
      vertex 0.816958 -1.25801 65
    endloop
  endfacet
  facet normal -0.522481 0.852651 0
    outer loop
      vertex 0.75 -1.29904 65
      vertex 0.816958 -1.25801 64.99
      vertex 0.75 -1.29904 64.99
    endloop
  endfacet
  facet normal 0.760442 -0.649406 0
    outer loop
      vertex -1.16572 0.94398 65
      vertex -1.11472 1.0037 64.99
      vertex -1.11472 1.0037 65
    endloop
  endfacet
  facet normal 0.760442 -0.649406 0
    outer loop
      vertex -1.11472 1.0037 64.99
      vertex -1.16572 0.94398 65
      vertex -1.16572 0.94398 64.99
    endloop
  endfacet
  facet normal -0.688401 -0.72533 0
    outer loop
      vertex 1.0037 1.11472 64.99
      vertex 1.06066 1.06066 65
      vertex 1.0037 1.11472 65
    endloop
  endfacet
  facet normal -0.688401 -0.72533 -0
    outer loop
      vertex 1.06066 1.06066 65
      vertex 1.0037 1.11472 64.99
      vertex 1.06066 1.06066 64.99
    endloop
  endfacet
  facet normal 0.430532 -0.902576 0
    outer loop
      vertex -0.680985 1.33651 64.99
      vertex -0.610105 1.37032 65
      vertex -0.680985 1.33651 65
    endloop
  endfacet
  facet normal 0.430532 -0.902576 0
    outer loop
      vertex -0.610105 1.37032 65
      vertex -0.680985 1.33651 64.99
      vertex -0.610105 1.37032 64.99
    endloop
  endfacet
  facet normal 0.878828 -0.477138 0
    outer loop
      vertex -1.33651 0.680985 65
      vertex -1.29904 0.75 64.99
      vertex -1.29904 0.75 65
    endloop
  endfacet
  facet normal 0.878828 -0.477138 0
    outer loop
      vertex -1.29904 0.75 64.99
      vertex -1.33651 0.680985 65
      vertex -1.33651 0.680985 64.99
    endloop
  endfacet
  facet normal -0.999656 0.0262318 0
    outer loop
      vertex 1.49794 -0.0785036 64.99
      vertex 1.5 0 65
      vertex 1.5 0 64.99
    endloop
  endfacet
  facet normal -0.999656 0.0262318 0
    outer loop
      vertex 1.5 0 65
      vertex 1.49794 -0.0785036 64.99
      vertex 1.49794 -0.0785036 65
    endloop
  endfacet
  facet normal -0.0262318 0.999656 0
    outer loop
      vertex 0.0785036 -1.49794 64.99
      vertex 0 -1.5 65
      vertex 0.0785036 -1.49794 65
    endloop
  endfacet
  facet normal -0.0262318 0.999656 0
    outer loop
      vertex 0 -1.5 65
      vertex 0.0785036 -1.49794 64.99
      vertex 0 -1.5 64.99
    endloop
  endfacet
  facet normal 0.333758 0.942659 -0
    outer loop
      vertex -0.463525 -1.42658 64.99
      vertex -0.537552 -1.40037 65
      vertex -0.463525 -1.42658 65
    endloop
  endfacet
  facet normal 0.333758 0.942659 0
    outer loop
      vertex -0.537552 -1.40037 65
      vertex -0.463525 -1.42658 64.99
      vertex -0.537552 -1.40037 64.99
    endloop
  endfacet
  facet normal -0.852651 0.522481 0
    outer loop
      vertex 1.25801 -0.816958 64.99
      vertex 1.29904 -0.75 65
      vertex 1.29904 -0.75 64.99
    endloop
  endfacet
  facet normal -0.852651 0.522481 0
    outer loop
      vertex 1.29904 -0.75 65
      vertex 1.25801 -0.816958 64.99
      vertex 1.25801 -0.816958 65
    endloop
  endfacet
  facet normal -0.566486 0.824072 0
    outer loop
      vertex 0.881678 -1.21352 64.99
      vertex 0.816958 -1.25801 65
      vertex 0.881678 -1.21352 65
    endloop
  endfacet
  facet normal -0.566486 0.824072 0
    outer loop
      vertex 0.816958 -1.25801 65
      vertex 0.881678 -1.21352 64.99
      vertex 0.816958 -1.25801 64.99
    endloop
  endfacet
  facet normal -0.824072 -0.566486 0
    outer loop
      vertex 1.25801 0.816958 64.99
      vertex 1.21352 0.881678 65
      vertex 1.21352 0.881678 64.99
    endloop
  endfacet
  facet normal -0.824072 -0.566486 0
    outer loop
      vertex 1.21352 0.881678 65
      vertex 1.25801 0.816958 64.99
      vertex 1.25801 0.816958 65
    endloop
  endfacet
  facet normal 0.942659 0.333758 0
    outer loop
      vertex -1.40037 -0.537552 65
      vertex -1.42658 -0.463525 64.99
      vertex -1.42658 -0.463525 65
    endloop
  endfacet
  facet normal 0.942659 0.333758 0
    outer loop
      vertex -1.42658 -0.463525 64.99
      vertex -1.40037 -0.537552 65
      vertex -1.40037 -0.537552 64.99
    endloop
  endfacet
  facet normal -0.958799 0.284086 0
    outer loop
      vertex 1.42658 -0.463525 64.99
      vertex 1.44889 -0.388228 65
      vertex 1.44889 -0.388228 64.99
    endloop
  endfacet
  facet normal -0.958799 0.284086 0
    outer loop
      vertex 1.44889 -0.388228 65
      vertex 1.42658 -0.463525 64.99
      vertex 1.42658 -0.463525 65
    endloop
  endfacet
  facet normal 0.852651 0.522481 0
    outer loop
      vertex -1.25801 -0.816958 65
      vertex -1.29904 -0.75 64.99
      vertex -1.29904 -0.75 65
    endloop
  endfacet
  facet normal 0.852651 0.522481 0
    outer loop
      vertex -1.29904 -0.75 64.99
      vertex -1.25801 -0.816958 65
      vertex -1.25801 -0.816958 64.99
    endloop
  endfacet
  facet normal 0.182224 0.983257 -0
    outer loop
      vertex -0.234652 -1.48153 64.99
      vertex -0.311867 -1.46722 65
      vertex -0.234652 -1.48153 65
    endloop
  endfacet
  facet normal 0.182224 0.983257 0
    outer loop
      vertex -0.311867 -1.46722 65
      vertex -0.234652 -1.48153 64.99
      vertex -0.311867 -1.46722 64.99
    endloop
  endfacet
  facet normal -0.983257 -0.182224 0
    outer loop
      vertex 1.48153 0.234652 64.99
      vertex 1.46722 0.311867 65
      vertex 1.46722 0.311867 64.99
    endloop
  endfacet
  facet normal -0.983257 -0.182224 0
    outer loop
      vertex 1.46722 0.311867 65
      vertex 1.48153 0.234652 64.99
      vertex 1.48153 0.234652 65
    endloop
  endfacet
  facet normal -0.608713 -0.79339 0
    outer loop
      vertex 0.881678 1.21352 64.99
      vertex 0.94398 1.16572 65
      vertex 0.881678 1.21352 65
    endloop
  endfacet
  facet normal -0.608713 -0.79339 -0
    outer loop
      vertex 0.94398 1.16572 65
      vertex 0.881678 1.21352 64.99
      vertex 0.94398 1.16572 64.99
    endloop
  endfacet
  facet normal -0.130522 -0.991445 0
    outer loop
      vertex 0.156793 1.49178 64.99
      vertex 0.234652 1.48153 65
      vertex 0.156793 1.49178 65
    endloop
  endfacet
  facet normal -0.130522 -0.991445 -0
    outer loop
      vertex 0.234652 1.48153 65
      vertex 0.156793 1.49178 64.99
      vertex 0.234652 1.48153 64.99
    endloop
  endfacet
  facet normal -0.566486 -0.824072 0
    outer loop
      vertex 0.816958 1.25801 64.99
      vertex 0.881678 1.21352 65
      vertex 0.816958 1.25801 65
    endloop
  endfacet
  facet normal -0.566486 -0.824072 -0
    outer loop
      vertex 0.881678 1.21352 65
      vertex 0.816958 1.25801 64.99
      vertex 0.881678 1.21352 64.99
    endloop
  endfacet
  facet normal -0.972378 -0.233413 0
    outer loop
      vertex 1.46722 0.311867 64.99
      vertex 1.44889 0.388228 65
      vertex 1.44889 0.388228 64.99
    endloop
  endfacet
  facet normal -0.972378 -0.233413 0
    outer loop
      vertex 1.44889 0.388228 65
      vertex 1.46722 0.311867 64.99
      vertex 1.46722 0.311867 65
    endloop
  endfacet
  facet normal 0.522481 -0.852651 0
    outer loop
      vertex -0.816958 1.25801 64.99
      vertex -0.75 1.29904 65
      vertex -0.816958 1.25801 65
    endloop
  endfacet
  facet normal 0.522481 -0.852651 0
    outer loop
      vertex -0.75 1.29904 65
      vertex -0.816958 1.25801 64.99
      vertex -0.75 1.29904 64.99
    endloop
  endfacet
  facet normal -0.182224 -0.983257 0
    outer loop
      vertex 0.234652 1.48153 64.99
      vertex 0.311867 1.46722 65
      vertex 0.234652 1.48153 65
    endloop
  endfacet
  facet normal -0.182224 -0.983257 -0
    outer loop
      vertex 0.311867 1.46722 65
      vertex 0.234652 1.48153 64.99
      vertex 0.311867 1.46722 64.99
    endloop
  endfacet
  facet normal 0.07844 0.996919 -0
    outer loop
      vertex -0.0785036 -1.49794 64.99
      vertex -0.156793 -1.49178 65
      vertex -0.0785036 -1.49794 65
    endloop
  endfacet
  facet normal 0.07844 0.996919 0
    outer loop
      vertex -0.156793 -1.49178 65
      vertex -0.0785036 -1.49794 64.99
      vertex -0.156793 -1.49178 64.99
    endloop
  endfacet
  facet normal 0.649406 -0.760442 0
    outer loop
      vertex -1.0037 1.11472 64.99
      vertex -0.94398 1.16572 65
      vertex -1.0037 1.11472 65
    endloop
  endfacet
  facet normal 0.649406 -0.760442 0
    outer loop
      vertex -0.94398 1.16572 65
      vertex -1.0037 1.11472 64.99
      vertex -0.94398 1.16572 64.99
    endloop
  endfacet
  facet normal 0.958799 -0.284086 0
    outer loop
      vertex -1.44889 0.388228 65
      vertex -1.42658 0.463525 64.99
      vertex -1.42658 0.463525 65
    endloop
  endfacet
  facet normal 0.958799 -0.284086 0
    outer loop
      vertex -1.42658 0.463525 64.99
      vertex -1.44889 0.388228 65
      vertex -1.44889 0.388228 64.99
    endloop
  endfacet
  facet normal 0.07844 -0.996919 0
    outer loop
      vertex -0.156793 1.49178 64.99
      vertex -0.0785036 1.49794 65
      vertex -0.156793 1.49178 65
    endloop
  endfacet
  facet normal 0.07844 -0.996919 0
    outer loop
      vertex -0.0785036 1.49794 65
      vertex -0.156793 1.49178 64.99
      vertex -0.0785036 1.49794 64.99
    endloop
  endfacet
  facet normal -0.923891 0.382657 0
    outer loop
      vertex 1.37032 -0.610105 64.99
      vertex 1.40037 -0.537552 65
      vertex 1.40037 -0.537552 64.99
    endloop
  endfacet
  facet normal -0.923891 0.382657 0
    outer loop
      vertex 1.40037 -0.537552 65
      vertex 1.37032 -0.610105 64.99
      vertex 1.37032 -0.610105 65
    endloop
  endfacet
  facet normal 0.477138 0.878828 -0
    outer loop
      vertex -0.680985 -1.33651 64.99
      vertex -0.75 -1.29904 65
      vertex -0.680985 -1.33651 65
    endloop
  endfacet
  facet normal 0.477138 0.878828 0
    outer loop
      vertex -0.75 -1.29904 65
      vertex -0.680985 -1.33651 64.99
      vertex -0.75 -1.29904 64.99
    endloop
  endfacet
  facet normal 0.430532 0.902576 -0
    outer loop
      vertex -0.610105 -1.37032 64.99
      vertex -0.680985 -1.33651 65
      vertex -0.610105 -1.37032 65
    endloop
  endfacet
  facet normal 0.430532 0.902576 0
    outer loop
      vertex -0.680985 -1.33651 65
      vertex -0.610105 -1.37032 64.99
      vertex -0.680985 -1.33651 64.99
    endloop
  endfacet
  facet normal 0.0262318 -0.999656 0
    outer loop
      vertex -0.0785036 1.49794 64.99
      vertex 0 1.5 65
      vertex -0.0785036 1.49794 65
    endloop
  endfacet
  facet normal 0.0262318 -0.999656 0
    outer loop
      vertex 0 1.5 65
      vertex -0.0785036 1.49794 64.99
      vertex 0 1.5 64.99
    endloop
  endfacet
  facet normal -0.72533 -0.688401 0
    outer loop
      vertex 1.11472 1.0037 64.99
      vertex 1.06066 1.06066 65
      vertex 1.06066 1.06066 64.99
    endloop
  endfacet
  facet normal -0.72533 -0.688401 0
    outer loop
      vertex 1.06066 1.06066 65
      vertex 1.11472 1.0037 64.99
      vertex 1.11472 1.0037 65
    endloop
  endfacet
  facet normal 0.608713 0.79339 -0
    outer loop
      vertex -0.881678 -1.21352 64.99
      vertex -0.94398 -1.16572 65
      vertex -0.881678 -1.21352 65
    endloop
  endfacet
  facet normal 0.608713 0.79339 0
    outer loop
      vertex -0.94398 -1.16572 65
      vertex -0.881678 -1.21352 64.99
      vertex -0.94398 -1.16572 64.99
    endloop
  endfacet
  facet normal -0.902576 0.430532 0
    outer loop
      vertex 1.33651 -0.680985 64.99
      vertex 1.37032 -0.610105 65
      vertex 1.37032 -0.610105 64.99
    endloop
  endfacet
  facet normal -0.902576 0.430532 0
    outer loop
      vertex 1.37032 -0.610105 65
      vertex 1.33651 -0.680985 64.99
      vertex 1.33651 -0.680985 65
    endloop
  endfacet
  facet normal 0.182224 -0.983257 0
    outer loop
      vertex -0.311867 1.46722 64.99
      vertex -0.234652 1.48153 65
      vertex -0.311867 1.46722 65
    endloop
  endfacet
  facet normal 0.182224 -0.983257 0
    outer loop
      vertex -0.234652 1.48153 65
      vertex -0.311867 1.46722 64.99
      vertex -0.234652 1.48153 64.99
    endloop
  endfacet
  facet normal 0.79339 -0.608713 0
    outer loop
      vertex -1.21352 0.881678 65
      vertex -1.16572 0.94398 64.99
      vertex -1.16572 0.94398 65
    endloop
  endfacet
  facet normal 0.79339 -0.608713 0
    outer loop
      vertex -1.16572 0.94398 64.99
      vertex -1.21352 0.881678 65
      vertex -1.21352 0.881678 64.99
    endloop
  endfacet
  facet normal 0.760442 0.649406 0
    outer loop
      vertex -1.11472 -1.0037 65
      vertex -1.16572 -0.94398 64.99
      vertex -1.16572 -0.94398 65
    endloop
  endfacet
  facet normal 0.760442 0.649406 0
    outer loop
      vertex -1.16572 -0.94398 64.99
      vertex -1.11472 -1.0037 65
      vertex -1.11472 -1.0037 64.99
    endloop
  endfacet
  facet normal -0.430532 0.902576 0
    outer loop
      vertex 0.680985 -1.33651 64.99
      vertex 0.610105 -1.37032 65
      vertex 0.680985 -1.33651 65
    endloop
  endfacet
  facet normal -0.430532 0.902576 0
    outer loop
      vertex 0.610105 -1.37032 65
      vertex 0.680985 -1.33651 64.99
      vertex 0.610105 -1.37032 64.99
    endloop
  endfacet
  facet normal 0.79339 0.608713 0
    outer loop
      vertex -1.16572 -0.94398 65
      vertex -1.21352 -0.881678 64.99
      vertex -1.21352 -0.881678 65
    endloop
  endfacet
  facet normal 0.79339 0.608713 0
    outer loop
      vertex -1.21352 -0.881678 64.99
      vertex -1.16572 -0.94398 65
      vertex -1.16572 -0.94398 64.99
    endloop
  endfacet
  facet normal -0.130522 0.991445 0
    outer loop
      vertex 0.234652 -1.48153 64.99
      vertex 0.156793 -1.49178 65
      vertex 0.234652 -1.48153 65
    endloop
  endfacet
  facet normal -0.130522 0.991445 0
    outer loop
      vertex 0.156793 -1.49178 65
      vertex 0.234652 -1.48153 64.99
      vertex 0.156793 -1.49178 64.99
    endloop
  endfacet
  facet normal -0.0262318 -0.999656 0
    outer loop
      vertex 0 1.5 64.99
      vertex 0.0785036 1.49794 65
      vertex 0 1.5 65
    endloop
  endfacet
  facet normal -0.0262318 -0.999656 -0
    outer loop
      vertex 0.0785036 1.49794 65
      vertex 0 1.5 64.99
      vertex 0.0785036 1.49794 64.99
    endloop
  endfacet
  facet normal -0.07844 -0.996919 0
    outer loop
      vertex 0.0785036 1.49794 64.99
      vertex 0.156793 1.49178 65
      vertex 0.0785036 1.49794 65
    endloop
  endfacet
  facet normal -0.07844 -0.996919 -0
    outer loop
      vertex 0.156793 1.49178 65
      vertex 0.0785036 1.49794 64.99
      vertex 0.156793 1.49178 64.99
    endloop
  endfacet
  facet normal 0.382657 -0.923891 0
    outer loop
      vertex -0.610105 1.37032 64.99
      vertex -0.537552 1.40037 65
      vertex -0.610105 1.37032 65
    endloop
  endfacet
  facet normal 0.382657 -0.923891 0
    outer loop
      vertex -0.537552 1.40037 65
      vertex -0.610105 1.37032 64.99
      vertex -0.537552 1.40037 64.99
    endloop
  endfacet
  facet normal 0.382657 0.923891 -0
    outer loop
      vertex -0.537552 -1.40037 64.99
      vertex -0.610105 -1.37032 65
      vertex -0.537552 -1.40037 65
    endloop
  endfacet
  facet normal 0.382657 0.923891 0
    outer loop
      vertex -0.610105 -1.37032 65
      vertex -0.537552 -1.40037 64.99
      vertex -0.610105 -1.37032 64.99
    endloop
  endfacet
  facet normal 0.983257 0.182224 0
    outer loop
      vertex -1.46722 -0.311867 65
      vertex -1.48153 -0.234652 64.99
      vertex -1.48153 -0.234652 65
    endloop
  endfacet
  facet normal 0.983257 0.182224 0
    outer loop
      vertex -1.48153 -0.234652 64.99
      vertex -1.46722 -0.311867 65
      vertex -1.46722 -0.311867 64.99
    endloop
  endfacet
  facet normal -0.688401 0.72533 0
    outer loop
      vertex 1.06066 -1.06066 64.99
      vertex 1.0037 -1.11472 65
      vertex 1.06066 -1.06066 65
    endloop
  endfacet
  facet normal -0.688401 0.72533 0
    outer loop
      vertex 1.0037 -1.11472 65
      vertex 1.06066 -1.06066 64.99
      vertex 1.0037 -1.11472 64.99
    endloop
  endfacet
  facet normal 0.284086 0.958799 -0
    outer loop
      vertex -0.388228 -1.44889 64.99
      vertex -0.463525 -1.42658 65
      vertex -0.388228 -1.44889 65
    endloop
  endfacet
  facet normal 0.284086 0.958799 0
    outer loop
      vertex -0.463525 -1.42658 65
      vertex -0.388228 -1.44889 64.99
      vertex -0.463525 -1.42658 64.99
    endloop
  endfacet
  facet normal -0.608713 0.79339 0
    outer loop
      vertex 0.94398 -1.16572 64.99
      vertex 0.881678 -1.21352 65
      vertex 0.94398 -1.16572 65
    endloop
  endfacet
  facet normal -0.608713 0.79339 0
    outer loop
      vertex 0.881678 -1.21352 65
      vertex 0.94398 -1.16572 64.99
      vertex 0.881678 -1.21352 64.99
    endloop
  endfacet
  facet normal -0.333758 -0.942659 0
    outer loop
      vertex 0.463525 1.42658 64.99
      vertex 0.537552 1.40037 65
      vertex 0.463525 1.42658 65
    endloop
  endfacet
  facet normal -0.333758 -0.942659 -0
    outer loop
      vertex 0.537552 1.40037 65
      vertex 0.463525 1.42658 64.99
      vertex 0.537552 1.40037 64.99
    endloop
  endfacet
  facet normal 0.688401 0.72533 -0
    outer loop
      vertex -1.0037 -1.11472 64.99
      vertex -1.06066 -1.06066 65
      vertex -1.0037 -1.11472 65
    endloop
  endfacet
  facet normal 0.688401 0.72533 0
    outer loop
      vertex -1.06066 -1.06066 65
      vertex -1.0037 -1.11472 64.99
      vertex -1.06066 -1.06066 64.99
    endloop
  endfacet
  facet normal 0.999656 -0.0262318 0
    outer loop
      vertex -1.5 0 65
      vertex -1.49794 0.0785036 64.99
      vertex -1.49794 0.0785036 65
    endloop
  endfacet
  facet normal 0.999656 -0.0262318 0
    outer loop
      vertex -1.49794 0.0785036 64.99
      vertex -1.5 0 65
      vertex -1.5 0 64.99
    endloop
  endfacet
  facet normal -0.333758 0.942659 0
    outer loop
      vertex 0.537552 -1.40037 64.99
      vertex 0.463525 -1.42658 65
      vertex 0.537552 -1.40037 65
    endloop
  endfacet
  facet normal -0.333758 0.942659 0
    outer loop
      vertex 0.463525 -1.42658 65
      vertex 0.537552 -1.40037 64.99
      vertex 0.463525 -1.42658 64.99
    endloop
  endfacet
  facet normal -0.382657 0.923891 0
    outer loop
      vertex 0.610105 -1.37032 64.99
      vertex 0.537552 -1.40037 65
      vertex 0.610105 -1.37032 65
    endloop
  endfacet
  facet normal -0.382657 0.923891 0
    outer loop
      vertex 0.537552 -1.40037 65
      vertex 0.610105 -1.37032 64.99
      vertex 0.537552 -1.40037 64.99
    endloop
  endfacet
  facet normal 0.608713 -0.79339 0
    outer loop
      vertex -0.94398 1.16572 64.99
      vertex -0.881678 1.21352 65
      vertex -0.94398 1.16572 65
    endloop
  endfacet
  facet normal 0.608713 -0.79339 0
    outer loop
      vertex -0.881678 1.21352 65
      vertex -0.94398 1.16572 64.99
      vertex -0.881678 1.21352 64.99
    endloop
  endfacet
  facet normal 0.983257 -0.182224 0
    outer loop
      vertex -1.48153 0.234652 65
      vertex -1.46722 0.311867 64.99
      vertex -1.46722 0.311867 65
    endloop
  endfacet
  facet normal 0.983257 -0.182224 0
    outer loop
      vertex -1.46722 0.311867 64.99
      vertex -1.48153 0.234652 65
      vertex -1.48153 0.234652 64.99
    endloop
  endfacet
  facet normal 0.902576 -0.430532 0
    outer loop
      vertex -1.37032 0.610105 65
      vertex -1.33651 0.680985 64.99
      vertex -1.33651 0.680985 65
    endloop
  endfacet
  facet normal 0.902576 -0.430532 0
    outer loop
      vertex -1.33651 0.680985 64.99
      vertex -1.37032 0.610105 65
      vertex -1.37032 0.610105 64.99
    endloop
  endfacet
  facet normal -0.233413 -0.972378 0
    outer loop
      vertex 0.311867 1.46722 64.99
      vertex 0.388228 1.44889 65
      vertex 0.311867 1.46722 65
    endloop
  endfacet
  facet normal -0.233413 -0.972378 -0
    outer loop
      vertex 0.388228 1.44889 65
      vertex 0.311867 1.46722 64.99
      vertex 0.388228 1.44889 64.99
    endloop
  endfacet
  facet normal 0.233413 -0.972378 0
    outer loop
      vertex -0.388228 1.44889 64.99
      vertex -0.311867 1.46722 65
      vertex -0.388228 1.44889 65
    endloop
  endfacet
  facet normal 0.233413 -0.972378 0
    outer loop
      vertex -0.311867 1.46722 65
      vertex -0.388228 1.44889 64.99
      vertex -0.311867 1.46722 64.99
    endloop
  endfacet
  facet normal 0.284086 -0.958799 0
    outer loop
      vertex -0.463525 1.42658 64.99
      vertex -0.388228 1.44889 65
      vertex -0.463525 1.42658 65
    endloop
  endfacet
  facet normal 0.284086 -0.958799 0
    outer loop
      vertex -0.388228 1.44889 65
      vertex -0.463525 1.42658 64.99
      vertex -0.388228 1.44889 64.99
    endloop
  endfacet
  facet normal -0.72533 0.688401 0
    outer loop
      vertex 1.06066 -1.06066 64.99
      vertex 1.11472 -1.0037 65
      vertex 1.11472 -1.0037 64.99
    endloop
  endfacet
  facet normal -0.72533 0.688401 0
    outer loop
      vertex 1.11472 -1.0037 65
      vertex 1.06066 -1.06066 64.99
      vertex 1.06066 -1.06066 65
    endloop
  endfacet
  facet normal 0.972378 -0.233413 0
    outer loop
      vertex -1.46722 0.311867 65
      vertex -1.44889 0.388228 64.99
      vertex -1.44889 0.388228 65
    endloop
  endfacet
  facet normal 0.972378 -0.233413 0
    outer loop
      vertex -1.44889 0.388228 64.99
      vertex -1.46722 0.311867 65
      vertex -1.46722 0.311867 64.99
    endloop
  endfacet
  facet normal 0.878828 0.477138 0
    outer loop
      vertex -1.29904 -0.75 65
      vertex -1.33651 -0.680985 64.99
      vertex -1.33651 -0.680985 65
    endloop
  endfacet
  facet normal 0.878828 0.477138 0
    outer loop
      vertex -1.33651 -0.680985 64.99
      vertex -1.29904 -0.75 65
      vertex -1.29904 -0.75 64.99
    endloop
  endfacet
  facet normal 0.972378 0.233413 0
    outer loop
      vertex -1.44889 -0.388228 65
      vertex -1.46722 -0.311867 64.99
      vertex -1.46722 -0.311867 65
    endloop
  endfacet
  facet normal 0.972378 0.233413 0
    outer loop
      vertex -1.46722 -0.311867 64.99
      vertex -1.44889 -0.388228 65
      vertex -1.44889 -0.388228 64.99
    endloop
  endfacet
  facet normal 0.958799 0.284086 0
    outer loop
      vertex -1.42658 -0.463525 65
      vertex -1.44889 -0.388228 64.99
      vertex -1.44889 -0.388228 65
    endloop
  endfacet
  facet normal 0.958799 0.284086 0
    outer loop
      vertex -1.44889 -0.388228 64.99
      vertex -1.42658 -0.463525 65
      vertex -1.42658 -0.463525 64.99
    endloop
  endfacet
  facet normal 0.649406 0.760442 -0
    outer loop
      vertex -0.94398 -1.16572 64.99
      vertex -1.0037 -1.11472 65
      vertex -0.94398 -1.16572 65
    endloop
  endfacet
  facet normal 0.649406 0.760442 0
    outer loop
      vertex -1.0037 -1.11472 65
      vertex -0.94398 -1.16572 64.99
      vertex -1.0037 -1.11472 64.99
    endloop
  endfacet
  facet normal 0.923891 0.382657 0
    outer loop
      vertex -1.37032 -0.610105 65
      vertex -1.40037 -0.537552 64.99
      vertex -1.40037 -0.537552 65
    endloop
  endfacet
  facet normal 0.923891 0.382657 0
    outer loop
      vertex -1.40037 -0.537552 64.99
      vertex -1.37032 -0.610105 65
      vertex -1.37032 -0.610105 64.99
    endloop
  endfacet
  facet normal 0.566486 0.824072 -0
    outer loop
      vertex -0.816958 -1.25801 64.99
      vertex -0.881678 -1.21352 65
      vertex -0.816958 -1.25801 65
    endloop
  endfacet
  facet normal 0.566486 0.824072 0
    outer loop
      vertex -0.881678 -1.21352 65
      vertex -0.816958 -1.25801 64.99
      vertex -0.881678 -1.21352 64.99
    endloop
  endfacet
  facet normal 0.522481 0.852651 -0
    outer loop
      vertex -0.75 -1.29904 64.99
      vertex -0.816958 -1.25801 65
      vertex -0.75 -1.29904 65
    endloop
  endfacet
  facet normal 0.522481 0.852651 0
    outer loop
      vertex -0.816958 -1.25801 65
      vertex -0.75 -1.29904 64.99
      vertex -0.816958 -1.25801 64.99
    endloop
  endfacet
  facet normal 0.902576 0.430532 0
    outer loop
      vertex -1.33651 -0.680985 65
      vertex -1.37032 -0.610105 64.99
      vertex -1.37032 -0.610105 65
    endloop
  endfacet
  facet normal 0.902576 0.430532 0
    outer loop
      vertex -1.37032 -0.610105 64.99
      vertex -1.33651 -0.680985 65
      vertex -1.33651 -0.680985 64.99
    endloop
  endfacet
  facet normal -0.996918 -0.0784534 0
    outer loop
      vertex 20.4719 1.07289 0
      vertex 20.3877 2.14283 6
      vertex 20.3877 2.14283 0
    endloop
  endfacet
  facet normal -0.996918 -0.0784534 0
    outer loop
      vertex 20.3877 2.14283 6
      vertex 20.4719 1.07289 0
      vertex 20.4719 1.07289 6
    endloop
  endfacet
  facet normal -0.999657 -0.026182 0
    outer loop
      vertex 20.5 0 0
      vertex 20.4719 1.07289 6
      vertex 20.4719 1.07289 0
    endloop
  endfacet
  facet normal -0.999657 -0.026182 0
    outer loop
      vertex 20.4719 1.07289 6
      vertex 20.5 0 0
      vertex 20.5 0 6
    endloop
  endfacet
  facet normal -0.991444 -0.130536 0
    outer loop
      vertex 20.3877 2.14283 0
      vertex 20.2476 3.20691 6
      vertex 20.2476 3.20691 0
    endloop
  endfacet
  facet normal -0.991444 -0.130536 0
    outer loop
      vertex 20.2476 3.20691 6
      vertex 20.3877 2.14283 0
      vertex 20.3877 2.14283 6
    endloop
  endfacet
  facet normal 0.64944 0.760413 -0
    outer loop
      vertex -12.9011 -15.9315 0
      vertex -13.7172 -15.2345 6
      vertex -12.9011 -15.9315 6
    endloop
  endfacet
  facet normal 0.64944 0.760413 0
    outer loop
      vertex -13.7172 -15.2345 6
      vertex -12.9011 -15.9315 0
      vertex -13.7172 -15.2345 0
    endloop
  endfacet
  facet normal -0.430552 -0.902566 0
    outer loop
      vertex 8.3381 18.7277 0
      vertex 9.3068 18.2656 6
      vertex 8.3381 18.7277 6
    endloop
  endfacet
  facet normal -0.430552 -0.902566 -0
    outer loop
      vertex 9.3068 18.2656 6
      vertex 8.3381 18.7277 0
      vertex 9.3068 18.2656 0
    endloop
  endfacet
  facet normal -0.608715 -0.793389 0
    outer loop
      vertex 12.0496 16.5848 0
      vertex 12.9011 15.9315 6
      vertex 12.0496 16.5848 6
    endloop
  endfacet
  facet normal -0.608715 -0.793389 -0
    outer loop
      vertex 12.9011 15.9315 6
      vertex 12.0496 16.5848 0
      vertex 12.9011 15.9315 0
    endloop
  endfacet
  facet normal -0.878823 -0.477147 0
    outer loop
      vertex 18.2656 9.3068 0
      vertex 17.7535 10.25 6
      vertex 17.7535 10.25 0
    endloop
  endfacet
  facet normal -0.878823 -0.477147 0
    outer loop
      vertex 17.7535 10.25 6
      vertex 18.2656 9.3068 0
      vertex 18.2656 9.3068 6
    endloop
  endfacet
  facet normal -0.382669 -0.923885 0
    outer loop
      vertex 7.34654 19.1384 0
      vertex 8.3381 18.7277 6
      vertex 7.34654 19.1384 6
    endloop
  endfacet
  facet normal -0.382669 -0.923885 -0
    outer loop
      vertex 8.3381 18.7277 6
      vertex 7.34654 19.1384 0
      vertex 8.3381 18.7277 0
    endloop
  endfacet
  facet normal -0.793389 -0.608715 0
    outer loop
      vertex 16.5848 12.0496 0
      vertex 15.9315 12.9011 6
      vertex 15.9315 12.9011 0
    endloop
  endfacet
  facet normal -0.793389 -0.608715 0
    outer loop
      vertex 15.9315 12.9011 6
      vertex 16.5848 12.0496 0
      vertex 16.5848 12.0496 6
    endloop
  endfacet
  facet normal -0.182249 -0.983252 0
    outer loop
      vertex 3.20691 20.2476 0
      vertex 4.26219 20.052 6
      vertex 3.20691 20.2476 6
    endloop
  endfacet
  facet normal -0.182249 -0.983252 -0
    outer loop
      vertex 4.26219 20.052 6
      vertex 3.20691 20.2476 0
      vertex 4.26219 20.052 0
    endloop
  endfacet
  facet normal -0.760413 0.64944 0
    outer loop
      vertex 15.2345 -13.7172 0
      vertex 15.9315 -12.9011 6
      vertex 15.9315 -12.9011 0
    endloop
  endfacet
  facet normal -0.760413 0.64944 0
    outer loop
      vertex 15.9315 -12.9011 6
      vertex 15.2345 -13.7172 0
      vertex 15.2345 -13.7172 6
    endloop
  endfacet
  facet normal -0.824126 0.566406 0
    outer loop
      vertex 16.5848 -12.0496 0
      vertex 17.1927 -11.1651 6
      vertex 17.1927 -11.1651 0
    endloop
  endfacet
  facet normal -0.824126 0.566406 0
    outer loop
      vertex 17.1927 -11.1651 6
      vertex 16.5848 -12.0496 0
      vertex 16.5848 -12.0496 6
    endloop
  endfacet
  facet normal 0.942629 -0.333841 0
    outer loop
      vertex -19.4967 6.33485 6
      vertex -19.1384 7.34654 0
      vertex -19.1384 7.34654 6
    endloop
  endfacet
  facet normal 0.942629 -0.333841 0
    outer loop
      vertex -19.1384 7.34654 0
      vertex -19.4967 6.33485 6
      vertex -19.4967 6.33485 0
    endloop
  endfacet
  facet normal -0.333841 0.942629 0
    outer loop
      vertex 7.34654 -19.1384 0
      vertex 6.33485 -19.4967 6
      vertex 7.34654 -19.1384 6
    endloop
  endfacet
  facet normal -0.333841 0.942629 0
    outer loop
      vertex 6.33485 -19.4967 6
      vertex 7.34654 -19.1384 0
      vertex 6.33485 -19.4967 0
    endloop
  endfacet
  facet normal 0.026182 -0.999657 0
    outer loop
      vertex -1.07289 20.4719 0
      vertex 0 20.5 6
      vertex -1.07289 20.4719 6
    endloop
  endfacet
  facet normal 0.026182 -0.999657 0
    outer loop
      vertex 0 20.5 6
      vertex -1.07289 20.4719 0
      vertex 0 20.5 0
    endloop
  endfacet
  facet normal 0.760413 0.64944 0
    outer loop
      vertex -15.2345 -13.7172 6
      vertex -15.9315 -12.9011 0
      vertex -15.9315 -12.9011 6
    endloop
  endfacet
  facet normal 0.760413 0.64944 0
    outer loop
      vertex -15.9315 -12.9011 0
      vertex -15.2345 -13.7172 6
      vertex -15.2345 -13.7172 0
    endloop
  endfacet
  facet normal -0.430552 0.902566 0
    outer loop
      vertex 9.3068 -18.2656 0
      vertex 8.3381 -18.7277 6
      vertex 9.3068 -18.2656 6
    endloop
  endfacet
  facet normal -0.430552 0.902566 0
    outer loop
      vertex 8.3381 -18.7277 6
      vertex 9.3068 -18.2656 0
      vertex 8.3381 -18.7277 0
    endloop
  endfacet
  facet normal -0.130536 0.991444 0
    outer loop
      vertex 3.20691 -20.2476 0
      vertex 2.14283 -20.3877 6
      vertex 3.20691 -20.2476 6
    endloop
  endfacet
  facet normal -0.130536 0.991444 0
    outer loop
      vertex 2.14283 -20.3877 6
      vertex 3.20691 -20.2476 0
      vertex 2.14283 -20.3877 0
    endloop
  endfacet
  facet normal 0.182249 0.983252 -0
    outer loop
      vertex -3.20691 -20.2476 0
      vertex -4.26219 -20.052 6
      vertex -3.20691 -20.2476 6
    endloop
  endfacet
  facet normal 0.182249 0.983252 0
    outer loop
      vertex -4.26219 -20.052 6
      vertex -3.20691 -20.2476 0
      vertex -4.26219 -20.052 0
    endloop
  endfacet
  facet normal -0.333841 -0.942629 0
    outer loop
      vertex 6.33485 19.4967 0
      vertex 7.34654 19.1384 6
      vertex 6.33485 19.4967 6
    endloop
  endfacet
  facet normal -0.333841 -0.942629 -0
    outer loop
      vertex 7.34654 19.1384 6
      vertex 6.33485 19.4967 0
      vertex 7.34654 19.1384 0
    endloop
  endfacet
  facet normal 0.983252 0.182249 0
    outer loop
      vertex -20.052 -4.26219 6
      vertex -20.2476 -3.20691 0
      vertex -20.2476 -3.20691 6
    endloop
  endfacet
  facet normal 0.983252 0.182249 0
    outer loop
      vertex -20.2476 -3.20691 0
      vertex -20.052 -4.26219 6
      vertex -20.052 -4.26219 0
    endloop
  endfacet
  facet normal 0.130536 0.991444 -0
    outer loop
      vertex -2.14283 -20.3877 0
      vertex -3.20691 -20.2476 6
      vertex -2.14283 -20.3877 6
    endloop
  endfacet
  facet normal 0.130536 0.991444 0
    outer loop
      vertex -3.20691 -20.2476 6
      vertex -2.14283 -20.3877 0
      vertex -3.20691 -20.2476 0
    endloop
  endfacet
  facet normal 0.566406 -0.824126 0
    outer loop
      vertex -12.0496 16.5848 0
      vertex -11.1651 17.1927 6
      vertex -12.0496 16.5848 6
    endloop
  endfacet
  facet normal 0.566406 -0.824126 0
    outer loop
      vertex -11.1651 17.1927 6
      vertex -12.0496 16.5848 0
      vertex -11.1651 17.1927 0
    endloop
  endfacet
  facet normal 0.923885 -0.382669 0
    outer loop
      vertex -19.1384 7.34654 6
      vertex -18.7277 8.3381 0
      vertex -18.7277 8.3381 6
    endloop
  endfacet
  facet normal 0.923885 -0.382669 0
    outer loop
      vertex -18.7277 8.3381 0
      vertex -19.1384 7.34654 6
      vertex -19.1384 7.34654 0
    endloop
  endfacet
  facet normal -0.0784534 0.996918 0
    outer loop
      vertex 2.14283 -20.3877 0
      vertex 1.07289 -20.4719 6
      vertex 2.14283 -20.3877 6
    endloop
  endfacet
  facet normal -0.0784534 0.996918 0
    outer loop
      vertex 1.07289 -20.4719 6
      vertex 2.14283 -20.3877 0
      vertex 1.07289 -20.4719 0
    endloop
  endfacet
  facet normal 0.64944 -0.760413 0
    outer loop
      vertex -13.7172 15.2345 0
      vertex -12.9011 15.9315 6
      vertex -13.7172 15.2345 6
    endloop
  endfacet
  facet normal 0.64944 -0.760413 0
    outer loop
      vertex -12.9011 15.9315 6
      vertex -13.7172 15.2345 0
      vertex -12.9011 15.9315 0
    endloop
  endfacet
  facet normal -0.233405 -0.97238 0
    outer loop
      vertex 4.26219 20.052 0
      vertex 5.30579 19.8015 6
      vertex 4.26219 20.052 6
    endloop
  endfacet
  facet normal -0.233405 -0.97238 -0
    outer loop
      vertex 5.30579 19.8015 6
      vertex 4.26219 20.052 0
      vertex 5.30579 19.8015 0
    endloop
  endfacet
  facet normal 0.68837 -0.72536 0
    outer loop
      vertex -14.4957 14.4957 0
      vertex -13.7172 15.2345 6
      vertex -14.4957 14.4957 6
    endloop
  endfacet
  facet normal 0.68837 -0.72536 0
    outer loop
      vertex -13.7172 15.2345 6
      vertex -14.4957 14.4957 0
      vertex -13.7172 15.2345 0
    endloop
  endfacet
  facet normal -0.923885 0.382669 0
    outer loop
      vertex 18.7277 -8.3381 0
      vertex 19.1384 -7.34654 6
      vertex 19.1384 -7.34654 0
    endloop
  endfacet
  facet normal -0.923885 0.382669 0
    outer loop
      vertex 19.1384 -7.34654 6
      vertex 18.7277 -8.3381 0
      vertex 18.7277 -8.3381 6
    endloop
  endfacet
  facet normal -0.942629 -0.333841 0
    outer loop
      vertex 19.4967 6.33485 0
      vertex 19.1384 7.34654 6
      vertex 19.1384 7.34654 0
    endloop
  endfacet
  facet normal -0.942629 -0.333841 0
    outer loop
      vertex 19.1384 7.34654 6
      vertex 19.4967 6.33485 0
      vertex 19.4967 6.33485 6
    endloop
  endfacet
  facet normal 0.991444 -0.130536 0
    outer loop
      vertex -20.3877 2.14283 6
      vertex -20.2476 3.20691 0
      vertex -20.2476 3.20691 6
    endloop
  endfacet
  facet normal 0.991444 -0.130536 0
    outer loop
      vertex -20.2476 3.20691 0
      vertex -20.3877 2.14283 6
      vertex -20.3877 2.14283 0
    endloop
  endfacet
  facet normal 0.68837 0.72536 -0
    outer loop
      vertex -13.7172 -15.2345 0
      vertex -14.4957 -14.4957 6
      vertex -13.7172 -15.2345 6
    endloop
  endfacet
  facet normal 0.68837 0.72536 0
    outer loop
      vertex -14.4957 -14.4957 6
      vertex -13.7172 -15.2345 0
      vertex -14.4957 -14.4957 0
    endloop
  endfacet
  facet normal 0.902566 0.430552 0
    outer loop
      vertex -18.2656 -9.3068 6
      vertex -18.7277 -8.3381 0
      vertex -18.7277 -8.3381 6
    endloop
  endfacet
  facet normal 0.902566 0.430552 0
    outer loop
      vertex -18.7277 -8.3381 0
      vertex -18.2656 -9.3068 6
      vertex -18.2656 -9.3068 0
    endloop
  endfacet
  facet normal -0.824126 -0.566406 0
    outer loop
      vertex 17.1927 11.1651 0
      vertex 16.5848 12.0496 6
      vertex 16.5848 12.0496 0
    endloop
  endfacet
  facet normal -0.824126 -0.566406 0
    outer loop
      vertex 16.5848 12.0496 6
      vertex 17.1927 11.1651 0
      vertex 17.1927 11.1651 6
    endloop
  endfacet
  facet normal -0.991444 0.130536 0
    outer loop
      vertex 20.2476 -3.20691 0
      vertex 20.3877 -2.14283 6
      vertex 20.3877 -2.14283 0
    endloop
  endfacet
  facet normal -0.991444 0.130536 0
    outer loop
      vertex 20.3877 -2.14283 6
      vertex 20.2476 -3.20691 0
      vertex 20.2476 -3.20691 6
    endloop
  endfacet
  facet normal -0.283997 -0.958825 0
    outer loop
      vertex 5.30579 19.8015 0
      vertex 6.33485 19.4967 6
      vertex 5.30579 19.8015 6
    endloop
  endfacet
  facet normal -0.283997 -0.958825 -0
    outer loop
      vertex 6.33485 19.4967 6
      vertex 5.30579 19.8015 0
      vertex 6.33485 19.4967 0
    endloop
  endfacet
  facet normal -0.902566 0.430552 0
    outer loop
      vertex 18.2656 -9.3068 0
      vertex 18.7277 -8.3381 6
      vertex 18.7277 -8.3381 0
    endloop
  endfacet
  facet normal -0.902566 0.430552 0
    outer loop
      vertex 18.7277 -8.3381 6
      vertex 18.2656 -9.3068 0
      vertex 18.2656 -9.3068 6
    endloop
  endfacet
  facet normal -0.283997 0.958825 0
    outer loop
      vertex 6.33485 -19.4967 0
      vertex 5.30579 -19.8015 6
      vertex 6.33485 -19.4967 6
    endloop
  endfacet
  facet normal -0.283997 0.958825 0
    outer loop
      vertex 5.30579 -19.8015 6
      vertex 6.33485 -19.4967 0
      vertex 5.30579 -19.8015 0
    endloop
  endfacet
  facet normal 0.333841 -0.942629 0
    outer loop
      vertex -7.34654 19.1384 0
      vertex -6.33485 19.4967 6
      vertex -7.34654 19.1384 6
    endloop
  endfacet
  facet normal 0.333841 -0.942629 0
    outer loop
      vertex -6.33485 19.4967 6
      vertex -7.34654 19.1384 0
      vertex -6.33485 19.4967 0
    endloop
  endfacet
  facet normal 0.608715 -0.793389 0
    outer loop
      vertex -12.9011 15.9315 0
      vertex -12.0496 16.5848 6
      vertex -12.9011 15.9315 6
    endloop
  endfacet
  facet normal 0.608715 -0.793389 0
    outer loop
      vertex -12.0496 16.5848 6
      vertex -12.9011 15.9315 0
      vertex -12.0496 16.5848 0
    endloop
  endfacet
  facet normal 0.233405 -0.97238 0
    outer loop
      vertex -5.30579 19.8015 0
      vertex -4.26219 20.052 6
      vertex -5.30579 19.8015 6
    endloop
  endfacet
  facet normal 0.233405 -0.97238 0
    outer loop
      vertex -4.26219 20.052 6
      vertex -5.30579 19.8015 0
      vertex -4.26219 20.052 0
    endloop
  endfacet
  facet normal -0.64944 -0.760413 0
    outer loop
      vertex 12.9011 15.9315 0
      vertex 13.7172 15.2345 6
      vertex 12.9011 15.9315 6
    endloop
  endfacet
  facet normal -0.64944 -0.760413 -0
    outer loop
      vertex 13.7172 15.2345 6
      vertex 12.9011 15.9315 0
      vertex 13.7172 15.2345 0
    endloop
  endfacet
  facet normal -0.793389 0.608715 0
    outer loop
      vertex 15.9315 -12.9011 0
      vertex 16.5848 -12.0496 6
      vertex 16.5848 -12.0496 0
    endloop
  endfacet
  facet normal -0.793389 0.608715 0
    outer loop
      vertex 16.5848 -12.0496 6
      vertex 15.9315 -12.9011 0
      vertex 15.9315 -12.9011 6
    endloop
  endfacet
  facet normal 0.996918 0.0784534 0
    outer loop
      vertex -20.3877 -2.14283 6
      vertex -20.4719 -1.07289 0
      vertex -20.4719 -1.07289 6
    endloop
  endfacet
  facet normal 0.996918 0.0784534 0
    outer loop
      vertex -20.4719 -1.07289 0
      vertex -20.3877 -2.14283 6
      vertex -20.3877 -2.14283 0
    endloop
  endfacet
  facet normal -0.983252 -0.182249 0
    outer loop
      vertex 20.2476 3.20691 0
      vertex 20.052 4.26219 6
      vertex 20.052 4.26219 0
    endloop
  endfacet
  facet normal -0.983252 -0.182249 0
    outer loop
      vertex 20.052 4.26219 6
      vertex 20.2476 3.20691 0
      vertex 20.2476 3.20691 6
    endloop
  endfacet
  facet normal 0.942629 0.333841 0
    outer loop
      vertex -19.1384 -7.34654 6
      vertex -19.4967 -6.33485 0
      vertex -19.4967 -6.33485 6
    endloop
  endfacet
  facet normal 0.942629 0.333841 0
    outer loop
      vertex -19.4967 -6.33485 0
      vertex -19.1384 -7.34654 6
      vertex -19.1384 -7.34654 0
    endloop
  endfacet
  facet normal -0.97238 0.233405 0
    outer loop
      vertex 19.8015 -5.30579 0
      vertex 20.052 -4.26219 6
      vertex 20.052 -4.26219 0
    endloop
  endfacet
  facet normal -0.97238 0.233405 0
    outer loop
      vertex 20.052 -4.26219 6
      vertex 19.8015 -5.30579 0
      vertex 19.8015 -5.30579 6
    endloop
  endfacet
  facet normal -0.852629 0.522516 0
    outer loop
      vertex 17.1927 -11.1651 0
      vertex 17.7535 -10.25 6
      vertex 17.7535 -10.25 0
    endloop
  endfacet
  facet normal -0.852629 0.522516 0
    outer loop
      vertex 17.7535 -10.25 6
      vertex 17.1927 -11.1651 0
      vertex 17.1927 -11.1651 6
    endloop
  endfacet
  facet normal -0.522516 -0.852629 0
    outer loop
      vertex 10.25 17.7535 0
      vertex 11.1651 17.1927 6
      vertex 10.25 17.7535 6
    endloop
  endfacet
  facet normal -0.522516 -0.852629 -0
    outer loop
      vertex 11.1651 17.1927 6
      vertex 10.25 17.7535 0
      vertex 11.1651 17.1927 0
    endloop
  endfacet
  facet normal -0.999657 0.026182 0
    outer loop
      vertex 20.4719 -1.07289 0
      vertex 20.5 0 6
      vertex 20.5 0 0
    endloop
  endfacet
  facet normal -0.999657 0.026182 0
    outer loop
      vertex 20.5 0 6
      vertex 20.4719 -1.07289 0
      vertex 20.4719 -1.07289 6
    endloop
  endfacet
  facet normal 0.333841 0.942629 -0
    outer loop
      vertex -6.33485 -19.4967 0
      vertex -7.34654 -19.1384 6
      vertex -6.33485 -19.4967 6
    endloop
  endfacet
  facet normal 0.333841 0.942629 0
    outer loop
      vertex -7.34654 -19.1384 6
      vertex -6.33485 -19.4967 0
      vertex -7.34654 -19.1384 0
    endloop
  endfacet
  facet normal -0.026182 0.999657 0
    outer loop
      vertex 1.07289 -20.4719 0
      vertex 0 -20.5 6
      vertex 1.07289 -20.4719 6
    endloop
  endfacet
  facet normal -0.026182 0.999657 0
    outer loop
      vertex 0 -20.5 6
      vertex 1.07289 -20.4719 0
      vertex 0 -20.5 0
    endloop
  endfacet
  facet normal -0.68837 -0.72536 0
    outer loop
      vertex 13.7172 15.2345 0
      vertex 14.4957 14.4957 6
      vertex 13.7172 15.2345 6
    endloop
  endfacet
  facet normal -0.68837 -0.72536 -0
    outer loop
      vertex 14.4957 14.4957 6
      vertex 13.7172 15.2345 0
      vertex 14.4957 14.4957 0
    endloop
  endfacet
  facet normal 0.283997 -0.958825 0
    outer loop
      vertex -6.33485 19.4967 0
      vertex -5.30579 19.8015 6
      vertex -6.33485 19.4967 6
    endloop
  endfacet
  facet normal 0.283997 -0.958825 0
    outer loop
      vertex -5.30579 19.8015 6
      vertex -6.33485 19.4967 0
      vertex -5.30579 19.8015 0
    endloop
  endfacet
  facet normal 0.430552 0.902566 -0
    outer loop
      vertex -8.3381 -18.7277 0
      vertex -9.3068 -18.2656 6
      vertex -8.3381 -18.7277 6
    endloop
  endfacet
  facet normal 0.430552 0.902566 0
    outer loop
      vertex -9.3068 -18.2656 6
      vertex -8.3381 -18.7277 0
      vertex -9.3068 -18.2656 0
    endloop
  endfacet
  facet normal 0.72536 0.68837 0
    outer loop
      vertex -14.4957 -14.4957 6
      vertex -15.2345 -13.7172 0
      vertex -15.2345 -13.7172 6
    endloop
  endfacet
  facet normal 0.72536 0.68837 0
    outer loop
      vertex -15.2345 -13.7172 0
      vertex -14.4957 -14.4957 6
      vertex -14.4957 -14.4957 0
    endloop
  endfacet
  facet normal 0.0784534 0.996918 -0
    outer loop
      vertex -1.07289 -20.4719 0
      vertex -2.14283 -20.3877 6
      vertex -1.07289 -20.4719 6
    endloop
  endfacet
  facet normal 0.0784534 0.996918 0
    outer loop
      vertex -2.14283 -20.3877 6
      vertex -1.07289 -20.4719 0
      vertex -2.14283 -20.3877 0
    endloop
  endfacet
  facet normal -0.233405 0.97238 0
    outer loop
      vertex 5.30579 -19.8015 0
      vertex 4.26219 -20.052 6
      vertex 5.30579 -19.8015 6
    endloop
  endfacet
  facet normal -0.233405 0.97238 0
    outer loop
      vertex 4.26219 -20.052 6
      vertex 5.30579 -19.8015 0
      vertex 4.26219 -20.052 0
    endloop
  endfacet
  facet normal -0.958825 0.283997 0
    outer loop
      vertex 19.4967 -6.33485 0
      vertex 19.8015 -5.30579 6
      vertex 19.8015 -5.30579 0
    endloop
  endfacet
  facet normal -0.958825 0.283997 0
    outer loop
      vertex 19.8015 -5.30579 6
      vertex 19.4967 -6.33485 0
      vertex 19.4967 -6.33485 6
    endloop
  endfacet
  facet normal 0.72536 -0.68837 0
    outer loop
      vertex -15.2345 13.7172 6
      vertex -14.4957 14.4957 0
      vertex -14.4957 14.4957 6
    endloop
  endfacet
  facet normal 0.72536 -0.68837 0
    outer loop
      vertex -14.4957 14.4957 0
      vertex -15.2345 13.7172 6
      vertex -15.2345 13.7172 0
    endloop
  endfacet
  facet normal 0.824126 -0.566406 0
    outer loop
      vertex -17.1927 11.1651 6
      vertex -16.5848 12.0496 0
      vertex -16.5848 12.0496 6
    endloop
  endfacet
  facet normal 0.824126 -0.566406 0
    outer loop
      vertex -16.5848 12.0496 0
      vertex -17.1927 11.1651 6
      vertex -17.1927 11.1651 0
    endloop
  endfacet
  facet normal 0.97238 0.233405 0
    outer loop
      vertex -19.8015 -5.30579 6
      vertex -20.052 -4.26219 0
      vertex -20.052 -4.26219 6
    endloop
  endfacet
  facet normal 0.97238 0.233405 0
    outer loop
      vertex -20.052 -4.26219 0
      vertex -19.8015 -5.30579 6
      vertex -19.8015 -5.30579 0
    endloop
  endfacet
  facet normal 0.793389 -0.608715 0
    outer loop
      vertex -16.5848 12.0496 6
      vertex -15.9315 12.9011 0
      vertex -15.9315 12.9011 6
    endloop
  endfacet
  facet normal 0.793389 -0.608715 0
    outer loop
      vertex -15.9315 12.9011 0
      vertex -16.5848 12.0496 6
      vertex -16.5848 12.0496 0
    endloop
  endfacet
  facet normal -0.566406 0.824126 0
    outer loop
      vertex 12.0496 -16.5848 0
      vertex 11.1651 -17.1927 6
      vertex 12.0496 -16.5848 6
    endloop
  endfacet
  facet normal -0.566406 0.824126 0
    outer loop
      vertex 11.1651 -17.1927 6
      vertex 12.0496 -16.5848 0
      vertex 11.1651 -17.1927 0
    endloop
  endfacet
  facet normal 0.852629 -0.522516 0
    outer loop
      vertex -17.7535 10.25 6
      vertex -17.1927 11.1651 0
      vertex -17.1927 11.1651 6
    endloop
  endfacet
  facet normal 0.852629 -0.522516 0
    outer loop
      vertex -17.1927 11.1651 0
      vertex -17.7535 10.25 6
      vertex -17.7535 10.25 0
    endloop
  endfacet
  facet normal 0.793389 0.608715 0
    outer loop
      vertex -15.9315 -12.9011 6
      vertex -16.5848 -12.0496 0
      vertex -16.5848 -12.0496 6
    endloop
  endfacet
  facet normal 0.793389 0.608715 0
    outer loop
      vertex -16.5848 -12.0496 0
      vertex -15.9315 -12.9011 6
      vertex -15.9315 -12.9011 0
    endloop
  endfacet
  facet normal -0.852629 -0.522516 0
    outer loop
      vertex 17.7535 10.25 0
      vertex 17.1927 11.1651 6
      vertex 17.1927 11.1651 0
    endloop
  endfacet
  facet normal -0.852629 -0.522516 0
    outer loop
      vertex 17.1927 11.1651 6
      vertex 17.7535 10.25 0
      vertex 17.7535 10.25 6
    endloop
  endfacet
  facet normal 0.026182 0.999657 -0
    outer loop
      vertex 0 -20.5 0
      vertex -1.07289 -20.4719 6
      vertex 0 -20.5 6
    endloop
  endfacet
  facet normal 0.026182 0.999657 0
    outer loop
      vertex -1.07289 -20.4719 6
      vertex 0 -20.5 0
      vertex -1.07289 -20.4719 0
    endloop
  endfacet
  facet normal -0.983252 0.182249 0
    outer loop
      vertex 20.052 -4.26219 0
      vertex 20.2476 -3.20691 6
      vertex 20.2476 -3.20691 0
    endloop
  endfacet
  facet normal -0.983252 0.182249 0
    outer loop
      vertex 20.2476 -3.20691 6
      vertex 20.052 -4.26219 0
      vertex 20.052 -4.26219 6
    endloop
  endfacet
  facet normal 0.97238 -0.233405 0
    outer loop
      vertex -20.052 4.26219 6
      vertex -19.8015 5.30579 0
      vertex -19.8015 5.30579 6
    endloop
  endfacet
  facet normal 0.97238 -0.233405 0
    outer loop
      vertex -19.8015 5.30579 0
      vertex -20.052 4.26219 6
      vertex -20.052 4.26219 0
    endloop
  endfacet
  facet normal 0.958825 -0.283997 0
    outer loop
      vertex -19.8015 5.30579 6
      vertex -19.4967 6.33485 0
      vertex -19.4967 6.33485 6
    endloop
  endfacet
  facet normal 0.958825 -0.283997 0
    outer loop
      vertex -19.4967 6.33485 0
      vertex -19.8015 5.30579 6
      vertex -19.8015 5.30579 0
    endloop
  endfacet
  facet normal 0.996918 -0.0784534 0
    outer loop
      vertex -20.4719 1.07289 6
      vertex -20.3877 2.14283 0
      vertex -20.3877 2.14283 6
    endloop
  endfacet
  facet normal 0.996918 -0.0784534 0
    outer loop
      vertex -20.3877 2.14283 0
      vertex -20.4719 1.07289 6
      vertex -20.4719 1.07289 0
    endloop
  endfacet
  facet normal -0.477147 -0.878823 0
    outer loop
      vertex 9.3068 18.2656 0
      vertex 10.25 17.7535 6
      vertex 9.3068 18.2656 6
    endloop
  endfacet
  facet normal -0.477147 -0.878823 -0
    outer loop
      vertex 10.25 17.7535 6
      vertex 9.3068 18.2656 0
      vertex 10.25 17.7535 0
    endloop
  endfacet
  facet normal -0.760413 -0.64944 0
    outer loop
      vertex 15.9315 12.9011 0
      vertex 15.2345 13.7172 6
      vertex 15.2345 13.7172 0
    endloop
  endfacet
  facet normal -0.760413 -0.64944 0
    outer loop
      vertex 15.2345 13.7172 6
      vertex 15.9315 12.9011 0
      vertex 15.9315 12.9011 6
    endloop
  endfacet
  facet normal -0.996918 0.0784534 0
    outer loop
      vertex 20.3877 -2.14283 0
      vertex 20.4719 -1.07289 6
      vertex 20.4719 -1.07289 0
    endloop
  endfacet
  facet normal -0.996918 0.0784534 0
    outer loop
      vertex 20.4719 -1.07289 6
      vertex 20.3877 -2.14283 0
      vertex 20.3877 -2.14283 6
    endloop
  endfacet
  facet normal -0.97238 -0.233405 0
    outer loop
      vertex 20.052 4.26219 0
      vertex 19.8015 5.30579 6
      vertex 19.8015 5.30579 0
    endloop
  endfacet
  facet normal -0.97238 -0.233405 0
    outer loop
      vertex 19.8015 5.30579 6
      vertex 20.052 4.26219 0
      vertex 20.052 4.26219 6
    endloop
  endfacet
  facet normal 0.233405 0.97238 -0
    outer loop
      vertex -4.26219 -20.052 0
      vertex -5.30579 -19.8015 6
      vertex -4.26219 -20.052 6
    endloop
  endfacet
  facet normal 0.233405 0.97238 0
    outer loop
      vertex -5.30579 -19.8015 6
      vertex -4.26219 -20.052 0
      vertex -5.30579 -19.8015 0
    endloop
  endfacet
  facet normal -0.958825 -0.283997 0
    outer loop
      vertex 19.8015 5.30579 0
      vertex 19.4967 6.33485 6
      vertex 19.4967 6.33485 0
    endloop
  endfacet
  facet normal -0.958825 -0.283997 0
    outer loop
      vertex 19.4967 6.33485 6
      vertex 19.8015 5.30579 0
      vertex 19.8015 5.30579 6
    endloop
  endfacet
  facet normal -0.566406 -0.824126 0
    outer loop
      vertex 11.1651 17.1927 0
      vertex 12.0496 16.5848 6
      vertex 11.1651 17.1927 6
    endloop
  endfacet
  facet normal -0.566406 -0.824126 -0
    outer loop
      vertex 12.0496 16.5848 6
      vertex 11.1651 17.1927 0
      vertex 12.0496 16.5848 0
    endloop
  endfacet
  facet normal 0.0784534 -0.996918 0
    outer loop
      vertex -2.14283 20.3877 0
      vertex -1.07289 20.4719 6
      vertex -2.14283 20.3877 6
    endloop
  endfacet
  facet normal 0.0784534 -0.996918 0
    outer loop
      vertex -1.07289 20.4719 6
      vertex -2.14283 20.3877 0
      vertex -1.07289 20.4719 0
    endloop
  endfacet
  facet normal -0.522516 0.852629 0
    outer loop
      vertex 11.1651 -17.1927 0
      vertex 10.25 -17.7535 6
      vertex 11.1651 -17.1927 6
    endloop
  endfacet
  facet normal -0.522516 0.852629 0
    outer loop
      vertex 10.25 -17.7535 6
      vertex 11.1651 -17.1927 0
      vertex 10.25 -17.7535 0
    endloop
  endfacet
  facet normal 0.182249 -0.983252 0
    outer loop
      vertex -4.26219 20.052 0
      vertex -3.20691 20.2476 6
      vertex -4.26219 20.052 6
    endloop
  endfacet
  facet normal 0.182249 -0.983252 0
    outer loop
      vertex -3.20691 20.2476 6
      vertex -4.26219 20.052 0
      vertex -3.20691 20.2476 0
    endloop
  endfacet
  facet normal 0.878823 0.477147 0
    outer loop
      vertex -17.7535 -10.25 6
      vertex -18.2656 -9.3068 0
      vertex -18.2656 -9.3068 6
    endloop
  endfacet
  facet normal 0.878823 0.477147 0
    outer loop
      vertex -18.2656 -9.3068 0
      vertex -17.7535 -10.25 6
      vertex -17.7535 -10.25 0
    endloop
  endfacet
  facet normal 0.999657 0.026182 0
    outer loop
      vertex -20.4719 -1.07289 6
      vertex -20.5 0 0
      vertex -20.5 0 6
    endloop
  endfacet
  facet normal 0.999657 0.026182 0
    outer loop
      vertex -20.5 0 0
      vertex -20.4719 -1.07289 6
      vertex -20.4719 -1.07289 0
    endloop
  endfacet
  facet normal 0.999657 -0.026182 0
    outer loop
      vertex -20.5 0 6
      vertex -20.4719 1.07289 0
      vertex -20.4719 1.07289 6
    endloop
  endfacet
  facet normal 0.999657 -0.026182 0
    outer loop
      vertex -20.4719 1.07289 0
      vertex -20.5 0 6
      vertex -20.5 0 0
    endloop
  endfacet
  facet normal -0.130536 -0.991444 0
    outer loop
      vertex 2.14283 20.3877 0
      vertex 3.20691 20.2476 6
      vertex 2.14283 20.3877 6
    endloop
  endfacet
  facet normal -0.130536 -0.991444 -0
    outer loop
      vertex 3.20691 20.2476 6
      vertex 2.14283 20.3877 0
      vertex 3.20691 20.2476 0
    endloop
  endfacet
  facet normal 0.902566 -0.430552 0
    outer loop
      vertex -18.7277 8.3381 6
      vertex -18.2656 9.3068 0
      vertex -18.2656 9.3068 6
    endloop
  endfacet
  facet normal 0.902566 -0.430552 0
    outer loop
      vertex -18.2656 9.3068 0
      vertex -18.7277 8.3381 6
      vertex -18.7277 8.3381 0
    endloop
  endfacet
  facet normal 0.958825 0.283997 0
    outer loop
      vertex -19.4967 -6.33485 6
      vertex -19.8015 -5.30579 0
      vertex -19.8015 -5.30579 6
    endloop
  endfacet
  facet normal 0.958825 0.283997 0
    outer loop
      vertex -19.8015 -5.30579 0
      vertex -19.4967 -6.33485 6
      vertex -19.4967 -6.33485 0
    endloop
  endfacet
  facet normal -0.902566 -0.430552 0
    outer loop
      vertex 18.7277 8.3381 0
      vertex 18.2656 9.3068 6
      vertex 18.2656 9.3068 0
    endloop
  endfacet
  facet normal -0.902566 -0.430552 0
    outer loop
      vertex 18.2656 9.3068 6
      vertex 18.7277 8.3381 0
      vertex 18.7277 8.3381 6
    endloop
  endfacet
  facet normal 0.130536 -0.991444 0
    outer loop
      vertex -3.20691 20.2476 0
      vertex -2.14283 20.3877 6
      vertex -3.20691 20.2476 6
    endloop
  endfacet
  facet normal 0.130536 -0.991444 0
    outer loop
      vertex -2.14283 20.3877 6
      vertex -3.20691 20.2476 0
      vertex -2.14283 20.3877 0
    endloop
  endfacet
  facet normal -0.477147 0.878823 0
    outer loop
      vertex 10.25 -17.7535 0
      vertex 9.3068 -18.2656 6
      vertex 10.25 -17.7535 6
    endloop
  endfacet
  facet normal -0.477147 0.878823 0
    outer loop
      vertex 9.3068 -18.2656 6
      vertex 10.25 -17.7535 0
      vertex 9.3068 -18.2656 0
    endloop
  endfacet
  facet normal -0.182249 0.983252 0
    outer loop
      vertex 4.26219 -20.052 0
      vertex 3.20691 -20.2476 6
      vertex 4.26219 -20.052 6
    endloop
  endfacet
  facet normal -0.182249 0.983252 0
    outer loop
      vertex 3.20691 -20.2476 6
      vertex 4.26219 -20.052 0
      vertex 3.20691 -20.2476 0
    endloop
  endfacet
  facet normal 0.522516 0.852629 -0
    outer loop
      vertex -10.25 -17.7535 0
      vertex -11.1651 -17.1927 6
      vertex -10.25 -17.7535 6
    endloop
  endfacet
  facet normal 0.522516 0.852629 0
    outer loop
      vertex -11.1651 -17.1927 6
      vertex -10.25 -17.7535 0
      vertex -11.1651 -17.1927 0
    endloop
  endfacet
  facet normal 0.852629 0.522516 0
    outer loop
      vertex -17.1927 -11.1651 6
      vertex -17.7535 -10.25 0
      vertex -17.7535 -10.25 6
    endloop
  endfacet
  facet normal 0.852629 0.522516 0
    outer loop
      vertex -17.7535 -10.25 0
      vertex -17.1927 -11.1651 6
      vertex -17.1927 -11.1651 0
    endloop
  endfacet
  facet normal -0.026182 -0.999657 0
    outer loop
      vertex 0 20.5 0
      vertex 1.07289 20.4719 6
      vertex 0 20.5 6
    endloop
  endfacet
  facet normal -0.026182 -0.999657 -0
    outer loop
      vertex 1.07289 20.4719 6
      vertex 0 20.5 0
      vertex 1.07289 20.4719 0
    endloop
  endfacet
  facet normal -0.0784534 -0.996918 0
    outer loop
      vertex 1.07289 20.4719 0
      vertex 2.14283 20.3877 6
      vertex 1.07289 20.4719 6
    endloop
  endfacet
  facet normal -0.0784534 -0.996918 -0
    outer loop
      vertex 2.14283 20.3877 6
      vertex 1.07289 20.4719 0
      vertex 2.14283 20.3877 0
    endloop
  endfacet
  facet normal 0.991444 0.130536 0
    outer loop
      vertex -20.2476 -3.20691 6
      vertex -20.3877 -2.14283 0
      vertex -20.3877 -2.14283 6
    endloop
  endfacet
  facet normal 0.991444 0.130536 0
    outer loop
      vertex -20.3877 -2.14283 0
      vertex -20.2476 -3.20691 6
      vertex -20.2476 -3.20691 0
    endloop
  endfacet
  facet normal -0.878823 0.477147 0
    outer loop
      vertex 17.7535 -10.25 0
      vertex 18.2656 -9.3068 6
      vertex 18.2656 -9.3068 0
    endloop
  endfacet
  facet normal -0.878823 0.477147 0
    outer loop
      vertex 18.2656 -9.3068 6
      vertex 17.7535 -10.25 0
      vertex 17.7535 -10.25 6
    endloop
  endfacet
  facet normal 0.283997 0.958825 -0
    outer loop
      vertex -5.30579 -19.8015 0
      vertex -6.33485 -19.4967 6
      vertex -5.30579 -19.8015 6
    endloop
  endfacet
  facet normal 0.283997 0.958825 0
    outer loop
      vertex -6.33485 -19.4967 6
      vertex -5.30579 -19.8015 0
      vertex -6.33485 -19.4967 0
    endloop
  endfacet
  facet normal 0.608715 0.793389 -0
    outer loop
      vertex -12.0496 -16.5848 0
      vertex -12.9011 -15.9315 6
      vertex -12.0496 -16.5848 6
    endloop
  endfacet
  facet normal 0.608715 0.793389 0
    outer loop
      vertex -12.9011 -15.9315 6
      vertex -12.0496 -16.5848 0
      vertex -12.9011 -15.9315 0
    endloop
  endfacet
  facet normal -0.64944 0.760413 0
    outer loop
      vertex 13.7172 -15.2345 0
      vertex 12.9011 -15.9315 6
      vertex 13.7172 -15.2345 6
    endloop
  endfacet
  facet normal -0.64944 0.760413 0
    outer loop
      vertex 12.9011 -15.9315 6
      vertex 13.7172 -15.2345 0
      vertex 12.9011 -15.9315 0
    endloop
  endfacet
  facet normal 0.878823 -0.477147 0
    outer loop
      vertex -18.2656 9.3068 6
      vertex -17.7535 10.25 0
      vertex -17.7535 10.25 6
    endloop
  endfacet
  facet normal 0.878823 -0.477147 0
    outer loop
      vertex -17.7535 10.25 0
      vertex -18.2656 9.3068 6
      vertex -18.2656 9.3068 0
    endloop
  endfacet
  facet normal 0.923885 0.382669 0
    outer loop
      vertex -18.7277 -8.3381 6
      vertex -19.1384 -7.34654 0
      vertex -19.1384 -7.34654 6
    endloop
  endfacet
  facet normal 0.923885 0.382669 0
    outer loop
      vertex -19.1384 -7.34654 0
      vertex -18.7277 -8.3381 6
      vertex -18.7277 -8.3381 0
    endloop
  endfacet
  facet normal -0.72536 -0.68837 0
    outer loop
      vertex 15.2345 13.7172 0
      vertex 14.4957 14.4957 6
      vertex 14.4957 14.4957 0
    endloop
  endfacet
  facet normal -0.72536 -0.68837 0
    outer loop
      vertex 14.4957 14.4957 6
      vertex 15.2345 13.7172 0
      vertex 15.2345 13.7172 6
    endloop
  endfacet
  facet normal -0.608715 0.793389 0
    outer loop
      vertex 12.9011 -15.9315 0
      vertex 12.0496 -16.5848 6
      vertex 12.9011 -15.9315 6
    endloop
  endfacet
  facet normal -0.608715 0.793389 0
    outer loop
      vertex 12.0496 -16.5848 6
      vertex 12.9011 -15.9315 0
      vertex 12.0496 -16.5848 0
    endloop
  endfacet
  facet normal 0.824126 0.566406 0
    outer loop
      vertex -16.5848 -12.0496 6
      vertex -17.1927 -11.1651 0
      vertex -17.1927 -11.1651 6
    endloop
  endfacet
  facet normal 0.824126 0.566406 0
    outer loop
      vertex -17.1927 -11.1651 0
      vertex -16.5848 -12.0496 6
      vertex -16.5848 -12.0496 0
    endloop
  endfacet
  facet normal -0.923885 -0.382669 0
    outer loop
      vertex 19.1384 7.34654 0
      vertex 18.7277 8.3381 6
      vertex 18.7277 8.3381 0
    endloop
  endfacet
  facet normal -0.923885 -0.382669 0
    outer loop
      vertex 18.7277 8.3381 6
      vertex 19.1384 7.34654 0
      vertex 19.1384 7.34654 6
    endloop
  endfacet
  facet normal -0.72536 0.68837 0
    outer loop
      vertex 14.4957 -14.4957 0
      vertex 15.2345 -13.7172 6
      vertex 15.2345 -13.7172 0
    endloop
  endfacet
  facet normal -0.72536 0.68837 0
    outer loop
      vertex 15.2345 -13.7172 6
      vertex 14.4957 -14.4957 0
      vertex 14.4957 -14.4957 6
    endloop
  endfacet
  facet normal -0.68837 0.72536 0
    outer loop
      vertex 14.4957 -14.4957 0
      vertex 13.7172 -15.2345 6
      vertex 14.4957 -14.4957 6
    endloop
  endfacet
  facet normal -0.68837 0.72536 0
    outer loop
      vertex 13.7172 -15.2345 6
      vertex 14.4957 -14.4957 0
      vertex 13.7172 -15.2345 0
    endloop
  endfacet
  facet normal 0.477147 -0.878823 0
    outer loop
      vertex -10.25 17.7535 0
      vertex -9.3068 18.2656 6
      vertex -10.25 17.7535 6
    endloop
  endfacet
  facet normal 0.477147 -0.878823 0
    outer loop
      vertex -9.3068 18.2656 6
      vertex -10.25 17.7535 0
      vertex -9.3068 18.2656 0
    endloop
  endfacet
  facet normal 0.522516 -0.852629 0
    outer loop
      vertex -11.1651 17.1927 0
      vertex -10.25 17.7535 6
      vertex -11.1651 17.1927 6
    endloop
  endfacet
  facet normal 0.522516 -0.852629 0
    outer loop
      vertex -10.25 17.7535 6
      vertex -11.1651 17.1927 0
      vertex -10.25 17.7535 0
    endloop
  endfacet
  facet normal 0.760413 -0.64944 0
    outer loop
      vertex -15.9315 12.9011 6
      vertex -15.2345 13.7172 0
      vertex -15.2345 13.7172 6
    endloop
  endfacet
  facet normal 0.760413 -0.64944 0
    outer loop
      vertex -15.2345 13.7172 0
      vertex -15.9315 12.9011 6
      vertex -15.9315 12.9011 0
    endloop
  endfacet
  facet normal 0.983252 -0.182249 0
    outer loop
      vertex -20.2476 3.20691 6
      vertex -20.052 4.26219 0
      vertex -20.052 4.26219 6
    endloop
  endfacet
  facet normal 0.983252 -0.182249 0
    outer loop
      vertex -20.052 4.26219 0
      vertex -20.2476 3.20691 6
      vertex -20.2476 3.20691 0
    endloop
  endfacet
  facet normal 0.430552 -0.902566 0
    outer loop
      vertex -9.3068 18.2656 0
      vertex -8.3381 18.7277 6
      vertex -9.3068 18.2656 6
    endloop
  endfacet
  facet normal 0.430552 -0.902566 0
    outer loop
      vertex -8.3381 18.7277 6
      vertex -9.3068 18.2656 0
      vertex -8.3381 18.7277 0
    endloop
  endfacet
  facet normal 0.382669 -0.923885 0
    outer loop
      vertex -8.3381 18.7277 0
      vertex -7.34654 19.1384 6
      vertex -8.3381 18.7277 6
    endloop
  endfacet
  facet normal 0.382669 -0.923885 0
    outer loop
      vertex -7.34654 19.1384 6
      vertex -8.3381 18.7277 0
      vertex -7.34654 19.1384 0
    endloop
  endfacet
  facet normal 0.477147 0.878823 -0
    outer loop
      vertex -9.3068 -18.2656 0
      vertex -10.25 -17.7535 6
      vertex -9.3068 -18.2656 6
    endloop
  endfacet
  facet normal 0.477147 0.878823 0
    outer loop
      vertex -10.25 -17.7535 6
      vertex -9.3068 -18.2656 0
      vertex -10.25 -17.7535 0
    endloop
  endfacet
  facet normal -0.942629 0.333841 0
    outer loop
      vertex 19.1384 -7.34654 0
      vertex 19.4967 -6.33485 6
      vertex 19.4967 -6.33485 0
    endloop
  endfacet
  facet normal -0.942629 0.333841 0
    outer loop
      vertex 19.4967 -6.33485 6
      vertex 19.1384 -7.34654 0
      vertex 19.1384 -7.34654 6
    endloop
  endfacet
  facet normal -0.382669 0.923885 0
    outer loop
      vertex 8.3381 -18.7277 0
      vertex 7.34654 -19.1384 6
      vertex 8.3381 -18.7277 6
    endloop
  endfacet
  facet normal -0.382669 0.923885 0
    outer loop
      vertex 7.34654 -19.1384 6
      vertex 8.3381 -18.7277 0
      vertex 7.34654 -19.1384 0
    endloop
  endfacet
  facet normal 0.382669 0.923885 -0
    outer loop
      vertex -7.34654 -19.1384 0
      vertex -8.3381 -18.7277 6
      vertex -7.34654 -19.1384 6
    endloop
  endfacet
  facet normal 0.382669 0.923885 0
    outer loop
      vertex -8.3381 -18.7277 6
      vertex -7.34654 -19.1384 0
      vertex -8.3381 -18.7277 0
    endloop
  endfacet
  facet normal 0.566406 0.824126 -0
    outer loop
      vertex -11.1651 -17.1927 0
      vertex -12.0496 -16.5848 6
      vertex -11.1651 -17.1927 6
    endloop
  endfacet
  facet normal 0.566406 0.824126 0
    outer loop
      vertex -12.0496 -16.5848 6
      vertex -11.1651 -17.1927 0
      vertex -12.0496 -16.5848 0
    endloop
  endfacet
endsolid OpenSCAD_Model
