solid OpenSCAD_Model
  facet normal 0 0 -1
    outer loop
      vertex 45.9 -2 33
      vertex 46 0 33
      vertex 45.9476 -2 33
    endloop
  endfacet
  facet normal 0 0 -1
    outer loop
      vertex 45.9 2 33
      vertex 46 0 33
      vertex 45.9 -2 33
    endloop
  endfacet
  facet normal 0 0 -1
    outer loop
      vertex 46 0 33
      vertex 45.9 2 33
      vertex 45.9476 2 33
    endloop
  endfacet
  facet normal -0 0 1
    outer loop
      vertex 45.9 2 7
      vertex 46 0 7
      vertex 45.9476 2 7
    endloop
  endfacet
  facet normal 0 0 1
    outer loop
      vertex 45.9 -2 7
      vertex 46 0 7
      vertex 45.9 2 7
    endloop
  endfacet
  facet normal 0 0 1
    outer loop
      vertex 46 0 7
      vertex 45.9 -2 7
      vertex 45.9476 -2 7
    endloop
  endfacet
  facet normal 1 -0 0
    outer loop
      vertex 45.9 -2 33
      vertex 45.9 2 7
      vertex 45.9 2 33
    endloop
  endfacet
  facet normal 1 0 0
    outer loop
      vertex 45.9 2 7
      vertex 45.9 -2 33
      vertex 45.9 -2 7
    endloop
  endfacet
  facet normal 0 -1 0
    outer loop
      vertex 45.9 2 7
      vertex 45.9476 2 33
      vertex 45.9 2 33
    endloop
  endfacet
  facet normal 0 -1 -0
    outer loop
      vertex 45.9476 2 33
      vertex 45.9 2 7
      vertex 45.9476 2 7
    endloop
  endfacet
  facet normal 0 1 -0
    outer loop
      vertex 45.9476 -2 7
      vertex 45.9 -2 33
      vertex 45.9476 -2 33
    endloop
  endfacet
  facet normal 0 1 0
    outer loop
      vertex 45.9 -2 33
      vertex 45.9476 -2 7
      vertex 45.9 -2 7
    endloop
  endfacet
  facet normal 0 0 -1
    outer loop
      vertex 44.2715 12.2818 33
      vertex 43.7486 14.2148 33
      vertex 44.3168 12.2965 33
    endloop
  endfacet
  facet normal 0 0 -1
    outer loop
      vertex 43.0355 16.086 33
      vertex 43.7486 14.2148 33
      vertex 44.2715 12.2818 33
    endloop
  endfacet
  facet normal 0 0 -1
    outer loop
      vertex 43.7486 14.2148 33
      vertex 43.0355 16.086 33
      vertex 43.0808 16.1007 33
    endloop
  endfacet
  facet normal 0.951061 0.309004 0
    outer loop
      vertex 44.2715 12.2818 33
      vertex 43.0355 16.086 7
      vertex 43.0355 16.086 33
    endloop
  endfacet
  facet normal 0.951061 0.309004 0
    outer loop
      vertex 43.0355 16.086 7
      vertex 44.2715 12.2818 33
      vertex 44.2715 12.2818 7
    endloop
  endfacet
  facet normal 0.308659 -0.951173 0
    outer loop
      vertex 43.0355 16.086 7
      vertex 43.0808 16.1007 33
      vertex 43.0355 16.086 33
    endloop
  endfacet
  facet normal 0.308659 -0.951173 0
    outer loop
      vertex 43.0808 16.1007 33
      vertex 43.0355 16.086 7
      vertex 43.0808 16.1007 7
    endloop
  endfacet
  facet normal 0 0 1
    outer loop
      vertex 43.7486 14.2148 7
      vertex 44.2715 12.2818 7
      vertex 44.3168 12.2965 7
    endloop
  endfacet
  facet normal -0 0 1
    outer loop
      vertex 43.0355 16.086 7
      vertex 43.7486 14.2148 7
      vertex 43.0808 16.1007 7
    endloop
  endfacet
  facet normal 0 0 1
    outer loop
      vertex 43.7486 14.2148 7
      vertex 43.0355 16.086 7
      vertex 44.2715 12.2818 7
    endloop
  endfacet
  facet normal -0.308659 0.951173 0
    outer loop
      vertex 44.3168 12.2965 7
      vertex 44.2715 12.2818 33
      vertex 44.3168 12.2965 33
    endloop
  endfacet
  facet normal -0.308659 0.951173 0
    outer loop
      vertex 44.2715 12.2818 33
      vertex 44.3168 12.2965 7
      vertex 44.2715 12.2818 7
    endloop
  endfacet
  facet normal 0 0 -1
    outer loop
      vertex 38.3094 25.3613 33
      vertex 37.2148 27.0381 33
      vertex 38.348 25.3893 33
    endloop
  endfacet
  facet normal 0 0 -1
    outer loop
      vertex 35.9583 28.5974 33
      vertex 37.2148 27.0381 33
      vertex 38.3094 25.3613 33
    endloop
  endfacet
  facet normal 0 0 -1
    outer loop
      vertex 37.2148 27.0381 33
      vertex 35.9583 28.5974 33
      vertex 35.9968 28.6254 33
    endloop
  endfacet
  facet normal 0.809025 0.587775 0
    outer loop
      vertex 38.3094 25.3613 33
      vertex 35.9583 28.5974 7
      vertex 35.9583 28.5974 33
    endloop
  endfacet
  facet normal 0.809025 0.587775 0
    outer loop
      vertex 35.9583 28.5974 7
      vertex 38.3094 25.3613 33
      vertex 38.3094 25.3613 7
    endloop
  endfacet
  facet normal 0.588172 -0.808736 0
    outer loop
      vertex 35.9583 28.5974 7
      vertex 35.9968 28.6254 33
      vertex 35.9583 28.5974 33
    endloop
  endfacet
  facet normal 0.588172 -0.808736 0
    outer loop
      vertex 35.9968 28.6254 33
      vertex 35.9583 28.5974 7
      vertex 35.9968 28.6254 7
    endloop
  endfacet
  facet normal 0 0 1
    outer loop
      vertex 37.2148 27.0381 7
      vertex 38.3094 25.3613 7
      vertex 38.348 25.3893 7
    endloop
  endfacet
  facet normal -0 0 1
    outer loop
      vertex 35.9583 28.5974 7
      vertex 37.2148 27.0381 7
      vertex 35.9968 28.6254 7
    endloop
  endfacet
  facet normal 0 0 1
    outer loop
      vertex 37.2148 27.0381 7
      vertex 35.9583 28.5974 7
      vertex 38.3094 25.3613 7
    endloop
  endfacet
  facet normal -0.587174 0.809461 0
    outer loop
      vertex 38.348 25.3893 7
      vertex 38.3094 25.3613 33
      vertex 38.348 25.3893 33
    endloop
  endfacet
  facet normal -0.587174 0.809461 0
    outer loop
      vertex 38.3094 25.3613 33
      vertex 38.348 25.3893 7
      vertex 38.3094 25.3613 7
    endloop
  endfacet
  facet normal 0 0 -1
    outer loop
      vertex 28.5974 35.9583 33
      vertex 27.0381 37.2148 33
      vertex 28.6254 35.9968 33
    endloop
  endfacet
  facet normal 0 0 -1
    outer loop
      vertex 25.3613 38.3094 33
      vertex 27.0381 37.2148 33
      vertex 28.5974 35.9583 33
    endloop
  endfacet
  facet normal 0 0 -1
    outer loop
      vertex 27.0381 37.2148 33
      vertex 25.3613 38.3094 33
      vertex 25.3893 38.348 33
    endloop
  endfacet
  facet normal 0.587775 0.809025 -0
    outer loop
      vertex 28.5974 35.9583 7
      vertex 25.3613 38.3094 33
      vertex 28.5974 35.9583 33
    endloop
  endfacet
  facet normal 0.587775 0.809025 0
    outer loop
      vertex 25.3613 38.3094 33
      vertex 28.5974 35.9583 7
      vertex 25.3613 38.3094 7
    endloop
  endfacet
  facet normal 0.809461 -0.587174 0
    outer loop
      vertex 25.3613 38.3094 33
      vertex 25.3893 38.348 7
      vertex 25.3893 38.348 33
    endloop
  endfacet
  facet normal 0.809461 -0.587174 0
    outer loop
      vertex 25.3893 38.348 7
      vertex 25.3613 38.3094 33
      vertex 25.3613 38.3094 7
    endloop
  endfacet
  facet normal 0 0 1
    outer loop
      vertex 27.0381 37.2148 7
      vertex 28.5974 35.9583 7
      vertex 28.6254 35.9968 7
    endloop
  endfacet
  facet normal -0 0 1
    outer loop
      vertex 25.3613 38.3094 7
      vertex 27.0381 37.2148 7
      vertex 25.3893 38.348 7
    endloop
  endfacet
  facet normal 0 0 1
    outer loop
      vertex 27.0381 37.2148 7
      vertex 25.3613 38.3094 7
      vertex 28.5974 35.9583 7
    endloop
  endfacet
  facet normal -0.808736 0.588172 0
    outer loop
      vertex 28.5974 35.9583 7
      vertex 28.6254 35.9968 33
      vertex 28.6254 35.9968 7
    endloop
  endfacet
  facet normal -0.808736 0.588172 0
    outer loop
      vertex 28.6254 35.9968 33
      vertex 28.5974 35.9583 7
      vertex 28.5974 35.9583 33
    endloop
  endfacet
  facet normal 0 0 -1
    outer loop
      vertex 16.086 43.0355 33
      vertex 14.2148 43.7486 33
      vertex 16.1007 43.0808 33
    endloop
  endfacet
  facet normal 0 0 -1
    outer loop
      vertex 12.2818 44.2715 33
      vertex 14.2148 43.7486 33
      vertex 16.086 43.0355 33
    endloop
  endfacet
  facet normal 0 0 -1
    outer loop
      vertex 14.2148 43.7486 33
      vertex 12.2818 44.2715 33
      vertex 12.2965 44.3168 33
    endloop
  endfacet
  facet normal 0.309004 0.951061 -0
    outer loop
      vertex 16.086 43.0355 7
      vertex 12.2818 44.2715 33
      vertex 16.086 43.0355 33
    endloop
  endfacet
  facet normal 0.309004 0.951061 0
    outer loop
      vertex 12.2818 44.2715 33
      vertex 16.086 43.0355 7
      vertex 12.2818 44.2715 7
    endloop
  endfacet
  facet normal 0.951173 -0.308659 0
    outer loop
      vertex 12.2818 44.2715 33
      vertex 12.2965 44.3168 7
      vertex 12.2965 44.3168 33
    endloop
  endfacet
  facet normal 0.951173 -0.308659 0
    outer loop
      vertex 12.2965 44.3168 7
      vertex 12.2818 44.2715 33
      vertex 12.2818 44.2715 7
    endloop
  endfacet
  facet normal 0 0 1
    outer loop
      vertex 14.2148 43.7486 7
      vertex 16.086 43.0355 7
      vertex 16.1007 43.0808 7
    endloop
  endfacet
  facet normal -0 0 1
    outer loop
      vertex 12.2818 44.2715 7
      vertex 14.2148 43.7486 7
      vertex 12.2965 44.3168 7
    endloop
  endfacet
  facet normal 0 0 1
    outer loop
      vertex 14.2148 43.7486 7
      vertex 12.2818 44.2715 7
      vertex 16.086 43.0355 7
    endloop
  endfacet
  facet normal -0.951173 0.308659 0
    outer loop
      vertex 16.086 43.0355 7
      vertex 16.1007 43.0808 33
      vertex 16.1007 43.0808 7
    endloop
  endfacet
  facet normal -0.951173 0.308659 0
    outer loop
      vertex 16.1007 43.0808 33
      vertex 16.086 43.0355 7
      vertex 16.086 43.0355 33
    endloop
  endfacet
  facet normal 0 0 -1
    outer loop
      vertex 2 45.9 33
      vertex 0 46 33
      vertex 2 45.9476 33
    endloop
  endfacet
  facet normal 0 0 -1
    outer loop
      vertex -2 45.9 33
      vertex 0 46 33
      vertex 2 45.9 33
    endloop
  endfacet
  facet normal 0 0 -1
    outer loop
      vertex 0 46 33
      vertex -2 45.9 33
      vertex -2 45.9476 33
    endloop
  endfacet
  facet normal 0 1 -0
    outer loop
      vertex 2 45.9 7
      vertex -2 45.9 33
      vertex 2 45.9 33
    endloop
  endfacet
  facet normal 0 1 0
    outer loop
      vertex -2 45.9 33
      vertex 2 45.9 7
      vertex -2 45.9 7
    endloop
  endfacet
  facet normal 1 -0 0
    outer loop
      vertex -2 45.9 33
      vertex -2 45.9476 7
      vertex -2 45.9476 33
    endloop
  endfacet
  facet normal 1 0 0
    outer loop
      vertex -2 45.9476 7
      vertex -2 45.9 33
      vertex -2 45.9 7
    endloop
  endfacet
  facet normal 0 0 1
    outer loop
      vertex 0 46 7
      vertex 2 45.9 7
      vertex 2 45.9476 7
    endloop
  endfacet
  facet normal 0 0 1
    outer loop
      vertex -2 45.9 7
      vertex 0 46 7
      vertex -2 45.9476 7
    endloop
  endfacet
  facet normal 0 0 1
    outer loop
      vertex 0 46 7
      vertex -2 45.9 7
      vertex 2 45.9 7
    endloop
  endfacet
  facet normal -1 0 0
    outer loop
      vertex 2 45.9 7
      vertex 2 45.9476 33
      vertex 2 45.9476 7
    endloop
  endfacet
  facet normal -1 -0 0
    outer loop
      vertex 2 45.9476 33
      vertex 2 45.9 7
      vertex 2 45.9 33
    endloop
  endfacet
  facet normal -0 0 -1
    outer loop
      vertex -12.2818 44.2715 33
      vertex -14.2148 43.7486 33
      vertex -12.2965 44.3168 33
    endloop
  endfacet
  facet normal 0 0 -1
    outer loop
      vertex -16.086 43.0355 33
      vertex -14.2148 43.7486 33
      vertex -12.2818 44.2715 33
    endloop
  endfacet
  facet normal 0 0 -1
    outer loop
      vertex -14.2148 43.7486 33
      vertex -16.086 43.0355 33
      vertex -16.1007 43.0808 33
    endloop
  endfacet
  facet normal -0.309004 0.951061 0
    outer loop
      vertex -12.2818 44.2715 7
      vertex -16.086 43.0355 33
      vertex -12.2818 44.2715 33
    endloop
  endfacet
  facet normal -0.309004 0.951061 0
    outer loop
      vertex -16.086 43.0355 33
      vertex -12.2818 44.2715 7
      vertex -16.086 43.0355 7
    endloop
  endfacet
  facet normal 0.951173 0.308659 0
    outer loop
      vertex -16.086 43.0355 33
      vertex -16.1007 43.0808 7
      vertex -16.1007 43.0808 33
    endloop
  endfacet
  facet normal 0.951173 0.308659 0
    outer loop
      vertex -16.1007 43.0808 7
      vertex -16.086 43.0355 33
      vertex -16.086 43.0355 7
    endloop
  endfacet
  facet normal 0 0 1
    outer loop
      vertex -14.2148 43.7486 7
      vertex -12.2818 44.2715 7
      vertex -12.2965 44.3168 7
    endloop
  endfacet
  facet normal -0 0 1
    outer loop
      vertex -14.2148 43.7486 7
      vertex -16.086 43.0355 7
      vertex -12.2818 44.2715 7
    endloop
  endfacet
  facet normal 0 -0 1
    outer loop
      vertex -16.086 43.0355 7
      vertex -14.2148 43.7486 7
      vertex -16.1007 43.0808 7
    endloop
  endfacet
  facet normal -0.951173 -0.308659 0
    outer loop
      vertex -12.2818 44.2715 7
      vertex -12.2965 44.3168 33
      vertex -12.2965 44.3168 7
    endloop
  endfacet
  facet normal -0.951173 -0.308659 0
    outer loop
      vertex -12.2965 44.3168 33
      vertex -12.2818 44.2715 7
      vertex -12.2818 44.2715 33
    endloop
  endfacet
  facet normal -0 0 -1
    outer loop
      vertex -25.3613 38.3094 33
      vertex -27.0381 37.2148 33
      vertex -25.3893 38.348 33
    endloop
  endfacet
  facet normal 0 0 -1
    outer loop
      vertex -28.5974 35.9583 33
      vertex -27.0381 37.2148 33
      vertex -25.3613 38.3094 33
    endloop
  endfacet
  facet normal 0 0 -1
    outer loop
      vertex -27.0381 37.2148 33
      vertex -28.5974 35.9583 33
      vertex -28.6254 35.9968 33
    endloop
  endfacet
  facet normal -0.587775 0.809025 0
    outer loop
      vertex -25.3613 38.3094 7
      vertex -28.5974 35.9583 33
      vertex -25.3613 38.3094 33
    endloop
  endfacet
  facet normal -0.587775 0.809025 0
    outer loop
      vertex -28.5974 35.9583 33
      vertex -25.3613 38.3094 7
      vertex -28.5974 35.9583 7
    endloop
  endfacet
  facet normal 0.808736 0.588172 0
    outer loop
      vertex -28.5974 35.9583 33
      vertex -28.6254 35.9968 7
      vertex -28.6254 35.9968 33
    endloop
  endfacet
  facet normal 0.808736 0.588172 0
    outer loop
      vertex -28.6254 35.9968 7
      vertex -28.5974 35.9583 33
      vertex -28.5974 35.9583 7
    endloop
  endfacet
  facet normal 0 0 1
    outer loop
      vertex -27.0381 37.2148 7
      vertex -25.3613 38.3094 7
      vertex -25.3893 38.348 7
    endloop
  endfacet
  facet normal -0 0 1
    outer loop
      vertex -27.0381 37.2148 7
      vertex -28.5974 35.9583 7
      vertex -25.3613 38.3094 7
    endloop
  endfacet
  facet normal 0 -0 1
    outer loop
      vertex -28.5974 35.9583 7
      vertex -27.0381 37.2148 7
      vertex -28.6254 35.9968 7
    endloop
  endfacet
  facet normal -0.809461 -0.587174 0
    outer loop
      vertex -25.3613 38.3094 7
      vertex -25.3893 38.348 33
      vertex -25.3893 38.348 7
    endloop
  endfacet
  facet normal -0.809461 -0.587174 0
    outer loop
      vertex -25.3893 38.348 33
      vertex -25.3613 38.3094 7
      vertex -25.3613 38.3094 33
    endloop
  endfacet
  facet normal -0 0 -1
    outer loop
      vertex -35.9583 28.5974 33
      vertex -37.2148 27.0381 33
      vertex -35.9968 28.6254 33
    endloop
  endfacet
  facet normal 0 0 -1
    outer loop
      vertex -38.3094 25.3613 33
      vertex -37.2148 27.0381 33
      vertex -35.9583 28.5974 33
    endloop
  endfacet
  facet normal 0 0 -1
    outer loop
      vertex -37.2148 27.0381 33
      vertex -38.3094 25.3613 33
      vertex -38.348 25.3893 33
    endloop
  endfacet
  facet normal -0.809025 0.587775 0
    outer loop
      vertex -38.3094 25.3613 7
      vertex -35.9583 28.5974 33
      vertex -35.9583 28.5974 7
    endloop
  endfacet
  facet normal -0.809025 0.587775 0
    outer loop
      vertex -35.9583 28.5974 33
      vertex -38.3094 25.3613 7
      vertex -38.3094 25.3613 33
    endloop
  endfacet
  facet normal 0.587174 0.809461 -0
    outer loop
      vertex -38.3094 25.3613 7
      vertex -38.348 25.3893 33
      vertex -38.3094 25.3613 33
    endloop
  endfacet
  facet normal 0.587174 0.809461 0
    outer loop
      vertex -38.348 25.3893 33
      vertex -38.3094 25.3613 7
      vertex -38.348 25.3893 7
    endloop
  endfacet
  facet normal 0 0 1
    outer loop
      vertex -37.2148 27.0381 7
      vertex -35.9583 28.5974 7
      vertex -35.9968 28.6254 7
    endloop
  endfacet
  facet normal -0 0 1
    outer loop
      vertex -37.2148 27.0381 7
      vertex -38.3094 25.3613 7
      vertex -35.9583 28.5974 7
    endloop
  endfacet
  facet normal 0 -0 1
    outer loop
      vertex -38.3094 25.3613 7
      vertex -37.2148 27.0381 7
      vertex -38.348 25.3893 7
    endloop
  endfacet
  facet normal -0.588172 -0.808736 0
    outer loop
      vertex -35.9968 28.6254 7
      vertex -35.9583 28.5974 33
      vertex -35.9968 28.6254 33
    endloop
  endfacet
  facet normal -0.588172 -0.808736 -0
    outer loop
      vertex -35.9583 28.5974 33
      vertex -35.9968 28.6254 7
      vertex -35.9583 28.5974 7
    endloop
  endfacet
  facet normal -0 0 -1
    outer loop
      vertex -43.0355 16.086 33
      vertex -43.7486 14.2148 33
      vertex -43.0808 16.1007 33
    endloop
  endfacet
  facet normal 0 0 -1
    outer loop
      vertex -44.2715 12.2818 33
      vertex -43.7486 14.2148 33
      vertex -43.0355 16.086 33
    endloop
  endfacet
  facet normal 0 0 -1
    outer loop
      vertex -43.7486 14.2148 33
      vertex -44.2715 12.2818 33
      vertex -44.3168 12.2965 33
    endloop
  endfacet
  facet normal -0.951061 0.309004 0
    outer loop
      vertex -44.2715 12.2818 7
      vertex -43.0355 16.086 33
      vertex -43.0355 16.086 7
    endloop
  endfacet
  facet normal -0.951061 0.309004 0
    outer loop
      vertex -43.0355 16.086 33
      vertex -44.2715 12.2818 7
      vertex -44.2715 12.2818 33
    endloop
  endfacet
  facet normal 0.308659 0.951173 -0
    outer loop
      vertex -44.2715 12.2818 7
      vertex -44.3168 12.2965 33
      vertex -44.2715 12.2818 33
    endloop
  endfacet
  facet normal 0.308659 0.951173 0
    outer loop
      vertex -44.3168 12.2965 33
      vertex -44.2715 12.2818 7
      vertex -44.3168 12.2965 7
    endloop
  endfacet
  facet normal 0 0 1
    outer loop
      vertex -43.7486 14.2148 7
      vertex -43.0355 16.086 7
      vertex -43.0808 16.1007 7
    endloop
  endfacet
  facet normal -0 0 1
    outer loop
      vertex -43.7486 14.2148 7
      vertex -44.2715 12.2818 7
      vertex -43.0355 16.086 7
    endloop
  endfacet
  facet normal 0 -0 1
    outer loop
      vertex -44.2715 12.2818 7
      vertex -43.7486 14.2148 7
      vertex -44.3168 12.2965 7
    endloop
  endfacet
  facet normal -0.308659 -0.951173 0
    outer loop
      vertex -43.0808 16.1007 7
      vertex -43.0355 16.086 33
      vertex -43.0808 16.1007 33
    endloop
  endfacet
  facet normal -0.308659 -0.951173 -0
    outer loop
      vertex -43.0355 16.086 33
      vertex -43.0808 16.1007 7
      vertex -43.0355 16.086 7
    endloop
  endfacet
  facet normal 0 0 -1
    outer loop
      vertex -46 0 33
      vertex -45.9 -2 33
      vertex -45.9476 -2 33
    endloop
  endfacet
  facet normal 0 0 -1
    outer loop
      vertex -45.9 -2 33
      vertex -46 0 33
      vertex -45.9 2 33
    endloop
  endfacet
  facet normal -0 0 -1
    outer loop
      vertex -45.9 2 33
      vertex -46 0 33
      vertex -45.9476 2 33
    endloop
  endfacet
  facet normal -1 0 0
    outer loop
      vertex -45.9 -2 7
      vertex -45.9 2 33
      vertex -45.9 2 7
    endloop
  endfacet
  facet normal -1 -0 0
    outer loop
      vertex -45.9 2 33
      vertex -45.9 -2 7
      vertex -45.9 -2 33
    endloop
  endfacet
  facet normal 0 0 1
    outer loop
      vertex -46 0 7
      vertex -45.9 2 7
      vertex -45.9476 2 7
    endloop
  endfacet
  facet normal 0 0 1
    outer loop
      vertex -45.9 2 7
      vertex -46 0 7
      vertex -45.9 -2 7
    endloop
  endfacet
  facet normal 0 0 1
    outer loop
      vertex -45.9 -2 7
      vertex -46 0 7
      vertex -45.9476 -2 7
    endloop
  endfacet
  facet normal 0 -1 0
    outer loop
      vertex -45.9476 2 7
      vertex -45.9 2 33
      vertex -45.9476 2 33
    endloop
  endfacet
  facet normal 0 -1 -0
    outer loop
      vertex -45.9 2 33
      vertex -45.9476 2 7
      vertex -45.9 2 7
    endloop
  endfacet
  facet normal 0 1 -0
    outer loop
      vertex -45.9 -2 7
      vertex -45.9476 -2 33
      vertex -45.9 -2 33
    endloop
  endfacet
  facet normal 0 1 0
    outer loop
      vertex -45.9476 -2 33
      vertex -45.9 -2 7
      vertex -45.9476 -2 7
    endloop
  endfacet
  facet normal 0 0 -1
    outer loop
      vertex -43.7486 -14.2148 33
      vertex -43.0355 -16.086 33
      vertex -43.0808 -16.1007 33
    endloop
  endfacet
  facet normal 0 0 -1
    outer loop
      vertex -43.7486 -14.2148 33
      vertex -44.2715 -12.2818 33
      vertex -43.0355 -16.086 33
    endloop
  endfacet
  facet normal 0 -0 -1
    outer loop
      vertex -44.2715 -12.2818 33
      vertex -43.7486 -14.2148 33
      vertex -44.3168 -12.2965 33
    endloop
  endfacet
  facet normal 0 0 1
    outer loop
      vertex -43.0355 -16.086 7
      vertex -43.7486 -14.2148 7
      vertex -43.0808 -16.1007 7
    endloop
  endfacet
  facet normal 0 0 1
    outer loop
      vertex -44.2715 -12.2818 7
      vertex -43.7486 -14.2148 7
      vertex -43.0355 -16.086 7
    endloop
  endfacet
  facet normal 0 0 1
    outer loop
      vertex -43.7486 -14.2148 7
      vertex -44.2715 -12.2818 7
      vertex -44.3168 -12.2965 7
    endloop
  endfacet
  facet normal -0.951061 -0.309004 0
    outer loop
      vertex -43.0355 -16.086 7
      vertex -44.2715 -12.2818 33
      vertex -44.2715 -12.2818 7
    endloop
  endfacet
  facet normal -0.951061 -0.309004 0
    outer loop
      vertex -44.2715 -12.2818 33
      vertex -43.0355 -16.086 7
      vertex -43.0355 -16.086 33
    endloop
  endfacet
  facet normal 0.308659 -0.951173 0
    outer loop
      vertex -44.3168 -12.2965 7
      vertex -44.2715 -12.2818 33
      vertex -44.3168 -12.2965 33
    endloop
  endfacet
  facet normal 0.308659 -0.951173 0
    outer loop
      vertex -44.2715 -12.2818 33
      vertex -44.3168 -12.2965 7
      vertex -44.2715 -12.2818 7
    endloop
  endfacet
  facet normal -0.308659 0.951173 0
    outer loop
      vertex -43.0355 -16.086 7
      vertex -43.0808 -16.1007 33
      vertex -43.0355 -16.086 33
    endloop
  endfacet
  facet normal -0.308659 0.951173 0
    outer loop
      vertex -43.0808 -16.1007 33
      vertex -43.0355 -16.086 7
      vertex -43.0808 -16.1007 7
    endloop
  endfacet
  facet normal 0 0 -1
    outer loop
      vertex -37.2148 -27.0381 33
      vertex -35.9583 -28.5974 33
      vertex -35.9968 -28.6254 33
    endloop
  endfacet
  facet normal 0 0 -1
    outer loop
      vertex -37.2148 -27.0381 33
      vertex -38.3094 -25.3613 33
      vertex -35.9583 -28.5974 33
    endloop
  endfacet
  facet normal 0 -0 -1
    outer loop
      vertex -38.3094 -25.3613 33
      vertex -37.2148 -27.0381 33
      vertex -38.348 -25.3893 33
    endloop
  endfacet
  facet normal 0 0 1
    outer loop
      vertex -35.9583 -28.5974 7
      vertex -37.2148 -27.0381 7
      vertex -35.9968 -28.6254 7
    endloop
  endfacet
  facet normal 0 0 1
    outer loop
      vertex -38.3094 -25.3613 7
      vertex -37.2148 -27.0381 7
      vertex -35.9583 -28.5974 7
    endloop
  endfacet
  facet normal 0 0 1
    outer loop
      vertex -37.2148 -27.0381 7
      vertex -38.3094 -25.3613 7
      vertex -38.348 -25.3893 7
    endloop
  endfacet
  facet normal -0.809025 -0.587775 0
    outer loop
      vertex -35.9583 -28.5974 7
      vertex -38.3094 -25.3613 33
      vertex -38.3094 -25.3613 7
    endloop
  endfacet
  facet normal -0.809025 -0.587775 0
    outer loop
      vertex -38.3094 -25.3613 33
      vertex -35.9583 -28.5974 7
      vertex -35.9583 -28.5974 33
    endloop
  endfacet
  facet normal 0.587174 -0.809461 0
    outer loop
      vertex -38.348 -25.3893 7
      vertex -38.3094 -25.3613 33
      vertex -38.348 -25.3893 33
    endloop
  endfacet
  facet normal 0.587174 -0.809461 0
    outer loop
      vertex -38.3094 -25.3613 33
      vertex -38.348 -25.3893 7
      vertex -38.3094 -25.3613 7
    endloop
  endfacet
  facet normal -0.588172 0.808736 0
    outer loop
      vertex -35.9583 -28.5974 7
      vertex -35.9968 -28.6254 33
      vertex -35.9583 -28.5974 33
    endloop
  endfacet
  facet normal -0.588172 0.808736 0
    outer loop
      vertex -35.9968 -28.6254 33
      vertex -35.9583 -28.5974 7
      vertex -35.9968 -28.6254 7
    endloop
  endfacet
  facet normal 0 0 -1
    outer loop
      vertex -27.0381 -37.2148 33
      vertex -25.3613 -38.3094 33
      vertex -25.3893 -38.348 33
    endloop
  endfacet
  facet normal 0 0 -1
    outer loop
      vertex -27.0381 -37.2148 33
      vertex -28.5974 -35.9583 33
      vertex -25.3613 -38.3094 33
    endloop
  endfacet
  facet normal 0 -0 -1
    outer loop
      vertex -28.5974 -35.9583 33
      vertex -27.0381 -37.2148 33
      vertex -28.6254 -35.9968 33
    endloop
  endfacet
  facet normal 0 0 1
    outer loop
      vertex -25.3613 -38.3094 7
      vertex -27.0381 -37.2148 7
      vertex -25.3893 -38.348 7
    endloop
  endfacet
  facet normal 0 0 1
    outer loop
      vertex -28.5974 -35.9583 7
      vertex -27.0381 -37.2148 7
      vertex -25.3613 -38.3094 7
    endloop
  endfacet
  facet normal 0 0 1
    outer loop
      vertex -27.0381 -37.2148 7
      vertex -28.5974 -35.9583 7
      vertex -28.6254 -35.9968 7
    endloop
  endfacet
  facet normal -0.587775 -0.809025 0
    outer loop
      vertex -28.5974 -35.9583 7
      vertex -25.3613 -38.3094 33
      vertex -28.5974 -35.9583 33
    endloop
  endfacet
  facet normal -0.587775 -0.809025 -0
    outer loop
      vertex -25.3613 -38.3094 33
      vertex -28.5974 -35.9583 7
      vertex -25.3613 -38.3094 7
    endloop
  endfacet
  facet normal 0.808736 -0.588172 0
    outer loop
      vertex -28.6254 -35.9968 33
      vertex -28.5974 -35.9583 7
      vertex -28.5974 -35.9583 33
    endloop
  endfacet
  facet normal 0.808736 -0.588172 0
    outer loop
      vertex -28.5974 -35.9583 7
      vertex -28.6254 -35.9968 33
      vertex -28.6254 -35.9968 7
    endloop
  endfacet
  facet normal -0.809461 0.587174 0
    outer loop
      vertex -25.3893 -38.348 7
      vertex -25.3613 -38.3094 33
      vertex -25.3613 -38.3094 7
    endloop
  endfacet
  facet normal -0.809461 0.587174 0
    outer loop
      vertex -25.3613 -38.3094 33
      vertex -25.3893 -38.348 7
      vertex -25.3893 -38.348 33
    endloop
  endfacet
  facet normal 0 0 -1
    outer loop
      vertex -14.2148 -43.7486 33
      vertex -12.2818 -44.2715 33
      vertex -12.2965 -44.3168 33
    endloop
  endfacet
  facet normal 0 0 -1
    outer loop
      vertex -14.2148 -43.7486 33
      vertex -16.086 -43.0355 33
      vertex -12.2818 -44.2715 33
    endloop
  endfacet
  facet normal 0 -0 -1
    outer loop
      vertex -16.086 -43.0355 33
      vertex -14.2148 -43.7486 33
      vertex -16.1007 -43.0808 33
    endloop
  endfacet
  facet normal 0 0 1
    outer loop
      vertex -12.2818 -44.2715 7
      vertex -14.2148 -43.7486 7
      vertex -12.2965 -44.3168 7
    endloop
  endfacet
  facet normal 0 0 1
    outer loop
      vertex -16.086 -43.0355 7
      vertex -14.2148 -43.7486 7
      vertex -12.2818 -44.2715 7
    endloop
  endfacet
  facet normal 0 0 1
    outer loop
      vertex -14.2148 -43.7486 7
      vertex -16.086 -43.0355 7
      vertex -16.1007 -43.0808 7
    endloop
  endfacet
  facet normal -0.309004 -0.951061 0
    outer loop
      vertex -16.086 -43.0355 7
      vertex -12.2818 -44.2715 33
      vertex -16.086 -43.0355 33
    endloop
  endfacet
  facet normal -0.309004 -0.951061 -0
    outer loop
      vertex -12.2818 -44.2715 33
      vertex -16.086 -43.0355 7
      vertex -12.2818 -44.2715 7
    endloop
  endfacet
  facet normal 0.951173 -0.308659 0
    outer loop
      vertex -16.1007 -43.0808 33
      vertex -16.086 -43.0355 7
      vertex -16.086 -43.0355 33
    endloop
  endfacet
  facet normal 0.951173 -0.308659 0
    outer loop
      vertex -16.086 -43.0355 7
      vertex -16.1007 -43.0808 33
      vertex -16.1007 -43.0808 7
    endloop
  endfacet
  facet normal -0.951173 0.308659 0
    outer loop
      vertex -12.2965 -44.3168 7
      vertex -12.2818 -44.2715 33
      vertex -12.2818 -44.2715 7
    endloop
  endfacet
  facet normal -0.951173 0.308659 0
    outer loop
      vertex -12.2818 -44.2715 33
      vertex -12.2965 -44.3168 7
      vertex -12.2965 -44.3168 33
    endloop
  endfacet
  facet normal 0 0 -1
    outer loop
      vertex 0 -46 33
      vertex 2 -45.9 33
      vertex 2 -45.9476 33
    endloop
  endfacet
  facet normal 0 0 -1
    outer loop
      vertex -2 -45.9 33
      vertex 0 -46 33
      vertex -2 -45.9476 33
    endloop
  endfacet
  facet normal 0 0 -1
    outer loop
      vertex 0 -46 33
      vertex -2 -45.9 33
      vertex 2 -45.9 33
    endloop
  endfacet
  facet normal 0 0 1
    outer loop
      vertex 2 -45.9 7
      vertex 0 -46 7
      vertex 2 -45.9476 7
    endloop
  endfacet
  facet normal -0 0 1
    outer loop
      vertex -2 -45.9 7
      vertex 0 -46 7
      vertex 2 -45.9 7
    endloop
  endfacet
  facet normal 0 0 1
    outer loop
      vertex 0 -46 7
      vertex -2 -45.9 7
      vertex -2 -45.9476 7
    endloop
  endfacet
  facet normal 0 -1 0
    outer loop
      vertex -2 -45.9 7
      vertex 2 -45.9 33
      vertex -2 -45.9 33
    endloop
  endfacet
  facet normal 0 -1 -0
    outer loop
      vertex 2 -45.9 33
      vertex -2 -45.9 7
      vertex 2 -45.9 7
    endloop
  endfacet
  facet normal 1 -0 0
    outer loop
      vertex -2 -45.9476 33
      vertex -2 -45.9 7
      vertex -2 -45.9 33
    endloop
  endfacet
  facet normal 1 0 0
    outer loop
      vertex -2 -45.9 7
      vertex -2 -45.9476 33
      vertex -2 -45.9476 7
    endloop
  endfacet
  facet normal -1 0 0
    outer loop
      vertex 2 -45.9476 7
      vertex 2 -45.9 33
      vertex 2 -45.9 7
    endloop
  endfacet
  facet normal -1 -0 0
    outer loop
      vertex 2 -45.9 33
      vertex 2 -45.9476 7
      vertex 2 -45.9476 33
    endloop
  endfacet
  facet normal 0 0 -1
    outer loop
      vertex 14.2148 -43.7486 33
      vertex 16.086 -43.0355 33
      vertex 16.1007 -43.0808 33
    endloop
  endfacet
  facet normal 0 0 -1
    outer loop
      vertex 12.2818 -44.2715 33
      vertex 14.2148 -43.7486 33
      vertex 12.2965 -44.3168 33
    endloop
  endfacet
  facet normal -0 0 -1
    outer loop
      vertex 14.2148 -43.7486 33
      vertex 12.2818 -44.2715 33
      vertex 16.086 -43.0355 33
    endloop
  endfacet
  facet normal 0 0 1
    outer loop
      vertex 16.086 -43.0355 7
      vertex 14.2148 -43.7486 7
      vertex 16.1007 -43.0808 7
    endloop
  endfacet
  facet normal 0 0 1
    outer loop
      vertex 12.2818 -44.2715 7
      vertex 14.2148 -43.7486 7
      vertex 16.086 -43.0355 7
    endloop
  endfacet
  facet normal 0 0 1
    outer loop
      vertex 14.2148 -43.7486 7
      vertex 12.2818 -44.2715 7
      vertex 12.2965 -44.3168 7
    endloop
  endfacet
  facet normal 0.309004 -0.951061 0
    outer loop
      vertex 12.2818 -44.2715 7
      vertex 16.086 -43.0355 33
      vertex 12.2818 -44.2715 33
    endloop
  endfacet
  facet normal 0.309004 -0.951061 0
    outer loop
      vertex 16.086 -43.0355 33
      vertex 12.2818 -44.2715 7
      vertex 16.086 -43.0355 7
    endloop
  endfacet
  facet normal -0.951173 -0.308659 0
    outer loop
      vertex 16.1007 -43.0808 7
      vertex 16.086 -43.0355 33
      vertex 16.086 -43.0355 7
    endloop
  endfacet
  facet normal -0.951173 -0.308659 0
    outer loop
      vertex 16.086 -43.0355 33
      vertex 16.1007 -43.0808 7
      vertex 16.1007 -43.0808 33
    endloop
  endfacet
  facet normal 0.951173 0.308659 0
    outer loop
      vertex 12.2965 -44.3168 33
      vertex 12.2818 -44.2715 7
      vertex 12.2818 -44.2715 33
    endloop
  endfacet
  facet normal 0.951173 0.308659 0
    outer loop
      vertex 12.2818 -44.2715 7
      vertex 12.2965 -44.3168 33
      vertex 12.2965 -44.3168 7
    endloop
  endfacet
  facet normal 0 0 -1
    outer loop
      vertex 27.0381 -37.2148 33
      vertex 28.5974 -35.9583 33
      vertex 28.6254 -35.9968 33
    endloop
  endfacet
  facet normal 0 0 -1
    outer loop
      vertex 25.3613 -38.3094 33
      vertex 27.0381 -37.2148 33
      vertex 25.3893 -38.348 33
    endloop
  endfacet
  facet normal -0 0 -1
    outer loop
      vertex 27.0381 -37.2148 33
      vertex 25.3613 -38.3094 33
      vertex 28.5974 -35.9583 33
    endloop
  endfacet
  facet normal 0 0 1
    outer loop
      vertex 28.5974 -35.9583 7
      vertex 27.0381 -37.2148 7
      vertex 28.6254 -35.9968 7
    endloop
  endfacet
  facet normal 0 0 1
    outer loop
      vertex 25.3613 -38.3094 7
      vertex 27.0381 -37.2148 7
      vertex 28.5974 -35.9583 7
    endloop
  endfacet
  facet normal 0 0 1
    outer loop
      vertex 27.0381 -37.2148 7
      vertex 25.3613 -38.3094 7
      vertex 25.3893 -38.348 7
    endloop
  endfacet
  facet normal 0.587775 -0.809025 0
    outer loop
      vertex 25.3613 -38.3094 7
      vertex 28.5974 -35.9583 33
      vertex 25.3613 -38.3094 33
    endloop
  endfacet
  facet normal 0.587775 -0.809025 0
    outer loop
      vertex 28.5974 -35.9583 33
      vertex 25.3613 -38.3094 7
      vertex 28.5974 -35.9583 7
    endloop
  endfacet
  facet normal -0.808736 -0.588172 0
    outer loop
      vertex 28.6254 -35.9968 7
      vertex 28.5974 -35.9583 33
      vertex 28.5974 -35.9583 7
    endloop
  endfacet
  facet normal -0.808736 -0.588172 0
    outer loop
      vertex 28.5974 -35.9583 33
      vertex 28.6254 -35.9968 7
      vertex 28.6254 -35.9968 33
    endloop
  endfacet
  facet normal 0.809461 0.587174 0
    outer loop
      vertex 25.3893 -38.348 33
      vertex 25.3613 -38.3094 7
      vertex 25.3613 -38.3094 33
    endloop
  endfacet
  facet normal 0.809461 0.587174 0
    outer loop
      vertex 25.3613 -38.3094 7
      vertex 25.3893 -38.348 33
      vertex 25.3893 -38.348 7
    endloop
  endfacet
  facet normal 0 0 -1
    outer loop
      vertex 37.2148 -27.0381 33
      vertex 38.3094 -25.3613 33
      vertex 38.348 -25.3893 33
    endloop
  endfacet
  facet normal 0 0 -1
    outer loop
      vertex 35.9583 -28.5974 33
      vertex 37.2148 -27.0381 33
      vertex 35.9968 -28.6254 33
    endloop
  endfacet
  facet normal -0 0 -1
    outer loop
      vertex 37.2148 -27.0381 33
      vertex 35.9583 -28.5974 33
      vertex 38.3094 -25.3613 33
    endloop
  endfacet
  facet normal 0 0 1
    outer loop
      vertex 38.3094 -25.3613 7
      vertex 37.2148 -27.0381 7
      vertex 38.348 -25.3893 7
    endloop
  endfacet
  facet normal 0 0 1
    outer loop
      vertex 35.9583 -28.5974 7
      vertex 37.2148 -27.0381 7
      vertex 38.3094 -25.3613 7
    endloop
  endfacet
  facet normal 0 0 1
    outer loop
      vertex 37.2148 -27.0381 7
      vertex 35.9583 -28.5974 7
      vertex 35.9968 -28.6254 7
    endloop
  endfacet
  facet normal 0.809025 -0.587775 0
    outer loop
      vertex 35.9583 -28.5974 33
      vertex 38.3094 -25.3613 7
      vertex 38.3094 -25.3613 33
    endloop
  endfacet
  facet normal 0.809025 -0.587775 0
    outer loop
      vertex 38.3094 -25.3613 7
      vertex 35.9583 -28.5974 33
      vertex 35.9583 -28.5974 7
    endloop
  endfacet
  facet normal -0.587174 -0.809461 0
    outer loop
      vertex 38.3094 -25.3613 7
      vertex 38.348 -25.3893 33
      vertex 38.3094 -25.3613 33
    endloop
  endfacet
  facet normal -0.587174 -0.809461 -0
    outer loop
      vertex 38.348 -25.3893 33
      vertex 38.3094 -25.3613 7
      vertex 38.348 -25.3893 7
    endloop
  endfacet
  facet normal 0.588172 0.808736 -0
    outer loop
      vertex 35.9968 -28.6254 7
      vertex 35.9583 -28.5974 33
      vertex 35.9968 -28.6254 33
    endloop
  endfacet
  facet normal 0.588172 0.808736 0
    outer loop
      vertex 35.9583 -28.5974 33
      vertex 35.9968 -28.6254 7
      vertex 35.9583 -28.5974 7
    endloop
  endfacet
  facet normal 0 0 -1
    outer loop
      vertex 43.7486 -14.2148 33
      vertex 44.2715 -12.2818 33
      vertex 44.3168 -12.2965 33
    endloop
  endfacet
  facet normal 0 0 -1
    outer loop
      vertex 43.0355 -16.086 33
      vertex 43.7486 -14.2148 33
      vertex 43.0808 -16.1007 33
    endloop
  endfacet
  facet normal -0 0 -1
    outer loop
      vertex 43.7486 -14.2148 33
      vertex 43.0355 -16.086 33
      vertex 44.2715 -12.2818 33
    endloop
  endfacet
  facet normal 0 0 1
    outer loop
      vertex 44.2715 -12.2818 7
      vertex 43.7486 -14.2148 7
      vertex 44.3168 -12.2965 7
    endloop
  endfacet
  facet normal 0 0 1
    outer loop
      vertex 43.0355 -16.086 7
      vertex 43.7486 -14.2148 7
      vertex 44.2715 -12.2818 7
    endloop
  endfacet
  facet normal 0 0 1
    outer loop
      vertex 43.7486 -14.2148 7
      vertex 43.0355 -16.086 7
      vertex 43.0808 -16.1007 7
    endloop
  endfacet
  facet normal 0.951061 -0.309004 0
    outer loop
      vertex 43.0355 -16.086 33
      vertex 44.2715 -12.2818 7
      vertex 44.2715 -12.2818 33
    endloop
  endfacet
  facet normal 0.951061 -0.309004 0
    outer loop
      vertex 44.2715 -12.2818 7
      vertex 43.0355 -16.086 33
      vertex 43.0355 -16.086 7
    endloop
  endfacet
  facet normal -0.308659 -0.951173 0
    outer loop
      vertex 44.2715 -12.2818 7
      vertex 44.3168 -12.2965 33
      vertex 44.2715 -12.2818 33
    endloop
  endfacet
  facet normal -0.308659 -0.951173 -0
    outer loop
      vertex 44.3168 -12.2965 33
      vertex 44.2715 -12.2818 7
      vertex 44.3168 -12.2965 7
    endloop
  endfacet
  facet normal 0.308659 0.951173 -0
    outer loop
      vertex 43.0808 -16.1007 7
      vertex 43.0355 -16.086 33
      vertex 43.0808 -16.1007 33
    endloop
  endfacet
  facet normal 0.308659 0.951173 0
    outer loop
      vertex 43.0355 -16.086 33
      vertex 43.0808 -16.1007 7
      vertex 43.0355 -16.086 7
    endloop
  endfacet
  facet normal -0.996919 -0.07844 0
    outer loop
      vertex 7.49794 0.0785036 124.99
      vertex 7.49178 0.156793 125
      vertex 7.49178 0.156793 124.99
    endloop
  endfacet
  facet normal -0.996919 -0.07844 0
    outer loop
      vertex 7.49178 0.156793 125
      vertex 7.49794 0.0785036 124.99
      vertex 7.49794 0.0785036 125
    endloop
  endfacet
  facet normal -0.999656 -0.0262318 0
    outer loop
      vertex 7.5 0 124.99
      vertex 7.49794 0.0785036 125
      vertex 7.49794 0.0785036 124.99
    endloop
  endfacet
  facet normal -0.999656 -0.0262318 0
    outer loop
      vertex 7.49794 0.0785036 125
      vertex 7.5 0 124.99
      vertex 7.5 0 125
    endloop
  endfacet
  facet normal -0.991445 -0.130522 0
    outer loop
      vertex 7.49178 0.156793 124.99
      vertex 7.48153 0.234652 125
      vertex 7.48153 0.234652 124.99
    endloop
  endfacet
  facet normal -0.991445 -0.130522 0
    outer loop
      vertex 7.48153 0.234652 125
      vertex 7.49178 0.156793 124.99
      vertex 7.49178 0.156793 125
    endloop
  endfacet
  facet normal -0.852651 -0.522481 0
    outer loop
      vertex 7.29904 0.75 124.99
      vertex 7.25801 0.816958 125
      vertex 7.25801 0.816958 124.99
    endloop
  endfacet
  facet normal -0.852651 -0.522481 0
    outer loop
      vertex 7.25801 0.816958 125
      vertex 7.29904 0.75 124.99
      vertex 7.29904 0.75 125
    endloop
  endfacet
  facet normal 0.72533 -0.688401 0
    outer loop
      vertex 4.88528 1.0037 125
      vertex 4.93934 1.06066 124.99
      vertex 4.93934 1.06066 125
    endloop
  endfacet
  facet normal 0.72533 -0.688401 0
    outer loop
      vertex 4.93934 1.06066 124.99
      vertex 4.88528 1.0037 125
      vertex 4.88528 1.0037 124.99
    endloop
  endfacet
  facet normal -0.566486 0.824072 0
    outer loop
      vertex 6.88168 -1.21352 124.99
      vertex 6.81696 -1.25801 125
      vertex 6.88168 -1.21352 125
    endloop
  endfacet
  facet normal -0.566486 0.824072 0
    outer loop
      vertex 6.81696 -1.25801 125
      vertex 6.88168 -1.21352 124.99
      vertex 6.81696 -1.25801 124.99
    endloop
  endfacet
  facet normal -0.522469 -0.852658 0
    outer loop
      vertex 6.75 1.29904 124.99
      vertex 6.81696 1.25801 125
      vertex 6.75 1.29904 125
    endloop
  endfacet
  facet normal -0.522469 -0.852658 -0
    outer loop
      vertex 6.81696 1.25801 125
      vertex 6.75 1.29904 124.99
      vertex 6.81696 1.25801 124.99
    endloop
  endfacet
  facet normal 0.284075 -0.958802 0
    outer loop
      vertex 5.53647 1.42658 124.99
      vertex 5.61177 1.44889 125
      vertex 5.53647 1.42658 125
    endloop
  endfacet
  facet normal 0.284075 -0.958802 0
    outer loop
      vertex 5.61177 1.44889 125
      vertex 5.53647 1.42658 124.99
      vertex 5.61177 1.44889 124.99
    endloop
  endfacet
  facet normal 0.958834 0.283969 0
    outer loop
      vertex 4.57341 -0.463525 125
      vertex 4.55111 -0.388228 124.99
      vertex 4.55111 -0.388228 125
    endloop
  endfacet
  facet normal 0.958834 0.283969 0
    outer loop
      vertex 4.55111 -0.388228 124.99
      vertex 4.57341 -0.463525 125
      vertex 4.57341 -0.463525 124.99
    endloop
  endfacet
  facet normal 0.942619 -0.333871 0
    outer loop
      vertex 4.57341 0.463525 125
      vertex 4.59963 0.537552 124.99
      vertex 4.59963 0.537552 125
    endloop
  endfacet
  facet normal 0.942619 -0.333871 0
    outer loop
      vertex 4.59963 0.537552 124.99
      vertex 4.57341 0.463525 125
      vertex 4.57341 0.463525 124.99
    endloop
  endfacet
  facet normal -0.852651 0.522481 0
    outer loop
      vertex 7.25801 -0.816958 124.99
      vertex 7.29904 -0.75 125
      vertex 7.29904 -0.75 124.99
    endloop
  endfacet
  facet normal -0.852651 0.522481 0
    outer loop
      vertex 7.29904 -0.75 125
      vertex 7.25801 -0.816958 124.99
      vertex 7.25801 -0.816958 125
    endloop
  endfacet
  facet normal 0.0784394 -0.996919 0
    outer loop
      vertex 5.84321 1.49178 124.99
      vertex 5.9215 1.49794 125
      vertex 5.84321 1.49178 125
    endloop
  endfacet
  facet normal 0.0784394 -0.996919 0
    outer loop
      vertex 5.9215 1.49794 125
      vertex 5.84321 1.49178 124.99
      vertex 5.9215 1.49794 124.99
    endloop
  endfacet
  facet normal 0.649406 0.760442 -0
    outer loop
      vertex 5.05602 -1.16572 124.99
      vertex 4.9963 -1.11472 125
      vertex 5.05602 -1.16572 125
    endloop
  endfacet
  facet normal 0.649406 0.760442 0
    outer loop
      vertex 4.9963 -1.11472 125
      vertex 5.05602 -1.16572 124.99
      vertex 4.9963 -1.11472 124.99
    endloop
  endfacet
  facet normal -0.13052 0.991446 0
    outer loop
      vertex 6.23465 -1.48153 124.99
      vertex 6.15679 -1.49178 125
      vertex 6.23465 -1.48153 125
    endloop
  endfacet
  facet normal -0.13052 0.991446 0
    outer loop
      vertex 6.15679 -1.49178 125
      vertex 6.23465 -1.48153 124.99
      vertex 6.15679 -1.49178 124.99
    endloop
  endfacet
  facet normal -0.72533 -0.688401 0
    outer loop
      vertex 7.11472 1.0037 124.99
      vertex 7.06066 1.06066 125
      vertex 7.06066 1.06066 124.99
    endloop
  endfacet
  facet normal -0.72533 -0.688401 0
    outer loop
      vertex 7.06066 1.06066 125
      vertex 7.11472 1.0037 124.99
      vertex 7.11472 1.0037 125
    endloop
  endfacet
  facet normal 0.983257 -0.182224 0
    outer loop
      vertex 4.51847 0.234652 125
      vertex 4.53278 0.311867 124.99
      vertex 4.53278 0.311867 125
    endloop
  endfacet
  facet normal 0.983257 -0.182224 0
    outer loop
      vertex 4.53278 0.311867 124.99
      vertex 4.51847 0.234652 125
      vertex 4.51847 0.234652 124.99
    endloop
  endfacet
  facet normal -0.983257 0.182224 0
    outer loop
      vertex 7.46722 -0.311867 124.99
      vertex 7.48153 -0.234652 125
      vertex 7.48153 -0.234652 124.99
    endloop
  endfacet
  facet normal -0.983257 0.182224 0
    outer loop
      vertex 7.48153 -0.234652 125
      vertex 7.46722 -0.311867 124.99
      vertex 7.46722 -0.311867 125
    endloop
  endfacet
  facet normal -0.333746 -0.942663 0
    outer loop
      vertex 6.46352 1.42658 124.99
      vertex 6.53755 1.40037 125
      vertex 6.46352 1.42658 125
    endloop
  endfacet
  facet normal -0.333746 -0.942663 -0
    outer loop
      vertex 6.53755 1.40037 125
      vertex 6.46352 1.42658 124.99
      vertex 6.53755 1.40037 124.99
    endloop
  endfacet
  facet normal -0.477165 0.878814 0
    outer loop
      vertex 6.75 -1.29904 124.99
      vertex 6.68099 -1.33651 125
      vertex 6.75 -1.29904 125
    endloop
  endfacet
  facet normal -0.477165 0.878814 0
    outer loop
      vertex 6.68099 -1.33651 125
      vertex 6.75 -1.29904 124.99
      vertex 6.68099 -1.33651 124.99
    endloop
  endfacet
  facet normal 0.760442 0.649406 0
    outer loop
      vertex 4.88528 -1.0037 125
      vertex 4.83428 -0.94398 124.99
      vertex 4.83428 -0.94398 125
    endloop
  endfacet
  facet normal 0.760442 0.649406 0
    outer loop
      vertex 4.83428 -0.94398 124.99
      vertex 4.88528 -1.0037 125
      vertex 4.88528 -1.0037 124.99
    endloop
  endfacet
  facet normal -0.430482 0.902599 0
    outer loop
      vertex 6.68099 -1.33651 124.99
      vertex 6.6101 -1.37032 125
      vertex 6.68099 -1.33651 125
    endloop
  endfacet
  facet normal -0.430482 0.902599 0
    outer loop
      vertex 6.6101 -1.37032 125
      vertex 6.68099 -1.33651 124.99
      vertex 6.6101 -1.37032 124.99
    endloop
  endfacet
  facet normal -0.999656 0.0262318 0
    outer loop
      vertex 7.49794 -0.0785036 124.99
      vertex 7.5 0 125
      vertex 7.5 0 124.99
    endloop
  endfacet
  facet normal -0.999656 0.0262318 0
    outer loop
      vertex 7.5 0 125
      vertex 7.49794 -0.0785036 124.99
      vertex 7.49794 -0.0785036 125
    endloop
  endfacet
  facet normal -0.878828 -0.477138 0
    outer loop
      vertex 7.33651 0.680985 124.99
      vertex 7.29904 0.75 125
      vertex 7.29904 0.75 124.99
    endloop
  endfacet
  facet normal -0.878828 -0.477138 0
    outer loop
      vertex 7.29904 0.75 125
      vertex 7.33651 0.680985 124.99
      vertex 7.33651 0.680985 125
    endloop
  endfacet
  facet normal 0.13052 -0.991446 0
    outer loop
      vertex 5.76535 1.48153 124.99
      vertex 5.84321 1.49178 125
      vertex 5.76535 1.48153 125
    endloop
  endfacet
  facet normal 0.13052 -0.991446 0
    outer loop
      vertex 5.84321 1.49178 125
      vertex 5.76535 1.48153 124.99
      vertex 5.84321 1.49178 124.99
    endloop
  endfacet
  facet normal -0.902576 -0.430532 0
    outer loop
      vertex 7.37032 0.610105 124.99
      vertex 7.33651 0.680985 125
      vertex 7.33651 0.680985 124.99
    endloop
  endfacet
  facet normal -0.902576 -0.430532 0
    outer loop
      vertex 7.33651 0.680985 125
      vertex 7.37032 0.610105 124.99
      vertex 7.37032 0.610105 125
    endloop
  endfacet
  facet normal 0.233416 0.972377 -0
    outer loop
      vertex 5.68813 -1.46722 124.99
      vertex 5.61177 -1.44889 125
      vertex 5.68813 -1.46722 125
    endloop
  endfacet
  facet normal 0.233416 0.972377 0
    outer loop
      vertex 5.61177 -1.44889 125
      vertex 5.68813 -1.46722 124.99
      vertex 5.61177 -1.44889 124.99
    endloop
  endfacet
  facet normal -0.430482 -0.902599 0
    outer loop
      vertex 6.6101 1.37032 124.99
      vertex 6.68099 1.33651 125
      vertex 6.6101 1.37032 125
    endloop
  endfacet
  facet normal -0.430482 -0.902599 -0
    outer loop
      vertex 6.68099 1.33651 125
      vertex 6.6101 1.37032 124.99
      vertex 6.68099 1.33651 124.99
    endloop
  endfacet
  facet normal -0.477165 -0.878814 0
    outer loop
      vertex 6.68099 1.33651 124.99
      vertex 6.75 1.29904 125
      vertex 6.68099 1.33651 125
    endloop
  endfacet
  facet normal -0.477165 -0.878814 -0
    outer loop
      vertex 6.75 1.29904 125
      vertex 6.68099 1.33651 124.99
      vertex 6.75 1.29904 124.99
    endloop
  endfacet
  facet normal -0.972378 0.233413 0
    outer loop
      vertex 7.44889 -0.388228 124.99
      vertex 7.46722 -0.311867 125
      vertex 7.46722 -0.311867 124.99
    endloop
  endfacet
  facet normal -0.972378 0.233413 0
    outer loop
      vertex 7.46722 -0.311867 125
      vertex 7.44889 -0.388228 124.99
      vertex 7.44889 -0.388228 125
    endloop
  endfacet
  facet normal 0.382625 -0.923904 0
    outer loop
      vertex 5.38989 1.37032 124.99
      vertex 5.46245 1.40037 125
      vertex 5.38989 1.37032 125
    endloop
  endfacet
  facet normal 0.382625 -0.923904 0
    outer loop
      vertex 5.46245 1.40037 125
      vertex 5.38989 1.37032 124.99
      vertex 5.46245 1.40037 124.99
    endloop
  endfacet
  facet normal 0.942619 0.333871 0
    outer loop
      vertex 4.59963 -0.537552 125
      vertex 4.57341 -0.463525 124.99
      vertex 4.57341 -0.463525 125
    endloop
  endfacet
  facet normal 0.942619 0.333871 0
    outer loop
      vertex 4.57341 -0.463525 124.99
      vertex 4.59963 -0.537552 125
      vertex 4.59963 -0.537552 124.99
    endloop
  endfacet
  facet normal 0.333786 -0.942649 0
    outer loop
      vertex 5.46245 1.40037 124.99
      vertex 5.53647 1.42658 125
      vertex 5.46245 1.40037 125
    endloop
  endfacet
  facet normal 0.333786 -0.942649 0
    outer loop
      vertex 5.53647 1.42658 125
      vertex 5.46245 1.40037 124.99
      vertex 5.53647 1.42658 124.99
    endloop
  endfacet
  facet normal 0.923891 0.382657 0
    outer loop
      vertex 4.62968 -0.610105 125
      vertex 4.59963 -0.537552 124.99
      vertex 4.59963 -0.537552 125
    endloop
  endfacet
  facet normal 0.923891 0.382657 0
    outer loop
      vertex 4.59963 -0.537552 124.99
      vertex 4.62968 -0.610105 125
      vertex 4.62968 -0.610105 124.99
    endloop
  endfacet
  facet normal 0.996919 0.07844 0
    outer loop
      vertex 4.50822 -0.156793 125
      vertex 4.50206 -0.0785036 124.99
      vertex 4.50206 -0.0785036 125
    endloop
  endfacet
  facet normal 0.996919 0.07844 0
    outer loop
      vertex 4.50206 -0.0785036 124.99
      vertex 4.50822 -0.156793 125
      vertex 4.50822 -0.156793 124.99
    endloop
  endfacet
  facet normal 0.284075 0.958802 -0
    outer loop
      vertex 5.61177 -1.44889 124.99
      vertex 5.53647 -1.42658 125
      vertex 5.61177 -1.44889 125
    endloop
  endfacet
  facet normal 0.284075 0.958802 0
    outer loop
      vertex 5.53647 -1.42658 125
      vertex 5.61177 -1.44889 124.99
      vertex 5.53647 -1.42658 124.99
    endloop
  endfacet
  facet normal -0.38267 0.923885 0
    outer loop
      vertex 6.6101 -1.37032 124.99
      vertex 6.53755 -1.40037 125
      vertex 6.6101 -1.37032 125
    endloop
  endfacet
  facet normal -0.38267 0.923885 0
    outer loop
      vertex 6.53755 -1.40037 125
      vertex 6.6101 -1.37032 124.99
      vertex 6.53755 -1.40037 124.99
    endloop
  endfacet
  facet normal -0.878828 0.477138 0
    outer loop
      vertex 7.29904 -0.75 124.99
      vertex 7.33651 -0.680985 125
      vertex 7.33651 -0.680985 124.99
    endloop
  endfacet
  facet normal -0.878828 0.477138 0
    outer loop
      vertex 7.33651 -0.680985 125
      vertex 7.29904 -0.75 124.99
      vertex 7.29904 -0.75 125
    endloop
  endfacet
  facet normal 0.72533 0.688401 0
    outer loop
      vertex 4.93934 -1.06066 125
      vertex 4.88528 -1.0037 124.99
      vertex 4.88528 -1.0037 125
    endloop
  endfacet
  facet normal 0.72533 0.688401 0
    outer loop
      vertex 4.88528 -1.0037 124.99
      vertex 4.93934 -1.06066 125
      vertex 4.93934 -1.06066 124.99
    endloop
  endfacet
  facet normal 0.522469 -0.852658 0
    outer loop
      vertex 5.18304 1.25801 124.99
      vertex 5.25 1.29904 125
      vertex 5.18304 1.25801 125
    endloop
  endfacet
  facet normal 0.522469 -0.852658 0
    outer loop
      vertex 5.25 1.29904 125
      vertex 5.18304 1.25801 124.99
      vertex 5.25 1.29904 124.99
    endloop
  endfacet
  facet normal 0.983257 0.182224 0
    outer loop
      vertex 4.53278 -0.311867 125
      vertex 4.51847 -0.234652 124.99
      vertex 4.51847 -0.234652 125
    endloop
  endfacet
  facet normal 0.983257 0.182224 0
    outer loop
      vertex 4.51847 -0.234652 124.99
      vertex 4.53278 -0.311867 125
      vertex 4.53278 -0.311867 124.99
    endloop
  endfacet
  facet normal -0.566486 -0.824072 0
    outer loop
      vertex 6.81696 1.25801 124.99
      vertex 6.88168 1.21352 125
      vertex 6.81696 1.25801 125
    endloop
  endfacet
  facet normal -0.566486 -0.824072 -0
    outer loop
      vertex 6.88168 1.21352 125
      vertex 6.81696 1.25801 124.99
      vertex 6.88168 1.21352 124.99
    endloop
  endfacet
  facet normal 0.566486 0.824072 -0
    outer loop
      vertex 5.18304 -1.25801 124.99
      vertex 5.11832 -1.21352 125
      vertex 5.18304 -1.25801 125
    endloop
  endfacet
  facet normal 0.566486 0.824072 0
    outer loop
      vertex 5.11832 -1.21352 125
      vertex 5.18304 -1.25801 124.99
      vertex 5.11832 -1.21352 124.99
    endloop
  endfacet
  facet normal -0.824072 -0.566486 0
    outer loop
      vertex 7.25801 0.816958 124.99
      vertex 7.21352 0.881678 125
      vertex 7.21352 0.881678 124.99
    endloop
  endfacet
  facet normal -0.824072 -0.566486 0
    outer loop
      vertex 7.21352 0.881678 125
      vertex 7.25801 0.816958 124.99
      vertex 7.25801 0.816958 125
    endloop
  endfacet
  facet normal -0.983257 -0.182224 0
    outer loop
      vertex 7.48153 0.234652 124.99
      vertex 7.46722 0.311867 125
      vertex 7.46722 0.311867 124.99
    endloop
  endfacet
  facet normal -0.983257 -0.182224 0
    outer loop
      vertex 7.46722 0.311867 125
      vertex 7.48153 0.234652 124.99
      vertex 7.48153 0.234652 125
    endloop
  endfacet
  facet normal 0.793329 -0.608793 0
    outer loop
      vertex 4.78647 0.881678 125
      vertex 4.83428 0.94398 124.99
      vertex 4.83428 0.94398 125
    endloop
  endfacet
  facet normal 0.793329 -0.608793 0
    outer loop
      vertex 4.83428 0.94398 124.99
      vertex 4.78647 0.881678 125
      vertex 4.78647 0.881678 124.99
    endloop
  endfacet
  facet normal -0.026233 0.999656 0
    outer loop
      vertex 6.0785 -1.49794 124.99
      vertex 6 -1.5 125
      vertex 6.0785 -1.49794 125
    endloop
  endfacet
  facet normal -0.026233 0.999656 0
    outer loop
      vertex 6 -1.5 125
      vertex 6.0785 -1.49794 124.99
      vertex 6 -1.5 124.99
    endloop
  endfacet
  facet normal 0.430532 0.902576 -0
    outer loop
      vertex 5.38989 -1.37032 124.99
      vertex 5.31901 -1.33651 125
      vertex 5.38989 -1.37032 125
    endloop
  endfacet
  facet normal 0.430532 0.902576 0
    outer loop
      vertex 5.31901 -1.33651 125
      vertex 5.38989 -1.37032 124.99
      vertex 5.31901 -1.33651 124.99
    endloop
  endfacet
  facet normal -0.996919 0.07844 0
    outer loop
      vertex 7.49178 -0.156793 124.99
      vertex 7.49794 -0.0785036 125
      vertex 7.49794 -0.0785036 124.99
    endloop
  endfacet
  facet normal -0.996919 0.07844 0
    outer loop
      vertex 7.49794 -0.0785036 125
      vertex 7.49178 -0.156793 124.99
      vertex 7.49178 -0.156793 125
    endloop
  endfacet
  facet normal 0.608726 -0.793381 0
    outer loop
      vertex 5.05602 1.16572 124.99
      vertex 5.11832 1.21352 125
      vertex 5.05602 1.16572 125
    endloop
  endfacet
  facet normal 0.608726 -0.793381 0
    outer loop
      vertex 5.11832 1.21352 125
      vertex 5.05602 1.16572 124.99
      vertex 5.11832 1.21352 124.99
    endloop
  endfacet
  facet normal 0.991445 0.130522 0
    outer loop
      vertex 4.51847 -0.234652 125
      vertex 4.50822 -0.156793 124.99
      vertex 4.50822 -0.156793 125
    endloop
  endfacet
  facet normal 0.991445 0.130522 0
    outer loop
      vertex 4.50822 -0.156793 124.99
      vertex 4.51847 -0.234652 125
      vertex 4.51847 -0.234652 124.99
    endloop
  endfacet
  facet normal 0.522469 0.852658 -0
    outer loop
      vertex 5.25 -1.29904 124.99
      vertex 5.18304 -1.25801 125
      vertex 5.25 -1.29904 125
    endloop
  endfacet
  facet normal 0.522469 0.852658 0
    outer loop
      vertex 5.18304 -1.25801 125
      vertex 5.25 -1.29904 124.99
      vertex 5.18304 -1.25801 124.99
    endloop
  endfacet
  facet normal 0.233416 -0.972377 0
    outer loop
      vertex 5.61177 1.44889 124.99
      vertex 5.68813 1.46722 125
      vertex 5.61177 1.44889 125
    endloop
  endfacet
  facet normal 0.233416 -0.972377 0
    outer loop
      vertex 5.68813 1.46722 125
      vertex 5.61177 1.44889 124.99
      vertex 5.68813 1.46722 124.99
    endloop
  endfacet
  facet normal 0.688401 -0.72533 0
    outer loop
      vertex 4.93934 1.06066 124.99
      vertex 4.9963 1.11472 125
      vertex 4.93934 1.06066 125
    endloop
  endfacet
  facet normal 0.688401 -0.72533 0
    outer loop
      vertex 4.9963 1.11472 125
      vertex 4.93934 1.06066 124.99
      vertex 4.9963 1.11472 124.99
    endloop
  endfacet
  facet normal -0.824072 0.566486 0
    outer loop
      vertex 7.21352 -0.881678 124.99
      vertex 7.25801 -0.816958 125
      vertex 7.25801 -0.816958 124.99
    endloop
  endfacet
  facet normal -0.824072 0.566486 0
    outer loop
      vertex 7.25801 -0.816958 125
      vertex 7.21352 -0.881678 124.99
      vertex 7.21352 -0.881678 125
    endloop
  endfacet
  facet normal 0.793329 0.608793 0
    outer loop
      vertex 4.83428 -0.94398 125
      vertex 4.78647 -0.881678 124.99
      vertex 4.78647 -0.881678 125
    endloop
  endfacet
  facet normal 0.793329 0.608793 0
    outer loop
      vertex 4.78647 -0.881678 124.99
      vertex 4.83428 -0.94398 125
      vertex 4.83428 -0.94398 124.99
    endloop
  endfacet
  facet normal -0.688401 -0.72533 0
    outer loop
      vertex 7.0037 1.11472 124.99
      vertex 7.06066 1.06066 125
      vertex 7.0037 1.11472 125
    endloop
  endfacet
  facet normal -0.688401 -0.72533 -0
    outer loop
      vertex 7.06066 1.06066 125
      vertex 7.0037 1.11472 124.99
      vertex 7.06066 1.06066 124.99
    endloop
  endfacet
  facet normal -0.608726 -0.793381 0
    outer loop
      vertex 6.88168 1.21352 124.99
      vertex 6.94398 1.16572 125
      vertex 6.88168 1.21352 125
    endloop
  endfacet
  facet normal -0.608726 -0.793381 -0
    outer loop
      vertex 6.94398 1.16572 125
      vertex 6.88168 1.21352 124.99
      vertex 6.94398 1.16572 124.99
    endloop
  endfacet
  facet normal -0.942659 0.333758 0
    outer loop
      vertex 7.40037 -0.537552 124.99
      vertex 7.42658 -0.463525 125
      vertex 7.42658 -0.463525 124.99
    endloop
  endfacet
  facet normal -0.942659 0.333758 0
    outer loop
      vertex 7.42658 -0.463525 125
      vertex 7.40037 -0.537552 124.99
      vertex 7.40037 -0.537552 125
    endloop
  endfacet
  facet normal -0.182212 -0.983259 0
    outer loop
      vertex 6.23465 1.48153 124.99
      vertex 6.31187 1.46722 125
      vertex 6.23465 1.48153 125
    endloop
  endfacet
  facet normal -0.182212 -0.983259 -0
    outer loop
      vertex 6.31187 1.46722 125
      vertex 6.23465 1.48153 124.99
      vertex 6.31187 1.46722 124.99
    endloop
  endfacet
  facet normal -0.923891 -0.382657 0
    outer loop
      vertex 7.40037 0.537552 124.99
      vertex 7.37032 0.610105 125
      vertex 7.37032 0.610105 124.99
    endloop
  endfacet
  facet normal -0.923891 -0.382657 0
    outer loop
      vertex 7.37032 0.610105 125
      vertex 7.40037 0.537552 124.99
      vertex 7.40037 0.537552 125
    endloop
  endfacet
  facet normal 0.026233 -0.999656 0
    outer loop
      vertex 5.9215 1.49794 124.99
      vertex 6 1.5 125
      vertex 5.9215 1.49794 125
    endloop
  endfacet
  facet normal 0.026233 -0.999656 0
    outer loop
      vertex 6 1.5 125
      vertex 5.9215 1.49794 124.99
      vertex 6 1.5 124.99
    endloop
  endfacet
  facet normal 0.824131 -0.566399 0
    outer loop
      vertex 4.74199 0.816958 125
      vertex 4.78647 0.881678 124.99
      vertex 4.78647 0.881678 125
    endloop
  endfacet
  facet normal 0.824131 -0.566399 0
    outer loop
      vertex 4.78647 0.881678 124.99
      vertex 4.74199 0.816958 125
      vertex 4.74199 0.816958 124.99
    endloop
  endfacet
  facet normal -0.28411 -0.958792 0
    outer loop
      vertex 6.38823 1.44889 124.99
      vertex 6.46352 1.42658 125
      vertex 6.38823 1.44889 125
    endloop
  endfacet
  facet normal -0.28411 -0.958792 -0
    outer loop
      vertex 6.46352 1.42658 125
      vertex 6.38823 1.44889 124.99
      vertex 6.46352 1.42658 124.99
    endloop
  endfacet
  facet normal -0.942659 -0.333758 0
    outer loop
      vertex 7.42658 0.463525 124.99
      vertex 7.40037 0.537552 125
      vertex 7.40037 0.537552 124.99
    endloop
  endfacet
  facet normal -0.942659 -0.333758 0
    outer loop
      vertex 7.40037 0.537552 125
      vertex 7.42658 0.463525 124.99
      vertex 7.42658 0.463525 125
    endloop
  endfacet
  facet normal 0.878828 0.477138 0
    outer loop
      vertex 4.70096 -0.75 125
      vertex 4.66349 -0.680985 124.99
      vertex 4.66349 -0.680985 125
    endloop
  endfacet
  facet normal 0.878828 0.477138 0
    outer loop
      vertex 4.66349 -0.680985 124.99
      vertex 4.70096 -0.75 125
      vertex 4.70096 -0.75 124.99
    endloop
  endfacet
  facet normal -0.0784394 0.996919 0
    outer loop
      vertex 6.15679 -1.49178 124.99
      vertex 6.0785 -1.49794 125
      vertex 6.15679 -1.49178 125
    endloop
  endfacet
  facet normal -0.0784394 0.996919 0
    outer loop
      vertex 6.0785 -1.49794 125
      vertex 6.15679 -1.49178 124.99
      vertex 6.0785 -1.49794 124.99
    endloop
  endfacet
  facet normal -0.991445 0.130522 0
    outer loop
      vertex 7.48153 -0.234652 124.99
      vertex 7.49178 -0.156793 125
      vertex 7.49178 -0.156793 124.99
    endloop
  endfacet
  facet normal -0.991445 0.130522 0
    outer loop
      vertex 7.49178 -0.156793 125
      vertex 7.48153 -0.234652 124.99
      vertex 7.48153 -0.234652 125
    endloop
  endfacet
  facet normal 0.566486 -0.824072 0
    outer loop
      vertex 5.11832 1.21352 124.99
      vertex 5.18304 1.25801 125
      vertex 5.11832 1.21352 125
    endloop
  endfacet
  facet normal 0.566486 -0.824072 0
    outer loop
      vertex 5.18304 1.25801 125
      vertex 5.11832 1.21352 124.99
      vertex 5.18304 1.25801 124.99
    endloop
  endfacet
  facet normal -0.38267 -0.923885 0
    outer loop
      vertex 6.53755 1.40037 124.99
      vertex 6.6101 1.37032 125
      vertex 6.53755 1.40037 125
    endloop
  endfacet
  facet normal -0.38267 -0.923885 -0
    outer loop
      vertex 6.6101 1.37032 125
      vertex 6.53755 1.40037 124.99
      vertex 6.6101 1.37032 124.99
    endloop
  endfacet
  facet normal -0.79339 -0.608713 0
    outer loop
      vertex 7.21352 0.881678 124.99
      vertex 7.16572 0.94398 125
      vertex 7.16572 0.94398 124.99
    endloop
  endfacet
  facet normal -0.79339 -0.608713 0
    outer loop
      vertex 7.16572 0.94398 125
      vertex 7.21352 0.881678 124.99
      vertex 7.21352 0.881678 125
    endloop
  endfacet
  facet normal 0.999656 0.0262318 0
    outer loop
      vertex 4.50206 -0.0785036 125
      vertex 4.5 0 124.99
      vertex 4.5 0 125
    endloop
  endfacet
  facet normal 0.999656 0.0262318 0
    outer loop
      vertex 4.5 0 124.99
      vertex 4.50206 -0.0785036 125
      vertex 4.50206 -0.0785036 124.99
    endloop
  endfacet
  facet normal 0.382625 0.923904 -0
    outer loop
      vertex 5.46245 -1.40037 124.99
      vertex 5.38989 -1.37032 125
      vertex 5.46245 -1.40037 125
    endloop
  endfacet
  facet normal 0.382625 0.923904 0
    outer loop
      vertex 5.38989 -1.37032 125
      vertex 5.46245 -1.40037 124.99
      vertex 5.38989 -1.37032 124.99
    endloop
  endfacet
  facet normal -0.0784394 -0.996919 0
    outer loop
      vertex 6.0785 1.49794 124.99
      vertex 6.15679 1.49178 125
      vertex 6.0785 1.49794 125
    endloop
  endfacet
  facet normal -0.0784394 -0.996919 -0
    outer loop
      vertex 6.15679 1.49178 125
      vertex 6.0785 1.49794 124.99
      vertex 6.15679 1.49178 124.99
    endloop
  endfacet
  facet normal 0.972378 -0.233413 0
    outer loop
      vertex 4.53278 0.311867 125
      vertex 4.55111 0.388228 124.99
      vertex 4.55111 0.388228 125
    endloop
  endfacet
  facet normal 0.972378 -0.233413 0
    outer loop
      vertex 4.55111 0.388228 124.99
      vertex 4.53278 0.311867 125
      vertex 4.53278 0.311867 124.99
    endloop
  endfacet
  facet normal -0.972378 -0.233413 0
    outer loop
      vertex 7.46722 0.311867 124.99
      vertex 7.44889 0.388228 125
      vertex 7.44889 0.388228 124.99
    endloop
  endfacet
  facet normal -0.972378 -0.233413 0
    outer loop
      vertex 7.44889 0.388228 125
      vertex 7.46722 0.311867 124.99
      vertex 7.46722 0.311867 125
    endloop
  endfacet
  facet normal -0.958799 -0.284086 0
    outer loop
      vertex 7.44889 0.388228 124.99
      vertex 7.42658 0.463525 125
      vertex 7.42658 0.463525 124.99
    endloop
  endfacet
  facet normal -0.958799 -0.284086 0
    outer loop
      vertex 7.42658 0.463525 125
      vertex 7.44889 0.388228 124.99
      vertex 7.44889 0.388228 125
    endloop
  endfacet
  facet normal -0.923891 0.382657 0
    outer loop
      vertex 7.37032 -0.610105 124.99
      vertex 7.40037 -0.537552 125
      vertex 7.40037 -0.537552 124.99
    endloop
  endfacet
  facet normal -0.923891 0.382657 0
    outer loop
      vertex 7.40037 -0.537552 125
      vertex 7.37032 -0.610105 124.99
      vertex 7.37032 -0.610105 125
    endloop
  endfacet
  facet normal -0.522469 0.852658 0
    outer loop
      vertex 6.81696 -1.25801 124.99
      vertex 6.75 -1.29904 125
      vertex 6.81696 -1.25801 125
    endloop
  endfacet
  facet normal -0.522469 0.852658 0
    outer loop
      vertex 6.75 -1.29904 125
      vertex 6.81696 -1.25801 124.99
      vertex 6.75 -1.29904 124.99
    endloop
  endfacet
  facet normal 0.999656 -0.0262318 0
    outer loop
      vertex 4.5 0 125
      vertex 4.50206 0.0785036 124.99
      vertex 4.50206 0.0785036 125
    endloop
  endfacet
  facet normal 0.999656 -0.0262318 0
    outer loop
      vertex 4.50206 0.0785036 124.99
      vertex 4.5 0 125
      vertex 4.5 0 124.99
    endloop
  endfacet
  facet normal -0.79339 0.608713 0
    outer loop
      vertex 7.16572 -0.94398 124.99
      vertex 7.21352 -0.881678 125
      vertex 7.21352 -0.881678 124.99
    endloop
  endfacet
  facet normal -0.79339 0.608713 0
    outer loop
      vertex 7.21352 -0.881678 125
      vertex 7.16572 -0.94398 124.99
      vertex 7.16572 -0.94398 125
    endloop
  endfacet
  facet normal -0.649406 0.760442 0
    outer loop
      vertex 7.0037 -1.11472 124.99
      vertex 6.94398 -1.16572 125
      vertex 7.0037 -1.11472 125
    endloop
  endfacet
  facet normal -0.649406 0.760442 0
    outer loop
      vertex 6.94398 -1.16572 125
      vertex 7.0037 -1.11472 124.99
      vertex 6.94398 -1.16572 124.99
    endloop
  endfacet
  facet normal -0.760442 0.649406 0
    outer loop
      vertex 7.11472 -1.0037 124.99
      vertex 7.16572 -0.94398 125
      vertex 7.16572 -0.94398 124.99
    endloop
  endfacet
  facet normal -0.760442 0.649406 0
    outer loop
      vertex 7.16572 -0.94398 125
      vertex 7.11472 -1.0037 124.99
      vertex 7.11472 -1.0037 125
    endloop
  endfacet
  facet normal -0.182212 0.983259 0
    outer loop
      vertex 6.31187 -1.46722 124.99
      vertex 6.23465 -1.48153 125
      vertex 6.31187 -1.46722 125
    endloop
  endfacet
  facet normal -0.182212 0.983259 0
    outer loop
      vertex 6.23465 -1.48153 125
      vertex 6.31187 -1.46722 124.99
      vertex 6.23465 -1.48153 124.99
    endloop
  endfacet
  facet normal 0.430532 -0.902576 0
    outer loop
      vertex 5.31901 1.33651 124.99
      vertex 5.38989 1.37032 125
      vertex 5.31901 1.33651 125
    endloop
  endfacet
  facet normal 0.430532 -0.902576 0
    outer loop
      vertex 5.38989 1.37032 125
      vertex 5.31901 1.33651 124.99
      vertex 5.38989 1.37032 124.99
    endloop
  endfacet
  facet normal -0.649406 -0.760442 0
    outer loop
      vertex 6.94398 1.16572 124.99
      vertex 7.0037 1.11472 125
      vertex 6.94398 1.16572 125
    endloop
  endfacet
  facet normal -0.649406 -0.760442 -0
    outer loop
      vertex 7.0037 1.11472 125
      vertex 6.94398 1.16572 124.99
      vertex 7.0037 1.11472 124.99
    endloop
  endfacet
  facet normal 0.649406 -0.760442 0
    outer loop
      vertex 4.9963 1.11472 124.99
      vertex 5.05602 1.16572 125
      vertex 4.9963 1.11472 125
    endloop
  endfacet
  facet normal 0.649406 -0.760442 0
    outer loop
      vertex 5.05602 1.16572 125
      vertex 4.9963 1.11472 124.99
      vertex 5.05602 1.16572 124.99
    endloop
  endfacet
  facet normal 0.182212 -0.983259 0
    outer loop
      vertex 5.68813 1.46722 124.99
      vertex 5.76535 1.48153 125
      vertex 5.68813 1.46722 125
    endloop
  endfacet
  facet normal 0.182212 -0.983259 0
    outer loop
      vertex 5.76535 1.48153 125
      vertex 5.68813 1.46722 124.99
      vertex 5.76535 1.48153 124.99
    endloop
  endfacet
  facet normal 0.824131 0.566399 0
    outer loop
      vertex 4.78647 -0.881678 125
      vertex 4.74199 -0.816958 124.99
      vertex 4.74199 -0.816958 125
    endloop
  endfacet
  facet normal 0.824131 0.566399 0
    outer loop
      vertex 4.74199 -0.816958 124.99
      vertex 4.78647 -0.881678 125
      vertex 4.78647 -0.881678 124.99
    endloop
  endfacet
  facet normal 0.13052 0.991446 -0
    outer loop
      vertex 5.84321 -1.49178 124.99
      vertex 5.76535 -1.48153 125
      vertex 5.84321 -1.49178 125
    endloop
  endfacet
  facet normal 0.13052 0.991446 0
    outer loop
      vertex 5.76535 -1.48153 125
      vertex 5.84321 -1.49178 124.99
      vertex 5.76535 -1.48153 124.99
    endloop
  endfacet
  facet normal 0.991445 -0.130522 0
    outer loop
      vertex 4.50822 0.156793 125
      vertex 4.51847 0.234652 124.99
      vertex 4.51847 0.234652 125
    endloop
  endfacet
  facet normal 0.991445 -0.130522 0
    outer loop
      vertex 4.51847 0.234652 124.99
      vertex 4.50822 0.156793 125
      vertex 4.50822 0.156793 124.99
    endloop
  endfacet
  facet normal 0.996919 -0.07844 0
    outer loop
      vertex 4.50206 0.0785036 125
      vertex 4.50822 0.156793 124.99
      vertex 4.50822 0.156793 125
    endloop
  endfacet
  facet normal 0.996919 -0.07844 0
    outer loop
      vertex 4.50822 0.156793 124.99
      vertex 4.50206 0.0785036 125
      vertex 4.50206 0.0785036 124.99
    endloop
  endfacet
  facet normal -0.608726 0.793381 0
    outer loop
      vertex 6.94398 -1.16572 124.99
      vertex 6.88168 -1.21352 125
      vertex 6.94398 -1.16572 125
    endloop
  endfacet
  facet normal -0.608726 0.793381 0
    outer loop
      vertex 6.88168 -1.21352 125
      vertex 6.94398 -1.16572 124.99
      vertex 6.88168 -1.21352 124.99
    endloop
  endfacet
  facet normal 0.852651 -0.522481 0
    outer loop
      vertex 4.70096 0.75 125
      vertex 4.74199 0.816958 124.99
      vertex 4.74199 0.816958 125
    endloop
  endfacet
  facet normal 0.852651 -0.522481 0
    outer loop
      vertex 4.74199 0.816958 124.99
      vertex 4.70096 0.75 125
      vertex 4.70096 0.75 124.99
    endloop
  endfacet
  facet normal 0.902576 0.430532 0
    outer loop
      vertex 4.66349 -0.680985 125
      vertex 4.62968 -0.610105 124.99
      vertex 4.62968 -0.610105 125
    endloop
  endfacet
  facet normal 0.902576 0.430532 0
    outer loop
      vertex 4.62968 -0.610105 124.99
      vertex 4.66349 -0.680985 125
      vertex 4.66349 -0.680985 124.99
    endloop
  endfacet
  facet normal 0.923891 -0.382657 0
    outer loop
      vertex 4.59963 0.537552 125
      vertex 4.62968 0.610105 124.99
      vertex 4.62968 0.610105 125
    endloop
  endfacet
  facet normal 0.923891 -0.382657 0
    outer loop
      vertex 4.62968 0.610105 124.99
      vertex 4.59963 0.537552 125
      vertex 4.59963 0.537552 124.99
    endloop
  endfacet
  facet normal 0.688401 0.72533 -0
    outer loop
      vertex 4.9963 -1.11472 124.99
      vertex 4.93934 -1.06066 125
      vertex 4.9963 -1.11472 125
    endloop
  endfacet
  facet normal 0.688401 0.72533 0
    outer loop
      vertex 4.93934 -1.06066 125
      vertex 4.9963 -1.11472 124.99
      vertex 4.93934 -1.06066 124.99
    endloop
  endfacet
  facet normal -0.958799 0.284086 0
    outer loop
      vertex 7.42658 -0.463525 124.99
      vertex 7.44889 -0.388228 125
      vertex 7.44889 -0.388228 124.99
    endloop
  endfacet
  facet normal -0.958799 0.284086 0
    outer loop
      vertex 7.44889 -0.388228 125
      vertex 7.42658 -0.463525 124.99
      vertex 7.42658 -0.463525 125
    endloop
  endfacet
  facet normal 0.972378 0.233413 0
    outer loop
      vertex 4.55111 -0.388228 125
      vertex 4.53278 -0.311867 124.99
      vertex 4.53278 -0.311867 125
    endloop
  endfacet
  facet normal 0.972378 0.233413 0
    outer loop
      vertex 4.53278 -0.311867 124.99
      vertex 4.55111 -0.388228 125
      vertex 4.55111 -0.388228 124.99
    endloop
  endfacet
  facet normal -0.688401 0.72533 0
    outer loop
      vertex 7.06066 -1.06066 124.99
      vertex 7.0037 -1.11472 125
      vertex 7.06066 -1.06066 125
    endloop
  endfacet
  facet normal -0.688401 0.72533 0
    outer loop
      vertex 7.0037 -1.11472 125
      vertex 7.06066 -1.06066 124.99
      vertex 7.0037 -1.11472 124.99
    endloop
  endfacet
  facet normal -0.72533 0.688401 0
    outer loop
      vertex 7.06066 -1.06066 124.99
      vertex 7.11472 -1.0037 125
      vertex 7.11472 -1.0037 124.99
    endloop
  endfacet
  facet normal -0.72533 0.688401 0
    outer loop
      vertex 7.11472 -1.0037 125
      vertex 7.06066 -1.06066 124.99
      vertex 7.06066 -1.06066 125
    endloop
  endfacet
  facet normal 0.0784394 0.996919 -0
    outer loop
      vertex 5.9215 -1.49794 124.99
      vertex 5.84321 -1.49178 125
      vertex 5.9215 -1.49794 125
    endloop
  endfacet
  facet normal 0.0784394 0.996919 0
    outer loop
      vertex 5.84321 -1.49178 125
      vertex 5.9215 -1.49794 124.99
      vertex 5.84321 -1.49178 124.99
    endloop
  endfacet
  facet normal -0.13052 -0.991446 0
    outer loop
      vertex 6.15679 1.49178 124.99
      vertex 6.23465 1.48153 125
      vertex 6.15679 1.49178 125
    endloop
  endfacet
  facet normal -0.13052 -0.991446 -0
    outer loop
      vertex 6.23465 1.48153 125
      vertex 6.15679 1.49178 124.99
      vertex 6.23465 1.48153 124.99
    endloop
  endfacet
  facet normal -0.233416 -0.972377 0
    outer loop
      vertex 6.31187 1.46722 124.99
      vertex 6.38823 1.44889 125
      vertex 6.31187 1.46722 125
    endloop
  endfacet
  facet normal -0.233416 -0.972377 -0
    outer loop
      vertex 6.38823 1.44889 125
      vertex 6.31187 1.46722 124.99
      vertex 6.38823 1.44889 124.99
    endloop
  endfacet
  facet normal 0.760442 -0.649406 0
    outer loop
      vertex 4.83428 0.94398 125
      vertex 4.88528 1.0037 124.99
      vertex 4.88528 1.0037 125
    endloop
  endfacet
  facet normal 0.760442 -0.649406 0
    outer loop
      vertex 4.88528 1.0037 124.99
      vertex 4.83428 0.94398 125
      vertex 4.83428 0.94398 124.99
    endloop
  endfacet
  facet normal 0.852651 0.522481 0
    outer loop
      vertex 4.74199 -0.816958 125
      vertex 4.70096 -0.75 124.99
      vertex 4.70096 -0.75 125
    endloop
  endfacet
  facet normal 0.852651 0.522481 0
    outer loop
      vertex 4.70096 -0.75 124.99
      vertex 4.74199 -0.816958 125
      vertex 4.74199 -0.816958 124.99
    endloop
  endfacet
  facet normal 0.026233 0.999656 -0
    outer loop
      vertex 6 -1.5 124.99
      vertex 5.9215 -1.49794 125
      vertex 6 -1.5 125
    endloop
  endfacet
  facet normal 0.026233 0.999656 0
    outer loop
      vertex 5.9215 -1.49794 125
      vertex 6 -1.5 124.99
      vertex 5.9215 -1.49794 124.99
    endloop
  endfacet
  facet normal -0.026233 -0.999656 0
    outer loop
      vertex 6 1.5 124.99
      vertex 6.0785 1.49794 125
      vertex 6 1.5 125
    endloop
  endfacet
  facet normal -0.026233 -0.999656 -0
    outer loop
      vertex 6.0785 1.49794 125
      vertex 6 1.5 124.99
      vertex 6.0785 1.49794 124.99
    endloop
  endfacet
  facet normal 0.333786 0.942649 -0
    outer loop
      vertex 5.53647 -1.42658 124.99
      vertex 5.46245 -1.40037 125
      vertex 5.53647 -1.42658 125
    endloop
  endfacet
  facet normal 0.333786 0.942649 0
    outer loop
      vertex 5.46245 -1.40037 125
      vertex 5.53647 -1.42658 124.99
      vertex 5.46245 -1.40037 124.99
    endloop
  endfacet
  facet normal 0.958834 -0.283969 0
    outer loop
      vertex 4.55111 0.388228 125
      vertex 4.57341 0.463525 124.99
      vertex 4.57341 0.463525 125
    endloop
  endfacet
  facet normal 0.958834 -0.283969 0
    outer loop
      vertex 4.57341 0.463525 124.99
      vertex 4.55111 0.388228 125
      vertex 4.55111 0.388228 124.99
    endloop
  endfacet
  facet normal 0.878828 -0.477138 0
    outer loop
      vertex 4.66349 0.680985 125
      vertex 4.70096 0.75 124.99
      vertex 4.70096 0.75 125
    endloop
  endfacet
  facet normal 0.878828 -0.477138 0
    outer loop
      vertex 4.70096 0.75 124.99
      vertex 4.66349 0.680985 125
      vertex 4.66349 0.680985 124.99
    endloop
  endfacet
  facet normal -0.333746 0.942663 0
    outer loop
      vertex 6.53755 -1.40037 124.99
      vertex 6.46352 -1.42658 125
      vertex 6.53755 -1.40037 125
    endloop
  endfacet
  facet normal -0.333746 0.942663 0
    outer loop
      vertex 6.46352 -1.42658 125
      vertex 6.53755 -1.40037 124.99
      vertex 6.46352 -1.42658 124.99
    endloop
  endfacet
  facet normal -0.28411 0.958792 0
    outer loop
      vertex 6.46352 -1.42658 124.99
      vertex 6.38823 -1.44889 125
      vertex 6.46352 -1.42658 125
    endloop
  endfacet
  facet normal -0.28411 0.958792 0
    outer loop
      vertex 6.38823 -1.44889 125
      vertex 6.46352 -1.42658 124.99
      vertex 6.38823 -1.44889 124.99
    endloop
  endfacet
  facet normal 0 0 1
    outer loop
      vertex 7.49794 0.0785036 124.99
      vertex 7.49794 -0.0785036 124.99
      vertex 7.5 0 124.99
    endloop
  endfacet
  facet normal 0 0 1
    outer loop
      vertex 7.49178 0.156793 124.99
      vertex 7.49794 -0.0785036 124.99
      vertex 7.49794 0.0785036 124.99
    endloop
  endfacet
  facet normal 0 0 1
    outer loop
      vertex 7.49178 0.156793 124.99
      vertex 7.49178 -0.156793 124.99
      vertex 7.49794 -0.0785036 124.99
    endloop
  endfacet
  facet normal 0 0 1
    outer loop
      vertex 7.48153 0.234652 124.99
      vertex 7.49178 -0.156793 124.99
      vertex 7.49178 0.156793 124.99
    endloop
  endfacet
  facet normal 0 0 1
    outer loop
      vertex 7.48153 0.234652 124.99
      vertex 7.48153 -0.234652 124.99
      vertex 7.49178 -0.156793 124.99
    endloop
  endfacet
  facet normal 0 0 1
    outer loop
      vertex 7.46722 0.311867 124.99
      vertex 7.48153 -0.234652 124.99
      vertex 7.48153 0.234652 124.99
    endloop
  endfacet
  facet normal 0 0 1
    outer loop
      vertex 7.46722 0.311867 124.99
      vertex 7.46722 -0.311867 124.99
      vertex 7.48153 -0.234652 124.99
    endloop
  endfacet
  facet normal 0 0 1
    outer loop
      vertex 7.44889 0.388228 124.99
      vertex 7.46722 -0.311867 124.99
      vertex 7.46722 0.311867 124.99
    endloop
  endfacet
  facet normal 0 0 1
    outer loop
      vertex 7.44889 0.388228 124.99
      vertex 7.44889 -0.388228 124.99
      vertex 7.46722 -0.311867 124.99
    endloop
  endfacet
  facet normal 0 0 1
    outer loop
      vertex 7.42658 0.463525 124.99
      vertex 7.44889 -0.388228 124.99
      vertex 7.44889 0.388228 124.99
    endloop
  endfacet
  facet normal 0 0 1
    outer loop
      vertex 7.42658 0.463525 124.99
      vertex 7.42658 -0.463525 124.99
      vertex 7.44889 -0.388228 124.99
    endloop
  endfacet
  facet normal 0 0 1
    outer loop
      vertex 7.40037 0.537552 124.99
      vertex 7.42658 -0.463525 124.99
      vertex 7.42658 0.463525 124.99
    endloop
  endfacet
  facet normal 0 0 1
    outer loop
      vertex 7.40037 0.537552 124.99
      vertex 7.40037 -0.537552 124.99
      vertex 7.42658 -0.463525 124.99
    endloop
  endfacet
  facet normal 0 0 1
    outer loop
      vertex 7.37032 0.610105 124.99
      vertex 7.40037 -0.537552 124.99
      vertex 7.40037 0.537552 124.99
    endloop
  endfacet
  facet normal 0 0 1
    outer loop
      vertex 7.37032 0.610105 124.99
      vertex 7.37032 -0.610105 124.99
      vertex 7.40037 -0.537552 124.99
    endloop
  endfacet
  facet normal 0 0 1
    outer loop
      vertex 7.33651 0.680985 124.99
      vertex 7.37032 -0.610105 124.99
      vertex 7.37032 0.610105 124.99
    endloop
  endfacet
  facet normal 0 0 1
    outer loop
      vertex 7.33651 0.680985 124.99
      vertex 7.33651 -0.680985 124.99
      vertex 7.37032 -0.610105 124.99
    endloop
  endfacet
  facet normal 0 0 1
    outer loop
      vertex 7.29904 0.75 124.99
      vertex 7.33651 -0.680985 124.99
      vertex 7.33651 0.680985 124.99
    endloop
  endfacet
  facet normal 0 0 1
    outer loop
      vertex 7.29904 0.75 124.99
      vertex 7.29904 -0.75 124.99
      vertex 7.33651 -0.680985 124.99
    endloop
  endfacet
  facet normal 0 0 1
    outer loop
      vertex 7.25801 0.816958 124.99
      vertex 7.29904 -0.75 124.99
      vertex 7.29904 0.75 124.99
    endloop
  endfacet
  facet normal 0 0 1
    outer loop
      vertex 7.25801 0.816958 124.99
      vertex 7.25801 -0.816958 124.99
      vertex 7.29904 -0.75 124.99
    endloop
  endfacet
  facet normal 0 0 1
    outer loop
      vertex 7.21352 0.881678 124.99
      vertex 7.25801 -0.816958 124.99
      vertex 7.25801 0.816958 124.99
    endloop
  endfacet
  facet normal 0 0 1
    outer loop
      vertex 7.21352 0.881678 124.99
      vertex 7.21352 -0.881678 124.99
      vertex 7.25801 -0.816958 124.99
    endloop
  endfacet
  facet normal 0 0 1
    outer loop
      vertex 7.16572 0.94398 124.99
      vertex 7.21352 -0.881678 124.99
      vertex 7.21352 0.881678 124.99
    endloop
  endfacet
  facet normal 0 0 1
    outer loop
      vertex 7.16572 0.94398 124.99
      vertex 7.16572 -0.94398 124.99
      vertex 7.21352 -0.881678 124.99
    endloop
  endfacet
  facet normal 0 0 1
    outer loop
      vertex 7.11472 1.0037 124.99
      vertex 7.16572 -0.94398 124.99
      vertex 7.16572 0.94398 124.99
    endloop
  endfacet
  facet normal 0 0 1
    outer loop
      vertex 7.11472 1.0037 124.99
      vertex 7.11472 -1.0037 124.99
      vertex 7.16572 -0.94398 124.99
    endloop
  endfacet
  facet normal 0 0 1
    outer loop
      vertex 7.06066 1.06066 124.99
      vertex 7.11472 -1.0037 124.99
      vertex 7.11472 1.0037 124.99
    endloop
  endfacet
  facet normal 0 0 1
    outer loop
      vertex 7.06066 1.06066 124.99
      vertex 7.06066 -1.06066 124.99
      vertex 7.11472 -1.0037 124.99
    endloop
  endfacet
  facet normal 0 0 1
    outer loop
      vertex 7.0037 1.11472 124.99
      vertex 7.06066 -1.06066 124.99
      vertex 7.06066 1.06066 124.99
    endloop
  endfacet
  facet normal 0 0 1
    outer loop
      vertex 7.0037 1.11472 124.99
      vertex 7.0037 -1.11472 124.99
      vertex 7.06066 -1.06066 124.99
    endloop
  endfacet
  facet normal 0 0 1
    outer loop
      vertex 6.94398 1.16572 124.99
      vertex 7.0037 -1.11472 124.99
      vertex 7.0037 1.11472 124.99
    endloop
  endfacet
  facet normal 0 0 1
    outer loop
      vertex 6.94398 1.16572 124.99
      vertex 6.94398 -1.16572 124.99
      vertex 7.0037 -1.11472 124.99
    endloop
  endfacet
  facet normal 0 0 1
    outer loop
      vertex 6.88168 1.21352 124.99
      vertex 6.94398 -1.16572 124.99
      vertex 6.94398 1.16572 124.99
    endloop
  endfacet
  facet normal 0 0 1
    outer loop
      vertex 6.88168 1.21352 124.99
      vertex 6.88168 -1.21352 124.99
      vertex 6.94398 -1.16572 124.99
    endloop
  endfacet
  facet normal 0 0 1
    outer loop
      vertex 6.81696 1.25801 124.99
      vertex 6.88168 -1.21352 124.99
      vertex 6.88168 1.21352 124.99
    endloop
  endfacet
  facet normal 0 0 1
    outer loop
      vertex 6.81696 1.25801 124.99
      vertex 6.81696 -1.25801 124.99
      vertex 6.88168 -1.21352 124.99
    endloop
  endfacet
  facet normal 0 0 1
    outer loop
      vertex 6.75 1.29904 124.99
      vertex 6.81696 -1.25801 124.99
      vertex 6.81696 1.25801 124.99
    endloop
  endfacet
  facet normal 0 0 1
    outer loop
      vertex 6.75 1.29904 124.99
      vertex 6.75 -1.29904 124.99
      vertex 6.81696 -1.25801 124.99
    endloop
  endfacet
  facet normal 0 0 1
    outer loop
      vertex 6.68099 1.33651 124.99
      vertex 6.75 -1.29904 124.99
      vertex 6.75 1.29904 124.99
    endloop
  endfacet
  facet normal 0 0 1
    outer loop
      vertex 6.68099 1.33651 124.99
      vertex 6.68099 -1.33651 124.99
      vertex 6.75 -1.29904 124.99
    endloop
  endfacet
  facet normal 0 0 1
    outer loop
      vertex 6.6101 1.37032 124.99
      vertex 6.68099 -1.33651 124.99
      vertex 6.68099 1.33651 124.99
    endloop
  endfacet
  facet normal 0 0 1
    outer loop
      vertex 6.6101 1.37032 124.99
      vertex 6.6101 -1.37032 124.99
      vertex 6.68099 -1.33651 124.99
    endloop
  endfacet
  facet normal 0 0 1
    outer loop
      vertex 6.53755 1.40037 124.99
      vertex 6.6101 -1.37032 124.99
      vertex 6.6101 1.37032 124.99
    endloop
  endfacet
  facet normal 0 0 1
    outer loop
      vertex 6.53755 1.40037 124.99
      vertex 6.53755 -1.40037 124.99
      vertex 6.6101 -1.37032 124.99
    endloop
  endfacet
  facet normal 0 0 1
    outer loop
      vertex 6.46352 1.42658 124.99
      vertex 6.53755 -1.40037 124.99
      vertex 6.53755 1.40037 124.99
    endloop
  endfacet
  facet normal 0 0 1
    outer loop
      vertex 6.46352 1.42658 124.99
      vertex 6.46352 -1.42658 124.99
      vertex 6.53755 -1.40037 124.99
    endloop
  endfacet
  facet normal 0 0 1
    outer loop
      vertex 6.38823 1.44889 124.99
      vertex 6.46352 -1.42658 124.99
      vertex 6.46352 1.42658 124.99
    endloop
  endfacet
  facet normal 0 0 1
    outer loop
      vertex 6.38823 1.44889 124.99
      vertex 6.38823 -1.44889 124.99
      vertex 6.46352 -1.42658 124.99
    endloop
  endfacet
  facet normal 0 0 1
    outer loop
      vertex 6.31187 1.46722 124.99
      vertex 6.38823 -1.44889 124.99
      vertex 6.38823 1.44889 124.99
    endloop
  endfacet
  facet normal 0 0 1
    outer loop
      vertex 6.31187 1.46722 124.99
      vertex 6.31187 -1.46722 124.99
      vertex 6.38823 -1.44889 124.99
    endloop
  endfacet
  facet normal 0 0 1
    outer loop
      vertex 6.23465 1.48153 124.99
      vertex 6.31187 -1.46722 124.99
      vertex 6.31187 1.46722 124.99
    endloop
  endfacet
  facet normal 0 0 1
    outer loop
      vertex 6.23465 1.48153 124.99
      vertex 6.23465 -1.48153 124.99
      vertex 6.31187 -1.46722 124.99
    endloop
  endfacet
  facet normal 0 0 1
    outer loop
      vertex 6.15679 1.49178 124.99
      vertex 6.23465 -1.48153 124.99
      vertex 6.23465 1.48153 124.99
    endloop
  endfacet
  facet normal 0 0 1
    outer loop
      vertex 6.15679 1.49178 124.99
      vertex 6.15679 -1.49178 124.99
      vertex 6.23465 -1.48153 124.99
    endloop
  endfacet
  facet normal 0 0 1
    outer loop
      vertex 6.0785 1.49794 124.99
      vertex 6.15679 -1.49178 124.99
      vertex 6.15679 1.49178 124.99
    endloop
  endfacet
  facet normal 0 0 1
    outer loop
      vertex 6.0785 1.49794 124.99
      vertex 6.0785 -1.49794 124.99
      vertex 6.15679 -1.49178 124.99
    endloop
  endfacet
  facet normal 0 0 1
    outer loop
      vertex 6 1.5 124.99
      vertex 6.0785 -1.49794 124.99
      vertex 6.0785 1.49794 124.99
    endloop
  endfacet
  facet normal 0 0 1
    outer loop
      vertex 6 1.5 124.99
      vertex 6 -1.5 124.99
      vertex 6.0785 -1.49794 124.99
    endloop
  endfacet
  facet normal -0 0 1
    outer loop
      vertex 5.9215 1.49794 124.99
      vertex 6 -1.5 124.99
      vertex 6 1.5 124.99
    endloop
  endfacet
  facet normal 0 0 1
    outer loop
      vertex 5.9215 1.49794 124.99
      vertex 5.9215 -1.49794 124.99
      vertex 6 -1.5 124.99
    endloop
  endfacet
  facet normal -0 0 1
    outer loop
      vertex 5.84321 1.49178 124.99
      vertex 5.9215 -1.49794 124.99
      vertex 5.9215 1.49794 124.99
    endloop
  endfacet
  facet normal 0 0 1
    outer loop
      vertex 5.84321 1.49178 124.99
      vertex 5.84321 -1.49178 124.99
      vertex 5.9215 -1.49794 124.99
    endloop
  endfacet
  facet normal -0 0 1
    outer loop
      vertex 5.76535 1.48153 124.99
      vertex 5.84321 -1.49178 124.99
      vertex 5.84321 1.49178 124.99
    endloop
  endfacet
  facet normal 0 0 1
    outer loop
      vertex 5.76535 1.48153 124.99
      vertex 5.76535 -1.48153 124.99
      vertex 5.84321 -1.49178 124.99
    endloop
  endfacet
  facet normal -0 0 1
    outer loop
      vertex 5.68813 1.46722 124.99
      vertex 5.76535 -1.48153 124.99
      vertex 5.76535 1.48153 124.99
    endloop
  endfacet
  facet normal 0 0 1
    outer loop
      vertex 5.68813 1.46722 124.99
      vertex 5.68813 -1.46722 124.99
      vertex 5.76535 -1.48153 124.99
    endloop
  endfacet
  facet normal -0 0 1
    outer loop
      vertex 5.61177 1.44889 124.99
      vertex 5.68813 -1.46722 124.99
      vertex 5.68813 1.46722 124.99
    endloop
  endfacet
  facet normal 0 0 1
    outer loop
      vertex 5.61177 1.44889 124.99
      vertex 5.61177 -1.44889 124.99
      vertex 5.68813 -1.46722 124.99
    endloop
  endfacet
  facet normal -0 0 1
    outer loop
      vertex 5.53647 1.42658 124.99
      vertex 5.61177 -1.44889 124.99
      vertex 5.61177 1.44889 124.99
    endloop
  endfacet
  facet normal 0 0 1
    outer loop
      vertex 5.53647 1.42658 124.99
      vertex 5.53647 -1.42658 124.99
      vertex 5.61177 -1.44889 124.99
    endloop
  endfacet
  facet normal -0 0 1
    outer loop
      vertex 5.46245 1.40037 124.99
      vertex 5.53647 -1.42658 124.99
      vertex 5.53647 1.42658 124.99
    endloop
  endfacet
  facet normal 0 0 1
    outer loop
      vertex 5.46245 1.40037 124.99
      vertex 5.46245 -1.40037 124.99
      vertex 5.53647 -1.42658 124.99
    endloop
  endfacet
  facet normal -0 0 1
    outer loop
      vertex 5.38989 1.37032 124.99
      vertex 5.46245 -1.40037 124.99
      vertex 5.46245 1.40037 124.99
    endloop
  endfacet
  facet normal 0 0 1
    outer loop
      vertex 5.38989 1.37032 124.99
      vertex 5.38989 -1.37032 124.99
      vertex 5.46245 -1.40037 124.99
    endloop
  endfacet
  facet normal -0 0 1
    outer loop
      vertex 5.31901 1.33651 124.99
      vertex 5.38989 -1.37032 124.99
      vertex 5.38989 1.37032 124.99
    endloop
  endfacet
  facet normal 0 0 1
    outer loop
      vertex 5.31901 1.33651 124.99
      vertex 5.31901 -1.33651 124.99
      vertex 5.38989 -1.37032 124.99
    endloop
  endfacet
  facet normal -0 0 1
    outer loop
      vertex 5.25 1.29904 124.99
      vertex 5.31901 -1.33651 124.99
      vertex 5.31901 1.33651 124.99
    endloop
  endfacet
  facet normal 0 0 1
    outer loop
      vertex 5.25 1.29904 124.99
      vertex 5.25 -1.29904 124.99
      vertex 5.31901 -1.33651 124.99
    endloop
  endfacet
  facet normal -0 0 1
    outer loop
      vertex 5.18304 1.25801 124.99
      vertex 5.25 -1.29904 124.99
      vertex 5.25 1.29904 124.99
    endloop
  endfacet
  facet normal 0 0 1
    outer loop
      vertex 5.18304 1.25801 124.99
      vertex 5.18304 -1.25801 124.99
      vertex 5.25 -1.29904 124.99
    endloop
  endfacet
  facet normal -0 0 1
    outer loop
      vertex 5.11832 1.21352 124.99
      vertex 5.18304 -1.25801 124.99
      vertex 5.18304 1.25801 124.99
    endloop
  endfacet
  facet normal 0 0 1
    outer loop
      vertex 5.11832 1.21352 124.99
      vertex 5.11832 -1.21352 124.99
      vertex 5.18304 -1.25801 124.99
    endloop
  endfacet
  facet normal -0 0 1
    outer loop
      vertex 5.05602 1.16572 124.99
      vertex 5.11832 -1.21352 124.99
      vertex 5.11832 1.21352 124.99
    endloop
  endfacet
  facet normal 0 0 1
    outer loop
      vertex 5.05602 1.16572 124.99
      vertex 5.05602 -1.16572 124.99
      vertex 5.11832 -1.21352 124.99
    endloop
  endfacet
  facet normal -0 0 1
    outer loop
      vertex 4.9963 1.11472 124.99
      vertex 5.05602 -1.16572 124.99
      vertex 5.05602 1.16572 124.99
    endloop
  endfacet
  facet normal 0 0 1
    outer loop
      vertex 4.9963 1.11472 124.99
      vertex 4.9963 -1.11472 124.99
      vertex 5.05602 -1.16572 124.99
    endloop
  endfacet
  facet normal -0 0 1
    outer loop
      vertex 4.93934 1.06066 124.99
      vertex 4.9963 -1.11472 124.99
      vertex 4.9963 1.11472 124.99
    endloop
  endfacet
  facet normal 0 0 1
    outer loop
      vertex 4.93934 1.06066 124.99
      vertex 4.93934 -1.06066 124.99
      vertex 4.9963 -1.11472 124.99
    endloop
  endfacet
  facet normal -0 0 1
    outer loop
      vertex 4.88528 1.0037 124.99
      vertex 4.93934 -1.06066 124.99
      vertex 4.93934 1.06066 124.99
    endloop
  endfacet
  facet normal 0 0 1
    outer loop
      vertex 4.88528 1.0037 124.99
      vertex 4.88528 -1.0037 124.99
      vertex 4.93934 -1.06066 124.99
    endloop
  endfacet
  facet normal -0 0 1
    outer loop
      vertex 4.83428 0.94398 124.99
      vertex 4.88528 -1.0037 124.99
      vertex 4.88528 1.0037 124.99
    endloop
  endfacet
  facet normal 0 0 1
    outer loop
      vertex 4.83428 0.94398 124.99
      vertex 4.83428 -0.94398 124.99
      vertex 4.88528 -1.0037 124.99
    endloop
  endfacet
  facet normal -0 0 1
    outer loop
      vertex 4.78647 0.881678 124.99
      vertex 4.83428 -0.94398 124.99
      vertex 4.83428 0.94398 124.99
    endloop
  endfacet
  facet normal 0 0 1
    outer loop
      vertex 4.78647 0.881678 124.99
      vertex 4.78647 -0.881678 124.99
      vertex 4.83428 -0.94398 124.99
    endloop
  endfacet
  facet normal -0 0 1
    outer loop
      vertex 4.74199 0.816958 124.99
      vertex 4.78647 -0.881678 124.99
      vertex 4.78647 0.881678 124.99
    endloop
  endfacet
  facet normal 0 0 1
    outer loop
      vertex 4.74199 0.816958 124.99
      vertex 4.74199 -0.816958 124.99
      vertex 4.78647 -0.881678 124.99
    endloop
  endfacet
  facet normal -0 0 1
    outer loop
      vertex 4.70096 0.75 124.99
      vertex 4.74199 -0.816958 124.99
      vertex 4.74199 0.816958 124.99
    endloop
  endfacet
  facet normal 0 0 1
    outer loop
      vertex 4.70096 0.75 124.99
      vertex 4.70096 -0.75 124.99
      vertex 4.74199 -0.816958 124.99
    endloop
  endfacet
  facet normal -0 0 1
    outer loop
      vertex 4.66349 0.680985 124.99
      vertex 4.70096 -0.75 124.99
      vertex 4.70096 0.75 124.99
    endloop
  endfacet
  facet normal 0 0 1
    outer loop
      vertex 4.66349 0.680985 124.99
      vertex 4.66349 -0.680985 124.99
      vertex 4.70096 -0.75 124.99
    endloop
  endfacet
  facet normal -0 0 1
    outer loop
      vertex 4.62968 0.610105 124.99
      vertex 4.66349 -0.680985 124.99
      vertex 4.66349 0.680985 124.99
    endloop
  endfacet
  facet normal 0 0 1
    outer loop
      vertex 4.62968 0.610105 124.99
      vertex 4.62968 -0.610105 124.99
      vertex 4.66349 -0.680985 124.99
    endloop
  endfacet
  facet normal -0 0 1
    outer loop
      vertex 4.59963 0.537552 124.99
      vertex 4.62968 -0.610105 124.99
      vertex 4.62968 0.610105 124.99
    endloop
  endfacet
  facet normal 0 0 1
    outer loop
      vertex 4.59963 0.537552 124.99
      vertex 4.59963 -0.537552 124.99
      vertex 4.62968 -0.610105 124.99
    endloop
  endfacet
  facet normal -0 0 1
    outer loop
      vertex 4.57341 0.463525 124.99
      vertex 4.59963 -0.537552 124.99
      vertex 4.59963 0.537552 124.99
    endloop
  endfacet
  facet normal 0 0 1
    outer loop
      vertex 4.57341 0.463525 124.99
      vertex 4.57341 -0.463525 124.99
      vertex 4.59963 -0.537552 124.99
    endloop
  endfacet
  facet normal -0 0 1
    outer loop
      vertex 4.55111 0.388228 124.99
      vertex 4.57341 -0.463525 124.99
      vertex 4.57341 0.463525 124.99
    endloop
  endfacet
  facet normal 0 0 1
    outer loop
      vertex 4.55111 0.388228 124.99
      vertex 4.55111 -0.388228 124.99
      vertex 4.57341 -0.463525 124.99
    endloop
  endfacet
  facet normal -0 0 1
    outer loop
      vertex 4.53278 0.311867 124.99
      vertex 4.55111 -0.388228 124.99
      vertex 4.55111 0.388228 124.99
    endloop
  endfacet
  facet normal 0 0 1
    outer loop
      vertex 4.53278 0.311867 124.99
      vertex 4.53278 -0.311867 124.99
      vertex 4.55111 -0.388228 124.99
    endloop
  endfacet
  facet normal -0 0 1
    outer loop
      vertex 4.51847 0.234652 124.99
      vertex 4.53278 -0.311867 124.99
      vertex 4.53278 0.311867 124.99
    endloop
  endfacet
  facet normal 0 0 1
    outer loop
      vertex 4.51847 0.234652 124.99
      vertex 4.51847 -0.234652 124.99
      vertex 4.53278 -0.311867 124.99
    endloop
  endfacet
  facet normal -0 0 1
    outer loop
      vertex 4.50822 0.156793 124.99
      vertex 4.51847 -0.234652 124.99
      vertex 4.51847 0.234652 124.99
    endloop
  endfacet
  facet normal 0 0 1
    outer loop
      vertex 4.50822 0.156793 124.99
      vertex 4.50822 -0.156793 124.99
      vertex 4.51847 -0.234652 124.99
    endloop
  endfacet
  facet normal -0 0 1
    outer loop
      vertex 4.50206 0.0785036 124.99
      vertex 4.50822 -0.156793 124.99
      vertex 4.50822 0.156793 124.99
    endloop
  endfacet
  facet normal 0 0 1
    outer loop
      vertex 4.50206 0.0785036 124.99
      vertex 4.50206 -0.0785036 124.99
      vertex 4.50822 -0.156793 124.99
    endloop
  endfacet
  facet normal 0 -0 1
    outer loop
      vertex 4.50206 -0.0785036 124.99
      vertex 4.50206 0.0785036 124.99
      vertex 4.5 0 124.99
    endloop
  endfacet
  facet normal -0.760442 -0.649406 0
    outer loop
      vertex 7.16572 0.94398 124.99
      vertex 7.11472 1.0037 125
      vertex 7.11472 1.0037 124.99
    endloop
  endfacet
  facet normal -0.760442 -0.649406 0
    outer loop
      vertex 7.11472 1.0037 125
      vertex 7.16572 0.94398 124.99
      vertex 7.16572 0.94398 125
    endloop
  endfacet
  facet normal -0.233416 0.972377 0
    outer loop
      vertex 6.38823 -1.44889 124.99
      vertex 6.31187 -1.46722 125
      vertex 6.38823 -1.44889 125
    endloop
  endfacet
  facet normal -0.233416 0.972377 0
    outer loop
      vertex 6.31187 -1.46722 125
      vertex 6.38823 -1.44889 124.99
      vertex 6.31187 -1.46722 124.99
    endloop
  endfacet
  facet normal -0.902576 0.430532 0
    outer loop
      vertex 7.33651 -0.680985 124.99
      vertex 7.37032 -0.610105 125
      vertex 7.37032 -0.610105 124.99
    endloop
  endfacet
  facet normal -0.902576 0.430532 0
    outer loop
      vertex 7.37032 -0.610105 125
      vertex 7.33651 -0.680985 124.99
      vertex 7.33651 -0.680985 125
    endloop
  endfacet
  facet normal 0.902576 -0.430532 0
    outer loop
      vertex 4.62968 0.610105 125
      vertex 4.66349 0.680985 124.99
      vertex 4.66349 0.680985 125
    endloop
  endfacet
  facet normal 0.902576 -0.430532 0
    outer loop
      vertex 4.66349 0.680985 124.99
      vertex 4.62968 0.610105 125
      vertex 4.62968 0.610105 124.99
    endloop
  endfacet
  facet normal 0.477165 0.878814 -0
    outer loop
      vertex 5.31901 -1.33651 124.99
      vertex 5.25 -1.29904 125
      vertex 5.31901 -1.33651 125
    endloop
  endfacet
  facet normal 0.477165 0.878814 0
    outer loop
      vertex 5.25 -1.29904 125
      vertex 5.31901 -1.33651 124.99
      vertex 5.25 -1.29904 124.99
    endloop
  endfacet
  facet normal 0.477165 -0.878814 0
    outer loop
      vertex 5.25 1.29904 124.99
      vertex 5.31901 1.33651 125
      vertex 5.25 1.29904 125
    endloop
  endfacet
  facet normal 0.477165 -0.878814 0
    outer loop
      vertex 5.31901 1.33651 125
      vertex 5.25 1.29904 124.99
      vertex 5.31901 1.33651 124.99
    endloop
  endfacet
  facet normal 0.182212 0.983259 -0
    outer loop
      vertex 5.76535 -1.48153 124.99
      vertex 5.68813 -1.46722 125
      vertex 5.76535 -1.48153 125
    endloop
  endfacet
  facet normal 0.182212 0.983259 0
    outer loop
      vertex 5.68813 -1.46722 125
      vertex 5.76535 -1.48153 124.99
      vertex 5.68813 -1.46722 124.99
    endloop
  endfacet
  facet normal 0.608726 0.793381 -0
    outer loop
      vertex 5.11832 -1.21352 124.99
      vertex 5.05602 -1.16572 125
      vertex 5.11832 -1.21352 125
    endloop
  endfacet
  facet normal 0.608726 0.793381 0
    outer loop
      vertex 5.05602 -1.16572 125
      vertex 5.11832 -1.21352 124.99
      vertex 5.05602 -1.16572 124.99
    endloop
  endfacet
  facet normal 0.38267 -0.923885 0
    outer loop
      vertex 1.244 7.07666 124.99
      vertex 1.31655 7.10671 125
      vertex 1.244 7.07666 125
    endloop
  endfacet
  facet normal 0.38267 -0.923885 0
    outer loop
      vertex 1.31655 7.10671 125
      vertex 1.244 7.07666 124.99
      vertex 1.31655 7.10671 124.99
    endloop
  endfacet
  facet normal -0.0262297 -0.999656 0
    outer loop
      vertex 1.8541 7.20634 124.99
      vertex 1.93261 7.20428 125
      vertex 1.8541 7.20634 125
    endloop
  endfacet
  facet normal -0.0262297 -0.999656 -0
    outer loop
      vertex 1.93261 7.20428 125
      vertex 1.8541 7.20634 124.99
      vertex 1.93261 7.20428 124.99
    endloop
  endfacet
  facet normal -0.996909 -0.0785659 0
    outer loop
      vertex 3.35205 5.78484 124.99
      vertex 3.34588 5.86313 125
      vertex 3.34588 5.86313 124.99
    endloop
  endfacet
  facet normal -0.996909 -0.0785659 0
    outer loop
      vertex 3.34588 5.86313 125
      vertex 3.35205 5.78484 124.99
      vertex 3.35205 5.78484 125
    endloop
  endfacet
  facet normal -0.999659 -0.0261057 0
    outer loop
      vertex 3.3541 5.70634 124.99
      vertex 3.35205 5.78484 125
      vertex 3.35205 5.78484 124.99
    endloop
  endfacet
  facet normal -0.999659 -0.0261057 0
    outer loop
      vertex 3.35205 5.78484 125
      vertex 3.3541 5.70634 124.99
      vertex 3.3541 5.70634 125
    endloop
  endfacet
  facet normal -0.991446 -0.13052 0
    outer loop
      vertex 3.34588 5.86313 124.99
      vertex 3.33563 5.94099 125
      vertex 3.33563 5.94099 124.99
    endloop
  endfacet
  facet normal -0.991446 -0.13052 0
    outer loop
      vertex 3.33563 5.94099 125
      vertex 3.34588 5.86313 124.99
      vertex 3.34588 5.86313 125
    endloop
  endfacet
  facet normal -0.942623 -0.333859 0
    outer loop
      vertex 3.28069 6.16986 124.99
      vertex 3.25447 6.24389 125
      vertex 3.25447 6.24389 124.99
    endloop
  endfacet
  facet normal -0.942623 -0.333859 0
    outer loop
      vertex 3.25447 6.24389 125
      vertex 3.28069 6.16986 124.99
      vertex 3.28069 6.16986 125
    endloop
  endfacet
  facet normal 0.608787 0.793333 -0
    outer loop
      vertex 0.972424 4.49281 124.99
      vertex 0.910121 4.54062 125
      vertex 0.972424 4.49281 125
    endloop
  endfacet
  facet normal 0.608787 0.793333 0
    outer loop
      vertex 0.910121 4.54062 125
      vertex 0.972424 4.49281 124.99
      vertex 0.910121 4.54062 124.99
    endloop
  endfacet
  facet normal -0.608726 -0.793381 0
    outer loop
      vertex 2.73578 6.91986 124.99
      vertex 2.79808 6.87206 125
      vertex 2.73578 6.91986 125
    endloop
  endfacet
  facet normal -0.608726 -0.793381 -0
    outer loop
      vertex 2.79808 6.87206 125
      vertex 2.73578 6.91986 124.99
      vertex 2.79808 6.87206 124.99
    endloop
  endfacet
  facet normal -0.793319 0.608806 0
    outer loop
      vertex 3.01982 4.76236 124.99
      vertex 3.06763 4.82466 125
      vertex 3.06763 4.82466 124.99
    endloop
  endfacet
  facet normal -0.793319 0.608806 0
    outer loop
      vertex 3.06763 4.82466 125
      vertex 3.01982 4.76236 124.99
      vertex 3.01982 4.76236 125
    endloop
  endfacet
  facet normal -0.983259 -0.182212 0
    outer loop
      vertex 3.33563 5.94099 124.99
      vertex 3.32132 6.01821 125
      vertex 3.32132 6.01821 124.99
    endloop
  endfacet
  facet normal -0.983259 -0.182212 0
    outer loop
      vertex 3.32132 6.01821 125
      vertex 3.33563 5.94099 124.99
      vertex 3.33563 5.94099 125
    endloop
  endfacet
  facet normal 0.430532 -0.902576 0
    outer loop
      vertex 1.17312 7.04285 124.99
      vertex 1.244 7.07666 125
      vertex 1.17312 7.04285 125
    endloop
  endfacet
  facet normal 0.430532 -0.902576 0
    outer loop
      vertex 1.244 7.07666 125
      vertex 1.17312 7.04285 124.99
      vertex 1.244 7.07666 124.99
    endloop
  endfacet
  facet normal -0.333786 -0.942649 0
    outer loop
      vertex 2.31763 7.13292 124.99
      vertex 2.39165 7.10671 125
      vertex 2.31763 7.13292 125
    endloop
  endfacet
  facet normal -0.333786 -0.942649 -0
    outer loop
      vertex 2.39165 7.10671 125
      vertex 2.31763 7.13292 124.99
      vertex 2.39165 7.10671 124.99
    endloop
  endfacet
  facet normal 0.923871 -0.382703 0
    outer loop
      vertex 0.453731 6.24389 125
      vertex 0.483784 6.31644 124.99
      vertex 0.483784 6.31644 125
    endloop
  endfacet
  facet normal 0.923871 -0.382703 0
    outer loop
      vertex 0.483784 6.31644 124.99
      vertex 0.453731 6.24389 125
      vertex 0.453731 6.24389 124.99
    endloop
  endfacet
  facet normal -0.382625 -0.923904 0
    outer loop
      vertex 2.39165 7.10671 124.99
      vertex 2.46421 7.07666 125
      vertex 2.39165 7.10671 125
    endloop
  endfacet
  facet normal -0.382625 -0.923904 -0
    outer loop
      vertex 2.46421 7.07666 125
      vertex 2.39165 7.10671 124.99
      vertex 2.46421 7.07666 124.99
    endloop
  endfacet
  facet normal 0.983257 -0.182225 0
    outer loop
      vertex 0.372569 5.94099 125
      vertex 0.38688 6.01821 124.99
      vertex 0.38688 6.01821 125
    endloop
  endfacet
  facet normal 0.983257 -0.182225 0
    outer loop
      vertex 0.38688 6.01821 124.99
      vertex 0.372569 5.94099 125
      vertex 0.372569 5.94099 124.99
    endloop
  endfacet
  facet normal -0.958837 0.283958 0
    outer loop
      vertex 3.28069 5.24281 124.99
      vertex 3.30299 5.31811 125
      vertex 3.30299 5.31811 124.99
    endloop
  endfacet
  facet normal -0.958837 0.283958 0
    outer loop
      vertex 3.30299 5.31811 125
      vertex 3.28069 5.24281 124.99
      vertex 3.28069 5.24281 125
    endloop
  endfacet
  facet normal -0.972377 -0.233416 0
    outer loop
      vertex 3.32132 6.01821 124.99
      vertex 3.30299 6.09457 125
      vertex 3.30299 6.09457 124.99
    endloop
  endfacet
  facet normal -0.972377 -0.233416 0
    outer loop
      vertex 3.30299 6.09457 125
      vertex 3.32132 6.01821 124.99
      vertex 3.32132 6.01821 125
    endloop
  endfacet
  facet normal -0.760442 0.649406 0
    outer loop
      vertex 2.96882 4.70264 124.99
      vertex 3.01982 4.76236 125
      vertex 3.01982 4.76236 124.99
    endloop
  endfacet
  facet normal -0.760442 0.649406 0
    outer loop
      vertex 3.01982 4.76236 125
      vertex 2.96882 4.70264 124.99
      vertex 2.96882 4.70264 125
    endloop
  endfacet
  facet normal -0.0785759 0.996908 0
    outer loop
      vertex 2.01089 4.21456 124.99
      vertex 1.93261 4.20839 125
      vertex 2.01089 4.21456 125
    endloop
  endfacet
  facet normal -0.0785759 0.996908 0
    outer loop
      vertex 1.93261 4.20839 125
      vertex 2.01089 4.21456 124.99
      vertex 1.93261 4.20839 124.99
    endloop
  endfacet
  facet normal -0.0261024 0.999659 0
    outer loop
      vertex 1.93261 4.20839 124.99
      vertex 1.8541 4.20634 125
      vertex 1.93261 4.20839 125
    endloop
  endfacet
  facet normal -0.0261024 0.999659 0
    outer loop
      vertex 1.8541 4.20634 125
      vertex 1.93261 4.20839 124.99
      vertex 1.8541 4.20634 124.99
    endloop
  endfacet
  facet normal -0.852658 -0.522469 0
    outer loop
      vertex 3.15314 6.45634 124.99
      vertex 3.11211 6.5233 125
      vertex 3.11211 6.5233 124.99
    endloop
  endfacet
  facet normal -0.852658 -0.522469 0
    outer loop
      vertex 3.11211 6.5233 125
      vertex 3.15314 6.45634 124.99
      vertex 3.15314 6.45634 125
    endloop
  endfacet
  facet normal 0.026233 -0.999656 0
    outer loop
      vertex 1.7756 7.20428 124.99
      vertex 1.8541 7.20634 125
      vertex 1.7756 7.20428 125
    endloop
  endfacet
  facet normal 0.026233 -0.999656 0
    outer loop
      vertex 1.8541 7.20634 125
      vertex 1.7756 7.20428 124.99
      vertex 1.8541 7.20634 124.99
    endloop
  endfacet
  facet normal 0.649438 0.760415 -0
    outer loop
      vertex 0.910121 4.54062 124.99
      vertex 0.850406 4.59162 125
      vertex 0.910121 4.54062 125
    endloop
  endfacet
  facet normal 0.649438 0.760415 0
    outer loop
      vertex 0.850406 4.59162 125
      vertex 0.910121 4.54062 124.99
      vertex 0.850406 4.59162 124.99
    endloop
  endfacet
  facet normal -0.824131 -0.566399 0
    outer loop
      vertex 3.11211 6.5233 124.99
      vertex 3.06763 6.58802 125
      vertex 3.06763 6.58802 124.99
    endloop
  endfacet
  facet normal -0.824131 -0.566399 0
    outer loop
      vertex 3.06763 6.58802 125
      vertex 3.11211 6.5233 124.99
      vertex 3.11211 6.5233 125
    endloop
  endfacet
  facet normal 0.824131 -0.566399 0
    outer loop
      vertex 0.596096 6.5233 125
      vertex 0.640576 6.58802 124.99
      vertex 0.640576 6.58802 125
    endloop
  endfacet
  facet normal 0.824131 -0.566399 0
    outer loop
      vertex 0.640576 6.58802 124.99
      vertex 0.596096 6.5233 125
      vertex 0.596096 6.5233 124.99
    endloop
  endfacet
  facet normal 0.999657 0.0261788 0
    outer loop
      vertex 0.356157 5.62783 125
      vertex 0.354101 5.70634 124.99
      vertex 0.354101 5.70634 125
    endloop
  endfacet
  facet normal 0.999657 0.0261788 0
    outer loop
      vertex 0.354101 5.70634 124.99
      vertex 0.356157 5.62783 125
      vertex 0.356157 5.62783 124.99
    endloop
  endfacet
  facet normal -0.233416 -0.972377 0
    outer loop
      vertex 2.16597 7.17356 124.99
      vertex 2.24233 7.15523 125
      vertex 2.16597 7.17356 125
    endloop
  endfacet
  facet normal -0.233416 -0.972377 -0
    outer loop
      vertex 2.24233 7.15523 125
      vertex 2.16597 7.17356 124.99
      vertex 2.24233 7.15523 124.99
    endloop
  endfacet
  facet normal -0.566399 0.824131 0
    outer loop
      vertex 2.73578 4.49281 124.99
      vertex 2.67106 4.44833 125
      vertex 2.73578 4.49281 125
    endloop
  endfacet
  facet normal -0.566399 0.824131 0
    outer loop
      vertex 2.67106 4.44833 125
      vertex 2.73578 4.49281 124.99
      vertex 2.67106 4.44833 124.99
    endloop
  endfacet
  facet normal -0.382625 0.923904 0
    outer loop
      vertex 2.46421 4.33602 124.99
      vertex 2.39165 4.30597 125
      vertex 2.46421 4.33602 125
    endloop
  endfacet
  facet normal -0.382625 0.923904 0
    outer loop
      vertex 2.39165 4.30597 125
      vertex 2.46421 4.33602 124.99
      vertex 2.39165 4.30597 124.99
    endloop
  endfacet
  facet normal -0.522562 -0.852601 0
    outer loop
      vertex 2.6041 7.00538 124.99
      vertex 2.67106 6.96434 125
      vertex 2.6041 7.00538 125
    endloop
  endfacet
  facet normal -0.522562 -0.852601 -0
    outer loop
      vertex 2.67106 6.96434 125
      vertex 2.6041 7.00538 124.99
      vertex 2.67106 6.96434 124.99
    endloop
  endfacet
  facet normal -0.852658 0.522469 0
    outer loop
      vertex 3.11211 4.88938 124.99
      vertex 3.15314 4.95634 125
      vertex 3.15314 4.95634 124.99
    endloop
  endfacet
  facet normal -0.852658 0.522469 0
    outer loop
      vertex 3.15314 4.95634 125
      vertex 3.11211 4.88938 124.99
      vertex 3.11211 4.88938 125
    endloop
  endfacet
  facet normal -0.430532 -0.902576 0
    outer loop
      vertex 2.46421 7.07666 124.99
      vertex 2.53509 7.04285 125
      vertex 2.46421 7.07666 125
    endloop
  endfacet
  facet normal -0.430532 -0.902576 -0
    outer loop
      vertex 2.53509 7.04285 125
      vertex 2.46421 7.07666 124.99
      vertex 2.53509 7.04285 124.99
    endloop
  endfacet
  facet normal 0.991446 -0.13052 0
    outer loop
      vertex 0.362319 5.86313 125
      vertex 0.372569 5.94099 124.99
      vertex 0.372569 5.94099 125
    endloop
  endfacet
  facet normal 0.991446 -0.13052 0
    outer loop
      vertex 0.372569 5.94099 124.99
      vertex 0.362319 5.86313 125
      vertex 0.362319 5.86313 124.99
    endloop
  endfacet
  facet normal 0.333746 -0.942663 0
    outer loop
      vertex 1.31655 7.10671 124.99
      vertex 1.39058 7.13292 125
      vertex 1.31655 7.10671 125
    endloop
  endfacet
  facet normal 0.333746 -0.942663 0
    outer loop
      vertex 1.39058 7.13292 125
      vertex 1.31655 7.10671 124.99
      vertex 1.39058 7.13292 124.99
    endloop
  endfacet
  facet normal -0.233416 0.972377 0
    outer loop
      vertex 2.24233 4.25745 124.99
      vertex 2.16597 4.23912 125
      vertex 2.24233 4.25745 125
    endloop
  endfacet
  facet normal -0.233416 0.972377 0
    outer loop
      vertex 2.16597 4.23912 125
      vertex 2.24233 4.25745 124.99
      vertex 2.16597 4.23912 124.99
    endloop
  endfacet
  facet normal 0.688376 0.725354 -0
    outer loop
      vertex 0.850406 4.59162 124.99
      vertex 0.793442 4.64568 125
      vertex 0.850406 4.59162 125
    endloop
  endfacet
  facet normal 0.688376 0.725354 0
    outer loop
      vertex 0.793442 4.64568 125
      vertex 0.850406 4.59162 124.99
      vertex 0.793442 4.64568 124.99
    endloop
  endfacet
  facet normal -0.284075 -0.958802 0
    outer loop
      vertex 2.24233 7.15523 124.99
      vertex 2.31763 7.13292 125
      vertex 2.24233 7.15523 125
    endloop
  endfacet
  facet normal -0.284075 -0.958802 -0
    outer loop
      vertex 2.31763 7.13292 125
      vertex 2.24233 7.15523 124.99
      vertex 2.31763 7.13292 124.99
    endloop
  endfacet
  facet normal -0.566399 -0.824131 0
    outer loop
      vertex 2.67106 6.96434 124.99
      vertex 2.73578 6.91986 125
      vertex 2.67106 6.96434 125
    endloop
  endfacet
  facet normal -0.566399 -0.824131 -0
    outer loop
      vertex 2.73578 6.91986 125
      vertex 2.67106 6.96434 124.99
      vertex 2.73578 6.91986 124.99
    endloop
  endfacet
  facet normal -0.878843 -0.477112 0
    outer loop
      vertex 3.19061 6.38732 124.99
      vertex 3.15314 6.45634 125
      vertex 3.15314 6.45634 124.99
    endloop
  endfacet
  facet normal -0.878843 -0.477112 0
    outer loop
      vertex 3.15314 6.45634 125
      vertex 3.19061 6.38732 124.99
      vertex 3.19061 6.38732 125
    endloop
  endfacet
  facet normal -0.688401 -0.72533 0
    outer loop
      vertex 2.8578 6.82106 124.99
      vertex 2.91476 6.767 125
      vertex 2.8578 6.82106 125
    endloop
  endfacet
  facet normal -0.688401 -0.72533 -0
    outer loop
      vertex 2.91476 6.767 125
      vertex 2.8578 6.82106 124.99
      vertex 2.91476 6.767 124.99
    endloop
  endfacet
  facet normal 0.13052 -0.991446 0
    outer loop
      vertex 1.61945 7.18787 124.99
      vertex 1.69731 7.19812 125
      vertex 1.61945 7.18787 125
    endloop
  endfacet
  facet normal 0.13052 -0.991446 0
    outer loop
      vertex 1.69731 7.19812 125
      vertex 1.61945 7.18787 124.99
      vertex 1.69731 7.19812 124.99
    endloop
  endfacet
  facet normal 0.878832 -0.477131 0
    outer loop
      vertex 0.517591 6.38732 125
      vertex 0.555063 6.45634 124.99
      vertex 0.555063 6.45634 125
    endloop
  endfacet
  facet normal 0.878832 -0.477131 0
    outer loop
      vertex 0.555063 6.45634 124.99
      vertex 0.517591 6.38732 125
      vertex 0.517591 6.38732 124.99
    endloop
  endfacet
  facet normal 0.824131 0.566399 0
    outer loop
      vertex 0.640576 4.82466 125
      vertex 0.596096 4.88938 124.99
      vertex 0.596096 4.88938 125
    endloop
  endfacet
  facet normal 0.824131 0.566399 0
    outer loop
      vertex 0.596096 4.88938 124.99
      vertex 0.640576 4.82466 125
      vertex 0.640576 4.82466 124.99
    endloop
  endfacet
  facet normal 0.0784394 -0.996919 0
    outer loop
      vertex 1.69731 7.19812 124.99
      vertex 1.7756 7.20428 125
      vertex 1.69731 7.19812 125
    endloop
  endfacet
  facet normal 0.0784394 -0.996919 0
    outer loop
      vertex 1.7756 7.20428 125
      vertex 1.69731 7.19812 124.99
      vertex 1.7756 7.20428 124.99
    endloop
  endfacet
  facet normal -0.983259 0.182212 0
    outer loop
      vertex 3.32132 5.39447 124.99
      vertex 3.33563 5.47169 125
      vertex 3.33563 5.47169 124.99
    endloop
  endfacet
  facet normal -0.983259 0.182212 0
    outer loop
      vertex 3.33563 5.47169 125
      vertex 3.32132 5.39447 124.99
      vertex 3.32132 5.39447 125
    endloop
  endfacet
  facet normal 0.477112 -0.878843 0
    outer loop
      vertex 1.1041 7.00538 124.99
      vertex 1.17312 7.04285 125
      vertex 1.1041 7.00538 125
    endloop
  endfacet
  facet normal 0.477112 -0.878843 0
    outer loop
      vertex 1.17312 7.04285 125
      vertex 1.1041 7.00538 124.99
      vertex 1.17312 7.04285 124.99
    endloop
  endfacet
  facet normal -0.958826 -0.283993 0
    outer loop
      vertex 3.30299 6.09457 124.99
      vertex 3.28069 6.16986 125
      vertex 3.28069 6.16986 124.99
    endloop
  endfacet
  facet normal -0.958826 -0.283993 0
    outer loop
      vertex 3.28069 6.16986 125
      vertex 3.30299 6.09457 124.99
      vertex 3.30299 6.09457 125
    endloop
  endfacet
  facet normal 0.991446 0.13052 0
    outer loop
      vertex 0.372569 5.47169 125
      vertex 0.362319 5.54955 124.99
      vertex 0.362319 5.54955 125
    endloop
  endfacet
  facet normal 0.991446 0.13052 0
    outer loop
      vertex 0.362319 5.54955 124.99
      vertex 0.372569 5.47169 125
      vertex 0.372569 5.47169 124.99
    endloop
  endfacet
  facet normal 0.430532 0.902576 -0
    outer loop
      vertex 1.244 4.33602 124.99
      vertex 1.17312 4.36983 125
      vertex 1.244 4.33602 125
    endloop
  endfacet
  facet normal 0.430532 0.902576 0
    outer loop
      vertex 1.17312 4.36983 125
      vertex 1.244 4.33602 124.99
      vertex 1.17312 4.36983 124.99
    endloop
  endfacet
  facet normal 0.983257 0.182225 0
    outer loop
      vertex 0.38688 5.39447 125
      vertex 0.372569 5.47169 124.99
      vertex 0.372569 5.47169 125
    endloop
  endfacet
  facet normal 0.983257 0.182225 0
    outer loop
      vertex 0.372569 5.47169 124.99
      vertex 0.38688 5.39447 125
      vertex 0.38688 5.39447 124.99
    endloop
  endfacet
  facet normal -0.13052 -0.991446 0
    outer loop
      vertex 2.01089 7.19812 124.99
      vertex 2.08875 7.18787 125
      vertex 2.01089 7.19812 125
    endloop
  endfacet
  facet normal -0.13052 -0.991446 -0
    outer loop
      vertex 2.08875 7.18787 125
      vertex 2.01089 7.19812 124.99
      vertex 2.08875 7.18787 124.99
    endloop
  endfacet
  facet normal -0.13052 0.991446 0
    outer loop
      vertex 2.08875 4.22481 124.99
      vertex 2.01089 4.21456 125
      vertex 2.08875 4.22481 125
    endloop
  endfacet
  facet normal -0.13052 0.991446 0
    outer loop
      vertex 2.01089 4.21456 125
      vertex 2.08875 4.22481 124.99
      vertex 2.01089 4.21456 124.99
    endloop
  endfacet
  facet normal 0.233416 0.972377 -0
    outer loop
      vertex 1.54223 4.23912 124.99
      vertex 1.46587 4.25745 125
      vertex 1.54223 4.23912 125
    endloop
  endfacet
  facet normal 0.233416 0.972377 0
    outer loop
      vertex 1.46587 4.25745 125
      vertex 1.54223 4.23912 124.99
      vertex 1.46587 4.25745 124.99
    endloop
  endfacet
  facet normal -0.991446 0.13052 0
    outer loop
      vertex 3.33563 5.47169 124.99
      vertex 3.34588 5.54955 125
      vertex 3.34588 5.54955 124.99
    endloop
  endfacet
  facet normal -0.991446 0.13052 0
    outer loop
      vertex 3.34588 5.54955 125
      vertex 3.33563 5.47169 124.99
      vertex 3.33563 5.47169 125
    endloop
  endfacet
  facet normal 0.233416 -0.972377 0
    outer loop
      vertex 1.46587 7.15523 124.99
      vertex 1.54223 7.17356 125
      vertex 1.46587 7.15523 125
    endloop
  endfacet
  facet normal 0.233416 -0.972377 0
    outer loop
      vertex 1.54223 7.17356 125
      vertex 1.46587 7.15523 124.99
      vertex 1.54223 7.17356 124.99
    endloop
  endfacet
  facet normal -0.999659 0.0261024 0
    outer loop
      vertex 3.35205 5.62783 124.99
      vertex 3.3541 5.70634 125
      vertex 3.3541 5.70634 124.99
    endloop
  endfacet
  facet normal -0.999659 0.0261024 0
    outer loop
      vertex 3.3541 5.70634 125
      vertex 3.35205 5.62783 124.99
      vertex 3.35205 5.62783 125
    endloop
  endfacet
  facet normal 0.182212 0.983259 -0
    outer loop
      vertex 1.61945 4.22481 124.99
      vertex 1.54223 4.23912 125
      vertex 1.61945 4.22481 125
    endloop
  endfacet
  facet normal 0.182212 0.983259 0
    outer loop
      vertex 1.54223 4.23912 125
      vertex 1.61945 4.22481 124.99
      vertex 1.54223 4.23912 124.99
    endloop
  endfacet
  facet normal -0.430532 0.902576 0
    outer loop
      vertex 2.53509 4.36983 124.99
      vertex 2.46421 4.33602 125
      vertex 2.53509 4.36983 125
    endloop
  endfacet
  facet normal -0.430532 0.902576 0
    outer loop
      vertex 2.46421 4.33602 125
      vertex 2.53509 4.36983 124.99
      vertex 2.46421 4.33602 124.99
    endloop
  endfacet
  facet normal -0.72539 -0.688338 0
    outer loop
      vertex 2.96882 6.71003 124.99
      vertex 2.91476 6.767 125
      vertex 2.91476 6.767 124.99
    endloop
  endfacet
  facet normal -0.72539 -0.688338 0
    outer loop
      vertex 2.91476 6.767 125
      vertex 2.96882 6.71003 124.99
      vertex 2.96882 6.71003 125
    endloop
  endfacet
  facet normal -0.996908 0.0785759 0
    outer loop
      vertex 3.34588 5.54955 124.99
      vertex 3.35205 5.62783 125
      vertex 3.35205 5.62783 124.99
    endloop
  endfacet
  facet normal -0.996908 0.0785759 0
    outer loop
      vertex 3.35205 5.62783 125
      vertex 3.34588 5.54955 124.99
      vertex 3.34588 5.54955 125
    endloop
  endfacet
  facet normal 0.999657 -0.0261821 0
    outer loop
      vertex 0.354101 5.70634 125
      vertex 0.356157 5.78484 124.99
      vertex 0.356157 5.78484 125
    endloop
  endfacet
  facet normal 0.999657 -0.0261821 0
    outer loop
      vertex 0.356157 5.78484 124.99
      vertex 0.354101 5.70634 125
      vertex 0.354101 5.70634 124.99
    endloop
  endfacet
  facet normal 0.566423 -0.824115 0
    outer loop
      vertex 0.972424 6.91986 124.99
      vertex 1.03714 6.96434 125
      vertex 0.972424 6.91986 125
    endloop
  endfacet
  facet normal 0.566423 -0.824115 0
    outer loop
      vertex 1.03714 6.96434 125
      vertex 0.972424 6.91986 124.99
      vertex 1.03714 6.96434 124.99
    endloop
  endfacet
  facet normal 0.760423 0.649428 0
    outer loop
      vertex 0.739385 4.70264 125
      vertex 0.688382 4.76236 124.99
      vertex 0.688382 4.76236 125
    endloop
  endfacet
  facet normal 0.760423 0.649428 0
    outer loop
      vertex 0.688382 4.76236 124.99
      vertex 0.739385 4.70264 125
      vertex 0.739385 4.70264 124.99
    endloop
  endfacet
  facet normal 0.90259 0.4305 0
    outer loop
      vertex 0.517591 5.02535 125
      vertex 0.483784 5.09623 124.99
      vertex 0.483784 5.09623 125
    endloop
  endfacet
  facet normal 0.90259 0.4305 0
    outer loop
      vertex 0.483784 5.09623 124.99
      vertex 0.517591 5.02535 125
      vertex 0.517591 5.02535 124.99
    endloop
  endfacet
  facet normal -0.824131 0.566399 0
    outer loop
      vertex 3.06763 4.82466 124.99
      vertex 3.11211 4.88938 125
      vertex 3.11211 4.88938 124.99
    endloop
  endfacet
  facet normal -0.824131 0.566399 0
    outer loop
      vertex 3.11211 4.88938 125
      vertex 3.06763 4.82466 124.99
      vertex 3.06763 4.82466 125
    endloop
  endfacet
  facet normal -0.972377 0.233416 0
    outer loop
      vertex 3.30299 5.31811 124.99
      vertex 3.32132 5.39447 125
      vertex 3.32132 5.39447 124.99
    endloop
  endfacet
  facet normal -0.972377 0.233416 0
    outer loop
      vertex 3.32132 5.39447 125
      vertex 3.30299 5.31811 124.99
      vertex 3.30299 5.31811 125
    endloop
  endfacet
  facet normal 0.972371 0.23344 0
    outer loop
      vertex 0.405212 5.31811 125
      vertex 0.38688 5.39447 124.99
      vertex 0.38688 5.39447 125
    endloop
  endfacet
  facet normal 0.972371 0.23344 0
    outer loop
      vertex 0.38688 5.39447 124.99
      vertex 0.405212 5.31811 125
      vertex 0.405212 5.31811 124.99
    endloop
  endfacet
  facet normal 0.333859 0.942623 -0
    outer loop
      vertex 1.39058 4.27975 124.99
      vertex 1.31655 4.30597 125
      vertex 1.39058 4.27975 125
    endloop
  endfacet
  facet normal 0.333859 0.942623 0
    outer loop
      vertex 1.31655 4.30597 125
      vertex 1.39058 4.27975 124.99
      vertex 1.31655 4.30597 124.99
    endloop
  endfacet
  facet normal 0.283993 0.958826 -0
    outer loop
      vertex 1.46587 4.25745 124.99
      vertex 1.39058 4.27975 125
      vertex 1.46587 4.25745 125
    endloop
  endfacet
  facet normal 0.283993 0.958826 0
    outer loop
      vertex 1.39058 4.27975 125
      vertex 1.46587 4.25745 124.99
      vertex 1.39058 4.27975 124.99
    endloop
  endfacet
  facet normal -0.902576 -0.430532 0
    outer loop
      vertex 3.22442 6.31644 124.99
      vertex 3.19061 6.38732 125
      vertex 3.19061 6.38732 124.99
    endloop
  endfacet
  facet normal -0.902576 -0.430532 0
    outer loop
      vertex 3.19061 6.38732 125
      vertex 3.22442 6.31644 124.99
      vertex 3.22442 6.31644 125
    endloop
  endfacet
  facet normal -0.760388 -0.649469 0
    outer loop
      vertex 3.01982 6.65032 124.99
      vertex 2.96882 6.71003 125
      vertex 2.96882 6.71003 124.99
    endloop
  endfacet
  facet normal -0.760388 -0.649469 0
    outer loop
      vertex 2.96882 6.71003 125
      vertex 3.01982 6.65032 124.99
      vertex 3.01982 6.65032 125
    endloop
  endfacet
  facet normal 0.793344 0.608774 0
    outer loop
      vertex 0.688382 4.76236 125
      vertex 0.640576 4.82466 124.99
      vertex 0.640576 4.82466 125
    endloop
  endfacet
  facet normal 0.793344 0.608774 0
    outer loop
      vertex 0.640576 4.82466 124.99
      vertex 0.688382 4.76236 125
      vertex 0.688382 4.76236 124.99
    endloop
  endfacet
  facet normal 0.28411 -0.958792 0
    outer loop
      vertex 1.39058 7.13292 124.99
      vertex 1.46587 7.15523 125
      vertex 1.39058 7.13292 125
    endloop
  endfacet
  facet normal 0.28411 -0.958792 0
    outer loop
      vertex 1.46587 7.15523 125
      vertex 1.39058 7.13292 124.99
      vertex 1.46587 7.15523 124.99
    endloop
  endfacet
  facet normal -0.333899 0.942609 0
    outer loop
      vertex 2.39165 4.30597 124.99
      vertex 2.31763 4.27975 125
      vertex 2.39165 4.30597 125
    endloop
  endfacet
  facet normal -0.333899 0.942609 0
    outer loop
      vertex 2.31763 4.27975 125
      vertex 2.39165 4.30597 124.99
      vertex 2.31763 4.27975 124.99
    endloop
  endfacet
  facet normal 0 0 1
    outer loop
      vertex 3.35205 5.78484 124.99
      vertex 3.35205 5.62783 124.99
      vertex 3.3541 5.70634 124.99
    endloop
  endfacet
  facet normal 0 0 1
    outer loop
      vertex 3.34588 5.86313 124.99
      vertex 3.35205 5.62783 124.99
      vertex 3.35205 5.78484 124.99
    endloop
  endfacet
  facet normal 0 0 1
    outer loop
      vertex 3.34588 5.86313 124.99
      vertex 3.34588 5.54955 124.99
      vertex 3.35205 5.62783 124.99
    endloop
  endfacet
  facet normal 0 0 1
    outer loop
      vertex 3.33563 5.94099 124.99
      vertex 3.34588 5.54955 124.99
      vertex 3.34588 5.86313 124.99
    endloop
  endfacet
  facet normal 0 0 1
    outer loop
      vertex 3.33563 5.94099 124.99
      vertex 3.33563 5.47169 124.99
      vertex 3.34588 5.54955 124.99
    endloop
  endfacet
  facet normal 0 0 1
    outer loop
      vertex 3.32132 6.01821 124.99
      vertex 3.33563 5.47169 124.99
      vertex 3.33563 5.94099 124.99
    endloop
  endfacet
  facet normal 0 0 1
    outer loop
      vertex 3.32132 6.01821 124.99
      vertex 3.32132 5.39447 124.99
      vertex 3.33563 5.47169 124.99
    endloop
  endfacet
  facet normal 0 0 1
    outer loop
      vertex 3.30299 6.09457 124.99
      vertex 3.32132 5.39447 124.99
      vertex 3.32132 6.01821 124.99
    endloop
  endfacet
  facet normal 0 0 1
    outer loop
      vertex 3.30299 6.09457 124.99
      vertex 3.30299 5.31811 124.99
      vertex 3.32132 5.39447 124.99
    endloop
  endfacet
  facet normal 0 0 1
    outer loop
      vertex 3.28069 6.16986 124.99
      vertex 3.30299 5.31811 124.99
      vertex 3.30299 6.09457 124.99
    endloop
  endfacet
  facet normal 0 0 1
    outer loop
      vertex 3.28069 6.16986 124.99
      vertex 3.28069 5.24281 124.99
      vertex 3.30299 5.31811 124.99
    endloop
  endfacet
  facet normal 0 0 1
    outer loop
      vertex 3.25447 6.24389 124.99
      vertex 3.28069 5.24281 124.99
      vertex 3.28069 6.16986 124.99
    endloop
  endfacet
  facet normal 0 0 1
    outer loop
      vertex 3.25447 6.24389 124.99
      vertex 3.25447 5.16879 124.99
      vertex 3.28069 5.24281 124.99
    endloop
  endfacet
  facet normal 0 0 1
    outer loop
      vertex 3.22442 6.31644 124.99
      vertex 3.25447 5.16879 124.99
      vertex 3.25447 6.24389 124.99
    endloop
  endfacet
  facet normal 0 0 1
    outer loop
      vertex 3.22442 6.31644 124.99
      vertex 3.22442 5.09623 124.99
      vertex 3.25447 5.16879 124.99
    endloop
  endfacet
  facet normal 0 0 1
    outer loop
      vertex 3.19061 6.38732 124.99
      vertex 3.22442 5.09623 124.99
      vertex 3.22442 6.31644 124.99
    endloop
  endfacet
  facet normal 0 0 1
    outer loop
      vertex 3.19061 6.38732 124.99
      vertex 3.19061 5.02535 124.99
      vertex 3.22442 5.09623 124.99
    endloop
  endfacet
  facet normal 0 0 1
    outer loop
      vertex 3.15314 6.45634 124.99
      vertex 3.19061 5.02535 124.99
      vertex 3.19061 6.38732 124.99
    endloop
  endfacet
  facet normal 0 0 1
    outer loop
      vertex 3.15314 6.45634 124.99
      vertex 3.15314 4.95634 124.99
      vertex 3.19061 5.02535 124.99
    endloop
  endfacet
  facet normal 0 0 1
    outer loop
      vertex 3.11211 6.5233 124.99
      vertex 3.15314 4.95634 124.99
      vertex 3.15314 6.45634 124.99
    endloop
  endfacet
  facet normal 0 0 1
    outer loop
      vertex 3.11211 6.5233 124.99
      vertex 3.11211 4.88938 124.99
      vertex 3.15314 4.95634 124.99
    endloop
  endfacet
  facet normal 0 0 1
    outer loop
      vertex 3.06763 6.58802 124.99
      vertex 3.11211 4.88938 124.99
      vertex 3.11211 6.5233 124.99
    endloop
  endfacet
  facet normal 0 0 1
    outer loop
      vertex 3.06763 6.58802 124.99
      vertex 3.06763 4.82466 124.99
      vertex 3.11211 4.88938 124.99
    endloop
  endfacet
  facet normal 0 0 1
    outer loop
      vertex 3.01982 6.65032 124.99
      vertex 3.06763 4.82466 124.99
      vertex 3.06763 6.58802 124.99
    endloop
  endfacet
  facet normal 0 0 1
    outer loop
      vertex 3.01982 6.65032 124.99
      vertex 3.01982 4.76236 124.99
      vertex 3.06763 4.82466 124.99
    endloop
  endfacet
  facet normal 0 0 1
    outer loop
      vertex 2.96882 6.71003 124.99
      vertex 3.01982 4.76236 124.99
      vertex 3.01982 6.65032 124.99
    endloop
  endfacet
  facet normal 0 0 1
    outer loop
      vertex 2.96882 6.71003 124.99
      vertex 2.96882 4.70264 124.99
      vertex 3.01982 4.76236 124.99
    endloop
  endfacet
  facet normal 0 0 1
    outer loop
      vertex 2.91476 6.767 124.99
      vertex 2.96882 4.70264 124.99
      vertex 2.96882 6.71003 124.99
    endloop
  endfacet
  facet normal 0 0 1
    outer loop
      vertex 2.91476 6.767 124.99
      vertex 2.91476 4.64568 124.99
      vertex 2.96882 4.70264 124.99
    endloop
  endfacet
  facet normal 0 0 1
    outer loop
      vertex 2.8578 6.82106 124.99
      vertex 2.91476 4.64568 124.99
      vertex 2.91476 6.767 124.99
    endloop
  endfacet
  facet normal 0 0 1
    outer loop
      vertex 2.8578 6.82106 124.99
      vertex 2.8578 4.59162 124.99
      vertex 2.91476 4.64568 124.99
    endloop
  endfacet
  facet normal 0 0 1
    outer loop
      vertex 2.79808 6.87206 124.99
      vertex 2.8578 4.59162 124.99
      vertex 2.8578 6.82106 124.99
    endloop
  endfacet
  facet normal 0 0 1
    outer loop
      vertex 2.79808 6.87206 124.99
      vertex 2.79808 4.54062 124.99
      vertex 2.8578 4.59162 124.99
    endloop
  endfacet
  facet normal 0 0 1
    outer loop
      vertex 2.73578 6.91986 124.99
      vertex 2.79808 4.54062 124.99
      vertex 2.79808 6.87206 124.99
    endloop
  endfacet
  facet normal 0 0 1
    outer loop
      vertex 2.73578 6.91986 124.99
      vertex 2.73578 4.49281 124.99
      vertex 2.79808 4.54062 124.99
    endloop
  endfacet
  facet normal 0 0 1
    outer loop
      vertex 2.67106 6.96434 124.99
      vertex 2.73578 4.49281 124.99
      vertex 2.73578 6.91986 124.99
    endloop
  endfacet
  facet normal 0 0 1
    outer loop
      vertex 2.67106 6.96434 124.99
      vertex 2.67106 4.44833 124.99
      vertex 2.73578 4.49281 124.99
    endloop
  endfacet
  facet normal 0 0 1
    outer loop
      vertex 2.6041 7.00538 124.99
      vertex 2.67106 4.44833 124.99
      vertex 2.67106 6.96434 124.99
    endloop
  endfacet
  facet normal 0 0 1
    outer loop
      vertex 2.6041 7.00538 124.99
      vertex 2.6041 4.4073 124.99
      vertex 2.67106 4.44833 124.99
    endloop
  endfacet
  facet normal 0 0 1
    outer loop
      vertex 2.53509 7.04285 124.99
      vertex 2.6041 4.4073 124.99
      vertex 2.6041 7.00538 124.99
    endloop
  endfacet
  facet normal 0 0 1
    outer loop
      vertex 2.53509 7.04285 124.99
      vertex 2.53509 4.36983 124.99
      vertex 2.6041 4.4073 124.99
    endloop
  endfacet
  facet normal 0 0 1
    outer loop
      vertex 2.46421 7.07666 124.99
      vertex 2.53509 4.36983 124.99
      vertex 2.53509 7.04285 124.99
    endloop
  endfacet
  facet normal 0 0 1
    outer loop
      vertex 2.46421 7.07666 124.99
      vertex 2.46421 4.33602 124.99
      vertex 2.53509 4.36983 124.99
    endloop
  endfacet
  facet normal 0 0 1
    outer loop
      vertex 2.39165 7.10671 124.99
      vertex 2.46421 4.33602 124.99
      vertex 2.46421 7.07666 124.99
    endloop
  endfacet
  facet normal 0 0 1
    outer loop
      vertex 2.39165 7.10671 124.99
      vertex 2.39165 4.30597 124.99
      vertex 2.46421 4.33602 124.99
    endloop
  endfacet
  facet normal 0 0 1
    outer loop
      vertex 2.31763 7.13292 124.99
      vertex 2.39165 4.30597 124.99
      vertex 2.39165 7.10671 124.99
    endloop
  endfacet
  facet normal 0 0 1
    outer loop
      vertex 2.31763 7.13292 124.99
      vertex 2.31763 4.27975 124.99
      vertex 2.39165 4.30597 124.99
    endloop
  endfacet
  facet normal 0 0 1
    outer loop
      vertex 2.24233 7.15523 124.99
      vertex 2.31763 4.27975 124.99
      vertex 2.31763 7.13292 124.99
    endloop
  endfacet
  facet normal 0 0 1
    outer loop
      vertex 2.24233 7.15523 124.99
      vertex 2.24233 4.25745 124.99
      vertex 2.31763 4.27975 124.99
    endloop
  endfacet
  facet normal 0 0 1
    outer loop
      vertex 2.16597 7.17356 124.99
      vertex 2.24233 4.25745 124.99
      vertex 2.24233 7.15523 124.99
    endloop
  endfacet
  facet normal 0 0 1
    outer loop
      vertex 2.16597 7.17356 124.99
      vertex 2.16597 4.23912 124.99
      vertex 2.24233 4.25745 124.99
    endloop
  endfacet
  facet normal 0 0 1
    outer loop
      vertex 2.08875 7.18787 124.99
      vertex 2.16597 4.23912 124.99
      vertex 2.16597 7.17356 124.99
    endloop
  endfacet
  facet normal 0 0 1
    outer loop
      vertex 2.08875 7.18787 124.99
      vertex 2.08875 4.22481 124.99
      vertex 2.16597 4.23912 124.99
    endloop
  endfacet
  facet normal 0 0 1
    outer loop
      vertex 2.01089 7.19812 124.99
      vertex 2.08875 4.22481 124.99
      vertex 2.08875 7.18787 124.99
    endloop
  endfacet
  facet normal 0 0 1
    outer loop
      vertex 2.01089 7.19812 124.99
      vertex 2.01089 4.21456 124.99
      vertex 2.08875 4.22481 124.99
    endloop
  endfacet
  facet normal 0 0 1
    outer loop
      vertex 1.93261 7.20428 124.99
      vertex 2.01089 4.21456 124.99
      vertex 2.01089 7.19812 124.99
    endloop
  endfacet
  facet normal 0 0 1
    outer loop
      vertex 1.93261 7.20428 124.99
      vertex 1.93261 4.20839 124.99
      vertex 2.01089 4.21456 124.99
    endloop
  endfacet
  facet normal 0 0 1
    outer loop
      vertex 1.8541 7.20634 124.99
      vertex 1.93261 4.20839 124.99
      vertex 1.93261 7.20428 124.99
    endloop
  endfacet
  facet normal 0 0 1
    outer loop
      vertex 1.8541 7.20634 124.99
      vertex 1.8541 4.20634 124.99
      vertex 1.93261 4.20839 124.99
    endloop
  endfacet
  facet normal -0 0 1
    outer loop
      vertex 1.7756 7.20428 124.99
      vertex 1.8541 4.20634 124.99
      vertex 1.8541 7.20634 124.99
    endloop
  endfacet
  facet normal 0 0 1
    outer loop
      vertex 1.7756 7.20428 124.99
      vertex 1.7756 4.20839 124.99
      vertex 1.8541 4.20634 124.99
    endloop
  endfacet
  facet normal -0 0 1
    outer loop
      vertex 1.69731 7.19812 124.99
      vertex 1.7756 4.20839 124.99
      vertex 1.7756 7.20428 124.99
    endloop
  endfacet
  facet normal 0 0 1
    outer loop
      vertex 1.69731 7.19812 124.99
      vertex 1.69731 4.21456 124.99
      vertex 1.7756 4.20839 124.99
    endloop
  endfacet
  facet normal -0 0 1
    outer loop
      vertex 1.61945 7.18787 124.99
      vertex 1.69731 4.21456 124.99
      vertex 1.69731 7.19812 124.99
    endloop
  endfacet
  facet normal 0 0 1
    outer loop
      vertex 1.61945 7.18787 124.99
      vertex 1.61945 4.22481 124.99
      vertex 1.69731 4.21456 124.99
    endloop
  endfacet
  facet normal -0 0 1
    outer loop
      vertex 1.54223 7.17356 124.99
      vertex 1.61945 4.22481 124.99
      vertex 1.61945 7.18787 124.99
    endloop
  endfacet
  facet normal 0 0 1
    outer loop
      vertex 1.54223 7.17356 124.99
      vertex 1.54223 4.23912 124.99
      vertex 1.61945 4.22481 124.99
    endloop
  endfacet
  facet normal -0 0 1
    outer loop
      vertex 1.46587 7.15523 124.99
      vertex 1.54223 4.23912 124.99
      vertex 1.54223 7.17356 124.99
    endloop
  endfacet
  facet normal 0 0 1
    outer loop
      vertex 1.46587 7.15523 124.99
      vertex 1.46587 4.25745 124.99
      vertex 1.54223 4.23912 124.99
    endloop
  endfacet
  facet normal -0 0 1
    outer loop
      vertex 1.39058 7.13292 124.99
      vertex 1.46587 4.25745 124.99
      vertex 1.46587 7.15523 124.99
    endloop
  endfacet
  facet normal 0 0 1
    outer loop
      vertex 1.39058 7.13292 124.99
      vertex 1.39058 4.27975 124.99
      vertex 1.46587 4.25745 124.99
    endloop
  endfacet
  facet normal -0 0 1
    outer loop
      vertex 1.31655 7.10671 124.99
      vertex 1.39058 4.27975 124.99
      vertex 1.39058 7.13292 124.99
    endloop
  endfacet
  facet normal 0 0 1
    outer loop
      vertex 1.31655 7.10671 124.99
      vertex 1.31655 4.30597 124.99
      vertex 1.39058 4.27975 124.99
    endloop
  endfacet
  facet normal -0 0 1
    outer loop
      vertex 1.244 7.07666 124.99
      vertex 1.31655 4.30597 124.99
      vertex 1.31655 7.10671 124.99
    endloop
  endfacet
  facet normal 0 0 1
    outer loop
      vertex 1.244 7.07666 124.99
      vertex 1.244 4.33602 124.99
      vertex 1.31655 4.30597 124.99
    endloop
  endfacet
  facet normal -0 0 1
    outer loop
      vertex 1.17312 7.04285 124.99
      vertex 1.244 4.33602 124.99
      vertex 1.244 7.07666 124.99
    endloop
  endfacet
  facet normal 0 0 1
    outer loop
      vertex 1.17312 7.04285 124.99
      vertex 1.17312 4.36983 124.99
      vertex 1.244 4.33602 124.99
    endloop
  endfacet
  facet normal -0 0 1
    outer loop
      vertex 1.1041 7.00538 124.99
      vertex 1.17312 4.36983 124.99
      vertex 1.17312 7.04285 124.99
    endloop
  endfacet
  facet normal 0 0 1
    outer loop
      vertex 1.1041 7.00538 124.99
      vertex 1.1041 4.4073 124.99
      vertex 1.17312 4.36983 124.99
    endloop
  endfacet
  facet normal -0 0 1
    outer loop
      vertex 1.03714 6.96434 124.99
      vertex 1.1041 4.4073 124.99
      vertex 1.1041 7.00538 124.99
    endloop
  endfacet
  facet normal 0 0 1
    outer loop
      vertex 1.03714 6.96434 124.99
      vertex 1.03714 4.44833 124.99
      vertex 1.1041 4.4073 124.99
    endloop
  endfacet
  facet normal -0 0 1
    outer loop
      vertex 0.972424 6.91986 124.99
      vertex 1.03714 4.44833 124.99
      vertex 1.03714 6.96434 124.99
    endloop
  endfacet
  facet normal 0 0 1
    outer loop
      vertex 0.972424 6.91986 124.99
      vertex 0.972424 4.49281 124.99
      vertex 1.03714 4.44833 124.99
    endloop
  endfacet
  facet normal -0 0 1
    outer loop
      vertex 0.910121 6.87206 124.99
      vertex 0.972424 4.49281 124.99
      vertex 0.972424 6.91986 124.99
    endloop
  endfacet
  facet normal 0 0 1
    outer loop
      vertex 0.910121 6.87206 124.99
      vertex 0.910121 4.54062 124.99
      vertex 0.972424 4.49281 124.99
    endloop
  endfacet
  facet normal -0 0 1
    outer loop
      vertex 0.850406 6.82106 124.99
      vertex 0.910121 4.54062 124.99
      vertex 0.910121 6.87206 124.99
    endloop
  endfacet
  facet normal 0 0 1
    outer loop
      vertex 0.850406 6.82106 124.99
      vertex 0.850406 4.59162 124.99
      vertex 0.910121 4.54062 124.99
    endloop
  endfacet
  facet normal -0 0 1
    outer loop
      vertex 0.793442 6.767 124.99
      vertex 0.850406 4.59162 124.99
      vertex 0.850406 6.82106 124.99
    endloop
  endfacet
  facet normal 0 0 1
    outer loop
      vertex 0.793442 6.767 124.99
      vertex 0.793442 4.64568 124.99
      vertex 0.850406 4.59162 124.99
    endloop
  endfacet
  facet normal -0 0 1
    outer loop
      vertex 0.739385 6.71003 124.99
      vertex 0.793442 4.64568 124.99
      vertex 0.793442 6.767 124.99
    endloop
  endfacet
  facet normal 0 0 1
    outer loop
      vertex 0.739385 6.71003 124.99
      vertex 0.739385 4.70264 124.99
      vertex 0.793442 4.64568 124.99
    endloop
  endfacet
  facet normal -0 0 1
    outer loop
      vertex 0.688382 6.65032 124.99
      vertex 0.739385 4.70264 124.99
      vertex 0.739385 6.71003 124.99
    endloop
  endfacet
  facet normal 0 0 1
    outer loop
      vertex 0.688382 6.65032 124.99
      vertex 0.688382 4.76236 124.99
      vertex 0.739385 4.70264 124.99
    endloop
  endfacet
  facet normal -0 0 1
    outer loop
      vertex 0.640576 6.58802 124.99
      vertex 0.688382 4.76236 124.99
      vertex 0.688382 6.65032 124.99
    endloop
  endfacet
  facet normal 0 0 1
    outer loop
      vertex 0.640576 6.58802 124.99
      vertex 0.640576 4.82466 124.99
      vertex 0.688382 4.76236 124.99
    endloop
  endfacet
  facet normal -0 0 1
    outer loop
      vertex 0.596096 6.5233 124.99
      vertex 0.640576 4.82466 124.99
      vertex 0.640576 6.58802 124.99
    endloop
  endfacet
  facet normal 0 0 1
    outer loop
      vertex 0.596096 6.5233 124.99
      vertex 0.596096 4.88938 124.99
      vertex 0.640576 4.82466 124.99
    endloop
  endfacet
  facet normal -0 0 1
    outer loop
      vertex 0.555063 6.45634 124.99
      vertex 0.596096 4.88938 124.99
      vertex 0.596096 6.5233 124.99
    endloop
  endfacet
  facet normal 0 0 1
    outer loop
      vertex 0.555063 6.45634 124.99
      vertex 0.555063 4.95634 124.99
      vertex 0.596096 4.88938 124.99
    endloop
  endfacet
  facet normal -0 0 1
    outer loop
      vertex 0.517591 6.38732 124.99
      vertex 0.555063 4.95634 124.99
      vertex 0.555063 6.45634 124.99
    endloop
  endfacet
  facet normal 0 0 1
    outer loop
      vertex 0.517591 6.38732 124.99
      vertex 0.517591 5.02535 124.99
      vertex 0.555063 4.95634 124.99
    endloop
  endfacet
  facet normal -0 0 1
    outer loop
      vertex 0.483784 6.31644 124.99
      vertex 0.517591 5.02535 124.99
      vertex 0.517591 6.38732 124.99
    endloop
  endfacet
  facet normal 0 0 1
    outer loop
      vertex 0.483784 6.31644 124.99
      vertex 0.483784 5.09623 124.99
      vertex 0.517591 5.02535 124.99
    endloop
  endfacet
  facet normal -0 0 1
    outer loop
      vertex 0.453731 6.24389 124.99
      vertex 0.483784 5.09623 124.99
      vertex 0.483784 6.31644 124.99
    endloop
  endfacet
  facet normal 0 0 1
    outer loop
      vertex 0.453731 6.24389 124.99
      vertex 0.453731 5.16879 124.99
      vertex 0.483784 5.09623 124.99
    endloop
  endfacet
  facet normal -0 0 1
    outer loop
      vertex 0.427517 6.16986 124.99
      vertex 0.453731 5.16879 124.99
      vertex 0.453731 6.24389 124.99
    endloop
  endfacet
  facet normal 0 0 1
    outer loop
      vertex 0.427517 6.16986 124.99
      vertex 0.427517 5.24281 124.99
      vertex 0.453731 5.16879 124.99
    endloop
  endfacet
  facet normal -0 0 1
    outer loop
      vertex 0.405212 6.09457 124.99
      vertex 0.427517 5.24281 124.99
      vertex 0.427517 6.16986 124.99
    endloop
  endfacet
  facet normal 0 0 1
    outer loop
      vertex 0.405212 6.09457 124.99
      vertex 0.405212 5.31811 124.99
      vertex 0.427517 5.24281 124.99
    endloop
  endfacet
  facet normal -0 0 1
    outer loop
      vertex 0.38688 6.01821 124.99
      vertex 0.405212 5.31811 124.99
      vertex 0.405212 6.09457 124.99
    endloop
  endfacet
  facet normal 0 0 1
    outer loop
      vertex 0.38688 6.01821 124.99
      vertex 0.38688 5.39447 124.99
      vertex 0.405212 5.31811 124.99
    endloop
  endfacet
  facet normal -0 0 1
    outer loop
      vertex 0.372569 5.94099 124.99
      vertex 0.38688 5.39447 124.99
      vertex 0.38688 6.01821 124.99
    endloop
  endfacet
  facet normal 0 0 1
    outer loop
      vertex 0.372569 5.94099 124.99
      vertex 0.372569 5.47169 124.99
      vertex 0.38688 5.39447 124.99
    endloop
  endfacet
  facet normal -0 0 1
    outer loop
      vertex 0.362319 5.86313 124.99
      vertex 0.372569 5.47169 124.99
      vertex 0.372569 5.94099 124.99
    endloop
  endfacet
  facet normal 0 0 1
    outer loop
      vertex 0.362319 5.86313 124.99
      vertex 0.362319 5.54955 124.99
      vertex 0.372569 5.47169 124.99
    endloop
  endfacet
  facet normal -0 0 1
    outer loop
      vertex 0.356157 5.78484 124.99
      vertex 0.362319 5.54955 124.99
      vertex 0.362319 5.86313 124.99
    endloop
  endfacet
  facet normal 0 0 1
    outer loop
      vertex 0.356157 5.78484 124.99
      vertex 0.356157 5.62783 124.99
      vertex 0.362319 5.54955 124.99
    endloop
  endfacet
  facet normal 0 -0 1
    outer loop
      vertex 0.356157 5.62783 124.99
      vertex 0.356157 5.78484 124.99
      vertex 0.354101 5.70634 124.99
    endloop
  endfacet
  facet normal -0.793319 -0.608806 0
    outer loop
      vertex 3.06763 6.58802 124.99
      vertex 3.01982 6.65032 125
      vertex 3.01982 6.65032 124.99
    endloop
  endfacet
  facet normal -0.793319 -0.608806 0
    outer loop
      vertex 3.01982 6.65032 125
      vertex 3.06763 6.58802 124.99
      vertex 3.06763 6.58802 125
    endloop
  endfacet
  facet normal 0.996917 -0.0784647 0
    outer loop
      vertex 0.356157 5.78484 125
      vertex 0.362319 5.86313 124.99
      vertex 0.362319 5.86313 125
    endloop
  endfacet
  facet normal 0.996917 -0.0784647 0
    outer loop
      vertex 0.362319 5.86313 124.99
      vertex 0.356157 5.78484 125
      vertex 0.356157 5.78484 124.99
    endloop
  endfacet
  facet normal -0.72533 0.688401 0
    outer loop
      vertex 2.91476 4.64568 124.99
      vertex 2.96882 4.70264 125
      vertex 2.96882 4.70264 124.99
    endloop
  endfacet
  facet normal -0.72533 0.688401 0
    outer loop
      vertex 2.96882 4.70264 125
      vertex 2.91476 4.64568 124.99
      vertex 2.91476 4.64568 125
    endloop
  endfacet
  facet normal 0.182212 -0.983259 0
    outer loop
      vertex 1.54223 7.17356 124.99
      vertex 1.61945 7.18787 125
      vertex 1.54223 7.17356 125
    endloop
  endfacet
  facet normal 0.182212 -0.983259 0
    outer loop
      vertex 1.61945 7.18787 125
      vertex 1.54223 7.17356 124.99
      vertex 1.61945 7.18787 124.99
    endloop
  endfacet
  facet normal -0.649406 -0.760442 0
    outer loop
      vertex 2.79808 6.87206 124.99
      vertex 2.8578 6.82106 125
      vertex 2.79808 6.87206 125
    endloop
  endfacet
  facet normal -0.649406 -0.760442 -0
    outer loop
      vertex 2.8578 6.82106 125
      vertex 2.79808 6.87206 124.99
      vertex 2.8578 6.82106 124.99
    endloop
  endfacet
  facet normal 0.760369 -0.649491 0
    outer loop
      vertex 0.688382 6.65032 125
      vertex 0.739385 6.71003 124.99
      vertex 0.739385 6.71003 125
    endloop
  endfacet
  facet normal 0.760369 -0.649491 0
    outer loop
      vertex 0.739385 6.71003 124.99
      vertex 0.688382 6.65032 125
      vertex 0.688382 6.65032 124.99
    endloop
  endfacet
  facet normal 0.688376 -0.725354 0
    outer loop
      vertex 0.793442 6.767 124.99
      vertex 0.850406 6.82106 125
      vertex 0.793442 6.767 125
    endloop
  endfacet
  facet normal 0.688376 -0.725354 0
    outer loop
      vertex 0.850406 6.82106 125
      vertex 0.793442 6.767 124.99
      vertex 0.850406 6.82106 124.99
    endloop
  endfacet
  facet normal 0.972371 -0.23344 0
    outer loop
      vertex 0.38688 6.01821 125
      vertex 0.405212 6.09457 124.99
      vertex 0.405212 6.09457 125
    endloop
  endfacet
  facet normal 0.972371 -0.23344 0
    outer loop
      vertex 0.405212 6.09457 124.99
      vertex 0.38688 6.01821 125
      vertex 0.38688 6.01821 124.99
    endloop
  endfacet
  facet normal 0.649438 -0.760415 0
    outer loop
      vertex 0.850406 6.82106 124.99
      vertex 0.910121 6.87206 125
      vertex 0.850406 6.82106 125
    endloop
  endfacet
  facet normal 0.649438 -0.760415 0
    outer loop
      vertex 0.910121 6.87206 125
      vertex 0.850406 6.82106 124.99
      vertex 0.910121 6.87206 124.99
    endloop
  endfacet
  facet normal -0.688401 0.72533 0
    outer loop
      vertex 2.91476 4.64568 124.99
      vertex 2.8578 4.59162 125
      vertex 2.91476 4.64568 125
    endloop
  endfacet
  facet normal -0.688401 0.72533 0
    outer loop
      vertex 2.8578 4.59162 125
      vertex 2.91476 4.64568 124.99
      vertex 2.8578 4.59162 124.99
    endloop
  endfacet
  facet normal -0.902576 0.430532 0
    outer loop
      vertex 3.19061 5.02535 124.99
      vertex 3.22442 5.09623 125
      vertex 3.22442 5.09623 124.99
    endloop
  endfacet
  facet normal -0.902576 0.430532 0
    outer loop
      vertex 3.22442 5.09623 125
      vertex 3.19061 5.02535 124.99
      vertex 3.19061 5.02535 125
    endloop
  endfacet
  facet normal -0.878814 0.477165 0
    outer loop
      vertex 3.15314 4.95634 124.99
      vertex 3.19061 5.02535 125
      vertex 3.19061 5.02535 124.99
    endloop
  endfacet
  facet normal -0.878814 0.477165 0
    outer loop
      vertex 3.19061 5.02535 125
      vertex 3.15314 4.95634 124.99
      vertex 3.15314 4.95634 125
    endloop
  endfacet
  facet normal 0.942647 -0.333791 0
    outer loop
      vertex 0.427517 6.16986 125
      vertex 0.453731 6.24389 124.99
      vertex 0.453731 6.24389 125
    endloop
  endfacet
  facet normal 0.942647 -0.333791 0
    outer loop
      vertex 0.453731 6.24389 124.99
      vertex 0.427517 6.16986 125
      vertex 0.427517 6.16986 124.99
    endloop
  endfacet
  facet normal 0.996916 0.0784747 0
    outer loop
      vertex 0.362319 5.54955 125
      vertex 0.356157 5.62783 124.99
      vertex 0.356157 5.62783 125
    endloop
  endfacet
  facet normal 0.996916 0.0784747 0
    outer loop
      vertex 0.356157 5.62783 124.99
      vertex 0.362319 5.54955 125
      vertex 0.362319 5.54955 124.99
    endloop
  endfacet
  facet normal -0.182212 0.983259 0
    outer loop
      vertex 2.16597 4.23912 124.99
      vertex 2.08875 4.22481 125
      vertex 2.16597 4.23912 125
    endloop
  endfacet
  facet normal -0.182212 0.983259 0
    outer loop
      vertex 2.08875 4.22481 125
      vertex 2.16597 4.23912 124.99
      vertex 2.08875 4.22481 124.99
    endloop
  endfacet
  facet normal 0.608707 -0.793395 0
    outer loop
      vertex 0.910121 6.87206 124.99
      vertex 0.972424 6.91986 125
      vertex 0.910121 6.87206 125
    endloop
  endfacet
  facet normal 0.608707 -0.793395 0
    outer loop
      vertex 0.972424 6.91986 125
      vertex 0.910121 6.87206 124.99
      vertex 0.972424 6.91986 124.99
    endloop
  endfacet
  facet normal 0.725409 -0.688318 0
    outer loop
      vertex 0.739385 6.71003 125
      vertex 0.793442 6.767 124.99
      vertex 0.793442 6.767 125
    endloop
  endfacet
  facet normal 0.725409 -0.688318 0
    outer loop
      vertex 0.793442 6.767 124.99
      vertex 0.739385 6.71003 125
      vertex 0.739385 6.71003 124.99
    endloop
  endfacet
  facet normal -0.649406 0.760442 0
    outer loop
      vertex 2.8578 4.59162 124.99
      vertex 2.79808 4.54062 125
      vertex 2.8578 4.59162 125
    endloop
  endfacet
  facet normal -0.649406 0.760442 0
    outer loop
      vertex 2.79808 4.54062 125
      vertex 2.8578 4.59162 124.99
      vertex 2.79808 4.54062 124.99
    endloop
  endfacet
  facet normal -0.477165 0.878814 0
    outer loop
      vertex 2.6041 4.4073 124.99
      vertex 2.53509 4.36983 125
      vertex 2.6041 4.4073 125
    endloop
  endfacet
  facet normal -0.477165 0.878814 0
    outer loop
      vertex 2.53509 4.36983 125
      vertex 2.6041 4.4073 124.99
      vertex 2.53509 4.36983 124.99
    endloop
  endfacet
  facet normal -0.923885 -0.38267 0
    outer loop
      vertex 3.25447 6.24389 124.99
      vertex 3.22442 6.31644 125
      vertex 3.22442 6.31644 124.99
    endloop
  endfacet
  facet normal -0.923885 -0.38267 0
    outer loop
      vertex 3.22442 6.31644 125
      vertex 3.25447 6.24389 124.99
      vertex 3.25447 6.24389 125
    endloop
  endfacet
  facet normal 0.725349 0.688381 0
    outer loop
      vertex 0.793442 4.64568 125
      vertex 0.739385 4.70264 124.99
      vertex 0.739385 4.70264 125
    endloop
  endfacet
  facet normal 0.725349 0.688381 0
    outer loop
      vertex 0.739385 4.70264 124.99
      vertex 0.793442 4.64568 125
      vertex 0.793442 4.64568 124.99
    endloop
  endfacet
  facet normal -0.182212 -0.983259 0
    outer loop
      vertex 2.08875 7.18787 124.99
      vertex 2.16597 7.17356 125
      vertex 2.08875 7.18787 125
    endloop
  endfacet
  facet normal -0.182212 -0.983259 -0
    outer loop
      vertex 2.16597 7.17356 125
      vertex 2.08875 7.18787 124.99
      vertex 2.16597 7.17356 124.99
    endloop
  endfacet
  facet normal -0.283958 0.958837 0
    outer loop
      vertex 2.31763 4.27975 124.99
      vertex 2.24233 4.25745 125
      vertex 2.31763 4.27975 125
    endloop
  endfacet
  facet normal -0.283958 0.958837 0
    outer loop
      vertex 2.24233 4.25745 125
      vertex 2.31763 4.27975 124.99
      vertex 2.24233 4.25745 124.99
    endloop
  endfacet
  facet normal 0.13052 0.991446 -0
    outer loop
      vertex 1.69731 4.21456 124.99
      vertex 1.61945 4.22481 125
      vertex 1.69731 4.21456 125
    endloop
  endfacet
  facet normal 0.13052 0.991446 0
    outer loop
      vertex 1.61945 4.22481 125
      vertex 1.69731 4.21456 124.99
      vertex 1.61945 4.22481 124.99
    endloop
  endfacet
  facet normal -0.477165 -0.878814 0
    outer loop
      vertex 2.53509 7.04285 124.99
      vertex 2.6041 7.00538 125
      vertex 2.53509 7.04285 125
    endloop
  endfacet
  facet normal -0.477165 -0.878814 -0
    outer loop
      vertex 2.6041 7.00538 125
      vertex 2.53509 7.04285 124.99
      vertex 2.6041 7.00538 124.99
    endloop
  endfacet
  facet normal 0.522562 -0.852601 0
    outer loop
      vertex 1.03714 6.96434 124.99
      vertex 1.1041 7.00538 125
      vertex 1.03714 6.96434 125
    endloop
  endfacet
  facet normal 0.522562 -0.852601 0
    outer loop
      vertex 1.1041 7.00538 125
      vertex 1.03714 6.96434 124.99
      vertex 1.1041 7.00538 124.99
    endloop
  endfacet
  facet normal -0.0784494 -0.996918 0
    outer loop
      vertex 1.93261 7.20428 124.99
      vertex 2.01089 7.19812 125
      vertex 1.93261 7.20428 125
    endloop
  endfacet
  facet normal -0.0784494 -0.996918 -0
    outer loop
      vertex 2.01089 7.19812 125
      vertex 1.93261 7.20428 124.99
      vertex 2.01089 7.19812 124.99
    endloop
  endfacet
  facet normal -0.522469 0.852658 0
    outer loop
      vertex 2.67106 4.44833 124.99
      vertex 2.6041 4.4073 125
      vertex 2.67106 4.44833 125
    endloop
  endfacet
  facet normal -0.522469 0.852658 0
    outer loop
      vertex 2.6041 4.4073 125
      vertex 2.67106 4.44833 124.99
      vertex 2.6041 4.4073 124.99
    endloop
  endfacet
  facet normal 0.958809 -0.284051 0
    outer loop
      vertex 0.405212 6.09457 125
      vertex 0.427517 6.16986 124.99
      vertex 0.427517 6.16986 125
    endloop
  endfacet
  facet normal 0.958809 -0.284051 0
    outer loop
      vertex 0.427517 6.16986 124.99
      vertex 0.405212 6.09457 125
      vertex 0.405212 6.09457 124.99
    endloop
  endfacet
  facet normal -0.923904 0.382625 0
    outer loop
      vertex 3.22442 5.09623 124.99
      vertex 3.25447 5.16879 125
      vertex 3.25447 5.16879 124.99
    endloop
  endfacet
  facet normal -0.923904 0.382625 0
    outer loop
      vertex 3.25447 5.16879 125
      vertex 3.22442 5.09623 124.99
      vertex 3.22442 5.09623 125
    endloop
  endfacet
  facet normal -0.942609 0.333899 0
    outer loop
      vertex 3.25447 5.16879 124.99
      vertex 3.28069 5.24281 125
      vertex 3.28069 5.24281 124.99
    endloop
  endfacet
  facet normal -0.942609 0.333899 0
    outer loop
      vertex 3.28069 5.24281 125
      vertex 3.25447 5.16879 124.99
      vertex 3.25447 5.16879 125
    endloop
  endfacet
  facet normal 0.0261057 0.999659 -0
    outer loop
      vertex 1.8541 4.20634 124.99
      vertex 1.7756 4.20839 125
      vertex 1.8541 4.20634 125
    endloop
  endfacet
  facet normal 0.0261057 0.999659 0
    outer loop
      vertex 1.7756 4.20839 125
      vertex 1.8541 4.20634 124.99
      vertex 1.7756 4.20839 124.99
    endloop
  endfacet
  facet normal 0.90259 -0.4305 0
    outer loop
      vertex 0.483784 6.31644 125
      vertex 0.517591 6.38732 124.99
      vertex 0.517591 6.38732 125
    endloop
  endfacet
  facet normal 0.90259 -0.4305 0
    outer loop
      vertex 0.517591 6.38732 124.99
      vertex 0.483784 6.31644 125
      vertex 0.483784 6.31644 124.99
    endloop
  endfacet
  facet normal 0.852641 -0.522497 0
    outer loop
      vertex 0.555063 6.45634 125
      vertex 0.596096 6.5233 124.99
      vertex 0.596096 6.5233 125
    endloop
  endfacet
  facet normal 0.852641 -0.522497 0
    outer loop
      vertex 0.596096 6.5233 124.99
      vertex 0.555063 6.45634 125
      vertex 0.555063 6.45634 124.99
    endloop
  endfacet
  facet normal 0.942633 0.333831 0
    outer loop
      vertex 0.453731 5.16879 125
      vertex 0.427517 5.24281 124.99
      vertex 0.427517 5.24281 125
    endloop
  endfacet
  facet normal 0.942633 0.333831 0
    outer loop
      vertex 0.427517 5.24281 124.99
      vertex 0.453731 5.16879 125
      vertex 0.453731 5.16879 124.99
    endloop
  endfacet
  facet normal 0.0785659 0.996909 -0
    outer loop
      vertex 1.7756 4.20839 124.99
      vertex 1.69731 4.21456 125
      vertex 1.7756 4.20839 125
    endloop
  endfacet
  facet normal 0.0785659 0.996909 0
    outer loop
      vertex 1.69731 4.21456 125
      vertex 1.7756 4.20839 124.99
      vertex 1.69731 4.21456 124.99
    endloop
  endfacet
  facet normal 0.852641 0.522497 0
    outer loop
      vertex 0.596096 4.88938 125
      vertex 0.555063 4.95634 124.99
      vertex 0.555063 4.95634 125
    endloop
  endfacet
  facet normal 0.852641 0.522497 0
    outer loop
      vertex 0.555063 4.95634 124.99
      vertex 0.596096 4.88938 125
      vertex 0.596096 4.88938 124.99
    endloop
  endfacet
  facet normal 0.878803 0.477185 0
    outer loop
      vertex 0.555063 4.95634 125
      vertex 0.517591 5.02535 124.99
      vertex 0.517591 5.02535 125
    endloop
  endfacet
  facet normal 0.878803 0.477185 0
    outer loop
      vertex 0.517591 5.02535 124.99
      vertex 0.555063 4.95634 125
      vertex 0.555063 4.95634 124.99
    endloop
  endfacet
  facet normal 0.38267 0.923885 -0
    outer loop
      vertex 1.31655 4.30597 124.99
      vertex 1.244 4.33602 125
      vertex 1.31655 4.30597 125
    endloop
  endfacet
  facet normal 0.38267 0.923885 0
    outer loop
      vertex 1.244 4.33602 125
      vertex 1.31655 4.30597 124.99
      vertex 1.244 4.33602 124.99
    endloop
  endfacet
  facet normal 0.793344 -0.608774 0
    outer loop
      vertex 0.640576 6.58802 125
      vertex 0.688382 6.65032 124.99
      vertex 0.688382 6.65032 125
    endloop
  endfacet
  facet normal 0.793344 -0.608774 0
    outer loop
      vertex 0.688382 6.65032 124.99
      vertex 0.640576 6.58802 125
      vertex 0.640576 6.58802 124.99
    endloop
  endfacet
  facet normal 0.477112 0.878843 -0
    outer loop
      vertex 1.17312 4.36983 124.99
      vertex 1.1041 4.4073 125
      vertex 1.17312 4.36983 125
    endloop
  endfacet
  facet normal 0.477112 0.878843 0
    outer loop
      vertex 1.1041 4.4073 125
      vertex 1.17312 4.36983 124.99
      vertex 1.1041 4.4073 124.99
    endloop
  endfacet
  facet normal 0.958819 0.284017 0
    outer loop
      vertex 0.427517 5.24281 125
      vertex 0.405212 5.31811 124.99
      vertex 0.405212 5.31811 125
    endloop
  endfacet
  facet normal 0.958819 0.284017 0
    outer loop
      vertex 0.405212 5.31811 124.99
      vertex 0.427517 5.24281 125
      vertex 0.427517 5.24281 124.99
    endloop
  endfacet
  facet normal -0.608806 0.793319 0
    outer loop
      vertex 2.79808 4.54062 124.99
      vertex 2.73578 4.49281 125
      vertex 2.79808 4.54062 125
    endloop
  endfacet
  facet normal -0.608806 0.793319 0
    outer loop
      vertex 2.73578 4.49281 125
      vertex 2.79808 4.54062 124.99
      vertex 2.73578 4.49281 124.99
    endloop
  endfacet
  facet normal 0.522469 0.852658 -0
    outer loop
      vertex 1.1041 4.4073 124.99
      vertex 1.03714 4.44833 125
      vertex 1.1041 4.4073 125
    endloop
  endfacet
  facet normal 0.522469 0.852658 0
    outer loop
      vertex 1.03714 4.44833 125
      vertex 1.1041 4.4073 124.99
      vertex 1.03714 4.44833 124.99
    endloop
  endfacet
  facet normal 0.92389 0.382658 0
    outer loop
      vertex 0.483784 5.09623 125
      vertex 0.453731 5.16879 124.99
      vertex 0.453731 5.16879 125
    endloop
  endfacet
  facet normal 0.92389 0.382658 0
    outer loop
      vertex 0.453731 5.16879 124.99
      vertex 0.483784 5.09623 125
      vertex 0.483784 5.09623 124.99
    endloop
  endfacet
  facet normal 0.566423 0.824115 -0
    outer loop
      vertex 1.03714 4.44833 124.99
      vertex 0.972424 4.49281 125
      vertex 1.03714 4.44833 125
    endloop
  endfacet
  facet normal 0.566423 0.824115 0
    outer loop
      vertex 0.972424 4.49281 125
      vertex 1.03714 4.44833 124.99
      vertex 0.972424 4.49281 124.99
    endloop
  endfacet
  facet normal -0.233416 0.972377 0
    outer loop
      vertex -4.46587 2.07782 124.99
      vertex -4.54223 2.05949 125
      vertex -4.46587 2.07782 125
    endloop
  endfacet
  facet normal -0.233416 0.972377 0
    outer loop
      vertex -4.54223 2.05949 125
      vertex -4.46587 2.07782 124.99
      vertex -4.54223 2.05949 124.99
    endloop
  endfacet
  facet normal -0.996918 -0.0784494 0
    outer loop
      vertex -3.35616 3.60522 124.99
      vertex -3.36232 3.6835 125
      vertex -3.36232 3.6835 124.99
    endloop
  endfacet
  facet normal -0.996918 -0.0784494 0
    outer loop
      vertex -3.36232 3.6835 125
      vertex -3.35616 3.60522 124.99
      vertex -3.35616 3.60522 125
    endloop
  endfacet
  facet normal -0.999656 -0.0262297 0
    outer loop
      vertex -3.3541 3.52671 124.99
      vertex -3.35616 3.60522 125
      vertex -3.35616 3.60522 124.99
    endloop
  endfacet
  facet normal -0.999656 -0.0262297 0
    outer loop
      vertex -3.35616 3.60522 125
      vertex -3.3541 3.52671 124.99
      vertex -3.3541 3.52671 125
    endloop
  endfacet
  facet normal -0.991446 -0.13052 0
    outer loop
      vertex -3.36232 3.6835 124.99
      vertex -3.37257 3.76136 125
      vertex -3.37257 3.76136 124.99
    endloop
  endfacet
  facet normal -0.991446 -0.13052 0
    outer loop
      vertex -3.37257 3.76136 125
      vertex -3.36232 3.6835 124.99
      vertex -3.36232 3.6835 125
    endloop
  endfacet
  facet normal -0.999656 0.026233 0
    outer loop
      vertex -3.35616 3.44821 124.99
      vertex -3.3541 3.52671 125
      vertex -3.3541 3.52671 124.99
    endloop
  endfacet
  facet normal -0.999656 0.026233 0
    outer loop
      vertex -3.3541 3.52671 125
      vertex -3.35616 3.44821 124.99
      vertex -3.35616 3.44821 125
    endloop
  endfacet
  facet normal -0.477112 0.878843 0
    outer loop
      vertex -4.1041 2.22767 124.99
      vertex -4.17312 2.1902 125
      vertex -4.1041 2.22767 125
    endloop
  endfacet
  facet normal -0.477112 0.878843 0
    outer loop
      vertex -4.17312 2.1902 125
      vertex -4.1041 2.22767 124.99
      vertex -4.17312 2.1902 124.99
    endloop
  endfacet
  facet normal -0.958792 0.28411 0
    outer loop
      vertex -3.42752 3.06319 124.99
      vertex -3.40521 3.13848 125
      vertex -3.40521 3.13848 124.99
    endloop
  endfacet
  facet normal -0.958792 0.28411 0
    outer loop
      vertex -3.40521 3.13848 125
      vertex -3.42752 3.06319 124.99
      vertex -3.42752 3.06319 125
    endloop
  endfacet
  facet normal -0.13052 0.991446 0
    outer loop
      vertex -4.61945 2.04518 124.99
      vertex -4.69731 2.03493 125
      vertex -4.61945 2.04518 125
    endloop
  endfacet
  facet normal -0.13052 0.991446 0
    outer loop
      vertex -4.69731 2.03493 125
      vertex -4.61945 2.04518 124.99
      vertex -4.69731 2.03493 124.99
    endloop
  endfacet
  facet normal 0.284075 0.958802 -0
    outer loop
      vertex -5.24233 2.07782 124.99
      vertex -5.31763 2.10013 125
      vertex -5.24233 2.07782 125
    endloop
  endfacet
  facet normal 0.284075 0.958802 0
    outer loop
      vertex -5.31763 2.10013 125
      vertex -5.24233 2.07782 124.99
      vertex -5.31763 2.10013 124.99
    endloop
  endfacet
  facet normal -0.430532 -0.902576 0
    outer loop
      vertex -4.244 4.89703 124.99
      vertex -4.17312 4.86322 125
      vertex -4.244 4.89703 125
    endloop
  endfacet
  facet normal -0.430532 -0.902576 -0
    outer loop
      vertex -4.17312 4.86322 125
      vertex -4.244 4.89703 124.99
      vertex -4.17312 4.86322 124.99
    endloop
  endfacet
  facet normal 0.996909 0.0785659 0
    outer loop
      vertex -6.34588 3.36992 125
      vertex -6.35205 3.44821 124.99
      vertex -6.35205 3.44821 125
    endloop
  endfacet
  facet normal 0.996909 0.0785659 0
    outer loop
      vertex -6.35205 3.44821 124.99
      vertex -6.34588 3.36992 125
      vertex -6.34588 3.36992 124.99
    endloop
  endfacet
  facet normal -0.972377 0.233416 0
    outer loop
      vertex -3.40521 3.13848 124.99
      vertex -3.38688 3.21484 125
      vertex -3.38688 3.21484 124.99
    endloop
  endfacet
  facet normal -0.972377 0.233416 0
    outer loop
      vertex -3.38688 3.21484 125
      vertex -3.40521 3.13848 124.99
      vertex -3.40521 3.13848 125
    endloop
  endfacet
  facet normal -0.233416 -0.972377 0
    outer loop
      vertex -4.54223 4.99393 124.99
      vertex -4.46587 4.9756 125
      vertex -4.54223 4.99393 125
    endloop
  endfacet
  facet normal -0.233416 -0.972377 -0
    outer loop
      vertex -4.46587 4.9756 125
      vertex -4.54223 4.99393 124.99
      vertex -4.46587 4.9756 124.99
    endloop
  endfacet
  facet normal -0.0784394 0.996919 0
    outer loop
      vertex -4.69731 2.03493 124.99
      vertex -4.7756 2.02877 125
      vertex -4.69731 2.03493 125
    endloop
  endfacet
  facet normal -0.0784394 0.996919 0
    outer loop
      vertex -4.7756 2.02877 125
      vertex -4.69731 2.03493 124.99
      vertex -4.7756 2.02877 124.99
    endloop
  endfacet
  facet normal 0.382625 -0.923904 0
    outer loop
      vertex -5.46421 4.89703 124.99
      vertex -5.39165 4.92708 125
      vertex -5.46421 4.89703 125
    endloop
  endfacet
  facet normal 0.382625 -0.923904 0
    outer loop
      vertex -5.39165 4.92708 125
      vertex -5.46421 4.89703 124.99
      vertex -5.39165 4.92708 124.99
    endloop
  endfacet
  facet normal -0.333746 0.942663 0
    outer loop
      vertex -4.31655 2.12634 124.99
      vertex -4.39058 2.10013 125
      vertex -4.31655 2.12634 125
    endloop
  endfacet
  facet normal -0.333746 0.942663 0
    outer loop
      vertex -4.39058 2.10013 125
      vertex -4.31655 2.12634 124.99
      vertex -4.39058 2.10013 124.99
    endloop
  endfacet
  facet normal -0.760388 0.649469 0
    outer loop
      vertex -3.73938 2.52302 124.99
      vertex -3.68838 2.58273 125
      vertex -3.68838 2.58273 124.99
    endloop
  endfacet
  facet normal -0.760388 0.649469 0
    outer loop
      vertex -3.68838 2.58273 125
      vertex -3.73938 2.52302 124.99
      vertex -3.73938 2.52302 125
    endloop
  endfacet
  facet normal -0.942649 -0.333786 0
    outer loop
      vertex -3.42752 3.99024 124.99
      vertex -3.45373 4.06426 125
      vertex -3.45373 4.06426 124.99
    endloop
  endfacet
  facet normal -0.942649 -0.333786 0
    outer loop
      vertex -3.45373 4.06426 125
      vertex -3.42752 3.99024 124.99
      vertex -3.42752 3.99024 125
    endloop
  endfacet
  facet normal 0.793319 0.608806 0
    outer loop
      vertex -6.01982 2.58273 125
      vertex -6.06763 2.64503 124.99
      vertex -6.06763 2.64503 125
    endloop
  endfacet
  facet normal 0.793319 0.608806 0
    outer loop
      vertex -6.06763 2.64503 124.99
      vertex -6.01982 2.58273 125
      vertex -6.01982 2.58273 124.99
    endloop
  endfacet
  facet normal 0.566399 0.824131 -0
    outer loop
      vertex -5.67106 2.26871 124.99
      vertex -5.73578 2.31319 125
      vertex -5.67106 2.26871 125
    endloop
  endfacet
  facet normal 0.566399 0.824131 0
    outer loop
      vertex -5.73578 2.31319 125
      vertex -5.67106 2.26871 124.99
      vertex -5.73578 2.31319 124.99
    endloop
  endfacet
  facet normal -0.182212 0.983259 0
    outer loop
      vertex -4.54223 2.05949 124.99
      vertex -4.61945 2.04518 125
      vertex -4.54223 2.05949 125
    endloop
  endfacet
  facet normal -0.182212 0.983259 0
    outer loop
      vertex -4.61945 2.04518 125
      vertex -4.54223 2.05949 124.99
      vertex -4.61945 2.04518 124.99
    endloop
  endfacet
  facet normal 0.608726 0.793381 -0
    outer loop
      vertex -5.73578 2.31319 124.99
      vertex -5.79808 2.36099 125
      vertex -5.73578 2.31319 125
    endloop
  endfacet
  facet normal 0.608726 0.793381 0
    outer loop
      vertex -5.79808 2.36099 125
      vertex -5.73578 2.31319 124.99
      vertex -5.79808 2.36099 124.99
    endloop
  endfacet
  facet normal -0.824131 -0.566399 0
    outer loop
      vertex -3.5961 4.34367 124.99
      vertex -3.64058 4.40839 125
      vertex -3.64058 4.40839 124.99
    endloop
  endfacet
  facet normal -0.824131 -0.566399 0
    outer loop
      vertex -3.64058 4.40839 125
      vertex -3.5961 4.34367 124.99
      vertex -3.5961 4.34367 125
    endloop
  endfacet
  facet normal 0.902576 0.430532 0
    outer loop
      vertex -6.19061 2.84573 125
      vertex -6.22442 2.91661 124.99
      vertex -6.22442 2.91661 125
    endloop
  endfacet
  facet normal 0.902576 0.430532 0
    outer loop
      vertex -6.22442 2.91661 124.99
      vertex -6.19061 2.84573 125
      vertex -6.19061 2.84573 124.99
    endloop
  endfacet
  facet normal -0.283993 -0.958826 0
    outer loop
      vertex -4.46587 4.9756 124.99
      vertex -4.39058 4.9533 125
      vertex -4.46587 4.9756 125
    endloop
  endfacet
  facet normal -0.283993 -0.958826 -0
    outer loop
      vertex -4.39058 4.9533 125
      vertex -4.46587 4.9756 124.99
      vertex -4.39058 4.9533 124.99
    endloop
  endfacet
  facet normal -0.477112 -0.878843 0
    outer loop
      vertex -4.17312 4.86322 124.99
      vertex -4.1041 4.82575 125
      vertex -4.17312 4.86322 125
    endloop
  endfacet
  facet normal -0.477112 -0.878843 -0
    outer loop
      vertex -4.1041 4.82575 125
      vertex -4.17312 4.86322 124.99
      vertex -4.1041 4.82575 124.99
    endloop
  endfacet
  facet normal -0.649469 -0.760388 0
    outer loop
      vertex -3.91012 4.69243 124.99
      vertex -3.85041 4.64143 125
      vertex -3.91012 4.69243 125
    endloop
  endfacet
  facet normal -0.649469 -0.760388 -0
    outer loop
      vertex -3.85041 4.64143 125
      vertex -3.91012 4.69243 124.99
      vertex -3.85041 4.64143 124.99
    endloop
  endfacet
  facet normal 0.649406 -0.760442 0
    outer loop
      vertex -5.8578 4.64143 124.99
      vertex -5.79808 4.69243 125
      vertex -5.8578 4.64143 125
    endloop
  endfacet
  facet normal 0.649406 -0.760442 0
    outer loop
      vertex -5.79808 4.69243 125
      vertex -5.8578 4.64143 124.99
      vertex -5.79808 4.69243 124.99
    endloop
  endfacet
  facet normal -0.878814 -0.477165 0
    outer loop
      vertex -3.51759 4.2077 124.99
      vertex -3.55506 4.27671 125
      vertex -3.55506 4.27671 124.99
    endloop
  endfacet
  facet normal -0.878814 -0.477165 0
    outer loop
      vertex -3.55506 4.27671 125
      vertex -3.51759 4.2077 124.99
      vertex -3.51759 4.2077 125
    endloop
  endfacet
  facet normal 0.996908 -0.0785759 0
    outer loop
      vertex -6.35205 3.60522 125
      vertex -6.34588 3.6835 124.99
      vertex -6.34588 3.6835 125
    endloop
  endfacet
  facet normal 0.996908 -0.0785759 0
    outer loop
      vertex -6.34588 3.6835 124.99
      vertex -6.35205 3.60522 125
      vertex -6.35205 3.60522 124.99
    endloop
  endfacet
  facet normal -0.793381 -0.608726 0
    outer loop
      vertex -3.64058 4.40839 124.99
      vertex -3.68838 4.47069 125
      vertex -3.68838 4.47069 124.99
    endloop
  endfacet
  facet normal -0.793381 -0.608726 0
    outer loop
      vertex -3.68838 4.47069 125
      vertex -3.64058 4.40839 124.99
      vertex -3.64058 4.40839 125
    endloop
  endfacet
  facet normal -0.942663 0.333746 0
    outer loop
      vertex -3.45373 2.98916 124.99
      vertex -3.42752 3.06319 125
      vertex -3.42752 3.06319 124.99
    endloop
  endfacet
  facet normal -0.942663 0.333746 0
    outer loop
      vertex -3.42752 3.06319 125
      vertex -3.45373 2.98916 124.99
      vertex -3.45373 2.98916 125
    endloop
  endfacet
  facet normal -0.0785659 -0.996909 0
    outer loop
      vertex -4.7756 5.02466 124.99
      vertex -4.69731 5.01849 125
      vertex -4.7756 5.02466 125
    endloop
  endfacet
  facet normal -0.0785659 -0.996909 -0
    outer loop
      vertex -4.69731 5.01849 125
      vertex -4.7756 5.02466 124.99
      vertex -4.69731 5.01849 124.99
    endloop
  endfacet
  facet normal 0 0 1
    outer loop
      vertex -3.35616 3.60522 124.99
      vertex -3.35616 3.44821 124.99
      vertex -3.3541 3.52671 124.99
    endloop
  endfacet
  facet normal 0 0 1
    outer loop
      vertex -3.36232 3.6835 124.99
      vertex -3.35616 3.44821 124.99
      vertex -3.35616 3.60522 124.99
    endloop
  endfacet
  facet normal 0 0 1
    outer loop
      vertex -3.36232 3.6835 124.99
      vertex -3.36232 3.36992 124.99
      vertex -3.35616 3.44821 124.99
    endloop
  endfacet
  facet normal 0 0 1
    outer loop
      vertex -3.37257 3.76136 124.99
      vertex -3.36232 3.36992 124.99
      vertex -3.36232 3.6835 124.99
    endloop
  endfacet
  facet normal 0 0 1
    outer loop
      vertex -3.37257 3.76136 124.99
      vertex -3.37257 3.29206 124.99
      vertex -3.36232 3.36992 124.99
    endloop
  endfacet
  facet normal 0 0 1
    outer loop
      vertex -3.38688 3.83858 124.99
      vertex -3.37257 3.29206 124.99
      vertex -3.37257 3.76136 124.99
    endloop
  endfacet
  facet normal 0 0 1
    outer loop
      vertex -3.38688 3.83858 124.99
      vertex -3.38688 3.21484 124.99
      vertex -3.37257 3.29206 124.99
    endloop
  endfacet
  facet normal 0 0 1
    outer loop
      vertex -3.40521 3.91494 124.99
      vertex -3.38688 3.21484 124.99
      vertex -3.38688 3.83858 124.99
    endloop
  endfacet
  facet normal 0 0 1
    outer loop
      vertex -3.40521 3.91494 124.99
      vertex -3.40521 3.13848 124.99
      vertex -3.38688 3.21484 124.99
    endloop
  endfacet
  facet normal 0 0 1
    outer loop
      vertex -3.42752 3.99024 124.99
      vertex -3.40521 3.13848 124.99
      vertex -3.40521 3.91494 124.99
    endloop
  endfacet
  facet normal 0 0 1
    outer loop
      vertex -3.42752 3.99024 124.99
      vertex -3.42752 3.06319 124.99
      vertex -3.40521 3.13848 124.99
    endloop
  endfacet
  facet normal 0 0 1
    outer loop
      vertex -3.45373 4.06426 124.99
      vertex -3.42752 3.06319 124.99
      vertex -3.42752 3.99024 124.99
    endloop
  endfacet
  facet normal 0 0 1
    outer loop
      vertex -3.45373 4.06426 124.99
      vertex -3.45373 2.98916 124.99
      vertex -3.42752 3.06319 124.99
    endloop
  endfacet
  facet normal 0 0 1
    outer loop
      vertex -3.48378 4.13682 124.99
      vertex -3.45373 2.98916 124.99
      vertex -3.45373 4.06426 124.99
    endloop
  endfacet
  facet normal 0 0 1
    outer loop
      vertex -3.48378 4.13682 124.99
      vertex -3.48378 2.91661 124.99
      vertex -3.45373 2.98916 124.99
    endloop
  endfacet
  facet normal 0 0 1
    outer loop
      vertex -3.51759 4.2077 124.99
      vertex -3.48378 2.91661 124.99
      vertex -3.48378 4.13682 124.99
    endloop
  endfacet
  facet normal 0 0 1
    outer loop
      vertex -3.51759 4.2077 124.99
      vertex -3.51759 2.84573 124.99
      vertex -3.48378 2.91661 124.99
    endloop
  endfacet
  facet normal 0 0 1
    outer loop
      vertex -3.55506 4.27671 124.99
      vertex -3.51759 2.84573 124.99
      vertex -3.51759 4.2077 124.99
    endloop
  endfacet
  facet normal 0 0 1
    outer loop
      vertex -3.55506 4.27671 124.99
      vertex -3.55506 2.77671 124.99
      vertex -3.51759 2.84573 124.99
    endloop
  endfacet
  facet normal 0 0 1
    outer loop
      vertex -3.5961 4.34367 124.99
      vertex -3.55506 2.77671 124.99
      vertex -3.55506 4.27671 124.99
    endloop
  endfacet
  facet normal 0 0 1
    outer loop
      vertex -3.5961 4.34367 124.99
      vertex -3.5961 2.70975 124.99
      vertex -3.55506 2.77671 124.99
    endloop
  endfacet
  facet normal 0 0 1
    outer loop
      vertex -3.64058 4.40839 124.99
      vertex -3.5961 2.70975 124.99
      vertex -3.5961 4.34367 124.99
    endloop
  endfacet
  facet normal 0 0 1
    outer loop
      vertex -3.64058 4.40839 124.99
      vertex -3.64058 2.64503 124.99
      vertex -3.5961 2.70975 124.99
    endloop
  endfacet
  facet normal 0 0 1
    outer loop
      vertex -3.68838 4.47069 124.99
      vertex -3.64058 2.64503 124.99
      vertex -3.64058 4.40839 124.99
    endloop
  endfacet
  facet normal 0 0 1
    outer loop
      vertex -3.68838 4.47069 124.99
      vertex -3.68838 2.58273 124.99
      vertex -3.64058 2.64503 124.99
    endloop
  endfacet
  facet normal 0 0 1
    outer loop
      vertex -3.73938 4.53041 124.99
      vertex -3.68838 2.58273 124.99
      vertex -3.68838 4.47069 124.99
    endloop
  endfacet
  facet normal 0 0 1
    outer loop
      vertex -3.73938 4.53041 124.99
      vertex -3.73938 2.52302 124.99
      vertex -3.68838 2.58273 124.99
    endloop
  endfacet
  facet normal 0 0 1
    outer loop
      vertex -3.79344 4.58737 124.99
      vertex -3.73938 2.52302 124.99
      vertex -3.73938 4.53041 124.99
    endloop
  endfacet
  facet normal 0 0 1
    outer loop
      vertex -3.79344 4.58737 124.99
      vertex -3.79344 2.46605 124.99
      vertex -3.73938 2.52302 124.99
    endloop
  endfacet
  facet normal 0 0 1
    outer loop
      vertex -3.85041 4.64143 124.99
      vertex -3.79344 2.46605 124.99
      vertex -3.79344 4.58737 124.99
    endloop
  endfacet
  facet normal 0 0 1
    outer loop
      vertex -3.85041 4.64143 124.99
      vertex -3.85041 2.41199 124.99
      vertex -3.79344 2.46605 124.99
    endloop
  endfacet
  facet normal 0 0 1
    outer loop
      vertex -3.91012 4.69243 124.99
      vertex -3.85041 2.41199 124.99
      vertex -3.85041 4.64143 124.99
    endloop
  endfacet
  facet normal 0 0 1
    outer loop
      vertex -3.91012 4.69243 124.99
      vertex -3.91012 2.36099 124.99
      vertex -3.85041 2.41199 124.99
    endloop
  endfacet
  facet normal 0 0 1
    outer loop
      vertex -3.97242 4.74024 124.99
      vertex -3.91012 2.36099 124.99
      vertex -3.91012 4.69243 124.99
    endloop
  endfacet
  facet normal 0 0 1
    outer loop
      vertex -3.97242 4.74024 124.99
      vertex -3.97242 2.31319 124.99
      vertex -3.91012 2.36099 124.99
    endloop
  endfacet
  facet normal 0 0 1
    outer loop
      vertex -4.03714 4.78472 124.99
      vertex -3.97242 2.31319 124.99
      vertex -3.97242 4.74024 124.99
    endloop
  endfacet
  facet normal 0 0 1
    outer loop
      vertex -4.03714 4.78472 124.99
      vertex -4.03714 2.26871 124.99
      vertex -3.97242 2.31319 124.99
    endloop
  endfacet
  facet normal 0 0 1
    outer loop
      vertex -4.1041 4.82575 124.99
      vertex -4.03714 2.26871 124.99
      vertex -4.03714 4.78472 124.99
    endloop
  endfacet
  facet normal 0 0 1
    outer loop
      vertex -4.1041 4.82575 124.99
      vertex -4.1041 2.22767 124.99
      vertex -4.03714 2.26871 124.99
    endloop
  endfacet
  facet normal 0 0 1
    outer loop
      vertex -4.17312 4.86322 124.99
      vertex -4.1041 2.22767 124.99
      vertex -4.1041 4.82575 124.99
    endloop
  endfacet
  facet normal 0 0 1
    outer loop
      vertex -4.17312 4.86322 124.99
      vertex -4.17312 2.1902 124.99
      vertex -4.1041 2.22767 124.99
    endloop
  endfacet
  facet normal 0 0 1
    outer loop
      vertex -4.244 4.89703 124.99
      vertex -4.17312 2.1902 124.99
      vertex -4.17312 4.86322 124.99
    endloop
  endfacet
  facet normal 0 0 1
    outer loop
      vertex -4.244 4.89703 124.99
      vertex -4.244 2.15639 124.99
      vertex -4.17312 2.1902 124.99
    endloop
  endfacet
  facet normal 0 0 1
    outer loop
      vertex -4.31655 4.92708 124.99
      vertex -4.244 2.15639 124.99
      vertex -4.244 4.89703 124.99
    endloop
  endfacet
  facet normal 0 0 1
    outer loop
      vertex -4.31655 4.92708 124.99
      vertex -4.31655 2.12634 124.99
      vertex -4.244 2.15639 124.99
    endloop
  endfacet
  facet normal 0 0 1
    outer loop
      vertex -4.39058 4.9533 124.99
      vertex -4.31655 2.12634 124.99
      vertex -4.31655 4.92708 124.99
    endloop
  endfacet
  facet normal 0 0 1
    outer loop
      vertex -4.39058 4.9533 124.99
      vertex -4.39058 2.10013 124.99
      vertex -4.31655 2.12634 124.99
    endloop
  endfacet
  facet normal 0 0 1
    outer loop
      vertex -4.46587 4.9756 124.99
      vertex -4.39058 2.10013 124.99
      vertex -4.39058 4.9533 124.99
    endloop
  endfacet
  facet normal 0 0 1
    outer loop
      vertex -4.46587 4.9756 124.99
      vertex -4.46587 2.07782 124.99
      vertex -4.39058 2.10013 124.99
    endloop
  endfacet
  facet normal 0 0 1
    outer loop
      vertex -4.54223 4.99393 124.99
      vertex -4.46587 2.07782 124.99
      vertex -4.46587 4.9756 124.99
    endloop
  endfacet
  facet normal 0 0 1
    outer loop
      vertex -4.54223 4.99393 124.99
      vertex -4.54223 2.05949 124.99
      vertex -4.46587 2.07782 124.99
    endloop
  endfacet
  facet normal 0 0 1
    outer loop
      vertex -4.61945 5.00824 124.99
      vertex -4.54223 2.05949 124.99
      vertex -4.54223 4.99393 124.99
    endloop
  endfacet
  facet normal 0 0 1
    outer loop
      vertex -4.61945 5.00824 124.99
      vertex -4.61945 2.04518 124.99
      vertex -4.54223 2.05949 124.99
    endloop
  endfacet
  facet normal 0 0 1
    outer loop
      vertex -4.69731 5.01849 124.99
      vertex -4.61945 2.04518 124.99
      vertex -4.61945 5.00824 124.99
    endloop
  endfacet
  facet normal 0 0 1
    outer loop
      vertex -4.69731 5.01849 124.99
      vertex -4.69731 2.03493 124.99
      vertex -4.61945 2.04518 124.99
    endloop
  endfacet
  facet normal 0 0 1
    outer loop
      vertex -4.7756 5.02466 124.99
      vertex -4.69731 2.03493 124.99
      vertex -4.69731 5.01849 124.99
    endloop
  endfacet
  facet normal 0 0 1
    outer loop
      vertex -4.7756 5.02466 124.99
      vertex -4.7756 2.02877 124.99
      vertex -4.69731 2.03493 124.99
    endloop
  endfacet
  facet normal 0 0 1
    outer loop
      vertex -4.8541 5.02671 124.99
      vertex -4.7756 2.02877 124.99
      vertex -4.7756 5.02466 124.99
    endloop
  endfacet
  facet normal 0 0 1
    outer loop
      vertex -4.8541 5.02671 124.99
      vertex -4.8541 2.02671 124.99
      vertex -4.7756 2.02877 124.99
    endloop
  endfacet
  facet normal -0 0 1
    outer loop
      vertex -4.93261 5.02466 124.99
      vertex -4.8541 2.02671 124.99
      vertex -4.8541 5.02671 124.99
    endloop
  endfacet
  facet normal 0 0 1
    outer loop
      vertex -4.93261 5.02466 124.99
      vertex -4.93261 2.02877 124.99
      vertex -4.8541 2.02671 124.99
    endloop
  endfacet
  facet normal -0 0 1
    outer loop
      vertex -5.01089 5.01849 124.99
      vertex -4.93261 2.02877 124.99
      vertex -4.93261 5.02466 124.99
    endloop
  endfacet
  facet normal 0 0 1
    outer loop
      vertex -5.01089 5.01849 124.99
      vertex -5.01089 2.03493 124.99
      vertex -4.93261 2.02877 124.99
    endloop
  endfacet
  facet normal -0 0 1
    outer loop
      vertex -5.08875 5.00824 124.99
      vertex -5.01089 2.03493 124.99
      vertex -5.01089 5.01849 124.99
    endloop
  endfacet
  facet normal 0 0 1
    outer loop
      vertex -5.08875 5.00824 124.99
      vertex -5.08875 2.04518 124.99
      vertex -5.01089 2.03493 124.99
    endloop
  endfacet
  facet normal -0 0 1
    outer loop
      vertex -5.16597 4.99393 124.99
      vertex -5.08875 2.04518 124.99
      vertex -5.08875 5.00824 124.99
    endloop
  endfacet
  facet normal 0 0 1
    outer loop
      vertex -5.16597 4.99393 124.99
      vertex -5.16597 2.05949 124.99
      vertex -5.08875 2.04518 124.99
    endloop
  endfacet
  facet normal -0 0 1
    outer loop
      vertex -5.24233 4.9756 124.99
      vertex -5.16597 2.05949 124.99
      vertex -5.16597 4.99393 124.99
    endloop
  endfacet
  facet normal 0 0 1
    outer loop
      vertex -5.24233 4.9756 124.99
      vertex -5.24233 2.07782 124.99
      vertex -5.16597 2.05949 124.99
    endloop
  endfacet
  facet normal -0 0 1
    outer loop
      vertex -5.31763 4.9533 124.99
      vertex -5.24233 2.07782 124.99
      vertex -5.24233 4.9756 124.99
    endloop
  endfacet
  facet normal 0 0 1
    outer loop
      vertex -5.31763 4.9533 124.99
      vertex -5.31763 2.10013 124.99
      vertex -5.24233 2.07782 124.99
    endloop
  endfacet
  facet normal -0 0 1
    outer loop
      vertex -5.39165 4.92708 124.99
      vertex -5.31763 2.10013 124.99
      vertex -5.31763 4.9533 124.99
    endloop
  endfacet
  facet normal 0 0 1
    outer loop
      vertex -5.39165 4.92708 124.99
      vertex -5.39165 2.12634 124.99
      vertex -5.31763 2.10013 124.99
    endloop
  endfacet
  facet normal -0 0 1
    outer loop
      vertex -5.46421 4.89703 124.99
      vertex -5.39165 2.12634 124.99
      vertex -5.39165 4.92708 124.99
    endloop
  endfacet
  facet normal 0 0 1
    outer loop
      vertex -5.46421 4.89703 124.99
      vertex -5.46421 2.15639 124.99
      vertex -5.39165 2.12634 124.99
    endloop
  endfacet
  facet normal -0 0 1
    outer loop
      vertex -5.53509 4.86322 124.99
      vertex -5.46421 2.15639 124.99
      vertex -5.46421 4.89703 124.99
    endloop
  endfacet
  facet normal 0 0 1
    outer loop
      vertex -5.53509 4.86322 124.99
      vertex -5.53509 2.1902 124.99
      vertex -5.46421 2.15639 124.99
    endloop
  endfacet
  facet normal -0 0 1
    outer loop
      vertex -5.6041 4.82575 124.99
      vertex -5.53509 2.1902 124.99
      vertex -5.53509 4.86322 124.99
    endloop
  endfacet
  facet normal 0 0 1
    outer loop
      vertex -5.6041 4.82575 124.99
      vertex -5.6041 2.22767 124.99
      vertex -5.53509 2.1902 124.99
    endloop
  endfacet
  facet normal -0 0 1
    outer loop
      vertex -5.67106 4.78472 124.99
      vertex -5.6041 2.22767 124.99
      vertex -5.6041 4.82575 124.99
    endloop
  endfacet
  facet normal 0 0 1
    outer loop
      vertex -5.67106 4.78472 124.99
      vertex -5.67106 2.26871 124.99
      vertex -5.6041 2.22767 124.99
    endloop
  endfacet
  facet normal -0 0 1
    outer loop
      vertex -5.73578 4.74024 124.99
      vertex -5.67106 2.26871 124.99
      vertex -5.67106 4.78472 124.99
    endloop
  endfacet
  facet normal 0 0 1
    outer loop
      vertex -5.73578 4.74024 124.99
      vertex -5.73578 2.31319 124.99
      vertex -5.67106 2.26871 124.99
    endloop
  endfacet
  facet normal -0 0 1
    outer loop
      vertex -5.79808 4.69243 124.99
      vertex -5.73578 2.31319 124.99
      vertex -5.73578 4.74024 124.99
    endloop
  endfacet
  facet normal 0 0 1
    outer loop
      vertex -5.79808 4.69243 124.99
      vertex -5.79808 2.36099 124.99
      vertex -5.73578 2.31319 124.99
    endloop
  endfacet
  facet normal -0 0 1
    outer loop
      vertex -5.8578 4.64143 124.99
      vertex -5.79808 2.36099 124.99
      vertex -5.79808 4.69243 124.99
    endloop
  endfacet
  facet normal 0 0 1
    outer loop
      vertex -5.8578 4.64143 124.99
      vertex -5.8578 2.41199 124.99
      vertex -5.79808 2.36099 124.99
    endloop
  endfacet
  facet normal -0 0 1
    outer loop
      vertex -5.91476 4.58737 124.99
      vertex -5.8578 2.41199 124.99
      vertex -5.8578 4.64143 124.99
    endloop
  endfacet
  facet normal 0 0 1
    outer loop
      vertex -5.91476 4.58737 124.99
      vertex -5.91476 2.46605 124.99
      vertex -5.8578 2.41199 124.99
    endloop
  endfacet
  facet normal -0 0 1
    outer loop
      vertex -5.96882 4.53041 124.99
      vertex -5.91476 2.46605 124.99
      vertex -5.91476 4.58737 124.99
    endloop
  endfacet
  facet normal 0 0 1
    outer loop
      vertex -5.96882 4.53041 124.99
      vertex -5.96882 2.52302 124.99
      vertex -5.91476 2.46605 124.99
    endloop
  endfacet
  facet normal -0 0 1
    outer loop
      vertex -6.01982 4.47069 124.99
      vertex -5.96882 2.52302 124.99
      vertex -5.96882 4.53041 124.99
    endloop
  endfacet
  facet normal 0 0 1
    outer loop
      vertex -6.01982 4.47069 124.99
      vertex -6.01982 2.58273 124.99
      vertex -5.96882 2.52302 124.99
    endloop
  endfacet
  facet normal -0 0 1
    outer loop
      vertex -6.06763 4.40839 124.99
      vertex -6.01982 2.58273 124.99
      vertex -6.01982 4.47069 124.99
    endloop
  endfacet
  facet normal 0 0 1
    outer loop
      vertex -6.06763 4.40839 124.99
      vertex -6.06763 2.64503 124.99
      vertex -6.01982 2.58273 124.99
    endloop
  endfacet
  facet normal -0 0 1
    outer loop
      vertex -6.11211 4.34367 124.99
      vertex -6.06763 2.64503 124.99
      vertex -6.06763 4.40839 124.99
    endloop
  endfacet
  facet normal 0 0 1
    outer loop
      vertex -6.11211 4.34367 124.99
      vertex -6.11211 2.70975 124.99
      vertex -6.06763 2.64503 124.99
    endloop
  endfacet
  facet normal -0 0 1
    outer loop
      vertex -6.15314 4.27671 124.99
      vertex -6.11211 2.70975 124.99
      vertex -6.11211 4.34367 124.99
    endloop
  endfacet
  facet normal 0 0 1
    outer loop
      vertex -6.15314 4.27671 124.99
      vertex -6.15314 2.77671 124.99
      vertex -6.11211 2.70975 124.99
    endloop
  endfacet
  facet normal -0 0 1
    outer loop
      vertex -6.19061 4.2077 124.99
      vertex -6.15314 2.77671 124.99
      vertex -6.15314 4.27671 124.99
    endloop
  endfacet
  facet normal 0 0 1
    outer loop
      vertex -6.19061 4.2077 124.99
      vertex -6.19061 2.84573 124.99
      vertex -6.15314 2.77671 124.99
    endloop
  endfacet
  facet normal -0 0 1
    outer loop
      vertex -6.22442 4.13682 124.99
      vertex -6.19061 2.84573 124.99
      vertex -6.19061 4.2077 124.99
    endloop
  endfacet
  facet normal 0 0 1
    outer loop
      vertex -6.22442 4.13682 124.99
      vertex -6.22442 2.91661 124.99
      vertex -6.19061 2.84573 124.99
    endloop
  endfacet
  facet normal -0 0 1
    outer loop
      vertex -6.25447 4.06426 124.99
      vertex -6.22442 2.91661 124.99
      vertex -6.22442 4.13682 124.99
    endloop
  endfacet
  facet normal 0 0 1
    outer loop
      vertex -6.25447 4.06426 124.99
      vertex -6.25447 2.98916 124.99
      vertex -6.22442 2.91661 124.99
    endloop
  endfacet
  facet normal -0 0 1
    outer loop
      vertex -6.28069 3.99024 124.99
      vertex -6.25447 2.98916 124.99
      vertex -6.25447 4.06426 124.99
    endloop
  endfacet
  facet normal 0 0 1
    outer loop
      vertex -6.28069 3.99024 124.99
      vertex -6.28069 3.06319 124.99
      vertex -6.25447 2.98916 124.99
    endloop
  endfacet
  facet normal -0 0 1
    outer loop
      vertex -6.30299 3.91494 124.99
      vertex -6.28069 3.06319 124.99
      vertex -6.28069 3.99024 124.99
    endloop
  endfacet
  facet normal 0 0 1
    outer loop
      vertex -6.30299 3.91494 124.99
      vertex -6.30299 3.13848 124.99
      vertex -6.28069 3.06319 124.99
    endloop
  endfacet
  facet normal -0 0 1
    outer loop
      vertex -6.32132 3.83858 124.99
      vertex -6.30299 3.13848 124.99
      vertex -6.30299 3.91494 124.99
    endloop
  endfacet
  facet normal 0 0 1
    outer loop
      vertex -6.32132 3.83858 124.99
      vertex -6.32132 3.21484 124.99
      vertex -6.30299 3.13848 124.99
    endloop
  endfacet
  facet normal -0 0 1
    outer loop
      vertex -6.33563 3.76136 124.99
      vertex -6.32132 3.21484 124.99
      vertex -6.32132 3.83858 124.99
    endloop
  endfacet
  facet normal 0 0 1
    outer loop
      vertex -6.33563 3.76136 124.99
      vertex -6.33563 3.29206 124.99
      vertex -6.32132 3.21484 124.99
    endloop
  endfacet
  facet normal -0 0 1
    outer loop
      vertex -6.34588 3.6835 124.99
      vertex -6.33563 3.29206 124.99
      vertex -6.33563 3.76136 124.99
    endloop
  endfacet
  facet normal 0 0 1
    outer loop
      vertex -6.34588 3.6835 124.99
      vertex -6.34588 3.36992 124.99
      vertex -6.33563 3.29206 124.99
    endloop
  endfacet
  facet normal -0 0 1
    outer loop
      vertex -6.35205 3.60522 124.99
      vertex -6.34588 3.36992 124.99
      vertex -6.34588 3.6835 124.99
    endloop
  endfacet
  facet normal 0 0 1
    outer loop
      vertex -6.35205 3.60522 124.99
      vertex -6.35205 3.44821 124.99
      vertex -6.34588 3.36992 124.99
    endloop
  endfacet
  facet normal 0 -0 1
    outer loop
      vertex -6.35205 3.44821 124.99
      vertex -6.35205 3.60522 124.99
      vertex -6.3541 3.52671 124.99
    endloop
  endfacet
  facet normal 0.688401 0.72533 -0
    outer loop
      vertex -5.8578 2.41199 124.99
      vertex -5.91476 2.46605 125
      vertex -5.8578 2.41199 125
    endloop
  endfacet
  facet normal 0.688401 0.72533 0
    outer loop
      vertex -5.91476 2.46605 125
      vertex -5.8578 2.41199 124.99
      vertex -5.91476 2.46605 124.99
    endloop
  endfacet
  facet normal 0.477165 -0.878814 0
    outer loop
      vertex -5.6041 4.82575 124.99
      vertex -5.53509 4.86322 125
      vertex -5.6041 4.82575 125
    endloop
  endfacet
  facet normal 0.477165 -0.878814 0
    outer loop
      vertex -5.53509 4.86322 125
      vertex -5.6041 4.82575 124.99
      vertex -5.53509 4.86322 124.99
    endloop
  endfacet
  facet normal 0.566399 -0.824131 0
    outer loop
      vertex -5.73578 4.74024 124.99
      vertex -5.67106 4.78472 125
      vertex -5.73578 4.74024 125
    endloop
  endfacet
  facet normal 0.566399 -0.824131 0
    outer loop
      vertex -5.67106 4.78472 125
      vertex -5.73578 4.74024 124.99
      vertex -5.67106 4.78472 124.99
    endloop
  endfacet
  facet normal -0.13052 -0.991446 0
    outer loop
      vertex -4.69731 5.01849 124.99
      vertex -4.61945 5.00824 125
      vertex -4.69731 5.01849 125
    endloop
  endfacet
  facet normal -0.13052 -0.991446 -0
    outer loop
      vertex -4.61945 5.00824 125
      vertex -4.69731 5.01849 124.99
      vertex -4.61945 5.00824 124.99
    endloop
  endfacet
  facet normal -0.852601 -0.522562 0
    outer loop
      vertex -3.55506 4.27671 124.99
      vertex -3.5961 4.34367 125
      vertex -3.5961 4.34367 124.99
    endloop
  endfacet
  facet normal -0.852601 -0.522562 0
    outer loop
      vertex -3.5961 4.34367 125
      vertex -3.55506 4.27671 124.99
      vertex -3.55506 4.27671 125
    endloop
  endfacet
  facet normal 0.522562 0.852601 -0
    outer loop
      vertex -5.6041 2.22767 124.99
      vertex -5.67106 2.26871 125
      vertex -5.6041 2.22767 125
    endloop
  endfacet
  facet normal 0.522562 0.852601 0
    outer loop
      vertex -5.67106 2.26871 125
      vertex -5.6041 2.22767 124.99
      vertex -5.67106 2.26871 124.99
    endloop
  endfacet
  facet normal -0.522469 -0.852658 0
    outer loop
      vertex -4.1041 4.82575 124.99
      vertex -4.03714 4.78472 125
      vertex -4.1041 4.82575 125
    endloop
  endfacet
  facet normal -0.522469 -0.852658 -0
    outer loop
      vertex -4.03714 4.78472 125
      vertex -4.1041 4.82575 124.99
      vertex -4.03714 4.78472 124.99
    endloop
  endfacet
  facet normal 0.878843 0.477112 0
    outer loop
      vertex -6.15314 2.77671 125
      vertex -6.19061 2.84573 124.99
      vertex -6.19061 2.84573 125
    endloop
  endfacet
  facet normal 0.878843 0.477112 0
    outer loop
      vertex -6.19061 2.84573 124.99
      vertex -6.15314 2.77671 125
      vertex -6.15314 2.77671 124.99
    endloop
  endfacet
  facet normal 0.958837 -0.283958 0
    outer loop
      vertex -6.30299 3.91494 125
      vertex -6.28069 3.99024 124.99
      vertex -6.28069 3.99024 125
    endloop
  endfacet
  facet normal 0.958837 -0.283958 0
    outer loop
      vertex -6.28069 3.99024 124.99
      vertex -6.30299 3.91494 125
      vertex -6.30299 3.91494 124.99
    endloop
  endfacet
  facet normal 0.824131 -0.566399 0
    outer loop
      vertex -6.11211 4.34367 125
      vertex -6.06763 4.40839 124.99
      vertex -6.06763 4.40839 125
    endloop
  endfacet
  facet normal 0.824131 -0.566399 0
    outer loop
      vertex -6.06763 4.40839 124.99
      vertex -6.11211 4.34367 125
      vertex -6.11211 4.34367 124.99
    endloop
  endfacet
  facet normal 0.999659 -0.0261024 0
    outer loop
      vertex -6.3541 3.52671 125
      vertex -6.35205 3.60522 124.99
      vertex -6.35205 3.60522 125
    endloop
  endfacet
  facet normal 0.999659 -0.0261024 0
    outer loop
      vertex -6.35205 3.60522 124.99
      vertex -6.3541 3.52671 125
      vertex -6.3541 3.52671 124.99
    endloop
  endfacet
  facet normal -0.991446 0.13052 0
    outer loop
      vertex -3.37257 3.29206 124.99
      vertex -3.36232 3.36992 125
      vertex -3.36232 3.36992 124.99
    endloop
  endfacet
  facet normal -0.991446 0.13052 0
    outer loop
      vertex -3.36232 3.36992 125
      vertex -3.37257 3.29206 124.99
      vertex -3.37257 3.29206 125
    endloop
  endfacet
  facet normal 0.793319 -0.608806 0
    outer loop
      vertex -6.06763 4.40839 125
      vertex -6.01982 4.47069 124.99
      vertex -6.01982 4.47069 125
    endloop
  endfacet
  facet normal 0.793319 -0.608806 0
    outer loop
      vertex -6.01982 4.47069 124.99
      vertex -6.06763 4.40839 125
      vertex -6.06763 4.40839 124.99
    endloop
  endfacet
  facet normal 0.233416 -0.972377 0
    outer loop
      vertex -5.24233 4.9756 124.99
      vertex -5.16597 4.99393 125
      vertex -5.24233 4.9756 125
    endloop
  endfacet
  facet normal 0.233416 -0.972377 0
    outer loop
      vertex -5.16597 4.99393 125
      vertex -5.24233 4.9756 124.99
      vertex -5.16597 4.99393 124.99
    endloop
  endfacet
  facet normal 0.0261024 -0.999659 0
    outer loop
      vertex -4.93261 5.02466 124.99
      vertex -4.8541 5.02671 125
      vertex -4.93261 5.02466 125
    endloop
  endfacet
  facet normal 0.0261024 -0.999659 0
    outer loop
      vertex -4.8541 5.02671 125
      vertex -4.93261 5.02466 124.99
      vertex -4.8541 5.02671 124.99
    endloop
  endfacet
  facet normal -0.760442 -0.649406 0
    outer loop
      vertex -3.68838 4.47069 124.99
      vertex -3.73938 4.53041 125
      vertex -3.73938 4.53041 124.99
    endloop
  endfacet
  facet normal -0.760442 -0.649406 0
    outer loop
      vertex -3.73938 4.53041 125
      vertex -3.68838 4.47069 124.99
      vertex -3.68838 4.47069 125
    endloop
  endfacet
  facet normal 0.991446 -0.13052 0
    outer loop
      vertex -6.34588 3.6835 125
      vertex -6.33563 3.76136 124.99
      vertex -6.33563 3.76136 125
    endloop
  endfacet
  facet normal 0.991446 -0.13052 0
    outer loop
      vertex -6.33563 3.76136 124.99
      vertex -6.34588 3.6835 125
      vertex -6.34588 3.6835 124.99
    endloop
  endfacet
  facet normal -0.902576 -0.430532 0
    outer loop
      vertex -3.48378 4.13682 124.99
      vertex -3.51759 4.2077 125
      vertex -3.51759 4.2077 124.99
    endloop
  endfacet
  facet normal -0.902576 -0.430532 0
    outer loop
      vertex -3.51759 4.2077 125
      vertex -3.48378 4.13682 124.99
      vertex -3.48378 4.13682 125
    endloop
  endfacet
  facet normal 0.182212 -0.983259 0
    outer loop
      vertex -5.16597 4.99393 124.99
      vertex -5.08875 5.00824 125
      vertex -5.16597 4.99393 125
    endloop
  endfacet
  facet normal 0.182212 -0.983259 0
    outer loop
      vertex -5.08875 5.00824 125
      vertex -5.16597 4.99393 124.99
      vertex -5.08875 5.00824 124.99
    endloop
  endfacet
  facet normal 0.983259 0.182212 0
    outer loop
      vertex -6.32132 3.21484 125
      vertex -6.33563 3.29206 124.99
      vertex -6.33563 3.29206 125
    endloop
  endfacet
  facet normal 0.983259 0.182212 0
    outer loop
      vertex -6.33563 3.29206 124.99
      vertex -6.32132 3.21484 125
      vertex -6.32132 3.21484 124.99
    endloop
  endfacet
  facet normal 0.991446 0.13052 0
    outer loop
      vertex -6.33563 3.29206 125
      vertex -6.34588 3.36992 124.99
      vertex -6.34588 3.36992 125
    endloop
  endfacet
  facet normal 0.991446 0.13052 0
    outer loop
      vertex -6.34588 3.36992 124.99
      vertex -6.33563 3.29206 125
      vertex -6.33563 3.29206 124.99
    endloop
  endfacet
  facet normal -0.430532 0.902576 0
    outer loop
      vertex -4.17312 2.1902 124.99
      vertex -4.244 2.15639 125
      vertex -4.17312 2.1902 125
    endloop
  endfacet
  facet normal -0.430532 0.902576 0
    outer loop
      vertex -4.244 2.15639 125
      vertex -4.17312 2.1902 124.99
      vertex -4.244 2.15639 124.99
    endloop
  endfacet
  facet normal 0.333899 -0.942609 0
    outer loop
      vertex -5.39165 4.92708 124.99
      vertex -5.31763 4.9533 125
      vertex -5.39165 4.92708 125
    endloop
  endfacet
  facet normal 0.333899 -0.942609 0
    outer loop
      vertex -5.31763 4.9533 125
      vertex -5.39165 4.92708 124.99
      vertex -5.31763 4.9533 124.99
    endloop
  endfacet
  facet normal 0.688401 -0.72533 0
    outer loop
      vertex -5.91476 4.58737 124.99
      vertex -5.8578 4.64143 125
      vertex -5.91476 4.58737 125
    endloop
  endfacet
  facet normal 0.688401 -0.72533 0
    outer loop
      vertex -5.8578 4.64143 125
      vertex -5.91476 4.58737 124.99
      vertex -5.8578 4.64143 124.99
    endloop
  endfacet
  facet normal -0.688338 -0.72539 0
    outer loop
      vertex -3.85041 4.64143 124.99
      vertex -3.79344 4.58737 125
      vertex -3.85041 4.64143 125
    endloop
  endfacet
  facet normal -0.688338 -0.72539 -0
    outer loop
      vertex -3.79344 4.58737 125
      vertex -3.85041 4.64143 124.99
      vertex -3.79344 4.58737 124.99
    endloop
  endfacet
  facet normal -0.38267 -0.923885 0
    outer loop
      vertex -4.31655 4.92708 124.99
      vertex -4.244 4.89703 125
      vertex -4.31655 4.92708 125
    endloop
  endfacet
  facet normal -0.38267 -0.923885 -0
    outer loop
      vertex -4.244 4.89703 125
      vertex -4.31655 4.92708 124.99
      vertex -4.244 4.89703 124.99
    endloop
  endfacet
  facet normal 0.0262297 0.999656 -0
    outer loop
      vertex -4.8541 2.02671 124.99
      vertex -4.93261 2.02877 125
      vertex -4.8541 2.02671 125
    endloop
  endfacet
  facet normal 0.0262297 0.999656 0
    outer loop
      vertex -4.93261 2.02877 125
      vertex -4.8541 2.02671 124.99
      vertex -4.93261 2.02877 124.99
    endloop
  endfacet
  facet normal 0.13052 -0.991446 0
    outer loop
      vertex -5.08875 5.00824 124.99
      vertex -5.01089 5.01849 125
      vertex -5.08875 5.00824 125
    endloop
  endfacet
  facet normal 0.13052 -0.991446 0
    outer loop
      vertex -5.01089 5.01849 125
      vertex -5.08875 5.00824 124.99
      vertex -5.01089 5.01849 124.99
    endloop
  endfacet
  facet normal 0.923885 0.38267 0
    outer loop
      vertex -6.22442 2.91661 125
      vertex -6.25447 2.98916 124.99
      vertex -6.25447 2.98916 125
    endloop
  endfacet
  facet normal 0.923885 0.38267 0
    outer loop
      vertex -6.25447 2.98916 124.99
      vertex -6.22442 2.91661 125
      vertex -6.22442 2.91661 124.99
    endloop
  endfacet
  facet normal -0.28411 0.958792 0
    outer loop
      vertex -4.39058 2.10013 124.99
      vertex -4.46587 2.07782 125
      vertex -4.39058 2.10013 125
    endloop
  endfacet
  facet normal -0.28411 0.958792 0
    outer loop
      vertex -4.46587 2.07782 125
      vertex -4.39058 2.10013 124.99
      vertex -4.46587 2.07782 124.99
    endloop
  endfacet
  facet normal 0.942623 0.333859 0
    outer loop
      vertex -6.25447 2.98916 125
      vertex -6.28069 3.06319 124.99
      vertex -6.28069 3.06319 125
    endloop
  endfacet
  facet normal 0.942623 0.333859 0
    outer loop
      vertex -6.28069 3.06319 124.99
      vertex -6.25447 2.98916 125
      vertex -6.25447 2.98916 124.99
    endloop
  endfacet
  facet normal 0.972377 0.233416 0
    outer loop
      vertex -6.30299 3.13848 125
      vertex -6.32132 3.21484 124.99
      vertex -6.32132 3.21484 125
    endloop
  endfacet
  facet normal 0.972377 0.233416 0
    outer loop
      vertex -6.32132 3.21484 124.99
      vertex -6.30299 3.13848 125
      vertex -6.30299 3.13848 124.99
    endloop
  endfacet
  facet normal 0.477165 0.878814 -0
    outer loop
      vertex -5.53509 2.1902 124.99
      vertex -5.6041 2.22767 125
      vertex -5.53509 2.1902 125
    endloop
  endfacet
  facet normal 0.477165 0.878814 0
    outer loop
      vertex -5.6041 2.22767 125
      vertex -5.53509 2.1902 124.99
      vertex -5.6041 2.22767 124.99
    endloop
  endfacet
  facet normal 0.958826 0.283993 0
    outer loop
      vertex -6.28069 3.06319 125
      vertex -6.30299 3.13848 124.99
      vertex -6.30299 3.13848 125
    endloop
  endfacet
  facet normal 0.958826 0.283993 0
    outer loop
      vertex -6.30299 3.13848 124.99
      vertex -6.28069 3.06319 125
      vertex -6.28069 3.06319 124.99
    endloop
  endfacet
  facet normal -0.996919 0.0784394 0
    outer loop
      vertex -3.36232 3.36992 124.99
      vertex -3.35616 3.44821 125
      vertex -3.35616 3.44821 124.99
    endloop
  endfacet
  facet normal -0.996919 0.0784394 0
    outer loop
      vertex -3.35616 3.44821 125
      vertex -3.36232 3.36992 124.99
      vertex -3.36232 3.36992 125
    endloop
  endfacet
  facet normal 0.760442 -0.649406 0
    outer loop
      vertex -6.01982 4.47069 125
      vertex -5.96882 4.53041 124.99
      vertex -5.96882 4.53041 125
    endloop
  endfacet
  facet normal 0.760442 -0.649406 0
    outer loop
      vertex -5.96882 4.53041 124.99
      vertex -6.01982 4.47069 125
      vertex -6.01982 4.47069 124.99
    endloop
  endfacet
  facet normal -0.793381 0.608726 0
    outer loop
      vertex -3.68838 2.58273 124.99
      vertex -3.64058 2.64503 125
      vertex -3.64058 2.64503 124.99
    endloop
  endfacet
  facet normal -0.793381 0.608726 0
    outer loop
      vertex -3.64058 2.64503 125
      vertex -3.68838 2.58273 124.99
      vertex -3.68838 2.58273 125
    endloop
  endfacet
  facet normal 0.0785759 -0.996908 0
    outer loop
      vertex -5.01089 5.01849 124.99
      vertex -4.93261 5.02466 125
      vertex -5.01089 5.01849 125
    endloop
  endfacet
  facet normal 0.0785759 -0.996908 0
    outer loop
      vertex -4.93261 5.02466 125
      vertex -5.01089 5.01849 124.99
      vertex -4.93261 5.02466 124.99
    endloop
  endfacet
  facet normal -0.852601 0.522562 0
    outer loop
      vertex -3.5961 2.70975 124.99
      vertex -3.55506 2.77671 125
      vertex -3.55506 2.77671 124.99
    endloop
  endfacet
  facet normal -0.852601 0.522562 0
    outer loop
      vertex -3.55506 2.77671 125
      vertex -3.5961 2.70975 124.99
      vertex -3.5961 2.70975 125
    endloop
  endfacet
  facet normal -0.983259 -0.182212 0
    outer loop
      vertex -3.37257 3.76136 124.99
      vertex -3.38688 3.83858 125
      vertex -3.38688 3.83858 124.99
    endloop
  endfacet
  facet normal -0.983259 -0.182212 0
    outer loop
      vertex -3.38688 3.83858 125
      vertex -3.37257 3.76136 124.99
      vertex -3.37257 3.76136 125
    endloop
  endfacet
  facet normal 0.608806 -0.793319 0
    outer loop
      vertex -5.79808 4.69243 124.99
      vertex -5.73578 4.74024 125
      vertex -5.79808 4.69243 125
    endloop
  endfacet
  facet normal 0.608806 -0.793319 0
    outer loop
      vertex -5.73578 4.74024 125
      vertex -5.79808 4.69243 124.99
      vertex -5.73578 4.74024 124.99
    endloop
  endfacet
  facet normal 0.649406 0.760442 -0
    outer loop
      vertex -5.79808 2.36099 124.99
      vertex -5.8578 2.41199 125
      vertex -5.79808 2.36099 125
    endloop
  endfacet
  facet normal 0.649406 0.760442 0
    outer loop
      vertex -5.8578 2.41199 125
      vertex -5.79808 2.36099 124.99
      vertex -5.8578 2.41199 124.99
    endloop
  endfacet
  facet normal 0.233416 0.972377 -0
    outer loop
      vertex -5.16597 2.05949 124.99
      vertex -5.24233 2.07782 125
      vertex -5.16597 2.05949 125
    endloop
  endfacet
  facet normal 0.233416 0.972377 0
    outer loop
      vertex -5.24233 2.07782 125
      vertex -5.16597 2.05949 124.99
      vertex -5.24233 2.07782 124.99
    endloop
  endfacet
  facet normal 0.430532 -0.902576 0
    outer loop
      vertex -5.53509 4.86322 124.99
      vertex -5.46421 4.89703 125
      vertex -5.53509 4.86322 125
    endloop
  endfacet
  facet normal 0.430532 -0.902576 0
    outer loop
      vertex -5.46421 4.89703 125
      vertex -5.53509 4.86322 124.99
      vertex -5.46421 4.89703 124.99
    endloop
  endfacet
  facet normal 0.72539 0.688338 0
    outer loop
      vertex -5.91476 2.46605 125
      vertex -5.96882 2.52302 124.99
      vertex -5.96882 2.52302 125
    endloop
  endfacet
  facet normal 0.72539 0.688338 0
    outer loop
      vertex -5.96882 2.52302 124.99
      vertex -5.91476 2.46605 125
      vertex -5.91476 2.46605 124.99
    endloop
  endfacet
  facet normal -0.923904 -0.382625 0
    outer loop
      vertex -3.45373 4.06426 124.99
      vertex -3.48378 4.13682 125
      vertex -3.48378 4.13682 124.99
    endloop
  endfacet
  facet normal -0.923904 -0.382625 0
    outer loop
      vertex -3.48378 4.13682 125
      vertex -3.45373 4.06426 124.99
      vertex -3.45373 4.06426 125
    endloop
  endfacet
  facet normal -0.972377 -0.233416 0
    outer loop
      vertex -3.38688 3.83858 124.99
      vertex -3.40521 3.91494 125
      vertex -3.40521 3.91494 124.99
    endloop
  endfacet
  facet normal -0.972377 -0.233416 0
    outer loop
      vertex -3.40521 3.91494 125
      vertex -3.38688 3.83858 124.99
      vertex -3.38688 3.83858 125
    endloop
  endfacet
  facet normal 0.182212 0.983259 -0
    outer loop
      vertex -5.08875 2.04518 124.99
      vertex -5.16597 2.05949 125
      vertex -5.08875 2.04518 125
    endloop
  endfacet
  facet normal 0.182212 0.983259 0
    outer loop
      vertex -5.16597 2.05949 125
      vertex -5.08875 2.04518 124.99
      vertex -5.16597 2.05949 124.99
    endloop
  endfacet
  facet normal -0.958802 -0.284075 0
    outer loop
      vertex -3.40521 3.91494 124.99
      vertex -3.42752 3.99024 125
      vertex -3.42752 3.99024 124.99
    endloop
  endfacet
  facet normal -0.958802 -0.284075 0
    outer loop
      vertex -3.42752 3.99024 125
      vertex -3.40521 3.91494 124.99
      vertex -3.40521 3.91494 125
    endloop
  endfacet
  facet normal -0.608806 -0.793319 0
    outer loop
      vertex -3.97242 4.74024 124.99
      vertex -3.91012 4.69243 125
      vertex -3.97242 4.74024 125
    endloop
  endfacet
  facet normal -0.608806 -0.793319 -0
    outer loop
      vertex -3.91012 4.69243 125
      vertex -3.97242 4.74024 124.99
      vertex -3.91012 4.69243 124.99
    endloop
  endfacet
  facet normal 0.0784494 0.996918 -0
    outer loop
      vertex -4.93261 2.02877 124.99
      vertex -5.01089 2.03493 125
      vertex -4.93261 2.02877 125
    endloop
  endfacet
  facet normal 0.0784494 0.996918 0
    outer loop
      vertex -5.01089 2.03493 125
      vertex -4.93261 2.02877 124.99
      vertex -5.01089 2.03493 124.99
    endloop
  endfacet
  facet normal -0.026233 0.999656 0
    outer loop
      vertex -4.7756 2.02877 124.99
      vertex -4.8541 2.02671 125
      vertex -4.7756 2.02877 125
    endloop
  endfacet
  facet normal -0.026233 0.999656 0
    outer loop
      vertex -4.8541 2.02671 125
      vertex -4.7756 2.02877 124.99
      vertex -4.8541 2.02671 124.99
    endloop
  endfacet
  facet normal -0.566399 -0.824131 0
    outer loop
      vertex -4.03714 4.78472 124.99
      vertex -3.97242 4.74024 125
      vertex -4.03714 4.78472 125
    endloop
  endfacet
  facet normal -0.566399 -0.824131 -0
    outer loop
      vertex -3.97242 4.74024 125
      vertex -4.03714 4.78472 124.99
      vertex -3.97242 4.74024 124.99
    endloop
  endfacet
  facet normal 0.852658 -0.522469 0
    outer loop
      vertex -6.15314 4.27671 125
      vertex -6.11211 4.34367 124.99
      vertex -6.11211 4.34367 125
    endloop
  endfacet
  facet normal 0.852658 -0.522469 0
    outer loop
      vertex -6.11211 4.34367 124.99
      vertex -6.15314 4.27671 125
      vertex -6.15314 4.27671 124.99
    endloop
  endfacet
  facet normal -0.72533 -0.688401 0
    outer loop
      vertex -3.73938 4.53041 124.99
      vertex -3.79344 4.58737 125
      vertex -3.79344 4.58737 124.99
    endloop
  endfacet
  facet normal -0.72533 -0.688401 0
    outer loop
      vertex -3.79344 4.58737 125
      vertex -3.73938 4.53041 124.99
      vertex -3.73938 4.53041 125
    endloop
  endfacet
  facet normal 0.333786 0.942649 -0
    outer loop
      vertex -5.31763 2.10013 124.99
      vertex -5.39165 2.12634 125
      vertex -5.31763 2.10013 125
    endloop
  endfacet
  facet normal 0.333786 0.942649 0
    outer loop
      vertex -5.39165 2.12634 125
      vertex -5.31763 2.10013 124.99
      vertex -5.39165 2.12634 124.99
    endloop
  endfacet
  facet normal 0.522469 -0.852658 0
    outer loop
      vertex -5.67106 4.78472 124.99
      vertex -5.6041 4.82575 125
      vertex -5.67106 4.78472 125
    endloop
  endfacet
  facet normal 0.522469 -0.852658 0
    outer loop
      vertex -5.6041 4.82575 125
      vertex -5.67106 4.78472 124.99
      vertex -5.6041 4.82575 124.99
    endloop
  endfacet
  facet normal 0.72533 -0.688401 0
    outer loop
      vertex -5.96882 4.53041 125
      vertex -5.91476 4.58737 124.99
      vertex -5.91476 4.58737 125
    endloop
  endfacet
  facet normal 0.72533 -0.688401 0
    outer loop
      vertex -5.91476 4.58737 124.99
      vertex -5.96882 4.53041 125
      vertex -5.96882 4.53041 124.99
    endloop
  endfacet
  facet normal -0.878843 0.477112 0
    outer loop
      vertex -3.55506 2.77671 124.99
      vertex -3.51759 2.84573 125
      vertex -3.51759 2.84573 124.99
    endloop
  endfacet
  facet normal -0.878843 0.477112 0
    outer loop
      vertex -3.51759 2.84573 125
      vertex -3.55506 2.77671 124.99
      vertex -3.55506 2.77671 125
    endloop
  endfacet
  facet normal -0.522562 0.852601 0
    outer loop
      vertex -4.03714 2.26871 124.99
      vertex -4.1041 2.22767 125
      vertex -4.03714 2.26871 125
    endloop
  endfacet
  facet normal -0.522562 0.852601 0
    outer loop
      vertex -4.1041 2.22767 125
      vertex -4.03714 2.26871 124.99
      vertex -4.1041 2.22767 124.99
    endloop
  endfacet
  facet normal -0.608726 0.793381 0
    outer loop
      vertex -3.91012 2.36099 124.99
      vertex -3.97242 2.31319 125
      vertex -3.91012 2.36099 125
    endloop
  endfacet
  facet normal -0.608726 0.793381 0
    outer loop
      vertex -3.97242 2.31319 125
      vertex -3.91012 2.36099 124.99
      vertex -3.97242 2.31319 124.99
    endloop
  endfacet
  facet normal 0.852658 0.522469 0
    outer loop
      vertex -6.11211 2.70975 125
      vertex -6.15314 2.77671 124.99
      vertex -6.15314 2.77671 125
    endloop
  endfacet
  facet normal 0.852658 0.522469 0
    outer loop
      vertex -6.15314 2.77671 124.99
      vertex -6.11211 2.70975 125
      vertex -6.11211 2.70975 124.99
    endloop
  endfacet
  facet normal 0.824131 0.566399 0
    outer loop
      vertex -6.06763 2.64503 125
      vertex -6.11211 2.70975 124.99
      vertex -6.11211 2.70975 125
    endloop
  endfacet
  facet normal 0.824131 0.566399 0
    outer loop
      vertex -6.11211 2.70975 124.99
      vertex -6.06763 2.64503 125
      vertex -6.06763 2.64503 124.99
    endloop
  endfacet
  facet normal -0.566399 0.824131 0
    outer loop
      vertex -3.97242 2.31319 124.99
      vertex -4.03714 2.26871 125
      vertex -3.97242 2.31319 125
    endloop
  endfacet
  facet normal -0.566399 0.824131 0
    outer loop
      vertex -4.03714 2.26871 125
      vertex -3.97242 2.31319 124.99
      vertex -4.03714 2.26871 124.99
    endloop
  endfacet
  facet normal 0.942609 -0.333899 0
    outer loop
      vertex -6.28069 3.99024 125
      vertex -6.25447 4.06426 124.99
      vertex -6.25447 4.06426 125
    endloop
  endfacet
  facet normal 0.942609 -0.333899 0
    outer loop
      vertex -6.25447 4.06426 124.99
      vertex -6.28069 3.99024 125
      vertex -6.28069 3.99024 124.99
    endloop
  endfacet
  facet normal 0.13052 0.991446 -0
    outer loop
      vertex -5.01089 2.03493 124.99
      vertex -5.08875 2.04518 125
      vertex -5.01089 2.03493 125
    endloop
  endfacet
  facet normal 0.13052 0.991446 0
    outer loop
      vertex -5.08875 2.04518 125
      vertex -5.01089 2.03493 124.99
      vertex -5.08875 2.04518 124.99
    endloop
  endfacet
  facet normal -0.824131 0.566399 0
    outer loop
      vertex -3.64058 2.64503 124.99
      vertex -3.5961 2.70975 125
      vertex -3.5961 2.70975 124.99
    endloop
  endfacet
  facet normal -0.824131 0.566399 0
    outer loop
      vertex -3.5961 2.70975 125
      vertex -3.64058 2.64503 124.99
      vertex -3.64058 2.64503 125
    endloop
  endfacet
  facet normal 0.430532 0.902576 -0
    outer loop
      vertex -5.46421 2.15639 124.99
      vertex -5.53509 2.1902 125
      vertex -5.46421 2.15639 125
    endloop
  endfacet
  facet normal 0.430532 0.902576 0
    outer loop
      vertex -5.53509 2.1902 125
      vertex -5.46421 2.15639 124.99
      vertex -5.53509 2.1902 124.99
    endloop
  endfacet
  facet normal -0.182212 -0.983259 0
    outer loop
      vertex -4.61945 5.00824 124.99
      vertex -4.54223 4.99393 125
      vertex -4.61945 5.00824 125
    endloop
  endfacet
  facet normal -0.182212 -0.983259 -0
    outer loop
      vertex -4.54223 4.99393 125
      vertex -4.61945 5.00824 124.99
      vertex -4.54223 4.99393 124.99
    endloop
  endfacet
  facet normal -0.649469 0.760388 0
    outer loop
      vertex -3.85041 2.41199 124.99
      vertex -3.91012 2.36099 125
      vertex -3.85041 2.41199 125
    endloop
  endfacet
  facet normal -0.649469 0.760388 0
    outer loop
      vertex -3.91012 2.36099 125
      vertex -3.85041 2.41199 124.99
      vertex -3.91012 2.36099 124.99
    endloop
  endfacet
  facet normal 0.283958 -0.958837 0
    outer loop
      vertex -5.31763 4.9533 124.99
      vertex -5.24233 4.9756 125
      vertex -5.31763 4.9533 125
    endloop
  endfacet
  facet normal 0.283958 -0.958837 0
    outer loop
      vertex -5.24233 4.9756 125
      vertex -5.31763 4.9533 124.99
      vertex -5.24233 4.9756 124.99
    endloop
  endfacet
  facet normal 0.760388 0.649469 0
    outer loop
      vertex -5.96882 2.52302 125
      vertex -6.01982 2.58273 124.99
      vertex -6.01982 2.58273 125
    endloop
  endfacet
  facet normal 0.760388 0.649469 0
    outer loop
      vertex -6.01982 2.58273 124.99
      vertex -5.96882 2.52302 125
      vertex -5.96882 2.52302 124.99
    endloop
  endfacet
  facet normal 0.902576 -0.430532 0
    outer loop
      vertex -6.22442 4.13682 125
      vertex -6.19061 4.2077 124.99
      vertex -6.19061 4.2077 125
    endloop
  endfacet
  facet normal 0.902576 -0.430532 0
    outer loop
      vertex -6.19061 4.2077 124.99
      vertex -6.22442 4.13682 125
      vertex -6.22442 4.13682 124.99
    endloop
  endfacet
  facet normal -0.983259 0.182212 0
    outer loop
      vertex -3.38688 3.21484 124.99
      vertex -3.37257 3.29206 125
      vertex -3.37257 3.29206 124.99
    endloop
  endfacet
  facet normal -0.983259 0.182212 0
    outer loop
      vertex -3.37257 3.29206 125
      vertex -3.38688 3.21484 124.99
      vertex -3.38688 3.21484 125
    endloop
  endfacet
  facet normal -0.333859 -0.942623 0
    outer loop
      vertex -4.39058 4.9533 124.99
      vertex -4.31655 4.92708 125
      vertex -4.39058 4.9533 125
    endloop
  endfacet
  facet normal -0.333859 -0.942623 -0
    outer loop
      vertex -4.31655 4.92708 125
      vertex -4.39058 4.9533 124.99
      vertex -4.31655 4.92708 124.99
    endloop
  endfacet
  facet normal -0.0261057 -0.999659 0
    outer loop
      vertex -4.8541 5.02671 124.99
      vertex -4.7756 5.02466 125
      vertex -4.8541 5.02671 125
    endloop
  endfacet
  facet normal -0.0261057 -0.999659 -0
    outer loop
      vertex -4.7756 5.02466 125
      vertex -4.8541 5.02671 124.99
      vertex -4.7756 5.02466 124.99
    endloop
  endfacet
  facet normal 0.972377 -0.233416 0
    outer loop
      vertex -6.32132 3.83858 125
      vertex -6.30299 3.91494 124.99
      vertex -6.30299 3.91494 125
    endloop
  endfacet
  facet normal 0.972377 -0.233416 0
    outer loop
      vertex -6.30299 3.91494 124.99
      vertex -6.32132 3.83858 125
      vertex -6.32132 3.83858 124.99
    endloop
  endfacet
  facet normal -0.902576 0.430532 0
    outer loop
      vertex -3.51759 2.84573 124.99
      vertex -3.48378 2.91661 125
      vertex -3.48378 2.91661 124.99
    endloop
  endfacet
  facet normal -0.902576 0.430532 0
    outer loop
      vertex -3.48378 2.91661 125
      vertex -3.51759 2.84573 124.99
      vertex -3.51759 2.84573 125
    endloop
  endfacet
  facet normal 0.999659 0.0261057 0
    outer loop
      vertex -6.35205 3.44821 125
      vertex -6.3541 3.52671 124.99
      vertex -6.3541 3.52671 125
    endloop
  endfacet
  facet normal 0.999659 0.0261057 0
    outer loop
      vertex -6.3541 3.52671 124.99
      vertex -6.35205 3.44821 125
      vertex -6.35205 3.44821 124.99
    endloop
  endfacet
  facet normal -0.688338 0.72539 0
    outer loop
      vertex -3.79344 2.46605 124.99
      vertex -3.85041 2.41199 125
      vertex -3.79344 2.46605 125
    endloop
  endfacet
  facet normal -0.688338 0.72539 0
    outer loop
      vertex -3.85041 2.41199 125
      vertex -3.79344 2.46605 124.99
      vertex -3.85041 2.41199 124.99
    endloop
  endfacet
  facet normal -0.72539 0.688338 0
    outer loop
      vertex -3.79344 2.46605 124.99
      vertex -3.73938 2.52302 125
      vertex -3.73938 2.52302 124.99
    endloop
  endfacet
  facet normal -0.72539 0.688338 0
    outer loop
      vertex -3.73938 2.52302 125
      vertex -3.79344 2.46605 124.99
      vertex -3.79344 2.46605 125
    endloop
  endfacet
  facet normal 0.382625 0.923904 -0
    outer loop
      vertex -5.39165 2.12634 124.99
      vertex -5.46421 2.15639 125
      vertex -5.39165 2.12634 125
    endloop
  endfacet
  facet normal 0.382625 0.923904 0
    outer loop
      vertex -5.46421 2.15639 125
      vertex -5.39165 2.12634 124.99
      vertex -5.46421 2.15639 124.99
    endloop
  endfacet
  facet normal 0.983259 -0.182212 0
    outer loop
      vertex -6.33563 3.76136 125
      vertex -6.32132 3.83858 124.99
      vertex -6.32132 3.83858 125
    endloop
  endfacet
  facet normal 0.983259 -0.182212 0
    outer loop
      vertex -6.32132 3.83858 124.99
      vertex -6.33563 3.76136 125
      vertex -6.33563 3.76136 124.99
    endloop
  endfacet
  facet normal -0.923885 0.38267 0
    outer loop
      vertex -3.48378 2.91661 124.99
      vertex -3.45373 2.98916 125
      vertex -3.45373 2.98916 124.99
    endloop
  endfacet
  facet normal -0.923885 0.38267 0
    outer loop
      vertex -3.45373 2.98916 125
      vertex -3.48378 2.91661 124.99
      vertex -3.48378 2.91661 125
    endloop
  endfacet
  facet normal -0.38267 0.923885 0
    outer loop
      vertex -4.244 2.15639 124.99
      vertex -4.31655 2.12634 125
      vertex -4.244 2.15639 125
    endloop
  endfacet
  facet normal -0.38267 0.923885 0
    outer loop
      vertex -4.31655 2.12634 125
      vertex -4.244 2.15639 124.99
      vertex -4.31655 2.12634 124.99
    endloop
  endfacet
  facet normal 0.923904 -0.382625 0
    outer loop
      vertex -6.25447 4.06426 125
      vertex -6.22442 4.13682 124.99
      vertex -6.22442 4.13682 125
    endloop
  endfacet
  facet normal 0.923904 -0.382625 0
    outer loop
      vertex -6.22442 4.13682 124.99
      vertex -6.25447 4.06426 125
      vertex -6.25447 4.06426 124.99
    endloop
  endfacet
  facet normal 0.878814 -0.477165 0
    outer loop
      vertex -6.19061 4.2077 125
      vertex -6.15314 4.27671 124.99
      vertex -6.15314 4.27671 125
    endloop
  endfacet
  facet normal 0.878814 -0.477165 0
    outer loop
      vertex -6.15314 4.27671 124.99
      vertex -6.19061 4.2077 125
      vertex -6.19061 4.2077 124.99
    endloop
  endfacet
  facet normal 0.999659 -0.0261057 0
    outer loop
      vertex -6.3541 -3.52671 125
      vertex -6.35205 -3.44821 124.99
      vertex -6.35205 -3.44821 125
    endloop
  endfacet
  facet normal 0.999659 -0.0261057 0
    outer loop
      vertex -6.35205 -3.44821 124.99
      vertex -6.3541 -3.52671 125
      vertex -6.3541 -3.52671 124.99
    endloop
  endfacet
  facet normal 0.430532 0.902576 -0
    outer loop
      vertex -5.46421 -4.89703 124.99
      vertex -5.53509 -4.86322 125
      vertex -5.46421 -4.89703 125
    endloop
  endfacet
  facet normal 0.430532 0.902576 0
    outer loop
      vertex -5.53509 -4.86322 125
      vertex -5.46421 -4.89703 124.99
      vertex -5.53509 -4.86322 124.99
    endloop
  endfacet
  facet normal -0.996919 -0.0784394 0
    outer loop
      vertex -3.35616 -3.44821 124.99
      vertex -3.36232 -3.36992 125
      vertex -3.36232 -3.36992 124.99
    endloop
  endfacet
  facet normal -0.996919 -0.0784394 0
    outer loop
      vertex -3.36232 -3.36992 125
      vertex -3.35616 -3.44821 124.99
      vertex -3.35616 -3.44821 125
    endloop
  endfacet
  facet normal -0.999656 -0.026233 0
    outer loop
      vertex -3.3541 -3.52671 124.99
      vertex -3.35616 -3.44821 125
      vertex -3.35616 -3.44821 124.99
    endloop
  endfacet
  facet normal -0.999656 -0.026233 0
    outer loop
      vertex -3.35616 -3.44821 125
      vertex -3.3541 -3.52671 124.99
      vertex -3.3541 -3.52671 125
    endloop
  endfacet
  facet normal -0.991446 -0.13052 0
    outer loop
      vertex -3.36232 -3.36992 124.99
      vertex -3.37257 -3.29206 125
      vertex -3.37257 -3.29206 124.99
    endloop
  endfacet
  facet normal -0.991446 -0.13052 0
    outer loop
      vertex -3.37257 -3.29206 125
      vertex -3.36232 -3.36992 124.99
      vertex -3.36232 -3.36992 125
    endloop
  endfacet
  facet normal -0.824131 -0.566399 0
    outer loop
      vertex -3.5961 -2.70975 124.99
      vertex -3.64058 -2.64503 125
      vertex -3.64058 -2.64503 124.99
    endloop
  endfacet
  facet normal -0.824131 -0.566399 0
    outer loop
      vertex -3.64058 -2.64503 125
      vertex -3.5961 -2.70975 124.99
      vertex -3.5961 -2.70975 125
    endloop
  endfacet
  facet normal 0.382625 -0.923904 0
    outer loop
      vertex -5.46421 -2.15639 124.99
      vertex -5.39165 -2.12634 125
      vertex -5.46421 -2.15639 125
    endloop
  endfacet
  facet normal 0.382625 -0.923904 0
    outer loop
      vertex -5.39165 -2.12634 125
      vertex -5.46421 -2.15639 124.99
      vertex -5.39165 -2.12634 124.99
    endloop
  endfacet
  facet normal 0.182212 -0.983259 0
    outer loop
      vertex -5.16597 -2.05949 124.99
      vertex -5.08875 -2.04518 125
      vertex -5.16597 -2.05949 125
    endloop
  endfacet
  facet normal 0.182212 -0.983259 0
    outer loop
      vertex -5.08875 -2.04518 125
      vertex -5.16597 -2.05949 124.99
      vertex -5.08875 -2.04518 124.99
    endloop
  endfacet
  facet normal 0.608726 -0.793381 0
    outer loop
      vertex -5.79808 -2.36099 124.99
      vertex -5.73578 -2.31319 125
      vertex -5.79808 -2.36099 125
    endloop
  endfacet
  facet normal 0.608726 -0.793381 0
    outer loop
      vertex -5.73578 -2.31319 125
      vertex -5.79808 -2.36099 124.99
      vertex -5.73578 -2.31319 124.99
    endloop
  endfacet
  facet normal -0.182212 0.983259 0
    outer loop
      vertex -4.54223 -4.99393 124.99
      vertex -4.61945 -5.00824 125
      vertex -4.54223 -4.99393 125
    endloop
  endfacet
  facet normal -0.182212 0.983259 0
    outer loop
      vertex -4.61945 -5.00824 125
      vertex -4.54223 -4.99393 124.99
      vertex -4.61945 -5.00824 124.99
    endloop
  endfacet
  facet normal 0.793319 0.608806 0
    outer loop
      vertex -6.01982 -4.47069 125
      vertex -6.06763 -4.40839 124.99
      vertex -6.06763 -4.40839 125
    endloop
  endfacet
  facet normal 0.793319 0.608806 0
    outer loop
      vertex -6.06763 -4.40839 124.99
      vertex -6.01982 -4.47069 125
      vertex -6.01982 -4.47069 124.99
    endloop
  endfacet
  facet normal 0.13052 -0.991446 0
    outer loop
      vertex -5.08875 -2.04518 124.99
      vertex -5.01089 -2.03493 125
      vertex -5.08875 -2.04518 125
    endloop
  endfacet
  facet normal 0.13052 -0.991446 0
    outer loop
      vertex -5.01089 -2.03493 125
      vertex -5.08875 -2.04518 124.99
      vertex -5.01089 -2.03493 124.99
    endloop
  endfacet
  facet normal -0.38267 0.923885 0
    outer loop
      vertex -4.244 -4.89703 124.99
      vertex -4.31655 -4.92708 125
      vertex -4.244 -4.89703 125
    endloop
  endfacet
  facet normal -0.38267 0.923885 0
    outer loop
      vertex -4.31655 -4.92708 125
      vertex -4.244 -4.89703 124.99
      vertex -4.31655 -4.92708 124.99
    endloop
  endfacet
  facet normal 0.649406 0.760442 -0
    outer loop
      vertex -5.79808 -4.69243 124.99
      vertex -5.8578 -4.64143 125
      vertex -5.79808 -4.69243 125
    endloop
  endfacet
  facet normal 0.649406 0.760442 0
    outer loop
      vertex -5.8578 -4.64143 125
      vertex -5.79808 -4.69243 124.99
      vertex -5.8578 -4.64143 124.99
    endloop
  endfacet
  facet normal -0.996918 0.0784494 0
    outer loop
      vertex -3.36232 -3.6835 124.99
      vertex -3.35616 -3.60522 125
      vertex -3.35616 -3.60522 124.99
    endloop
  endfacet
  facet normal -0.996918 0.0784494 0
    outer loop
      vertex -3.35616 -3.60522 125
      vertex -3.36232 -3.6835 124.99
      vertex -3.36232 -3.6835 125
    endloop
  endfacet
  facet normal 0.0261024 0.999659 -0
    outer loop
      vertex -4.8541 -5.02671 124.99
      vertex -4.93261 -5.02466 125
      vertex -4.8541 -5.02671 125
    endloop
  endfacet
  facet normal 0.0261024 0.999659 0
    outer loop
      vertex -4.93261 -5.02466 125
      vertex -4.8541 -5.02671 124.99
      vertex -4.93261 -5.02466 124.99
    endloop
  endfacet
  facet normal 0.477165 0.878814 -0
    outer loop
      vertex -5.53509 -4.86322 124.99
      vertex -5.6041 -4.82575 125
      vertex -5.53509 -4.86322 125
    endloop
  endfacet
  facet normal 0.477165 0.878814 0
    outer loop
      vertex -5.6041 -4.82575 125
      vertex -5.53509 -4.86322 124.99
      vertex -5.6041 -4.82575 124.99
    endloop
  endfacet
  facet normal -0.999656 0.0262297 0
    outer loop
      vertex -3.35616 -3.60522 124.99
      vertex -3.3541 -3.52671 125
      vertex -3.3541 -3.52671 124.99
    endloop
  endfacet
  facet normal -0.999656 0.0262297 0
    outer loop
      vertex -3.3541 -3.52671 125
      vertex -3.35616 -3.60522 124.99
      vertex -3.35616 -3.60522 125
    endloop
  endfacet
  facet normal 0.233416 -0.972377 0
    outer loop
      vertex -5.24233 -2.07782 124.99
      vertex -5.16597 -2.05949 125
      vertex -5.24233 -2.07782 125
    endloop
  endfacet
  facet normal 0.233416 -0.972377 0
    outer loop
      vertex -5.16597 -2.05949 125
      vertex -5.24233 -2.07782 124.99
      vertex -5.16597 -2.05949 124.99
    endloop
  endfacet
  facet normal 0.566399 -0.824131 0
    outer loop
      vertex -5.73578 -2.31319 124.99
      vertex -5.67106 -2.26871 125
      vertex -5.73578 -2.31319 125
    endloop
  endfacet
  facet normal 0.566399 -0.824131 0
    outer loop
      vertex -5.67106 -2.26871 125
      vertex -5.73578 -2.31319 124.99
      vertex -5.67106 -2.26871 124.99
    endloop
  endfacet
  facet normal -0.430532 -0.902576 0
    outer loop
      vertex -4.244 -2.15639 124.99
      vertex -4.17312 -2.1902 125
      vertex -4.244 -2.15639 125
    endloop
  endfacet
  facet normal -0.430532 -0.902576 -0
    outer loop
      vertex -4.17312 -2.1902 125
      vertex -4.244 -2.15639 124.99
      vertex -4.17312 -2.1902 124.99
    endloop
  endfacet
  facet normal -0.902576 -0.430532 0
    outer loop
      vertex -3.48378 -2.91661 124.99
      vertex -3.51759 -2.84573 125
      vertex -3.51759 -2.84573 124.99
    endloop
  endfacet
  facet normal -0.902576 -0.430532 0
    outer loop
      vertex -3.51759 -2.84573 125
      vertex -3.48378 -2.91661 124.99
      vertex -3.48378 -2.91661 125
    endloop
  endfacet
  facet normal -0.38267 -0.923885 0
    outer loop
      vertex -4.31655 -2.12634 124.99
      vertex -4.244 -2.15639 125
      vertex -4.31655 -2.12634 125
    endloop
  endfacet
  facet normal -0.38267 -0.923885 -0
    outer loop
      vertex -4.244 -2.15639 125
      vertex -4.31655 -2.12634 124.99
      vertex -4.244 -2.15639 124.99
    endloop
  endfacet
  facet normal -0.477112 -0.878843 0
    outer loop
      vertex -4.17312 -2.1902 124.99
      vertex -4.1041 -2.22767 125
      vertex -4.17312 -2.1902 125
    endloop
  endfacet
  facet normal -0.477112 -0.878843 -0
    outer loop
      vertex -4.1041 -2.22767 125
      vertex -4.17312 -2.1902 124.99
      vertex -4.1041 -2.22767 124.99
    endloop
  endfacet
  facet normal -0.608806 0.793319 0
    outer loop
      vertex -3.91012 -4.69243 124.99
      vertex -3.97242 -4.74024 125
      vertex -3.91012 -4.69243 125
    endloop
  endfacet
  facet normal -0.608806 0.793319 0
    outer loop
      vertex -3.97242 -4.74024 125
      vertex -3.91012 -4.69243 124.99
      vertex -3.97242 -4.74024 124.99
    endloop
  endfacet
  facet normal 0.182212 0.983259 -0
    outer loop
      vertex -5.08875 -5.00824 124.99
      vertex -5.16597 -4.99393 125
      vertex -5.08875 -5.00824 125
    endloop
  endfacet
  facet normal 0.182212 0.983259 0
    outer loop
      vertex -5.16597 -4.99393 125
      vertex -5.08875 -5.00824 124.99
      vertex -5.16597 -4.99393 124.99
    endloop
  endfacet
  facet normal -0.0261057 0.999659 0
    outer loop
      vertex -4.7756 -5.02466 124.99
      vertex -4.8541 -5.02671 125
      vertex -4.7756 -5.02466 125
    endloop
  endfacet
  facet normal -0.0261057 0.999659 0
    outer loop
      vertex -4.8541 -5.02671 125
      vertex -4.7756 -5.02466 124.99
      vertex -4.8541 -5.02671 124.99
    endloop
  endfacet
  facet normal -0.923885 -0.38267 0
    outer loop
      vertex -3.45373 -2.98916 124.99
      vertex -3.48378 -2.91661 125
      vertex -3.48378 -2.91661 124.99
    endloop
  endfacet
  facet normal -0.923885 -0.38267 0
    outer loop
      vertex -3.48378 -2.91661 125
      vertex -3.45373 -2.98916 124.99
      vertex -3.45373 -2.98916 125
    endloop
  endfacet
  facet normal 0.13052 0.991446 -0
    outer loop
      vertex -5.01089 -5.01849 124.99
      vertex -5.08875 -5.00824 125
      vertex -5.01089 -5.01849 125
    endloop
  endfacet
  facet normal 0.13052 0.991446 0
    outer loop
      vertex -5.08875 -5.00824 125
      vertex -5.01089 -5.01849 124.99
      vertex -5.08875 -5.00824 124.99
    endloop
  endfacet
  facet normal 0.991446 0.13052 0
    outer loop
      vertex -6.33563 -3.76136 125
      vertex -6.34588 -3.6835 124.99
      vertex -6.34588 -3.6835 125
    endloop
  endfacet
  facet normal 0.991446 0.13052 0
    outer loop
      vertex -6.34588 -3.6835 124.99
      vertex -6.33563 -3.76136 125
      vertex -6.33563 -3.76136 124.99
    endloop
  endfacet
  facet normal 0.72533 0.688401 0
    outer loop
      vertex -5.91476 -4.58737 125
      vertex -5.96882 -4.53041 124.99
      vertex -5.96882 -4.53041 125
    endloop
  endfacet
  facet normal 0.72533 0.688401 0
    outer loop
      vertex -5.96882 -4.53041 124.99
      vertex -5.91476 -4.58737 125
      vertex -5.91476 -4.58737 124.99
    endloop
  endfacet
  facet normal -0.72539 -0.688338 0
    outer loop
      vertex -3.73938 -2.52302 124.99
      vertex -3.79344 -2.46605 125
      vertex -3.79344 -2.46605 124.99
    endloop
  endfacet
  facet normal -0.72539 -0.688338 0
    outer loop
      vertex -3.79344 -2.46605 125
      vertex -3.73938 -2.52302 124.99
      vertex -3.73938 -2.52302 125
    endloop
  endfacet
  facet normal -0.991446 0.13052 0
    outer loop
      vertex -3.37257 -3.76136 124.99
      vertex -3.36232 -3.6835 125
      vertex -3.36232 -3.6835 124.99
    endloop
  endfacet
  facet normal -0.991446 0.13052 0
    outer loop
      vertex -3.36232 -3.6835 125
      vertex -3.37257 -3.76136 124.99
      vertex -3.37257 -3.76136 125
    endloop
  endfacet
  facet normal 0.852658 -0.522469 0
    outer loop
      vertex -6.15314 -2.77671 125
      vertex -6.11211 -2.70975 124.99
      vertex -6.11211 -2.70975 125
    endloop
  endfacet
  facet normal 0.852658 -0.522469 0
    outer loop
      vertex -6.11211 -2.70975 124.99
      vertex -6.15314 -2.77671 125
      vertex -6.15314 -2.77671 124.99
    endloop
  endfacet
  facet normal -0.793381 -0.608726 0
    outer loop
      vertex -3.64058 -2.64503 124.99
      vertex -3.68838 -2.58273 125
      vertex -3.68838 -2.58273 124.99
    endloop
  endfacet
  facet normal -0.793381 -0.608726 0
    outer loop
      vertex -3.68838 -2.58273 125
      vertex -3.64058 -2.64503 124.99
      vertex -3.64058 -2.64503 125
    endloop
  endfacet
  facet normal -0.566399 -0.824131 0
    outer loop
      vertex -4.03714 -2.26871 124.99
      vertex -3.97242 -2.31319 125
      vertex -4.03714 -2.26871 125
    endloop
  endfacet
  facet normal -0.566399 -0.824131 -0
    outer loop
      vertex -3.97242 -2.31319 125
      vertex -4.03714 -2.26871 124.99
      vertex -3.97242 -2.31319 124.99
    endloop
  endfacet
  facet normal -0.878843 -0.477112 0
    outer loop
      vertex -3.51759 -2.84573 124.99
      vertex -3.55506 -2.77671 125
      vertex -3.55506 -2.77671 124.99
    endloop
  endfacet
  facet normal -0.878843 -0.477112 0
    outer loop
      vertex -3.55506 -2.77671 125
      vertex -3.51759 -2.84573 124.99
      vertex -3.51759 -2.84573 125
    endloop
  endfacet
  facet normal -0.983259 -0.182212 0
    outer loop
      vertex -3.37257 -3.29206 124.99
      vertex -3.38688 -3.21484 125
      vertex -3.38688 -3.21484 124.99
    endloop
  endfacet
  facet normal -0.983259 -0.182212 0
    outer loop
      vertex -3.38688 -3.21484 125
      vertex -3.37257 -3.29206 124.99
      vertex -3.37257 -3.29206 125
    endloop
  endfacet
  facet normal -0.28411 -0.958792 0
    outer loop
      vertex -4.46587 -2.07782 124.99
      vertex -4.39058 -2.10013 125
      vertex -4.46587 -2.07782 125
    endloop
  endfacet
  facet normal -0.28411 -0.958792 -0
    outer loop
      vertex -4.39058 -2.10013 125
      vertex -4.46587 -2.07782 124.99
      vertex -4.39058 -2.10013 124.99
    endloop
  endfacet
  facet normal 0.972377 -0.233416 0
    outer loop
      vertex -6.32132 -3.21484 125
      vertex -6.30299 -3.13848 124.99
      vertex -6.30299 -3.13848 125
    endloop
  endfacet
  facet normal 0.972377 -0.233416 0
    outer loop
      vertex -6.30299 -3.13848 124.99
      vertex -6.32132 -3.21484 125
      vertex -6.32132 -3.21484 124.99
    endloop
  endfacet
  facet normal 0.284075 -0.958802 0
    outer loop
      vertex -5.31763 -2.10013 124.99
      vertex -5.24233 -2.07782 125
      vertex -5.31763 -2.10013 125
    endloop
  endfacet
  facet normal 0.284075 -0.958802 0
    outer loop
      vertex -5.24233 -2.07782 125
      vertex -5.31763 -2.10013 124.99
      vertex -5.24233 -2.07782 124.99
    endloop
  endfacet
  facet normal 0.566399 0.824131 -0
    outer loop
      vertex -5.67106 -4.78472 124.99
      vertex -5.73578 -4.74024 125
      vertex -5.67106 -4.78472 125
    endloop
  endfacet
  facet normal 0.566399 0.824131 0
    outer loop
      vertex -5.73578 -4.74024 125
      vertex -5.67106 -4.78472 124.99
      vertex -5.73578 -4.74024 124.99
    endloop
  endfacet
  facet normal -0.793381 0.608726 0
    outer loop
      vertex -3.68838 -4.47069 124.99
      vertex -3.64058 -4.40839 125
      vertex -3.64058 -4.40839 124.99
    endloop
  endfacet
  facet normal -0.793381 0.608726 0
    outer loop
      vertex -3.64058 -4.40839 125
      vertex -3.68838 -4.47069 124.99
      vertex -3.68838 -4.47069 125
    endloop
  endfacet
  facet normal 0.902576 -0.430532 0
    outer loop
      vertex -6.22442 -2.91661 125
      vertex -6.19061 -2.84573 124.99
      vertex -6.19061 -2.84573 125
    endloop
  endfacet
  facet normal 0.902576 -0.430532 0
    outer loop
      vertex -6.19061 -2.84573 124.99
      vertex -6.22442 -2.91661 125
      vertex -6.22442 -2.91661 124.99
    endloop
  endfacet
  facet normal 0.942609 0.333899 0
    outer loop
      vertex -6.25447 -4.06426 125
      vertex -6.28069 -3.99024 124.99
      vertex -6.28069 -3.99024 125
    endloop
  endfacet
  facet normal 0.942609 0.333899 0
    outer loop
      vertex -6.28069 -3.99024 124.99
      vertex -6.25447 -4.06426 125
      vertex -6.25447 -4.06426 124.99
    endloop
  endfacet
  facet normal 0.688401 -0.72533 0
    outer loop
      vertex -5.91476 -2.46605 124.99
      vertex -5.8578 -2.41199 125
      vertex -5.91476 -2.46605 125
    endloop
  endfacet
  facet normal 0.688401 -0.72533 0
    outer loop
      vertex -5.8578 -2.41199 125
      vertex -5.91476 -2.46605 124.99
      vertex -5.8578 -2.41199 124.99
    endloop
  endfacet
  facet normal 0.942623 -0.333859 0
    outer loop
      vertex -6.28069 -3.06319 125
      vertex -6.25447 -2.98916 124.99
      vertex -6.25447 -2.98916 125
    endloop
  endfacet
  facet normal 0.942623 -0.333859 0
    outer loop
      vertex -6.25447 -2.98916 124.99
      vertex -6.28069 -3.06319 125
      vertex -6.28069 -3.06319 124.99
    endloop
  endfacet
  facet normal -0.878814 0.477165 0
    outer loop
      vertex -3.55506 -4.27671 124.99
      vertex -3.51759 -4.2077 125
      vertex -3.51759 -4.2077 124.99
    endloop
  endfacet
  facet normal -0.878814 0.477165 0
    outer loop
      vertex -3.51759 -4.2077 125
      vertex -3.55506 -4.27671 124.99
      vertex -3.55506 -4.27671 125
    endloop
  endfacet
  facet normal 0.333786 -0.942649 0
    outer loop
      vertex -5.39165 -2.12634 124.99
      vertex -5.31763 -2.10013 125
      vertex -5.39165 -2.12634 125
    endloop
  endfacet
  facet normal 0.333786 -0.942649 0
    outer loop
      vertex -5.31763 -2.10013 125
      vertex -5.39165 -2.12634 124.99
      vertex -5.31763 -2.10013 124.99
    endloop
  endfacet
  facet normal -0.923904 0.382625 0
    outer loop
      vertex -3.48378 -4.13682 124.99
      vertex -3.45373 -4.06426 125
      vertex -3.45373 -4.06426 124.99
    endloop
  endfacet
  facet normal -0.923904 0.382625 0
    outer loop
      vertex -3.45373 -4.06426 125
      vertex -3.48378 -4.13682 124.99
      vertex -3.48378 -4.13682 125
    endloop
  endfacet
  facet normal 0.824131 0.566399 0
    outer loop
      vertex -6.06763 -4.40839 125
      vertex -6.11211 -4.34367 124.99
      vertex -6.11211 -4.34367 125
    endloop
  endfacet
  facet normal 0.824131 0.566399 0
    outer loop
      vertex -6.11211 -4.34367 124.99
      vertex -6.06763 -4.40839 125
      vertex -6.06763 -4.40839 124.99
    endloop
  endfacet
  facet normal -0.233416 0.972377 0
    outer loop
      vertex -4.46587 -4.9756 124.99
      vertex -4.54223 -4.99393 125
      vertex -4.46587 -4.9756 125
    endloop
  endfacet
  facet normal -0.233416 0.972377 0
    outer loop
      vertex -4.54223 -4.99393 125
      vertex -4.46587 -4.9756 124.99
      vertex -4.54223 -4.99393 124.99
    endloop
  endfacet
  facet normal -0.983259 0.182212 0
    outer loop
      vertex -3.38688 -3.83858 124.99
      vertex -3.37257 -3.76136 125
      vertex -3.37257 -3.76136 124.99
    endloop
  endfacet
  facet normal -0.983259 0.182212 0
    outer loop
      vertex -3.37257 -3.76136 125
      vertex -3.38688 -3.83858 124.99
      vertex -3.38688 -3.83858 125
    endloop
  endfacet
  facet normal -0.688338 0.72539 0
    outer loop
      vertex -3.79344 -4.58737 124.99
      vertex -3.85041 -4.64143 125
      vertex -3.79344 -4.58737 125
    endloop
  endfacet
  facet normal -0.688338 0.72539 0
    outer loop
      vertex -3.85041 -4.64143 125
      vertex -3.79344 -4.58737 124.99
      vertex -3.85041 -4.64143 124.99
    endloop
  endfacet
  facet normal -0.649469 0.760388 0
    outer loop
      vertex -3.85041 -4.64143 124.99
      vertex -3.91012 -4.69243 125
      vertex -3.85041 -4.64143 125
    endloop
  endfacet
  facet normal -0.649469 0.760388 0
    outer loop
      vertex -3.91012 -4.69243 125
      vertex -3.85041 -4.64143 124.99
      vertex -3.91012 -4.69243 124.99
    endloop
  endfacet
  facet normal 0.983259 0.182212 0
    outer loop
      vertex -6.32132 -3.83858 125
      vertex -6.33563 -3.76136 124.99
      vertex -6.33563 -3.76136 125
    endloop
  endfacet
  facet normal 0.983259 0.182212 0
    outer loop
      vertex -6.33563 -3.76136 124.99
      vertex -6.32132 -3.83858 125
      vertex -6.32132 -3.83858 124.99
    endloop
  endfacet
  facet normal 0.649406 -0.760442 0
    outer loop
      vertex -5.8578 -2.41199 124.99
      vertex -5.79808 -2.36099 125
      vertex -5.8578 -2.41199 125
    endloop
  endfacet
  facet normal 0.649406 -0.760442 0
    outer loop
      vertex -5.79808 -2.36099 125
      vertex -5.8578 -2.41199 124.99
      vertex -5.79808 -2.36099 124.99
    endloop
  endfacet
  facet normal -0.852601 -0.522562 0
    outer loop
      vertex -3.55506 -2.77671 124.99
      vertex -3.5961 -2.70975 125
      vertex -3.5961 -2.70975 124.99
    endloop
  endfacet
  facet normal -0.852601 -0.522562 0
    outer loop
      vertex -3.5961 -2.70975 125
      vertex -3.55506 -2.77671 124.99
      vertex -3.55506 -2.77671 125
    endloop
  endfacet
  facet normal -0.72533 0.688401 0
    outer loop
      vertex -3.79344 -4.58737 124.99
      vertex -3.73938 -4.53041 125
      vertex -3.73938 -4.53041 124.99
    endloop
  endfacet
  facet normal -0.72533 0.688401 0
    outer loop
      vertex -3.73938 -4.53041 125
      vertex -3.79344 -4.58737 124.99
      vertex -3.79344 -4.58737 125
    endloop
  endfacet
  facet normal -0.522469 0.852658 0
    outer loop
      vertex -4.03714 -4.78472 124.99
      vertex -4.1041 -4.82575 125
      vertex -4.03714 -4.78472 125
    endloop
  endfacet
  facet normal -0.522469 0.852658 0
    outer loop
      vertex -4.1041 -4.82575 125
      vertex -4.03714 -4.78472 124.99
      vertex -4.1041 -4.82575 124.99
    endloop
  endfacet
  facet normal -0.942663 -0.333746 0
    outer loop
      vertex -3.42752 -3.06319 124.99
      vertex -3.45373 -2.98916 125
      vertex -3.45373 -2.98916 124.99
    endloop
  endfacet
  facet normal -0.942663 -0.333746 0
    outer loop
      vertex -3.45373 -2.98916 125
      vertex -3.42752 -3.06319 124.99
      vertex -3.42752 -3.06319 125
    endloop
  endfacet
  facet normal 0.972377 0.233416 0
    outer loop
      vertex -6.30299 -3.91494 125
      vertex -6.32132 -3.83858 124.99
      vertex -6.32132 -3.83858 125
    endloop
  endfacet
  facet normal 0.972377 0.233416 0
    outer loop
      vertex -6.32132 -3.83858 124.99
      vertex -6.30299 -3.91494 125
      vertex -6.30299 -3.91494 124.99
    endloop
  endfacet
  facet normal 0 0 1
    outer loop
      vertex -3.35616 -3.44821 124.99
      vertex -3.35616 -3.60522 124.99
      vertex -3.3541 -3.52671 124.99
    endloop
  endfacet
  facet normal 0 0 1
    outer loop
      vertex -3.36232 -3.36992 124.99
      vertex -3.35616 -3.60522 124.99
      vertex -3.35616 -3.44821 124.99
    endloop
  endfacet
  facet normal 0 0 1
    outer loop
      vertex -3.36232 -3.36992 124.99
      vertex -3.36232 -3.6835 124.99
      vertex -3.35616 -3.60522 124.99
    endloop
  endfacet
  facet normal 0 0 1
    outer loop
      vertex -3.37257 -3.29206 124.99
      vertex -3.36232 -3.6835 124.99
      vertex -3.36232 -3.36992 124.99
    endloop
  endfacet
  facet normal 0 0 1
    outer loop
      vertex -3.37257 -3.29206 124.99
      vertex -3.37257 -3.76136 124.99
      vertex -3.36232 -3.6835 124.99
    endloop
  endfacet
  facet normal 0 0 1
    outer loop
      vertex -3.38688 -3.21484 124.99
      vertex -3.37257 -3.76136 124.99
      vertex -3.37257 -3.29206 124.99
    endloop
  endfacet
  facet normal 0 0 1
    outer loop
      vertex -3.38688 -3.21484 124.99
      vertex -3.38688 -3.83858 124.99
      vertex -3.37257 -3.76136 124.99
    endloop
  endfacet
  facet normal 0 0 1
    outer loop
      vertex -3.40521 -3.13848 124.99
      vertex -3.38688 -3.83858 124.99
      vertex -3.38688 -3.21484 124.99
    endloop
  endfacet
  facet normal 0 0 1
    outer loop
      vertex -3.40521 -3.13848 124.99
      vertex -3.40521 -3.91494 124.99
      vertex -3.38688 -3.83858 124.99
    endloop
  endfacet
  facet normal 0 0 1
    outer loop
      vertex -3.42752 -3.06319 124.99
      vertex -3.40521 -3.91494 124.99
      vertex -3.40521 -3.13848 124.99
    endloop
  endfacet
  facet normal 0 0 1
    outer loop
      vertex -3.42752 -3.06319 124.99
      vertex -3.42752 -3.99024 124.99
      vertex -3.40521 -3.91494 124.99
    endloop
  endfacet
  facet normal 0 0 1
    outer loop
      vertex -3.45373 -2.98916 124.99
      vertex -3.42752 -3.99024 124.99
      vertex -3.42752 -3.06319 124.99
    endloop
  endfacet
  facet normal 0 0 1
    outer loop
      vertex -3.45373 -2.98916 124.99
      vertex -3.45373 -4.06426 124.99
      vertex -3.42752 -3.99024 124.99
    endloop
  endfacet
  facet normal 0 0 1
    outer loop
      vertex -3.48378 -2.91661 124.99
      vertex -3.45373 -4.06426 124.99
      vertex -3.45373 -2.98916 124.99
    endloop
  endfacet
  facet normal 0 0 1
    outer loop
      vertex -3.48378 -2.91661 124.99
      vertex -3.48378 -4.13682 124.99
      vertex -3.45373 -4.06426 124.99
    endloop
  endfacet
  facet normal 0 0 1
    outer loop
      vertex -3.51759 -2.84573 124.99
      vertex -3.48378 -4.13682 124.99
      vertex -3.48378 -2.91661 124.99
    endloop
  endfacet
  facet normal 0 0 1
    outer loop
      vertex -3.51759 -2.84573 124.99
      vertex -3.51759 -4.2077 124.99
      vertex -3.48378 -4.13682 124.99
    endloop
  endfacet
  facet normal 0 0 1
    outer loop
      vertex -3.55506 -2.77671 124.99
      vertex -3.51759 -4.2077 124.99
      vertex -3.51759 -2.84573 124.99
    endloop
  endfacet
  facet normal 0 0 1
    outer loop
      vertex -3.55506 -2.77671 124.99
      vertex -3.55506 -4.27671 124.99
      vertex -3.51759 -4.2077 124.99
    endloop
  endfacet
  facet normal 0 0 1
    outer loop
      vertex -3.5961 -2.70975 124.99
      vertex -3.55506 -4.27671 124.99
      vertex -3.55506 -2.77671 124.99
    endloop
  endfacet
  facet normal 0 0 1
    outer loop
      vertex -3.5961 -2.70975 124.99
      vertex -3.5961 -4.34367 124.99
      vertex -3.55506 -4.27671 124.99
    endloop
  endfacet
  facet normal 0 0 1
    outer loop
      vertex -3.64058 -2.64503 124.99
      vertex -3.5961 -4.34367 124.99
      vertex -3.5961 -2.70975 124.99
    endloop
  endfacet
  facet normal 0 0 1
    outer loop
      vertex -3.64058 -2.64503 124.99
      vertex -3.64058 -4.40839 124.99
      vertex -3.5961 -4.34367 124.99
    endloop
  endfacet
  facet normal 0 0 1
    outer loop
      vertex -3.68838 -2.58273 124.99
      vertex -3.64058 -4.40839 124.99
      vertex -3.64058 -2.64503 124.99
    endloop
  endfacet
  facet normal 0 0 1
    outer loop
      vertex -3.68838 -2.58273 124.99
      vertex -3.68838 -4.47069 124.99
      vertex -3.64058 -4.40839 124.99
    endloop
  endfacet
  facet normal 0 0 1
    outer loop
      vertex -3.73938 -2.52302 124.99
      vertex -3.68838 -4.47069 124.99
      vertex -3.68838 -2.58273 124.99
    endloop
  endfacet
  facet normal 0 0 1
    outer loop
      vertex -3.73938 -2.52302 124.99
      vertex -3.73938 -4.53041 124.99
      vertex -3.68838 -4.47069 124.99
    endloop
  endfacet
  facet normal 0 0 1
    outer loop
      vertex -3.79344 -2.46605 124.99
      vertex -3.73938 -4.53041 124.99
      vertex -3.73938 -2.52302 124.99
    endloop
  endfacet
  facet normal 0 0 1
    outer loop
      vertex -3.79344 -2.46605 124.99
      vertex -3.79344 -4.58737 124.99
      vertex -3.73938 -4.53041 124.99
    endloop
  endfacet
  facet normal 0 0 1
    outer loop
      vertex -3.85041 -2.41199 124.99
      vertex -3.79344 -4.58737 124.99
      vertex -3.79344 -2.46605 124.99
    endloop
  endfacet
  facet normal 0 0 1
    outer loop
      vertex -3.85041 -2.41199 124.99
      vertex -3.85041 -4.64143 124.99
      vertex -3.79344 -4.58737 124.99
    endloop
  endfacet
  facet normal 0 0 1
    outer loop
      vertex -3.91012 -2.36099 124.99
      vertex -3.85041 -4.64143 124.99
      vertex -3.85041 -2.41199 124.99
    endloop
  endfacet
  facet normal 0 0 1
    outer loop
      vertex -3.91012 -2.36099 124.99
      vertex -3.91012 -4.69243 124.99
      vertex -3.85041 -4.64143 124.99
    endloop
  endfacet
  facet normal 0 0 1
    outer loop
      vertex -3.97242 -2.31319 124.99
      vertex -3.91012 -4.69243 124.99
      vertex -3.91012 -2.36099 124.99
    endloop
  endfacet
  facet normal 0 0 1
    outer loop
      vertex -3.97242 -2.31319 124.99
      vertex -3.97242 -4.74024 124.99
      vertex -3.91012 -4.69243 124.99
    endloop
  endfacet
  facet normal 0 0 1
    outer loop
      vertex -4.03714 -2.26871 124.99
      vertex -3.97242 -4.74024 124.99
      vertex -3.97242 -2.31319 124.99
    endloop
  endfacet
  facet normal 0 0 1
    outer loop
      vertex -4.03714 -2.26871 124.99
      vertex -4.03714 -4.78472 124.99
      vertex -3.97242 -4.74024 124.99
    endloop
  endfacet
  facet normal 0 0 1
    outer loop
      vertex -4.1041 -2.22767 124.99
      vertex -4.03714 -4.78472 124.99
      vertex -4.03714 -2.26871 124.99
    endloop
  endfacet
  facet normal 0 0 1
    outer loop
      vertex -4.1041 -2.22767 124.99
      vertex -4.1041 -4.82575 124.99
      vertex -4.03714 -4.78472 124.99
    endloop
  endfacet
  facet normal 0 0 1
    outer loop
      vertex -4.17312 -2.1902 124.99
      vertex -4.1041 -4.82575 124.99
      vertex -4.1041 -2.22767 124.99
    endloop
  endfacet
  facet normal 0 0 1
    outer loop
      vertex -4.17312 -2.1902 124.99
      vertex -4.17312 -4.86322 124.99
      vertex -4.1041 -4.82575 124.99
    endloop
  endfacet
  facet normal 0 0 1
    outer loop
      vertex -4.244 -2.15639 124.99
      vertex -4.17312 -4.86322 124.99
      vertex -4.17312 -2.1902 124.99
    endloop
  endfacet
  facet normal 0 0 1
    outer loop
      vertex -4.244 -2.15639 124.99
      vertex -4.244 -4.89703 124.99
      vertex -4.17312 -4.86322 124.99
    endloop
  endfacet
  facet normal 0 0 1
    outer loop
      vertex -4.31655 -2.12634 124.99
      vertex -4.244 -4.89703 124.99
      vertex -4.244 -2.15639 124.99
    endloop
  endfacet
  facet normal 0 0 1
    outer loop
      vertex -4.31655 -2.12634 124.99
      vertex -4.31655 -4.92708 124.99
      vertex -4.244 -4.89703 124.99
    endloop
  endfacet
  facet normal 0 0 1
    outer loop
      vertex -4.39058 -2.10013 124.99
      vertex -4.31655 -4.92708 124.99
      vertex -4.31655 -2.12634 124.99
    endloop
  endfacet
  facet normal 0 0 1
    outer loop
      vertex -4.39058 -2.10013 124.99
      vertex -4.39058 -4.9533 124.99
      vertex -4.31655 -4.92708 124.99
    endloop
  endfacet
  facet normal 0 0 1
    outer loop
      vertex -4.46587 -2.07782 124.99
      vertex -4.39058 -4.9533 124.99
      vertex -4.39058 -2.10013 124.99
    endloop
  endfacet
  facet normal 0 0 1
    outer loop
      vertex -4.46587 -2.07782 124.99
      vertex -4.46587 -4.9756 124.99
      vertex -4.39058 -4.9533 124.99
    endloop
  endfacet
  facet normal 0 0 1
    outer loop
      vertex -4.54223 -2.05949 124.99
      vertex -4.46587 -4.9756 124.99
      vertex -4.46587 -2.07782 124.99
    endloop
  endfacet
  facet normal 0 0 1
    outer loop
      vertex -4.54223 -2.05949 124.99
      vertex -4.54223 -4.99393 124.99
      vertex -4.46587 -4.9756 124.99
    endloop
  endfacet
  facet normal 0 0 1
    outer loop
      vertex -4.61945 -2.04518 124.99
      vertex -4.54223 -4.99393 124.99
      vertex -4.54223 -2.05949 124.99
    endloop
  endfacet
  facet normal 0 0 1
    outer loop
      vertex -4.61945 -2.04518 124.99
      vertex -4.61945 -5.00824 124.99
      vertex -4.54223 -4.99393 124.99
    endloop
  endfacet
  facet normal 0 0 1
    outer loop
      vertex -4.69731 -2.03493 124.99
      vertex -4.61945 -5.00824 124.99
      vertex -4.61945 -2.04518 124.99
    endloop
  endfacet
  facet normal 0 0 1
    outer loop
      vertex -4.69731 -2.03493 124.99
      vertex -4.69731 -5.01849 124.99
      vertex -4.61945 -5.00824 124.99
    endloop
  endfacet
  facet normal 0 0 1
    outer loop
      vertex -4.7756 -2.02877 124.99
      vertex -4.69731 -5.01849 124.99
      vertex -4.69731 -2.03493 124.99
    endloop
  endfacet
  facet normal 0 0 1
    outer loop
      vertex -4.7756 -2.02877 124.99
      vertex -4.7756 -5.02466 124.99
      vertex -4.69731 -5.01849 124.99
    endloop
  endfacet
  facet normal 0 0 1
    outer loop
      vertex -4.8541 -2.02671 124.99
      vertex -4.7756 -5.02466 124.99
      vertex -4.7756 -2.02877 124.99
    endloop
  endfacet
  facet normal 0 0 1
    outer loop
      vertex -4.8541 -2.02671 124.99
      vertex -4.8541 -5.02671 124.99
      vertex -4.7756 -5.02466 124.99
    endloop
  endfacet
  facet normal -0 0 1
    outer loop
      vertex -4.93261 -2.02877 124.99
      vertex -4.8541 -5.02671 124.99
      vertex -4.8541 -2.02671 124.99
    endloop
  endfacet
  facet normal 0 0 1
    outer loop
      vertex -4.93261 -2.02877 124.99
      vertex -4.93261 -5.02466 124.99
      vertex -4.8541 -5.02671 124.99
    endloop
  endfacet
  facet normal -0 0 1
    outer loop
      vertex -5.01089 -2.03493 124.99
      vertex -4.93261 -5.02466 124.99
      vertex -4.93261 -2.02877 124.99
    endloop
  endfacet
  facet normal 0 0 1
    outer loop
      vertex -5.01089 -2.03493 124.99
      vertex -5.01089 -5.01849 124.99
      vertex -4.93261 -5.02466 124.99
    endloop
  endfacet
  facet normal -0 0 1
    outer loop
      vertex -5.08875 -2.04518 124.99
      vertex -5.01089 -5.01849 124.99
      vertex -5.01089 -2.03493 124.99
    endloop
  endfacet
  facet normal 0 0 1
    outer loop
      vertex -5.08875 -2.04518 124.99
      vertex -5.08875 -5.00824 124.99
      vertex -5.01089 -5.01849 124.99
    endloop
  endfacet
  facet normal -0 0 1
    outer loop
      vertex -5.16597 -2.05949 124.99
      vertex -5.08875 -5.00824 124.99
      vertex -5.08875 -2.04518 124.99
    endloop
  endfacet
  facet normal 0 0 1
    outer loop
      vertex -5.16597 -2.05949 124.99
      vertex -5.16597 -4.99393 124.99
      vertex -5.08875 -5.00824 124.99
    endloop
  endfacet
  facet normal -0 0 1
    outer loop
      vertex -5.24233 -2.07782 124.99
      vertex -5.16597 -4.99393 124.99
      vertex -5.16597 -2.05949 124.99
    endloop
  endfacet
  facet normal 0 0 1
    outer loop
      vertex -5.24233 -2.07782 124.99
      vertex -5.24233 -4.9756 124.99
      vertex -5.16597 -4.99393 124.99
    endloop
  endfacet
  facet normal -0 0 1
    outer loop
      vertex -5.31763 -2.10013 124.99
      vertex -5.24233 -4.9756 124.99
      vertex -5.24233 -2.07782 124.99
    endloop
  endfacet
  facet normal 0 0 1
    outer loop
      vertex -5.31763 -2.10013 124.99
      vertex -5.31763 -4.9533 124.99
      vertex -5.24233 -4.9756 124.99
    endloop
  endfacet
  facet normal -0 0 1
    outer loop
      vertex -5.39165 -2.12634 124.99
      vertex -5.31763 -4.9533 124.99
      vertex -5.31763 -2.10013 124.99
    endloop
  endfacet
  facet normal 0 0 1
    outer loop
      vertex -5.39165 -2.12634 124.99
      vertex -5.39165 -4.92708 124.99
      vertex -5.31763 -4.9533 124.99
    endloop
  endfacet
  facet normal -0 0 1
    outer loop
      vertex -5.46421 -2.15639 124.99
      vertex -5.39165 -4.92708 124.99
      vertex -5.39165 -2.12634 124.99
    endloop
  endfacet
  facet normal 0 0 1
    outer loop
      vertex -5.46421 -2.15639 124.99
      vertex -5.46421 -4.89703 124.99
      vertex -5.39165 -4.92708 124.99
    endloop
  endfacet
  facet normal -0 0 1
    outer loop
      vertex -5.53509 -2.1902 124.99
      vertex -5.46421 -4.89703 124.99
      vertex -5.46421 -2.15639 124.99
    endloop
  endfacet
  facet normal 0 0 1
    outer loop
      vertex -5.53509 -2.1902 124.99
      vertex -5.53509 -4.86322 124.99
      vertex -5.46421 -4.89703 124.99
    endloop
  endfacet
  facet normal -0 0 1
    outer loop
      vertex -5.6041 -2.22767 124.99
      vertex -5.53509 -4.86322 124.99
      vertex -5.53509 -2.1902 124.99
    endloop
  endfacet
  facet normal 0 0 1
    outer loop
      vertex -5.6041 -2.22767 124.99
      vertex -5.6041 -4.82575 124.99
      vertex -5.53509 -4.86322 124.99
    endloop
  endfacet
  facet normal -0 0 1
    outer loop
      vertex -5.67106 -2.26871 124.99
      vertex -5.6041 -4.82575 124.99
      vertex -5.6041 -2.22767 124.99
    endloop
  endfacet
  facet normal 0 0 1
    outer loop
      vertex -5.67106 -2.26871 124.99
      vertex -5.67106 -4.78472 124.99
      vertex -5.6041 -4.82575 124.99
    endloop
  endfacet
  facet normal -0 0 1
    outer loop
      vertex -5.73578 -2.31319 124.99
      vertex -5.67106 -4.78472 124.99
      vertex -5.67106 -2.26871 124.99
    endloop
  endfacet
  facet normal 0 0 1
    outer loop
      vertex -5.73578 -2.31319 124.99
      vertex -5.73578 -4.74024 124.99
      vertex -5.67106 -4.78472 124.99
    endloop
  endfacet
  facet normal -0 0 1
    outer loop
      vertex -5.79808 -2.36099 124.99
      vertex -5.73578 -4.74024 124.99
      vertex -5.73578 -2.31319 124.99
    endloop
  endfacet
  facet normal 0 0 1
    outer loop
      vertex -5.79808 -2.36099 124.99
      vertex -5.79808 -4.69243 124.99
      vertex -5.73578 -4.74024 124.99
    endloop
  endfacet
  facet normal -0 0 1
    outer loop
      vertex -5.8578 -2.41199 124.99
      vertex -5.79808 -4.69243 124.99
      vertex -5.79808 -2.36099 124.99
    endloop
  endfacet
  facet normal 0 0 1
    outer loop
      vertex -5.8578 -2.41199 124.99
      vertex -5.8578 -4.64143 124.99
      vertex -5.79808 -4.69243 124.99
    endloop
  endfacet
  facet normal -0 0 1
    outer loop
      vertex -5.91476 -2.46605 124.99
      vertex -5.8578 -4.64143 124.99
      vertex -5.8578 -2.41199 124.99
    endloop
  endfacet
  facet normal 0 0 1
    outer loop
      vertex -5.91476 -2.46605 124.99
      vertex -5.91476 -4.58737 124.99
      vertex -5.8578 -4.64143 124.99
    endloop
  endfacet
  facet normal -0 0 1
    outer loop
      vertex -5.96882 -2.52302 124.99
      vertex -5.91476 -4.58737 124.99
      vertex -5.91476 -2.46605 124.99
    endloop
  endfacet
  facet normal 0 0 1
    outer loop
      vertex -5.96882 -2.52302 124.99
      vertex -5.96882 -4.53041 124.99
      vertex -5.91476 -4.58737 124.99
    endloop
  endfacet
  facet normal -0 0 1
    outer loop
      vertex -6.01982 -2.58273 124.99
      vertex -5.96882 -4.53041 124.99
      vertex -5.96882 -2.52302 124.99
    endloop
  endfacet
  facet normal 0 0 1
    outer loop
      vertex -6.01982 -2.58273 124.99
      vertex -6.01982 -4.47069 124.99
      vertex -5.96882 -4.53041 124.99
    endloop
  endfacet
  facet normal -0 0 1
    outer loop
      vertex -6.06763 -2.64503 124.99
      vertex -6.01982 -4.47069 124.99
      vertex -6.01982 -2.58273 124.99
    endloop
  endfacet
  facet normal 0 0 1
    outer loop
      vertex -6.06763 -2.64503 124.99
      vertex -6.06763 -4.40839 124.99
      vertex -6.01982 -4.47069 124.99
    endloop
  endfacet
  facet normal -0 0 1
    outer loop
      vertex -6.11211 -2.70975 124.99
      vertex -6.06763 -4.40839 124.99
      vertex -6.06763 -2.64503 124.99
    endloop
  endfacet
  facet normal 0 0 1
    outer loop
      vertex -6.11211 -2.70975 124.99
      vertex -6.11211 -4.34367 124.99
      vertex -6.06763 -4.40839 124.99
    endloop
  endfacet
  facet normal -0 0 1
    outer loop
      vertex -6.15314 -2.77671 124.99
      vertex -6.11211 -4.34367 124.99
      vertex -6.11211 -2.70975 124.99
    endloop
  endfacet
  facet normal 0 0 1
    outer loop
      vertex -6.15314 -2.77671 124.99
      vertex -6.15314 -4.27671 124.99
      vertex -6.11211 -4.34367 124.99
    endloop
  endfacet
  facet normal -0 0 1
    outer loop
      vertex -6.19061 -2.84573 124.99
      vertex -6.15314 -4.27671 124.99
      vertex -6.15314 -2.77671 124.99
    endloop
  endfacet
  facet normal 0 0 1
    outer loop
      vertex -6.19061 -2.84573 124.99
      vertex -6.19061 -4.2077 124.99
      vertex -6.15314 -4.27671 124.99
    endloop
  endfacet
  facet normal -0 0 1
    outer loop
      vertex -6.22442 -2.91661 124.99
      vertex -6.19061 -4.2077 124.99
      vertex -6.19061 -2.84573 124.99
    endloop
  endfacet
  facet normal 0 0 1
    outer loop
      vertex -6.22442 -2.91661 124.99
      vertex -6.22442 -4.13682 124.99
      vertex -6.19061 -4.2077 124.99
    endloop
  endfacet
  facet normal -0 0 1
    outer loop
      vertex -6.25447 -2.98916 124.99
      vertex -6.22442 -4.13682 124.99
      vertex -6.22442 -2.91661 124.99
    endloop
  endfacet
  facet normal 0 0 1
    outer loop
      vertex -6.25447 -2.98916 124.99
      vertex -6.25447 -4.06426 124.99
      vertex -6.22442 -4.13682 124.99
    endloop
  endfacet
  facet normal -0 0 1
    outer loop
      vertex -6.28069 -3.06319 124.99
      vertex -6.25447 -4.06426 124.99
      vertex -6.25447 -2.98916 124.99
    endloop
  endfacet
  facet normal 0 0 1
    outer loop
      vertex -6.28069 -3.06319 124.99
      vertex -6.28069 -3.99024 124.99
      vertex -6.25447 -4.06426 124.99
    endloop
  endfacet
  facet normal -0 0 1
    outer loop
      vertex -6.30299 -3.13848 124.99
      vertex -6.28069 -3.99024 124.99
      vertex -6.28069 -3.06319 124.99
    endloop
  endfacet
  facet normal 0 0 1
    outer loop
      vertex -6.30299 -3.13848 124.99
      vertex -6.30299 -3.91494 124.99
      vertex -6.28069 -3.99024 124.99
    endloop
  endfacet
  facet normal -0 0 1
    outer loop
      vertex -6.32132 -3.21484 124.99
      vertex -6.30299 -3.91494 124.99
      vertex -6.30299 -3.13848 124.99
    endloop
  endfacet
  facet normal 0 0 1
    outer loop
      vertex -6.32132 -3.21484 124.99
      vertex -6.32132 -3.83858 124.99
      vertex -6.30299 -3.91494 124.99
    endloop
  endfacet
  facet normal -0 0 1
    outer loop
      vertex -6.33563 -3.29206 124.99
      vertex -6.32132 -3.83858 124.99
      vertex -6.32132 -3.21484 124.99
    endloop
  endfacet
  facet normal 0 0 1
    outer loop
      vertex -6.33563 -3.29206 124.99
      vertex -6.33563 -3.76136 124.99
      vertex -6.32132 -3.83858 124.99
    endloop
  endfacet
  facet normal -0 0 1
    outer loop
      vertex -6.34588 -3.36992 124.99
      vertex -6.33563 -3.76136 124.99
      vertex -6.33563 -3.29206 124.99
    endloop
  endfacet
  facet normal 0 0 1
    outer loop
      vertex -6.34588 -3.36992 124.99
      vertex -6.34588 -3.6835 124.99
      vertex -6.33563 -3.76136 124.99
    endloop
  endfacet
  facet normal -0 0 1
    outer loop
      vertex -6.35205 -3.44821 124.99
      vertex -6.34588 -3.6835 124.99
      vertex -6.34588 -3.36992 124.99
    endloop
  endfacet
  facet normal 0 0 1
    outer loop
      vertex -6.35205 -3.44821 124.99
      vertex -6.35205 -3.60522 124.99
      vertex -6.34588 -3.6835 124.99
    endloop
  endfacet
  facet normal 0 -0 1
    outer loop
      vertex -6.35205 -3.60522 124.99
      vertex -6.35205 -3.44821 124.99
      vertex -6.3541 -3.52671 124.99
    endloop
  endfacet
  facet normal -0.760388 -0.649469 0
    outer loop
      vertex -3.68838 -2.58273 124.99
      vertex -3.73938 -2.52302 125
      vertex -3.73938 -2.52302 124.99
    endloop
  endfacet
  facet normal -0.760388 -0.649469 0
    outer loop
      vertex -3.73938 -2.52302 125
      vertex -3.68838 -2.58273 124.99
      vertex -3.68838 -2.58273 125
    endloop
  endfacet
  facet normal 0.958837 0.283958 0
    outer loop
      vertex -6.28069 -3.99024 125
      vertex -6.30299 -3.91494 124.99
      vertex -6.30299 -3.91494 125
    endloop
  endfacet
  facet normal 0.958837 0.283958 0
    outer loop
      vertex -6.30299 -3.91494 124.99
      vertex -6.28069 -3.99024 125
      vertex -6.28069 -3.99024 124.99
    endloop
  endfacet
  facet normal -0.688338 -0.72539 0
    outer loop
      vertex -3.85041 -2.41199 124.99
      vertex -3.79344 -2.46605 125
      vertex -3.85041 -2.41199 125
    endloop
  endfacet
  facet normal -0.688338 -0.72539 -0
    outer loop
      vertex -3.79344 -2.46605 125
      vertex -3.85041 -2.41199 124.99
      vertex -3.79344 -2.46605 124.99
    endloop
  endfacet
  facet normal -0.477112 0.878843 0
    outer loop
      vertex -4.1041 -4.82575 124.99
      vertex -4.17312 -4.86322 125
      vertex -4.1041 -4.82575 125
    endloop
  endfacet
  facet normal -0.477112 0.878843 0
    outer loop
      vertex -4.17312 -4.86322 125
      vertex -4.1041 -4.82575 124.99
      vertex -4.17312 -4.86322 124.99
    endloop
  endfacet
  facet normal 0.382625 0.923904 -0
    outer loop
      vertex -5.39165 -4.92708 124.99
      vertex -5.46421 -4.89703 125
      vertex -5.39165 -4.92708 125
    endloop
  endfacet
  facet normal 0.382625 0.923904 0
    outer loop
      vertex -5.46421 -4.89703 125
      vertex -5.39165 -4.92708 124.99
      vertex -5.46421 -4.89703 124.99
    endloop
  endfacet
  facet normal 0.958826 -0.283993 0
    outer loop
      vertex -6.30299 -3.13848 125
      vertex -6.28069 -3.06319 124.99
      vertex -6.28069 -3.06319 125
    endloop
  endfacet
  facet normal 0.958826 -0.283993 0
    outer loop
      vertex -6.28069 -3.06319 124.99
      vertex -6.30299 -3.13848 125
      vertex -6.30299 -3.13848 124.99
    endloop
  endfacet
  facet normal -0.333746 -0.942663 0
    outer loop
      vertex -4.39058 -2.10013 124.99
      vertex -4.31655 -2.12634 125
      vertex -4.39058 -2.10013 125
    endloop
  endfacet
  facet normal -0.333746 -0.942663 -0
    outer loop
      vertex -4.31655 -2.12634 125
      vertex -4.39058 -2.10013 124.99
      vertex -4.31655 -2.12634 124.99
    endloop
  endfacet
  facet normal -0.430532 0.902576 0
    outer loop
      vertex -4.17312 -4.86322 124.99
      vertex -4.244 -4.89703 125
      vertex -4.17312 -4.86322 125
    endloop
  endfacet
  facet normal -0.430532 0.902576 0
    outer loop
      vertex -4.244 -4.89703 125
      vertex -4.17312 -4.86322 124.99
      vertex -4.244 -4.89703 124.99
    endloop
  endfacet
  facet normal -0.649469 -0.760388 0
    outer loop
      vertex -3.91012 -2.36099 124.99
      vertex -3.85041 -2.41199 125
      vertex -3.91012 -2.36099 125
    endloop
  endfacet
  facet normal -0.649469 -0.760388 -0
    outer loop
      vertex -3.85041 -2.41199 125
      vertex -3.91012 -2.36099 124.99
      vertex -3.85041 -2.41199 124.99
    endloop
  endfacet
  facet normal 0.477165 -0.878814 0
    outer loop
      vertex -5.6041 -2.22767 124.99
      vertex -5.53509 -2.1902 125
      vertex -5.6041 -2.22767 125
    endloop
  endfacet
  facet normal 0.477165 -0.878814 0
    outer loop
      vertex -5.53509 -2.1902 125
      vertex -5.6041 -2.22767 124.99
      vertex -5.53509 -2.1902 124.99
    endloop
  endfacet
  facet normal 0.430532 -0.902576 0
    outer loop
      vertex -5.53509 -2.1902 124.99
      vertex -5.46421 -2.15639 125
      vertex -5.53509 -2.1902 125
    endloop
  endfacet
  facet normal 0.430532 -0.902576 0
    outer loop
      vertex -5.46421 -2.15639 125
      vertex -5.53509 -2.1902 124.99
      vertex -5.46421 -2.15639 124.99
    endloop
  endfacet
  facet normal 0.0785759 0.996908 -0
    outer loop
      vertex -4.93261 -5.02466 124.99
      vertex -5.01089 -5.01849 125
      vertex -4.93261 -5.02466 125
    endloop
  endfacet
  facet normal 0.0785759 0.996908 0
    outer loop
      vertex -5.01089 -5.01849 125
      vertex -4.93261 -5.02466 124.99
      vertex -5.01089 -5.01849 124.99
    endloop
  endfacet
  facet normal -0.852601 0.522562 0
    outer loop
      vertex -3.5961 -4.34367 124.99
      vertex -3.55506 -4.27671 125
      vertex -3.55506 -4.27671 124.99
    endloop
  endfacet
  facet normal -0.852601 0.522562 0
    outer loop
      vertex -3.55506 -4.27671 125
      vertex -3.5961 -4.34367 124.99
      vertex -3.5961 -4.34367 125
    endloop
  endfacet
  facet normal -0.760442 0.649406 0
    outer loop
      vertex -3.73938 -4.53041 124.99
      vertex -3.68838 -4.47069 125
      vertex -3.68838 -4.47069 124.99
    endloop
  endfacet
  facet normal -0.760442 0.649406 0
    outer loop
      vertex -3.68838 -4.47069 125
      vertex -3.73938 -4.53041 124.99
      vertex -3.73938 -4.53041 125
    endloop
  endfacet
  facet normal 0.0784494 -0.996918 0
    outer loop
      vertex -5.01089 -2.03493 124.99
      vertex -4.93261 -2.02877 125
      vertex -5.01089 -2.03493 125
    endloop
  endfacet
  facet normal 0.0784494 -0.996918 0
    outer loop
      vertex -4.93261 -2.02877 125
      vertex -5.01089 -2.03493 124.99
      vertex -4.93261 -2.02877 124.99
    endloop
  endfacet
  facet normal -0.182212 -0.983259 0
    outer loop
      vertex -4.61945 -2.04518 124.99
      vertex -4.54223 -2.05949 125
      vertex -4.61945 -2.04518 125
    endloop
  endfacet
  facet normal -0.182212 -0.983259 -0
    outer loop
      vertex -4.54223 -2.05949 125
      vertex -4.61945 -2.04518 124.99
      vertex -4.54223 -2.05949 124.99
    endloop
  endfacet
  facet normal -0.972377 -0.233416 0
    outer loop
      vertex -3.38688 -3.21484 124.99
      vertex -3.40521 -3.13848 125
      vertex -3.40521 -3.13848 124.99
    endloop
  endfacet
  facet normal -0.972377 -0.233416 0
    outer loop
      vertex -3.40521 -3.13848 125
      vertex -3.38688 -3.21484 124.99
      vertex -3.38688 -3.21484 125
    endloop
  endfacet
  facet normal -0.13052 0.991446 0
    outer loop
      vertex -4.61945 -5.00824 124.99
      vertex -4.69731 -5.01849 125
      vertex -4.61945 -5.00824 125
    endloop
  endfacet
  facet normal -0.13052 0.991446 0
    outer loop
      vertex -4.69731 -5.01849 125
      vertex -4.61945 -5.00824 124.99
      vertex -4.69731 -5.01849 124.99
    endloop
  endfacet
  facet normal -0.958792 -0.28411 0
    outer loop
      vertex -3.40521 -3.13848 124.99
      vertex -3.42752 -3.06319 125
      vertex -3.42752 -3.06319 124.99
    endloop
  endfacet
  facet normal -0.958792 -0.28411 0
    outer loop
      vertex -3.42752 -3.06319 125
      vertex -3.40521 -3.13848 124.99
      vertex -3.40521 -3.13848 125
    endloop
  endfacet
  facet normal -0.522562 -0.852601 0
    outer loop
      vertex -4.1041 -2.22767 124.99
      vertex -4.03714 -2.26871 125
      vertex -4.1041 -2.22767 125
    endloop
  endfacet
  facet normal -0.522562 -0.852601 -0
    outer loop
      vertex -4.03714 -2.26871 125
      vertex -4.1041 -2.22767 124.99
      vertex -4.03714 -2.26871 124.99
    endloop
  endfacet
  facet normal 0.688401 0.72533 -0
    outer loop
      vertex -5.8578 -4.64143 124.99
      vertex -5.91476 -4.58737 125
      vertex -5.8578 -4.64143 125
    endloop
  endfacet
  facet normal 0.688401 0.72533 0
    outer loop
      vertex -5.91476 -4.58737 125
      vertex -5.8578 -4.64143 124.99
      vertex -5.91476 -4.58737 124.99
    endloop
  endfacet
  facet normal 0.283958 0.958837 -0
    outer loop
      vertex -5.24233 -4.9756 124.99
      vertex -5.31763 -4.9533 125
      vertex -5.24233 -4.9756 125
    endloop
  endfacet
  facet normal 0.283958 0.958837 0
    outer loop
      vertex -5.31763 -4.9533 125
      vertex -5.24233 -4.9756 124.99
      vertex -5.31763 -4.9533 124.99
    endloop
  endfacet
  facet normal 0.333899 0.942609 -0
    outer loop
      vertex -5.31763 -4.9533 124.99
      vertex -5.39165 -4.92708 125
      vertex -5.31763 -4.9533 125
    endloop
  endfacet
  facet normal 0.333899 0.942609 0
    outer loop
      vertex -5.39165 -4.92708 125
      vertex -5.31763 -4.9533 124.99
      vertex -5.39165 -4.92708 124.99
    endloop
  endfacet
  facet normal -0.972377 0.233416 0
    outer loop
      vertex -3.40521 -3.91494 124.99
      vertex -3.38688 -3.83858 125
      vertex -3.38688 -3.83858 124.99
    endloop
  endfacet
  facet normal -0.972377 0.233416 0
    outer loop
      vertex -3.38688 -3.83858 125
      vertex -3.40521 -3.91494 124.99
      vertex -3.40521 -3.91494 125
    endloop
  endfacet
  facet normal -0.0784394 -0.996919 0
    outer loop
      vertex -4.7756 -2.02877 124.99
      vertex -4.69731 -2.03493 125
      vertex -4.7756 -2.02877 125
    endloop
  endfacet
  facet normal -0.0784394 -0.996919 -0
    outer loop
      vertex -4.69731 -2.03493 125
      vertex -4.7756 -2.02877 124.99
      vertex -4.69731 -2.03493 124.99
    endloop
  endfacet
  facet normal 0.760442 0.649406 0
    outer loop
      vertex -5.96882 -4.53041 125
      vertex -6.01982 -4.47069 124.99
      vertex -6.01982 -4.47069 125
    endloop
  endfacet
  facet normal 0.760442 0.649406 0
    outer loop
      vertex -6.01982 -4.47069 124.99
      vertex -5.96882 -4.53041 125
      vertex -5.96882 -4.53041 124.99
    endloop
  endfacet
  facet normal -0.608726 -0.793381 0
    outer loop
      vertex -3.97242 -2.31319 124.99
      vertex -3.91012 -2.36099 125
      vertex -3.97242 -2.31319 125
    endloop
  endfacet
  facet normal -0.608726 -0.793381 -0
    outer loop
      vertex -3.91012 -2.36099 125
      vertex -3.97242 -2.31319 124.99
      vertex -3.91012 -2.36099 124.99
    endloop
  endfacet
  facet normal 0.824131 -0.566399 0
    outer loop
      vertex -6.11211 -2.70975 125
      vertex -6.06763 -2.64503 124.99
      vertex -6.06763 -2.64503 125
    endloop
  endfacet
  facet normal 0.824131 -0.566399 0
    outer loop
      vertex -6.06763 -2.64503 124.99
      vertex -6.11211 -2.70975 125
      vertex -6.11211 -2.70975 124.99
    endloop
  endfacet
  facet normal 0.991446 -0.13052 0
    outer loop
      vertex -6.34588 -3.36992 125
      vertex -6.33563 -3.29206 124.99
      vertex -6.33563 -3.29206 125
    endloop
  endfacet
  facet normal 0.991446 -0.13052 0
    outer loop
      vertex -6.33563 -3.29206 124.99
      vertex -6.34588 -3.36992 125
      vertex -6.34588 -3.36992 124.99
    endloop
  endfacet
  facet normal 0.996909 -0.0785659 0
    outer loop
      vertex -6.35205 -3.44821 125
      vertex -6.34588 -3.36992 124.99
      vertex -6.34588 -3.36992 125
    endloop
  endfacet
  facet normal 0.996909 -0.0785659 0
    outer loop
      vertex -6.34588 -3.36992 124.99
      vertex -6.35205 -3.44821 125
      vertex -6.35205 -3.44821 124.99
    endloop
  endfacet
  facet normal 0.923904 0.382625 0
    outer loop
      vertex -6.22442 -4.13682 125
      vertex -6.25447 -4.06426 124.99
      vertex -6.25447 -4.06426 125
    endloop
  endfacet
  facet normal 0.923904 0.382625 0
    outer loop
      vertex -6.25447 -4.06426 124.99
      vertex -6.22442 -4.13682 125
      vertex -6.22442 -4.13682 124.99
    endloop
  endfacet
  facet normal 0.522562 -0.852601 0
    outer loop
      vertex -5.67106 -2.26871 124.99
      vertex -5.6041 -2.22767 125
      vertex -5.67106 -2.26871 125
    endloop
  endfacet
  facet normal 0.522562 -0.852601 0
    outer loop
      vertex -5.6041 -2.22767 125
      vertex -5.67106 -2.26871 124.99
      vertex -5.6041 -2.22767 124.99
    endloop
  endfacet
  facet normal 0.72539 -0.688338 0
    outer loop
      vertex -5.96882 -2.52302 125
      vertex -5.91476 -2.46605 124.99
      vertex -5.91476 -2.46605 125
    endloop
  endfacet
  facet normal 0.72539 -0.688338 0
    outer loop
      vertex -5.91476 -2.46605 124.99
      vertex -5.96882 -2.52302 125
      vertex -5.96882 -2.52302 124.99
    endloop
  endfacet
  facet normal 0.793319 -0.608806 0
    outer loop
      vertex -6.06763 -2.64503 125
      vertex -6.01982 -2.58273 124.99
      vertex -6.01982 -2.58273 125
    endloop
  endfacet
  facet normal 0.793319 -0.608806 0
    outer loop
      vertex -6.01982 -2.58273 124.99
      vertex -6.06763 -2.64503 125
      vertex -6.06763 -2.64503 124.99
    endloop
  endfacet
  facet normal 0.852658 0.522469 0
    outer loop
      vertex -6.11211 -4.34367 125
      vertex -6.15314 -4.27671 124.99
      vertex -6.15314 -4.27671 125
    endloop
  endfacet
  facet normal 0.852658 0.522469 0
    outer loop
      vertex -6.15314 -4.27671 124.99
      vertex -6.11211 -4.34367 125
      vertex -6.11211 -4.34367 124.99
    endloop
  endfacet
  facet normal 0.522469 0.852658 -0
    outer loop
      vertex -5.6041 -4.82575 124.99
      vertex -5.67106 -4.78472 125
      vertex -5.6041 -4.82575 125
    endloop
  endfacet
  facet normal 0.522469 0.852658 0
    outer loop
      vertex -5.67106 -4.78472 125
      vertex -5.6041 -4.82575 124.99
      vertex -5.67106 -4.78472 124.99
    endloop
  endfacet
  facet normal -0.958802 0.284075 0
    outer loop
      vertex -3.42752 -3.99024 124.99
      vertex -3.40521 -3.91494 125
      vertex -3.40521 -3.91494 124.99
    endloop
  endfacet
  facet normal -0.958802 0.284075 0
    outer loop
      vertex -3.40521 -3.91494 125
      vertex -3.42752 -3.99024 124.99
      vertex -3.42752 -3.99024 125
    endloop
  endfacet
  facet normal -0.942649 0.333786 0
    outer loop
      vertex -3.45373 -4.06426 124.99
      vertex -3.42752 -3.99024 125
      vertex -3.42752 -3.99024 124.99
    endloop
  endfacet
  facet normal -0.942649 0.333786 0
    outer loop
      vertex -3.42752 -3.99024 125
      vertex -3.45373 -4.06426 124.99
      vertex -3.45373 -4.06426 125
    endloop
  endfacet
  facet normal 0.923885 -0.38267 0
    outer loop
      vertex -6.25447 -2.98916 125
      vertex -6.22442 -2.91661 124.99
      vertex -6.22442 -2.91661 125
    endloop
  endfacet
  facet normal 0.923885 -0.38267 0
    outer loop
      vertex -6.22442 -2.91661 124.99
      vertex -6.25447 -2.98916 125
      vertex -6.25447 -2.98916 124.99
    endloop
  endfacet
  facet normal 0.996908 0.0785759 0
    outer loop
      vertex -6.34588 -3.6835 125
      vertex -6.35205 -3.60522 124.99
      vertex -6.35205 -3.60522 125
    endloop
  endfacet
  facet normal 0.996908 0.0785759 0
    outer loop
      vertex -6.35205 -3.60522 124.99
      vertex -6.34588 -3.6835 125
      vertex -6.34588 -3.6835 124.99
    endloop
  endfacet
  facet normal -0.566399 0.824131 0
    outer loop
      vertex -3.97242 -4.74024 124.99
      vertex -4.03714 -4.78472 125
      vertex -3.97242 -4.74024 125
    endloop
  endfacet
  facet normal -0.566399 0.824131 0
    outer loop
      vertex -4.03714 -4.78472 125
      vertex -3.97242 -4.74024 124.99
      vertex -4.03714 -4.78472 124.99
    endloop
  endfacet
  facet normal 0.878843 -0.477112 0
    outer loop
      vertex -6.19061 -2.84573 125
      vertex -6.15314 -2.77671 124.99
      vertex -6.15314 -2.77671 125
    endloop
  endfacet
  facet normal 0.878843 -0.477112 0
    outer loop
      vertex -6.15314 -2.77671 124.99
      vertex -6.19061 -2.84573 125
      vertex -6.19061 -2.84573 124.99
    endloop
  endfacet
  facet normal 0.983259 -0.182212 0
    outer loop
      vertex -6.33563 -3.29206 125
      vertex -6.32132 -3.21484 124.99
      vertex -6.32132 -3.21484 125
    endloop
  endfacet
  facet normal 0.983259 -0.182212 0
    outer loop
      vertex -6.32132 -3.21484 124.99
      vertex -6.33563 -3.29206 125
      vertex -6.33563 -3.29206 124.99
    endloop
  endfacet
  facet normal -0.13052 -0.991446 0
    outer loop
      vertex -4.69731 -2.03493 124.99
      vertex -4.61945 -2.04518 125
      vertex -4.69731 -2.03493 125
    endloop
  endfacet
  facet normal -0.13052 -0.991446 -0
    outer loop
      vertex -4.61945 -2.04518 125
      vertex -4.69731 -2.03493 124.99
      vertex -4.61945 -2.04518 124.99
    endloop
  endfacet
  facet normal 0.760388 -0.649469 0
    outer loop
      vertex -6.01982 -2.58273 125
      vertex -5.96882 -2.52302 124.99
      vertex -5.96882 -2.52302 125
    endloop
  endfacet
  facet normal 0.760388 -0.649469 0
    outer loop
      vertex -5.96882 -2.52302 124.99
      vertex -6.01982 -2.58273 125
      vertex -6.01982 -2.58273 124.99
    endloop
  endfacet
  facet normal -0.0785659 0.996909 0
    outer loop
      vertex -4.69731 -5.01849 124.99
      vertex -4.7756 -5.02466 125
      vertex -4.69731 -5.01849 125
    endloop
  endfacet
  facet normal -0.0785659 0.996909 0
    outer loop
      vertex -4.7756 -5.02466 125
      vertex -4.69731 -5.01849 124.99
      vertex -4.7756 -5.02466 124.99
    endloop
  endfacet
  facet normal 0.233416 0.972377 -0
    outer loop
      vertex -5.16597 -4.99393 124.99
      vertex -5.24233 -4.9756 125
      vertex -5.16597 -4.99393 125
    endloop
  endfacet
  facet normal 0.233416 0.972377 0
    outer loop
      vertex -5.24233 -4.9756 125
      vertex -5.16597 -4.99393 124.99
      vertex -5.24233 -4.9756 124.99
    endloop
  endfacet
  facet normal -0.824131 0.566399 0
    outer loop
      vertex -3.64058 -4.40839 124.99
      vertex -3.5961 -4.34367 125
      vertex -3.5961 -4.34367 124.99
    endloop
  endfacet
  facet normal -0.824131 0.566399 0
    outer loop
      vertex -3.5961 -4.34367 125
      vertex -3.64058 -4.40839 124.99
      vertex -3.64058 -4.40839 125
    endloop
  endfacet
  facet normal -0.026233 -0.999656 0
    outer loop
      vertex -4.8541 -2.02671 124.99
      vertex -4.7756 -2.02877 125
      vertex -4.8541 -2.02671 125
    endloop
  endfacet
  facet normal -0.026233 -0.999656 -0
    outer loop
      vertex -4.7756 -2.02877 125
      vertex -4.8541 -2.02671 124.99
      vertex -4.7756 -2.02877 124.99
    endloop
  endfacet
  facet normal 0.0262297 -0.999656 0
    outer loop
      vertex -4.93261 -2.02877 124.99
      vertex -4.8541 -2.02671 125
      vertex -4.93261 -2.02877 125
    endloop
  endfacet
  facet normal 0.0262297 -0.999656 0
    outer loop
      vertex -4.8541 -2.02671 125
      vertex -4.93261 -2.02877 124.99
      vertex -4.8541 -2.02671 124.99
    endloop
  endfacet
  facet normal -0.902576 0.430532 0
    outer loop
      vertex -3.51759 -4.2077 124.99
      vertex -3.48378 -4.13682 125
      vertex -3.48378 -4.13682 124.99
    endloop
  endfacet
  facet normal -0.902576 0.430532 0
    outer loop
      vertex -3.48378 -4.13682 125
      vertex -3.51759 -4.2077 124.99
      vertex -3.51759 -4.2077 125
    endloop
  endfacet
  facet normal 0.608806 0.793319 -0
    outer loop
      vertex -5.73578 -4.74024 124.99
      vertex -5.79808 -4.69243 125
      vertex -5.73578 -4.74024 125
    endloop
  endfacet
  facet normal 0.608806 0.793319 0
    outer loop
      vertex -5.79808 -4.69243 125
      vertex -5.73578 -4.74024 124.99
      vertex -5.79808 -4.69243 124.99
    endloop
  endfacet
  facet normal 0.999659 0.0261024 0
    outer loop
      vertex -6.35205 -3.60522 125
      vertex -6.3541 -3.52671 124.99
      vertex -6.3541 -3.52671 125
    endloop
  endfacet
  facet normal 0.999659 0.0261024 0
    outer loop
      vertex -6.3541 -3.52671 124.99
      vertex -6.35205 -3.60522 125
      vertex -6.35205 -3.60522 124.99
    endloop
  endfacet
  facet normal -0.233416 -0.972377 0
    outer loop
      vertex -4.54223 -2.05949 124.99
      vertex -4.46587 -2.07782 125
      vertex -4.54223 -2.05949 125
    endloop
  endfacet
  facet normal -0.233416 -0.972377 -0
    outer loop
      vertex -4.46587 -2.07782 125
      vertex -4.54223 -2.05949 124.99
      vertex -4.46587 -2.07782 124.99
    endloop
  endfacet
  facet normal -0.283993 0.958826 0
    outer loop
      vertex -4.39058 -4.9533 124.99
      vertex -4.46587 -4.9756 125
      vertex -4.39058 -4.9533 125
    endloop
  endfacet
  facet normal -0.283993 0.958826 0
    outer loop
      vertex -4.46587 -4.9756 125
      vertex -4.39058 -4.9533 124.99
      vertex -4.46587 -4.9756 124.99
    endloop
  endfacet
  facet normal -0.333859 0.942623 0
    outer loop
      vertex -4.31655 -4.92708 124.99
      vertex -4.39058 -4.9533 125
      vertex -4.31655 -4.92708 125
    endloop
  endfacet
  facet normal -0.333859 0.942623 0
    outer loop
      vertex -4.39058 -4.9533 125
      vertex -4.31655 -4.92708 124.99
      vertex -4.39058 -4.9533 124.99
    endloop
  endfacet
  facet normal 0.902576 0.430532 0
    outer loop
      vertex -6.19061 -4.2077 125
      vertex -6.22442 -4.13682 124.99
      vertex -6.22442 -4.13682 125
    endloop
  endfacet
  facet normal 0.902576 0.430532 0
    outer loop
      vertex -6.22442 -4.13682 124.99
      vertex -6.19061 -4.2077 125
      vertex -6.19061 -4.2077 124.99
    endloop
  endfacet
  facet normal 0.878814 0.477165 0
    outer loop
      vertex -6.15314 -4.27671 125
      vertex -6.19061 -4.2077 124.99
      vertex -6.19061 -4.2077 125
    endloop
  endfacet
  facet normal 0.878814 0.477165 0
    outer loop
      vertex -6.19061 -4.2077 124.99
      vertex -6.15314 -4.27671 125
      vertex -6.15314 -4.27671 124.99
    endloop
  endfacet
  facet normal -0.477165 -0.878814 0
    outer loop
      vertex 2.53509 -4.36983 124.99
      vertex 2.6041 -4.4073 125
      vertex 2.53509 -4.36983 125
    endloop
  endfacet
  facet normal -0.477165 -0.878814 -0
    outer loop
      vertex 2.6041 -4.4073 125
      vertex 2.53509 -4.36983 124.99
      vertex 2.6041 -4.4073 124.99
    endloop
  endfacet
  facet normal -0.996908 -0.0785759 0
    outer loop
      vertex 3.35205 -5.62783 124.99
      vertex 3.34588 -5.54955 125
      vertex 3.34588 -5.54955 124.99
    endloop
  endfacet
  facet normal -0.996908 -0.0785759 0
    outer loop
      vertex 3.34588 -5.54955 125
      vertex 3.35205 -5.62783 124.99
      vertex 3.35205 -5.62783 125
    endloop
  endfacet
  facet normal -0.999659 -0.0261024 0
    outer loop
      vertex 3.3541 -5.70634 124.99
      vertex 3.35205 -5.62783 125
      vertex 3.35205 -5.62783 124.99
    endloop
  endfacet
  facet normal -0.999659 -0.0261024 0
    outer loop
      vertex 3.35205 -5.62783 125
      vertex 3.3541 -5.70634 124.99
      vertex 3.3541 -5.70634 125
    endloop
  endfacet
  facet normal -0.991446 -0.13052 0
    outer loop
      vertex 3.34588 -5.54955 124.99
      vertex 3.33563 -5.47169 125
      vertex 3.33563 -5.47169 124.99
    endloop
  endfacet
  facet normal -0.991446 -0.13052 0
    outer loop
      vertex 3.33563 -5.47169 125
      vertex 3.34588 -5.54955 124.99
      vertex 3.34588 -5.54955 125
    endloop
  endfacet
  facet normal -0.382625 -0.923904 0
    outer loop
      vertex 2.39165 -4.30597 124.99
      vertex 2.46421 -4.33602 125
      vertex 2.39165 -4.30597 125
    endloop
  endfacet
  facet normal -0.382625 -0.923904 -0
    outer loop
      vertex 2.46421 -4.33602 125
      vertex 2.39165 -4.30597 124.99
      vertex 2.46421 -4.33602 124.99
    endloop
  endfacet
  facet normal -0.942609 -0.333899 0
    outer loop
      vertex 3.28069 -5.24281 124.99
      vertex 3.25447 -5.16879 125
      vertex 3.25447 -5.16879 124.99
    endloop
  endfacet
  facet normal -0.942609 -0.333899 0
    outer loop
      vertex 3.25447 -5.16879 125
      vertex 3.28069 -5.24281 124.99
      vertex 3.28069 -5.24281 125
    endloop
  endfacet
  facet normal -0.852658 -0.522469 0
    outer loop
      vertex 3.15314 -4.95634 124.99
      vertex 3.11211 -4.88938 125
      vertex 3.11211 -4.88938 124.99
    endloop
  endfacet
  facet normal -0.852658 -0.522469 0
    outer loop
      vertex 3.11211 -4.88938 125
      vertex 3.15314 -4.95634 124.99
      vertex 3.15314 -4.95634 125
    endloop
  endfacet
  facet normal -0.0784494 0.996918 0
    outer loop
      vertex 2.01089 -7.19812 124.99
      vertex 1.93261 -7.20428 125
      vertex 2.01089 -7.19812 125
    endloop
  endfacet
  facet normal -0.0784494 0.996918 0
    outer loop
      vertex 1.93261 -7.20428 125
      vertex 2.01089 -7.19812 124.99
      vertex 1.93261 -7.20428 124.99
    endloop
  endfacet
  facet normal -0.608806 -0.793319 0
    outer loop
      vertex 2.73578 -4.49281 124.99
      vertex 2.79808 -4.54062 125
      vertex 2.73578 -4.49281 125
    endloop
  endfacet
  facet normal -0.608806 -0.793319 -0
    outer loop
      vertex 2.79808 -4.54062 125
      vertex 2.73578 -4.49281 124.99
      vertex 2.79808 -4.54062 124.99
    endloop
  endfacet
  facet normal 0.972371 -0.23344 0
    outer loop
      vertex 0.38688 -5.39447 125
      vertex 0.405212 -5.31811 124.99
      vertex 0.405212 -5.31811 125
    endloop
  endfacet
  facet normal 0.972371 -0.23344 0
    outer loop
      vertex 0.405212 -5.31811 124.99
      vertex 0.38688 -5.39447 125
      vertex 0.38688 -5.39447 124.99
    endloop
  endfacet
  facet normal -0.824131 -0.566399 0
    outer loop
      vertex 3.11211 -4.88938 124.99
      vertex 3.06763 -4.82466 125
      vertex 3.06763 -4.82466 124.99
    endloop
  endfacet
  facet normal -0.824131 -0.566399 0
    outer loop
      vertex 3.06763 -4.82466 125
      vertex 3.11211 -4.88938 124.99
      vertex 3.11211 -4.88938 125
    endloop
  endfacet
  facet normal -0.972377 -0.233416 0
    outer loop
      vertex 3.32132 -5.39447 124.99
      vertex 3.30299 -5.31811 125
      vertex 3.30299 -5.31811 124.99
    endloop
  endfacet
  facet normal -0.972377 -0.233416 0
    outer loop
      vertex 3.30299 -5.31811 125
      vertex 3.32132 -5.39447 124.99
      vertex 3.32132 -5.39447 125
    endloop
  endfacet
  facet normal 0.0261057 -0.999659 0
    outer loop
      vertex 1.7756 -4.20839 124.99
      vertex 1.8541 -4.20634 125
      vertex 1.7756 -4.20839 125
    endloop
  endfacet
  facet normal 0.0261057 -0.999659 0
    outer loop
      vertex 1.8541 -4.20634 125
      vertex 1.7756 -4.20839 124.99
      vertex 1.8541 -4.20634 124.99
    endloop
  endfacet
  facet normal -0.996909 0.0785659 0
    outer loop
      vertex 3.34588 -5.86313 124.99
      vertex 3.35205 -5.78484 125
      vertex 3.35205 -5.78484 124.99
    endloop
  endfacet
  facet normal -0.996909 0.0785659 0
    outer loop
      vertex 3.35205 -5.78484 125
      vertex 3.34588 -5.86313 124.99
      vertex 3.34588 -5.86313 125
    endloop
  endfacet
  facet normal -0.522469 -0.852658 0
    outer loop
      vertex 2.6041 -4.4073 124.99
      vertex 2.67106 -4.44833 125
      vertex 2.6041 -4.4073 125
    endloop
  endfacet
  facet normal -0.522469 -0.852658 -0
    outer loop
      vertex 2.67106 -4.44833 125
      vertex 2.6041 -4.4073 124.99
      vertex 2.67106 -4.44833 124.99
    endloop
  endfacet
  facet normal -0.999659 0.0261057 0
    outer loop
      vertex 3.35205 -5.78484 124.99
      vertex 3.3541 -5.70634 125
      vertex 3.3541 -5.70634 124.99
    endloop
  endfacet
  facet normal -0.999659 0.0261057 0
    outer loop
      vertex 3.3541 -5.70634 125
      vertex 3.35205 -5.78484 124.99
      vertex 3.35205 -5.78484 125
    endloop
  endfacet
  facet normal -0.333786 0.942649 0
    outer loop
      vertex 2.39165 -7.10671 124.99
      vertex 2.31763 -7.13292 125
      vertex 2.39165 -7.10671 125
    endloop
  endfacet
  facet normal -0.333786 0.942649 0
    outer loop
      vertex 2.31763 -7.13292 125
      vertex 2.39165 -7.10671 124.99
      vertex 2.31763 -7.13292 124.99
    endloop
  endfacet
  facet normal 0.991446 -0.13052 0
    outer loop
      vertex 0.362319 -5.54955 125
      vertex 0.372569 -5.47169 124.99
      vertex 0.372569 -5.47169 125
    endloop
  endfacet
  facet normal 0.991446 -0.13052 0
    outer loop
      vertex 0.372569 -5.47169 124.99
      vertex 0.362319 -5.54955 125
      vertex 0.362319 -5.54955 124.99
    endloop
  endfacet
  facet normal 0.983257 0.182225 0
    outer loop
      vertex 0.38688 -6.01821 125
      vertex 0.372569 -5.94099 124.99
      vertex 0.372569 -5.94099 125
    endloop
  endfacet
  facet normal 0.983257 0.182225 0
    outer loop
      vertex 0.372569 -5.94099 124.99
      vertex 0.38688 -6.01821 125
      vertex 0.38688 -6.01821 124.99
    endloop
  endfacet
  facet normal 0.608787 -0.793333 0
    outer loop
      vertex 0.910121 -4.54062 124.99
      vertex 0.972424 -4.49281 125
      vertex 0.910121 -4.54062 125
    endloop
  endfacet
  facet normal 0.608787 -0.793333 0
    outer loop
      vertex 0.972424 -4.49281 125
      vertex 0.910121 -4.54062 124.99
      vertex 0.972424 -4.49281 124.99
    endloop
  endfacet
  facet normal -0.793319 0.608806 0
    outer loop
      vertex 3.01982 -6.65032 124.99
      vertex 3.06763 -6.58802 125
      vertex 3.06763 -6.58802 124.99
    endloop
  endfacet
  facet normal -0.793319 0.608806 0
    outer loop
      vertex 3.06763 -6.58802 125
      vertex 3.01982 -6.65032 124.99
      vertex 3.01982 -6.65032 125
    endloop
  endfacet
  facet normal -0.942623 0.333859 0
    outer loop
      vertex 3.25447 -6.24389 124.99
      vertex 3.28069 -6.16986 125
      vertex 3.28069 -6.16986 124.99
    endloop
  endfacet
  facet normal -0.942623 0.333859 0
    outer loop
      vertex 3.28069 -6.16986 125
      vertex 3.25447 -6.24389 124.99
      vertex 3.25447 -6.24389 125
    endloop
  endfacet
  facet normal -0.522562 0.852601 0
    outer loop
      vertex 2.67106 -6.96434 124.99
      vertex 2.6041 -7.00538 125
      vertex 2.67106 -6.96434 125
    endloop
  endfacet
  facet normal -0.522562 0.852601 0
    outer loop
      vertex 2.6041 -7.00538 125
      vertex 2.67106 -6.96434 124.99
      vertex 2.6041 -7.00538 124.99
    endloop
  endfacet
  facet normal 0.958819 -0.284017 0
    outer loop
      vertex 0.405212 -5.31811 125
      vertex 0.427517 -5.24281 124.99
      vertex 0.427517 -5.24281 125
    endloop
  endfacet
  facet normal 0.958819 -0.284017 0
    outer loop
      vertex 0.427517 -5.24281 124.99
      vertex 0.405212 -5.31811 125
      vertex 0.405212 -5.31811 124.99
    endloop
  endfacet
  facet normal 0.942647 0.333791 0
    outer loop
      vertex 0.453731 -6.24389 125
      vertex 0.427517 -6.16986 124.99
      vertex 0.427517 -6.16986 125
    endloop
  endfacet
  facet normal 0.942647 0.333791 0
    outer loop
      vertex 0.427517 -6.16986 124.99
      vertex 0.453731 -6.24389 125
      vertex 0.453731 -6.24389 124.99
    endloop
  endfacet
  facet normal -0.649406 -0.760442 0
    outer loop
      vertex 2.79808 -4.54062 124.99
      vertex 2.8578 -4.59162 125
      vertex 2.79808 -4.54062 125
    endloop
  endfacet
  facet normal -0.649406 -0.760442 -0
    outer loop
      vertex 2.8578 -4.59162 125
      vertex 2.79808 -4.54062 124.99
      vertex 2.8578 -4.59162 124.99
    endloop
  endfacet
  facet normal -0.923885 0.38267 0
    outer loop
      vertex 3.22442 -6.31644 124.99
      vertex 3.25447 -6.24389 125
      vertex 3.25447 -6.24389 124.99
    endloop
  endfacet
  facet normal -0.923885 0.38267 0
    outer loop
      vertex 3.25447 -6.24389 125
      vertex 3.22442 -6.31644 124.99
      vertex 3.22442 -6.31644 125
    endloop
  endfacet
  facet normal -0.983259 0.182212 0
    outer loop
      vertex 3.32132 -6.01821 124.99
      vertex 3.33563 -5.94099 125
      vertex 3.33563 -5.94099 124.99
    endloop
  endfacet
  facet normal -0.983259 0.182212 0
    outer loop
      vertex 3.33563 -5.94099 125
      vertex 3.32132 -6.01821 124.99
      vertex 3.32132 -6.01821 125
    endloop
  endfacet
  facet normal -0.902576 -0.430532 0
    outer loop
      vertex 3.22442 -5.09623 124.99
      vertex 3.19061 -5.02535 125
      vertex 3.19061 -5.02535 124.99
    endloop
  endfacet
  facet normal -0.902576 -0.430532 0
    outer loop
      vertex 3.19061 -5.02535 125
      vertex 3.22442 -5.09623 124.99
      vertex 3.22442 -5.09623 125
    endloop
  endfacet
  facet normal 0.90259 -0.4305 0
    outer loop
      vertex 0.483784 -5.09623 125
      vertex 0.517591 -5.02535 124.99
      vertex 0.517591 -5.02535 125
    endloop
  endfacet
  facet normal 0.90259 -0.4305 0
    outer loop
      vertex 0.517591 -5.02535 124.99
      vertex 0.483784 -5.09623 125
      vertex 0.483784 -5.09623 124.99
    endloop
  endfacet
  facet normal -0.477165 0.878814 0
    outer loop
      vertex 2.6041 -7.00538 124.99
      vertex 2.53509 -7.04285 125
      vertex 2.6041 -7.00538 125
    endloop
  endfacet
  facet normal -0.477165 0.878814 0
    outer loop
      vertex 2.53509 -7.04285 125
      vertex 2.6041 -7.00538 124.99
      vertex 2.53509 -7.04285 124.99
    endloop
  endfacet
  facet normal 0.13052 -0.991446 0
    outer loop
      vertex 1.61945 -4.22481 124.99
      vertex 1.69731 -4.21456 125
      vertex 1.61945 -4.22481 125
    endloop
  endfacet
  facet normal 0.13052 -0.991446 0
    outer loop
      vertex 1.69731 -4.21456 125
      vertex 1.61945 -4.22481 124.99
      vertex 1.69731 -4.21456 124.99
    endloop
  endfacet
  facet normal -0.284075 0.958802 0
    outer loop
      vertex 2.31763 -7.13292 124.99
      vertex 2.24233 -7.15523 125
      vertex 2.31763 -7.13292 125
    endloop
  endfacet
  facet normal -0.284075 0.958802 0
    outer loop
      vertex 2.24233 -7.15523 125
      vertex 2.31763 -7.13292 124.99
      vertex 2.24233 -7.15523 124.99
    endloop
  endfacet
  facet normal -0.233416 0.972377 0
    outer loop
      vertex 2.24233 -7.15523 124.99
      vertex 2.16597 -7.17356 125
      vertex 2.24233 -7.15523 125
    endloop
  endfacet
  facet normal -0.233416 0.972377 0
    outer loop
      vertex 2.16597 -7.17356 125
      vertex 2.24233 -7.15523 124.99
      vertex 2.16597 -7.17356 124.99
    endloop
  endfacet
  facet normal 0.972371 0.23344 0
    outer loop
      vertex 0.405212 -6.09457 125
      vertex 0.38688 -6.01821 124.99
      vertex 0.38688 -6.01821 125
    endloop
  endfacet
  facet normal 0.972371 0.23344 0
    outer loop
      vertex 0.38688 -6.01821 124.99
      vertex 0.405212 -6.09457 125
      vertex 0.405212 -6.09457 124.99
    endloop
  endfacet
  facet normal -0.991446 0.13052 0
    outer loop
      vertex 3.33563 -5.94099 124.99
      vertex 3.34588 -5.86313 125
      vertex 3.34588 -5.86313 124.99
    endloop
  endfacet
  facet normal -0.991446 0.13052 0
    outer loop
      vertex 3.34588 -5.86313 125
      vertex 3.33563 -5.94099 124.99
      vertex 3.33563 -5.94099 125
    endloop
  endfacet
  facet normal -0.649406 0.760442 0
    outer loop
      vertex 2.8578 -6.82106 124.99
      vertex 2.79808 -6.87206 125
      vertex 2.8578 -6.82106 125
    endloop
  endfacet
  facet normal -0.649406 0.760442 0
    outer loop
      vertex 2.79808 -6.87206 125
      vertex 2.8578 -6.82106 124.99
      vertex 2.79808 -6.87206 124.99
    endloop
  endfacet
  facet normal 0.942633 -0.333831 0
    outer loop
      vertex 0.427517 -5.24281 125
      vertex 0.453731 -5.16879 124.99
      vertex 0.453731 -5.16879 125
    endloop
  endfacet
  facet normal 0.942633 -0.333831 0
    outer loop
      vertex 0.453731 -5.16879 124.99
      vertex 0.427517 -5.24281 125
      vertex 0.427517 -5.24281 124.99
    endloop
  endfacet
  facet normal 0.725349 -0.688381 0
    outer loop
      vertex 0.739385 -4.70264 125
      vertex 0.793442 -4.64568 124.99
      vertex 0.793442 -4.64568 125
    endloop
  endfacet
  facet normal 0.725349 -0.688381 0
    outer loop
      vertex 0.793442 -4.64568 124.99
      vertex 0.739385 -4.70264 125
      vertex 0.739385 -4.70264 124.99
    endloop
  endfacet
  facet normal -0.566399 0.824131 0
    outer loop
      vertex 2.73578 -6.91986 124.99
      vertex 2.67106 -6.96434 125
      vertex 2.73578 -6.91986 125
    endloop
  endfacet
  facet normal -0.566399 0.824131 0
    outer loop
      vertex 2.67106 -6.96434 125
      vertex 2.73578 -6.91986 124.99
      vertex 2.67106 -6.96434 124.99
    endloop
  endfacet
  facet normal -0.430532 -0.902576 0
    outer loop
      vertex 2.46421 -4.33602 124.99
      vertex 2.53509 -4.36983 125
      vertex 2.46421 -4.33602 125
    endloop
  endfacet
  facet normal -0.430532 -0.902576 -0
    outer loop
      vertex 2.53509 -4.36983 125
      vertex 2.46421 -4.33602 124.99
      vertex 2.53509 -4.36983 124.99
    endloop
  endfacet
  facet normal 0.566423 -0.824115 0
    outer loop
      vertex 0.972424 -4.49281 124.99
      vertex 1.03714 -4.44833 125
      vertex 0.972424 -4.49281 125
    endloop
  endfacet
  facet normal 0.566423 -0.824115 0
    outer loop
      vertex 1.03714 -4.44833 125
      vertex 0.972424 -4.49281 124.99
      vertex 1.03714 -4.44833 124.99
    endloop
  endfacet
  facet normal 0.430532 0.902576 -0
    outer loop
      vertex 1.244 -7.07666 124.99
      vertex 1.17312 -7.04285 125
      vertex 1.244 -7.07666 125
    endloop
  endfacet
  facet normal 0.430532 0.902576 0
    outer loop
      vertex 1.17312 -7.04285 125
      vertex 1.244 -7.07666 124.99
      vertex 1.17312 -7.04285 124.99
    endloop
  endfacet
  facet normal -0.983259 -0.182212 0
    outer loop
      vertex 3.33563 -5.47169 124.99
      vertex 3.32132 -5.39447 125
      vertex 3.32132 -5.39447 124.99
    endloop
  endfacet
  facet normal -0.983259 -0.182212 0
    outer loop
      vertex 3.32132 -5.39447 125
      vertex 3.33563 -5.47169 124.99
      vertex 3.33563 -5.47169 125
    endloop
  endfacet
  facet normal -0.13052 -0.991446 0
    outer loop
      vertex 2.01089 -4.21456 124.99
      vertex 2.08875 -4.22481 125
      vertex 2.01089 -4.21456 125
    endloop
  endfacet
  facet normal -0.13052 -0.991446 -0
    outer loop
      vertex 2.08875 -4.22481 125
      vertex 2.01089 -4.21456 124.99
      vertex 2.08875 -4.22481 124.99
    endloop
  endfacet
  facet normal 0.760369 0.649491 0
    outer loop
      vertex 0.739385 -6.71003 125
      vertex 0.688382 -6.65032 124.99
      vertex 0.688382 -6.65032 125
    endloop
  endfacet
  facet normal 0.760369 0.649491 0
    outer loop
      vertex 0.688382 -6.65032 124.99
      vertex 0.739385 -6.71003 125
      vertex 0.739385 -6.71003 124.99
    endloop
  endfacet
  facet normal -0.333899 -0.942609 0
    outer loop
      vertex 2.31763 -4.27975 124.99
      vertex 2.39165 -4.30597 125
      vertex 2.31763 -4.27975 125
    endloop
  endfacet
  facet normal -0.333899 -0.942609 -0
    outer loop
      vertex 2.39165 -4.30597 125
      vertex 2.31763 -4.27975 124.99
      vertex 2.39165 -4.30597 124.99
    endloop
  endfacet
  facet normal 0.522562 0.852601 -0
    outer loop
      vertex 1.1041 -7.00538 124.99
      vertex 1.03714 -6.96434 125
      vertex 1.1041 -7.00538 125
    endloop
  endfacet
  facet normal 0.522562 0.852601 0
    outer loop
      vertex 1.03714 -6.96434 125
      vertex 1.1041 -7.00538 124.99
      vertex 1.03714 -6.96434 124.99
    endloop
  endfacet
  facet normal 0.824131 0.566399 0
    outer loop
      vertex 0.640576 -6.58802 125
      vertex 0.596096 -6.5233 124.99
      vertex 0.596096 -6.5233 125
    endloop
  endfacet
  facet normal 0.824131 0.566399 0
    outer loop
      vertex 0.596096 -6.5233 124.99
      vertex 0.640576 -6.58802 125
      vertex 0.640576 -6.58802 124.99
    endloop
  endfacet
  facet normal -0.382625 0.923904 0
    outer loop
      vertex 2.46421 -7.07666 124.99
      vertex 2.39165 -7.10671 125
      vertex 2.46421 -7.07666 125
    endloop
  endfacet
  facet normal -0.382625 0.923904 0
    outer loop
      vertex 2.39165 -7.10671 125
      vertex 2.46421 -7.07666 124.99
      vertex 2.39165 -7.10671 124.99
    endloop
  endfacet
  facet normal 0.999657 0.0261821 0
    outer loop
      vertex 0.356157 -5.78484 125
      vertex 0.354101 -5.70634 124.99
      vertex 0.354101 -5.70634 125
    endloop
  endfacet
  facet normal 0.999657 0.0261821 0
    outer loop
      vertex 0.354101 -5.70634 124.99
      vertex 0.356157 -5.78484 125
      vertex 0.356157 -5.78484 124.99
    endloop
  endfacet
  facet normal 0.333859 -0.942623 0
    outer loop
      vertex 1.31655 -4.30597 124.99
      vertex 1.39058 -4.27975 125
      vertex 1.31655 -4.30597 125
    endloop
  endfacet
  facet normal 0.333859 -0.942623 0
    outer loop
      vertex 1.39058 -4.27975 125
      vertex 1.31655 -4.30597 124.99
      vertex 1.39058 -4.27975 124.99
    endloop
  endfacet
  facet normal -0.608726 0.793381 0
    outer loop
      vertex 2.79808 -6.87206 124.99
      vertex 2.73578 -6.91986 125
      vertex 2.79808 -6.87206 125
    endloop
  endfacet
  facet normal -0.608726 0.793381 0
    outer loop
      vertex 2.73578 -6.91986 125
      vertex 2.79808 -6.87206 124.99
      vertex 2.73578 -6.91986 124.99
    endloop
  endfacet
  facet normal 0.0784394 0.996919 -0
    outer loop
      vertex 1.7756 -7.20428 124.99
      vertex 1.69731 -7.19812 125
      vertex 1.7756 -7.20428 125
    endloop
  endfacet
  facet normal 0.0784394 0.996919 0
    outer loop
      vertex 1.69731 -7.19812 125
      vertex 1.7756 -7.20428 124.99
      vertex 1.69731 -7.19812 124.99
    endloop
  endfacet
  facet normal -0.958837 -0.283958 0
    outer loop
      vertex 3.30299 -5.31811 124.99
      vertex 3.28069 -5.24281 125
      vertex 3.28069 -5.24281 124.99
    endloop
  endfacet
  facet normal -0.958837 -0.283958 0
    outer loop
      vertex 3.28069 -5.24281 125
      vertex 3.30299 -5.31811 124.99
      vertex 3.30299 -5.31811 125
    endloop
  endfacet
  facet normal 0.824131 -0.566399 0
    outer loop
      vertex 0.596096 -4.88938 125
      vertex 0.640576 -4.82466 124.99
      vertex 0.640576 -4.82466 125
    endloop
  endfacet
  facet normal 0.824131 -0.566399 0
    outer loop
      vertex 0.640576 -4.82466 124.99
      vertex 0.596096 -4.88938 125
      vertex 0.596096 -4.88938 124.99
    endloop
  endfacet
  facet normal 0.878832 0.477131 0
    outer loop
      vertex 0.555063 -6.45634 125
      vertex 0.517591 -6.38732 124.99
      vertex 0.517591 -6.38732 125
    endloop
  endfacet
  facet normal 0.878832 0.477131 0
    outer loop
      vertex 0.517591 -6.38732 124.99
      vertex 0.555063 -6.45634 125
      vertex 0.555063 -6.45634 124.99
    endloop
  endfacet
  facet normal -0.793319 -0.608806 0
    outer loop
      vertex 3.06763 -4.82466 124.99
      vertex 3.01982 -4.76236 125
      vertex 3.01982 -4.76236 124.99
    endloop
  endfacet
  facet normal -0.793319 -0.608806 0
    outer loop
      vertex 3.01982 -4.76236 125
      vertex 3.06763 -4.82466 124.99
      vertex 3.06763 -4.82466 125
    endloop
  endfacet
  facet normal 0.0785659 -0.996909 0
    outer loop
      vertex 1.69731 -4.21456 124.99
      vertex 1.7756 -4.20839 125
      vertex 1.69731 -4.21456 125
    endloop
  endfacet
  facet normal 0.0785659 -0.996909 0
    outer loop
      vertex 1.7756 -4.20839 125
      vertex 1.69731 -4.21456 124.99
      vertex 1.7756 -4.20839 124.99
    endloop
  endfacet
  facet normal 0.026233 0.999656 -0
    outer loop
      vertex 1.8541 -7.20634 124.99
      vertex 1.7756 -7.20428 125
      vertex 1.8541 -7.20634 125
    endloop
  endfacet
  facet normal 0.026233 0.999656 0
    outer loop
      vertex 1.7756 -7.20428 125
      vertex 1.8541 -7.20634 124.99
      vertex 1.7756 -7.20428 124.99
    endloop
  endfacet
  facet normal -0.0262297 0.999656 0
    outer loop
      vertex 1.93261 -7.20428 124.99
      vertex 1.8541 -7.20634 125
      vertex 1.93261 -7.20428 125
    endloop
  endfacet
  facet normal -0.0262297 0.999656 0
    outer loop
      vertex 1.8541 -7.20634 125
      vertex 1.93261 -7.20428 124.99
      vertex 1.8541 -7.20634 124.99
    endloop
  endfacet
  facet normal 0.996917 0.0784647 0
    outer loop
      vertex 0.362319 -5.86313 125
      vertex 0.356157 -5.78484 124.99
      vertex 0.356157 -5.78484 125
    endloop
  endfacet
  facet normal 0.996917 0.0784647 0
    outer loop
      vertex 0.356157 -5.78484 124.99
      vertex 0.362319 -5.86313 125
      vertex 0.362319 -5.86313 124.99
    endloop
  endfacet
  facet normal 0.725409 0.688318 0
    outer loop
      vertex 0.793442 -6.767 125
      vertex 0.739385 -6.71003 124.99
      vertex 0.739385 -6.71003 125
    endloop
  endfacet
  facet normal 0.725409 0.688318 0
    outer loop
      vertex 0.739385 -6.71003 124.99
      vertex 0.793442 -6.767 125
      vertex 0.793442 -6.767 124.99
    endloop
  endfacet
  facet normal -0.760388 0.649469 0
    outer loop
      vertex 2.96882 -6.71003 124.99
      vertex 3.01982 -6.65032 125
      vertex 3.01982 -6.65032 124.99
    endloop
  endfacet
  facet normal -0.760388 0.649469 0
    outer loop
      vertex 3.01982 -6.65032 125
      vertex 2.96882 -6.71003 124.99
      vertex 2.96882 -6.71003 125
    endloop
  endfacet
  facet normal -0.923904 -0.382625 0
    outer loop
      vertex 3.25447 -5.16879 124.99
      vertex 3.22442 -5.09623 125
      vertex 3.22442 -5.09623 124.99
    endloop
  endfacet
  facet normal -0.923904 -0.382625 0
    outer loop
      vertex 3.22442 -5.09623 125
      vertex 3.25447 -5.16879 124.99
      vertex 3.25447 -5.16879 125
    endloop
  endfacet
  facet normal -0.760442 -0.649406 0
    outer loop
      vertex 3.01982 -4.76236 124.99
      vertex 2.96882 -4.70264 125
      vertex 2.96882 -4.70264 124.99
    endloop
  endfacet
  facet normal -0.760442 -0.649406 0
    outer loop
      vertex 2.96882 -4.70264 125
      vertex 3.01982 -4.76236 124.99
      vertex 3.01982 -4.76236 125
    endloop
  endfacet
  facet normal 0.283993 -0.958826 0
    outer loop
      vertex 1.39058 -4.27975 124.99
      vertex 1.46587 -4.25745 125
      vertex 1.39058 -4.27975 125
    endloop
  endfacet
  facet normal 0.283993 -0.958826 0
    outer loop
      vertex 1.46587 -4.25745 125
      vertex 1.39058 -4.27975 124.99
      vertex 1.46587 -4.25745 124.99
    endloop
  endfacet
  facet normal -0.958826 0.283993 0
    outer loop
      vertex 3.28069 -6.16986 124.99
      vertex 3.30299 -6.09457 125
      vertex 3.30299 -6.09457 124.99
    endloop
  endfacet
  facet normal -0.958826 0.283993 0
    outer loop
      vertex 3.30299 -6.09457 125
      vertex 3.28069 -6.16986 124.99
      vertex 3.28069 -6.16986 125
    endloop
  endfacet
  facet normal 0.958809 0.284051 0
    outer loop
      vertex 0.427517 -6.16986 125
      vertex 0.405212 -6.09457 124.99
      vertex 0.405212 -6.09457 125
    endloop
  endfacet
  facet normal 0.958809 0.284051 0
    outer loop
      vertex 0.405212 -6.09457 124.99
      vertex 0.427517 -6.16986 125
      vertex 0.427517 -6.16986 124.99
    endloop
  endfacet
  facet normal -0.72539 0.688338 0
    outer loop
      vertex 2.91476 -6.767 124.99
      vertex 2.96882 -6.71003 125
      vertex 2.96882 -6.71003 124.99
    endloop
  endfacet
  facet normal -0.72539 0.688338 0
    outer loop
      vertex 2.96882 -6.71003 125
      vertex 2.91476 -6.767 124.99
      vertex 2.91476 -6.767 125
    endloop
  endfacet
  facet normal -0.878814 -0.477165 0
    outer loop
      vertex 3.19061 -5.02535 124.99
      vertex 3.15314 -4.95634 125
      vertex 3.15314 -4.95634 124.99
    endloop
  endfacet
  facet normal -0.878814 -0.477165 0
    outer loop
      vertex 3.15314 -4.95634 125
      vertex 3.19061 -5.02535 124.99
      vertex 3.19061 -5.02535 125
    endloop
  endfacet
  facet normal -0.0261024 -0.999659 0
    outer loop
      vertex 1.8541 -4.20634 124.99
      vertex 1.93261 -4.20839 125
      vertex 1.8541 -4.20634 125
    endloop
  endfacet
  facet normal -0.0261024 -0.999659 -0
    outer loop
      vertex 1.93261 -4.20839 125
      vertex 1.8541 -4.20634 124.99
      vertex 1.93261 -4.20839 124.99
    endloop
  endfacet
  facet normal -0.283958 -0.958837 0
    outer loop
      vertex 2.24233 -4.25745 124.99
      vertex 2.31763 -4.27975 125
      vertex 2.24233 -4.25745 125
    endloop
  endfacet
  facet normal -0.283958 -0.958837 -0
    outer loop
      vertex 2.31763 -4.27975 125
      vertex 2.24233 -4.25745 124.99
      vertex 2.31763 -4.27975 124.99
    endloop
  endfacet
  facet normal -0.878843 0.477112 0
    outer loop
      vertex 3.15314 -6.45634 124.99
      vertex 3.19061 -6.38732 125
      vertex 3.19061 -6.38732 124.99
    endloop
  endfacet
  facet normal -0.878843 0.477112 0
    outer loop
      vertex 3.19061 -6.38732 125
      vertex 3.15314 -6.45634 124.99
      vertex 3.15314 -6.45634 125
    endloop
  endfacet
  facet normal 0.852641 -0.522497 0
    outer loop
      vertex 0.555063 -4.95634 125
      vertex 0.596096 -4.88938 124.99
      vertex 0.596096 -4.88938 125
    endloop
  endfacet
  facet normal 0.852641 -0.522497 0
    outer loop
      vertex 0.596096 -4.88938 124.99
      vertex 0.555063 -4.95634 125
      vertex 0.555063 -4.95634 124.99
    endloop
  endfacet
  facet normal -0.852658 0.522469 0
    outer loop
      vertex 3.11211 -6.5233 124.99
      vertex 3.15314 -6.45634 125
      vertex 3.15314 -6.45634 124.99
    endloop
  endfacet
  facet normal -0.852658 0.522469 0
    outer loop
      vertex 3.15314 -6.45634 125
      vertex 3.11211 -6.5233 124.99
      vertex 3.11211 -6.5233 125
    endloop
  endfacet
  facet normal -0.0785759 -0.996908 0
    outer loop
      vertex 1.93261 -4.20839 124.99
      vertex 2.01089 -4.21456 125
      vertex 1.93261 -4.20839 125
    endloop
  endfacet
  facet normal -0.0785759 -0.996908 -0
    outer loop
      vertex 2.01089 -4.21456 125
      vertex 1.93261 -4.20839 124.99
      vertex 2.01089 -4.21456 124.99
    endloop
  endfacet
  facet normal -0.688401 -0.72533 0
    outer loop
      vertex 2.8578 -4.59162 124.99
      vertex 2.91476 -4.64568 125
      vertex 2.8578 -4.59162 125
    endloop
  endfacet
  facet normal -0.688401 -0.72533 -0
    outer loop
      vertex 2.91476 -4.64568 125
      vertex 2.8578 -4.59162 124.99
      vertex 2.91476 -4.64568 124.99
    endloop
  endfacet
  facet normal -0.972377 0.233416 0
    outer loop
      vertex 3.30299 -6.09457 124.99
      vertex 3.32132 -6.01821 125
      vertex 3.32132 -6.01821 124.99
    endloop
  endfacet
  facet normal -0.972377 0.233416 0
    outer loop
      vertex 3.32132 -6.01821 125
      vertex 3.30299 -6.09457 124.99
      vertex 3.30299 -6.09457 125
    endloop
  endfacet
  facet normal -0.902576 0.430532 0
    outer loop
      vertex 3.19061 -6.38732 124.99
      vertex 3.22442 -6.31644 125
      vertex 3.22442 -6.31644 124.99
    endloop
  endfacet
  facet normal -0.902576 0.430532 0
    outer loop
      vertex 3.22442 -6.31644 125
      vertex 3.19061 -6.38732 124.99
      vertex 3.19061 -6.38732 125
    endloop
  endfacet
  facet normal 0.233416 0.972377 -0
    outer loop
      vertex 1.54223 -7.17356 124.99
      vertex 1.46587 -7.15523 125
      vertex 1.54223 -7.17356 125
    endloop
  endfacet
  facet normal 0.233416 0.972377 0
    outer loop
      vertex 1.46587 -7.15523 125
      vertex 1.54223 -7.17356 124.99
      vertex 1.46587 -7.15523 124.99
    endloop
  endfacet
  facet normal -0.13052 0.991446 0
    outer loop
      vertex 2.08875 -7.18787 124.99
      vertex 2.01089 -7.19812 125
      vertex 2.08875 -7.18787 125
    endloop
  endfacet
  facet normal -0.13052 0.991446 0
    outer loop
      vertex 2.01089 -7.19812 125
      vertex 2.08875 -7.18787 124.99
      vertex 2.01089 -7.19812 124.99
    endloop
  endfacet
  facet normal 0.233416 -0.972377 0
    outer loop
      vertex 1.46587 -4.25745 124.99
      vertex 1.54223 -4.23912 125
      vertex 1.46587 -4.25745 125
    endloop
  endfacet
  facet normal 0.233416 -0.972377 0
    outer loop
      vertex 1.54223 -4.23912 125
      vertex 1.46587 -4.25745 124.99
      vertex 1.54223 -4.23912 124.99
    endloop
  endfacet
  facet normal -0.688401 0.72533 0
    outer loop
      vertex 2.91476 -6.767 124.99
      vertex 2.8578 -6.82106 125
      vertex 2.91476 -6.767 125
    endloop
  endfacet
  facet normal -0.688401 0.72533 0
    outer loop
      vertex 2.8578 -6.82106 125
      vertex 2.91476 -6.767 124.99
      vertex 2.8578 -6.82106 124.99
    endloop
  endfacet
  facet normal 0.38267 -0.923885 0
    outer loop
      vertex 1.244 -4.33602 124.99
      vertex 1.31655 -4.30597 125
      vertex 1.244 -4.33602 125
    endloop
  endfacet
  facet normal 0.38267 -0.923885 0
    outer loop
      vertex 1.31655 -4.30597 125
      vertex 1.244 -4.33602 124.99
      vertex 1.31655 -4.30597 124.99
    endloop
  endfacet
  facet normal 0.649438 -0.760415 0
    outer loop
      vertex 0.850406 -4.59162 124.99
      vertex 0.910121 -4.54062 125
      vertex 0.850406 -4.59162 125
    endloop
  endfacet
  facet normal 0.649438 -0.760415 0
    outer loop
      vertex 0.910121 -4.54062 125
      vertex 0.850406 -4.59162 124.99
      vertex 0.910121 -4.54062 124.99
    endloop
  endfacet
  facet normal -0.566399 -0.824131 0
    outer loop
      vertex 2.67106 -4.44833 124.99
      vertex 2.73578 -4.49281 125
      vertex 2.67106 -4.44833 125
    endloop
  endfacet
  facet normal -0.566399 -0.824131 -0
    outer loop
      vertex 2.73578 -4.49281 125
      vertex 2.67106 -4.44833 124.99
      vertex 2.73578 -4.49281 124.99
    endloop
  endfacet
  facet normal 0.996916 -0.0784747 0
    outer loop
      vertex 0.356157 -5.62783 125
      vertex 0.362319 -5.54955 124.99
      vertex 0.362319 -5.54955 125
    endloop
  endfacet
  facet normal 0.996916 -0.0784747 0
    outer loop
      vertex 0.362319 -5.54955 124.99
      vertex 0.356157 -5.62783 125
      vertex 0.356157 -5.62783 124.99
    endloop
  endfacet
  facet normal -0.72533 -0.688401 0
    outer loop
      vertex 2.96882 -4.70264 124.99
      vertex 2.91476 -4.64568 125
      vertex 2.91476 -4.64568 124.99
    endloop
  endfacet
  facet normal -0.72533 -0.688401 0
    outer loop
      vertex 2.91476 -4.64568 125
      vertex 2.96882 -4.70264 124.99
      vertex 2.96882 -4.70264 125
    endloop
  endfacet
  facet normal 0.688376 -0.725354 0
    outer loop
      vertex 0.793442 -4.64568 124.99
      vertex 0.850406 -4.59162 125
      vertex 0.793442 -4.64568 125
    endloop
  endfacet
  facet normal 0.688376 -0.725354 0
    outer loop
      vertex 0.850406 -4.59162 125
      vertex 0.793442 -4.64568 124.99
      vertex 0.850406 -4.59162 124.99
    endloop
  endfacet
  facet normal 0.477112 -0.878843 0
    outer loop
      vertex 1.1041 -4.4073 124.99
      vertex 1.17312 -4.36983 125
      vertex 1.1041 -4.4073 125
    endloop
  endfacet
  facet normal 0.477112 -0.878843 0
    outer loop
      vertex 1.17312 -4.36983 125
      vertex 1.1041 -4.4073 124.99
      vertex 1.17312 -4.36983 124.99
    endloop
  endfacet
  facet normal 0.333746 0.942663 -0
    outer loop
      vertex 1.39058 -7.13292 124.99
      vertex 1.31655 -7.10671 125
      vertex 1.39058 -7.13292 125
    endloop
  endfacet
  facet normal 0.333746 0.942663 0
    outer loop
      vertex 1.31655 -7.10671 125
      vertex 1.39058 -7.13292 124.99
      vertex 1.31655 -7.10671 124.99
    endloop
  endfacet
  facet normal 0.13052 0.991446 -0
    outer loop
      vertex 1.69731 -7.19812 124.99
      vertex 1.61945 -7.18787 125
      vertex 1.69731 -7.19812 125
    endloop
  endfacet
  facet normal 0.13052 0.991446 0
    outer loop
      vertex 1.61945 -7.18787 125
      vertex 1.69731 -7.19812 124.99
      vertex 1.61945 -7.18787 124.99
    endloop
  endfacet
  facet normal 0.182212 -0.983259 0
    outer loop
      vertex 1.54223 -4.23912 124.99
      vertex 1.61945 -4.22481 125
      vertex 1.54223 -4.23912 125
    endloop
  endfacet
  facet normal 0.182212 -0.983259 0
    outer loop
      vertex 1.61945 -4.22481 125
      vertex 1.54223 -4.23912 124.99
      vertex 1.61945 -4.22481 124.99
    endloop
  endfacet
  facet normal -0.182212 0.983259 0
    outer loop
      vertex 2.16597 -7.17356 124.99
      vertex 2.08875 -7.18787 125
      vertex 2.16597 -7.17356 125
    endloop
  endfacet
  facet normal -0.182212 0.983259 0
    outer loop
      vertex 2.08875 -7.18787 125
      vertex 2.16597 -7.17356 124.99
      vertex 2.08875 -7.18787 124.99
    endloop
  endfacet
  facet normal -0.430532 0.902576 0
    outer loop
      vertex 2.53509 -7.04285 124.99
      vertex 2.46421 -7.07666 125
      vertex 2.53509 -7.04285 125
    endloop
  endfacet
  facet normal -0.430532 0.902576 0
    outer loop
      vertex 2.46421 -7.07666 125
      vertex 2.53509 -7.04285 124.99
      vertex 2.46421 -7.07666 124.99
    endloop
  endfacet
  facet normal 0.852641 0.522497 0
    outer loop
      vertex 0.596096 -6.5233 125
      vertex 0.555063 -6.45634 124.99
      vertex 0.555063 -6.45634 125
    endloop
  endfacet
  facet normal 0.852641 0.522497 0
    outer loop
      vertex 0.555063 -6.45634 124.99
      vertex 0.596096 -6.5233 125
      vertex 0.596096 -6.5233 124.99
    endloop
  endfacet
  facet normal 0 0 1
    outer loop
      vertex 3.35205 -5.62783 124.99
      vertex 3.35205 -5.78484 124.99
      vertex 3.3541 -5.70634 124.99
    endloop
  endfacet
  facet normal 0 0 1
    outer loop
      vertex 3.34588 -5.54955 124.99
      vertex 3.35205 -5.78484 124.99
      vertex 3.35205 -5.62783 124.99
    endloop
  endfacet
  facet normal 0 0 1
    outer loop
      vertex 3.34588 -5.54955 124.99
      vertex 3.34588 -5.86313 124.99
      vertex 3.35205 -5.78484 124.99
    endloop
  endfacet
  facet normal 0 0 1
    outer loop
      vertex 3.33563 -5.47169 124.99
      vertex 3.34588 -5.86313 124.99
      vertex 3.34588 -5.54955 124.99
    endloop
  endfacet
  facet normal 0 0 1
    outer loop
      vertex 3.33563 -5.47169 124.99
      vertex 3.33563 -5.94099 124.99
      vertex 3.34588 -5.86313 124.99
    endloop
  endfacet
  facet normal 0 0 1
    outer loop
      vertex 3.32132 -5.39447 124.99
      vertex 3.33563 -5.94099 124.99
      vertex 3.33563 -5.47169 124.99
    endloop
  endfacet
  facet normal 0 0 1
    outer loop
      vertex 3.32132 -5.39447 124.99
      vertex 3.32132 -6.01821 124.99
      vertex 3.33563 -5.94099 124.99
    endloop
  endfacet
  facet normal 0 0 1
    outer loop
      vertex 3.30299 -5.31811 124.99
      vertex 3.32132 -6.01821 124.99
      vertex 3.32132 -5.39447 124.99
    endloop
  endfacet
  facet normal 0 0 1
    outer loop
      vertex 3.30299 -5.31811 124.99
      vertex 3.30299 -6.09457 124.99
      vertex 3.32132 -6.01821 124.99
    endloop
  endfacet
  facet normal 0 0 1
    outer loop
      vertex 3.28069 -5.24281 124.99
      vertex 3.30299 -6.09457 124.99
      vertex 3.30299 -5.31811 124.99
    endloop
  endfacet
  facet normal 0 0 1
    outer loop
      vertex 3.28069 -5.24281 124.99
      vertex 3.28069 -6.16986 124.99
      vertex 3.30299 -6.09457 124.99
    endloop
  endfacet
  facet normal 0 0 1
    outer loop
      vertex 3.25447 -5.16879 124.99
      vertex 3.28069 -6.16986 124.99
      vertex 3.28069 -5.24281 124.99
    endloop
  endfacet
  facet normal 0 0 1
    outer loop
      vertex 3.25447 -5.16879 124.99
      vertex 3.25447 -6.24389 124.99
      vertex 3.28069 -6.16986 124.99
    endloop
  endfacet
  facet normal 0 0 1
    outer loop
      vertex 3.22442 -5.09623 124.99
      vertex 3.25447 -6.24389 124.99
      vertex 3.25447 -5.16879 124.99
    endloop
  endfacet
  facet normal 0 0 1
    outer loop
      vertex 3.22442 -5.09623 124.99
      vertex 3.22442 -6.31644 124.99
      vertex 3.25447 -6.24389 124.99
    endloop
  endfacet
  facet normal 0 0 1
    outer loop
      vertex 3.19061 -5.02535 124.99
      vertex 3.22442 -6.31644 124.99
      vertex 3.22442 -5.09623 124.99
    endloop
  endfacet
  facet normal 0 0 1
    outer loop
      vertex 3.19061 -5.02535 124.99
      vertex 3.19061 -6.38732 124.99
      vertex 3.22442 -6.31644 124.99
    endloop
  endfacet
  facet normal 0 0 1
    outer loop
      vertex 3.15314 -4.95634 124.99
      vertex 3.19061 -6.38732 124.99
      vertex 3.19061 -5.02535 124.99
    endloop
  endfacet
  facet normal 0 0 1
    outer loop
      vertex 3.15314 -4.95634 124.99
      vertex 3.15314 -6.45634 124.99
      vertex 3.19061 -6.38732 124.99
    endloop
  endfacet
  facet normal 0 0 1
    outer loop
      vertex 3.11211 -4.88938 124.99
      vertex 3.15314 -6.45634 124.99
      vertex 3.15314 -4.95634 124.99
    endloop
  endfacet
  facet normal 0 0 1
    outer loop
      vertex 3.11211 -4.88938 124.99
      vertex 3.11211 -6.5233 124.99
      vertex 3.15314 -6.45634 124.99
    endloop
  endfacet
  facet normal 0 0 1
    outer loop
      vertex 3.06763 -4.82466 124.99
      vertex 3.11211 -6.5233 124.99
      vertex 3.11211 -4.88938 124.99
    endloop
  endfacet
  facet normal 0 0 1
    outer loop
      vertex 3.06763 -4.82466 124.99
      vertex 3.06763 -6.58802 124.99
      vertex 3.11211 -6.5233 124.99
    endloop
  endfacet
  facet normal 0 0 1
    outer loop
      vertex 3.01982 -4.76236 124.99
      vertex 3.06763 -6.58802 124.99
      vertex 3.06763 -4.82466 124.99
    endloop
  endfacet
  facet normal 0 0 1
    outer loop
      vertex 3.01982 -4.76236 124.99
      vertex 3.01982 -6.65032 124.99
      vertex 3.06763 -6.58802 124.99
    endloop
  endfacet
  facet normal 0 0 1
    outer loop
      vertex 2.96882 -4.70264 124.99
      vertex 3.01982 -6.65032 124.99
      vertex 3.01982 -4.76236 124.99
    endloop
  endfacet
  facet normal 0 0 1
    outer loop
      vertex 2.96882 -4.70264 124.99
      vertex 2.96882 -6.71003 124.99
      vertex 3.01982 -6.65032 124.99
    endloop
  endfacet
  facet normal 0 0 1
    outer loop
      vertex 2.91476 -4.64568 124.99
      vertex 2.96882 -6.71003 124.99
      vertex 2.96882 -4.70264 124.99
    endloop
  endfacet
  facet normal 0 0 1
    outer loop
      vertex 2.91476 -4.64568 124.99
      vertex 2.91476 -6.767 124.99
      vertex 2.96882 -6.71003 124.99
    endloop
  endfacet
  facet normal 0 0 1
    outer loop
      vertex 2.8578 -4.59162 124.99
      vertex 2.91476 -6.767 124.99
      vertex 2.91476 -4.64568 124.99
    endloop
  endfacet
  facet normal 0 0 1
    outer loop
      vertex 2.8578 -4.59162 124.99
      vertex 2.8578 -6.82106 124.99
      vertex 2.91476 -6.767 124.99
    endloop
  endfacet
  facet normal 0 0 1
    outer loop
      vertex 2.79808 -4.54062 124.99
      vertex 2.8578 -6.82106 124.99
      vertex 2.8578 -4.59162 124.99
    endloop
  endfacet
  facet normal 0 0 1
    outer loop
      vertex 2.79808 -4.54062 124.99
      vertex 2.79808 -6.87206 124.99
      vertex 2.8578 -6.82106 124.99
    endloop
  endfacet
  facet normal 0 0 1
    outer loop
      vertex 2.73578 -4.49281 124.99
      vertex 2.79808 -6.87206 124.99
      vertex 2.79808 -4.54062 124.99
    endloop
  endfacet
  facet normal 0 0 1
    outer loop
      vertex 2.73578 -4.49281 124.99
      vertex 2.73578 -6.91986 124.99
      vertex 2.79808 -6.87206 124.99
    endloop
  endfacet
  facet normal 0 0 1
    outer loop
      vertex 2.67106 -4.44833 124.99
      vertex 2.73578 -6.91986 124.99
      vertex 2.73578 -4.49281 124.99
    endloop
  endfacet
  facet normal 0 0 1
    outer loop
      vertex 2.67106 -4.44833 124.99
      vertex 2.67106 -6.96434 124.99
      vertex 2.73578 -6.91986 124.99
    endloop
  endfacet
  facet normal 0 0 1
    outer loop
      vertex 2.6041 -4.4073 124.99
      vertex 2.67106 -6.96434 124.99
      vertex 2.67106 -4.44833 124.99
    endloop
  endfacet
  facet normal 0 0 1
    outer loop
      vertex 2.6041 -4.4073 124.99
      vertex 2.6041 -7.00538 124.99
      vertex 2.67106 -6.96434 124.99
    endloop
  endfacet
  facet normal 0 0 1
    outer loop
      vertex 2.53509 -4.36983 124.99
      vertex 2.6041 -7.00538 124.99
      vertex 2.6041 -4.4073 124.99
    endloop
  endfacet
  facet normal 0 0 1
    outer loop
      vertex 2.53509 -4.36983 124.99
      vertex 2.53509 -7.04285 124.99
      vertex 2.6041 -7.00538 124.99
    endloop
  endfacet
  facet normal 0 0 1
    outer loop
      vertex 2.46421 -4.33602 124.99
      vertex 2.53509 -7.04285 124.99
      vertex 2.53509 -4.36983 124.99
    endloop
  endfacet
  facet normal 0 0 1
    outer loop
      vertex 2.46421 -4.33602 124.99
      vertex 2.46421 -7.07666 124.99
      vertex 2.53509 -7.04285 124.99
    endloop
  endfacet
  facet normal 0 0 1
    outer loop
      vertex 2.39165 -4.30597 124.99
      vertex 2.46421 -7.07666 124.99
      vertex 2.46421 -4.33602 124.99
    endloop
  endfacet
  facet normal 0 0 1
    outer loop
      vertex 2.39165 -4.30597 124.99
      vertex 2.39165 -7.10671 124.99
      vertex 2.46421 -7.07666 124.99
    endloop
  endfacet
  facet normal 0 0 1
    outer loop
      vertex 2.31763 -4.27975 124.99
      vertex 2.39165 -7.10671 124.99
      vertex 2.39165 -4.30597 124.99
    endloop
  endfacet
  facet normal 0 0 1
    outer loop
      vertex 2.31763 -4.27975 124.99
      vertex 2.31763 -7.13292 124.99
      vertex 2.39165 -7.10671 124.99
    endloop
  endfacet
  facet normal 0 0 1
    outer loop
      vertex 2.24233 -4.25745 124.99
      vertex 2.31763 -7.13292 124.99
      vertex 2.31763 -4.27975 124.99
    endloop
  endfacet
  facet normal 0 0 1
    outer loop
      vertex 2.24233 -4.25745 124.99
      vertex 2.24233 -7.15523 124.99
      vertex 2.31763 -7.13292 124.99
    endloop
  endfacet
  facet normal 0 0 1
    outer loop
      vertex 2.16597 -4.23912 124.99
      vertex 2.24233 -7.15523 124.99
      vertex 2.24233 -4.25745 124.99
    endloop
  endfacet
  facet normal 0 0 1
    outer loop
      vertex 2.16597 -4.23912 124.99
      vertex 2.16597 -7.17356 124.99
      vertex 2.24233 -7.15523 124.99
    endloop
  endfacet
  facet normal 0 0 1
    outer loop
      vertex 2.08875 -4.22481 124.99
      vertex 2.16597 -7.17356 124.99
      vertex 2.16597 -4.23912 124.99
    endloop
  endfacet
  facet normal 0 0 1
    outer loop
      vertex 2.08875 -4.22481 124.99
      vertex 2.08875 -7.18787 124.99
      vertex 2.16597 -7.17356 124.99
    endloop
  endfacet
  facet normal 0 0 1
    outer loop
      vertex 2.01089 -4.21456 124.99
      vertex 2.08875 -7.18787 124.99
      vertex 2.08875 -4.22481 124.99
    endloop
  endfacet
  facet normal 0 0 1
    outer loop
      vertex 2.01089 -4.21456 124.99
      vertex 2.01089 -7.19812 124.99
      vertex 2.08875 -7.18787 124.99
    endloop
  endfacet
  facet normal 0 0 1
    outer loop
      vertex 1.93261 -4.20839 124.99
      vertex 2.01089 -7.19812 124.99
      vertex 2.01089 -4.21456 124.99
    endloop
  endfacet
  facet normal 0 0 1
    outer loop
      vertex 1.93261 -4.20839 124.99
      vertex 1.93261 -7.20428 124.99
      vertex 2.01089 -7.19812 124.99
    endloop
  endfacet
  facet normal 0 0 1
    outer loop
      vertex 1.8541 -4.20634 124.99
      vertex 1.93261 -7.20428 124.99
      vertex 1.93261 -4.20839 124.99
    endloop
  endfacet
  facet normal 0 0 1
    outer loop
      vertex 1.8541 -4.20634 124.99
      vertex 1.8541 -7.20634 124.99
      vertex 1.93261 -7.20428 124.99
    endloop
  endfacet
  facet normal -0 0 1
    outer loop
      vertex 1.7756 -4.20839 124.99
      vertex 1.8541 -7.20634 124.99
      vertex 1.8541 -4.20634 124.99
    endloop
  endfacet
  facet normal 0 0 1
    outer loop
      vertex 1.7756 -4.20839 124.99
      vertex 1.7756 -7.20428 124.99
      vertex 1.8541 -7.20634 124.99
    endloop
  endfacet
  facet normal -0 0 1
    outer loop
      vertex 1.69731 -4.21456 124.99
      vertex 1.7756 -7.20428 124.99
      vertex 1.7756 -4.20839 124.99
    endloop
  endfacet
  facet normal 0 0 1
    outer loop
      vertex 1.69731 -4.21456 124.99
      vertex 1.69731 -7.19812 124.99
      vertex 1.7756 -7.20428 124.99
    endloop
  endfacet
  facet normal -0 0 1
    outer loop
      vertex 1.61945 -4.22481 124.99
      vertex 1.69731 -7.19812 124.99
      vertex 1.69731 -4.21456 124.99
    endloop
  endfacet
  facet normal 0 0 1
    outer loop
      vertex 1.61945 -4.22481 124.99
      vertex 1.61945 -7.18787 124.99
      vertex 1.69731 -7.19812 124.99
    endloop
  endfacet
  facet normal -0 0 1
    outer loop
      vertex 1.54223 -4.23912 124.99
      vertex 1.61945 -7.18787 124.99
      vertex 1.61945 -4.22481 124.99
    endloop
  endfacet
  facet normal 0 0 1
    outer loop
      vertex 1.54223 -4.23912 124.99
      vertex 1.54223 -7.17356 124.99
      vertex 1.61945 -7.18787 124.99
    endloop
  endfacet
  facet normal -0 0 1
    outer loop
      vertex 1.46587 -4.25745 124.99
      vertex 1.54223 -7.17356 124.99
      vertex 1.54223 -4.23912 124.99
    endloop
  endfacet
  facet normal 0 0 1
    outer loop
      vertex 1.46587 -4.25745 124.99
      vertex 1.46587 -7.15523 124.99
      vertex 1.54223 -7.17356 124.99
    endloop
  endfacet
  facet normal -0 0 1
    outer loop
      vertex 1.39058 -4.27975 124.99
      vertex 1.46587 -7.15523 124.99
      vertex 1.46587 -4.25745 124.99
    endloop
  endfacet
  facet normal 0 0 1
    outer loop
      vertex 1.39058 -4.27975 124.99
      vertex 1.39058 -7.13292 124.99
      vertex 1.46587 -7.15523 124.99
    endloop
  endfacet
  facet normal -0 0 1
    outer loop
      vertex 1.31655 -4.30597 124.99
      vertex 1.39058 -7.13292 124.99
      vertex 1.39058 -4.27975 124.99
    endloop
  endfacet
  facet normal 0 0 1
    outer loop
      vertex 1.31655 -4.30597 124.99
      vertex 1.31655 -7.10671 124.99
      vertex 1.39058 -7.13292 124.99
    endloop
  endfacet
  facet normal -0 0 1
    outer loop
      vertex 1.244 -4.33602 124.99
      vertex 1.31655 -7.10671 124.99
      vertex 1.31655 -4.30597 124.99
    endloop
  endfacet
  facet normal 0 0 1
    outer loop
      vertex 1.244 -4.33602 124.99
      vertex 1.244 -7.07666 124.99
      vertex 1.31655 -7.10671 124.99
    endloop
  endfacet
  facet normal -0 0 1
    outer loop
      vertex 1.17312 -4.36983 124.99
      vertex 1.244 -7.07666 124.99
      vertex 1.244 -4.33602 124.99
    endloop
  endfacet
  facet normal 0 0 1
    outer loop
      vertex 1.17312 -4.36983 124.99
      vertex 1.17312 -7.04285 124.99
      vertex 1.244 -7.07666 124.99
    endloop
  endfacet
  facet normal -0 0 1
    outer loop
      vertex 1.1041 -4.4073 124.99
      vertex 1.17312 -7.04285 124.99
      vertex 1.17312 -4.36983 124.99
    endloop
  endfacet
  facet normal 0 0 1
    outer loop
      vertex 1.1041 -4.4073 124.99
      vertex 1.1041 -7.00538 124.99
      vertex 1.17312 -7.04285 124.99
    endloop
  endfacet
  facet normal -0 0 1
    outer loop
      vertex 1.03714 -4.44833 124.99
      vertex 1.1041 -7.00538 124.99
      vertex 1.1041 -4.4073 124.99
    endloop
  endfacet
  facet normal 0 0 1
    outer loop
      vertex 1.03714 -4.44833 124.99
      vertex 1.03714 -6.96434 124.99
      vertex 1.1041 -7.00538 124.99
    endloop
  endfacet
  facet normal -0 0 1
    outer loop
      vertex 0.972424 -4.49281 124.99
      vertex 1.03714 -6.96434 124.99
      vertex 1.03714 -4.44833 124.99
    endloop
  endfacet
  facet normal 0 0 1
    outer loop
      vertex 0.972424 -4.49281 124.99
      vertex 0.972424 -6.91986 124.99
      vertex 1.03714 -6.96434 124.99
    endloop
  endfacet
  facet normal -0 0 1
    outer loop
      vertex 0.910121 -4.54062 124.99
      vertex 0.972424 -6.91986 124.99
      vertex 0.972424 -4.49281 124.99
    endloop
  endfacet
  facet normal 0 0 1
    outer loop
      vertex 0.910121 -4.54062 124.99
      vertex 0.910121 -6.87206 124.99
      vertex 0.972424 -6.91986 124.99
    endloop
  endfacet
  facet normal -0 0 1
    outer loop
      vertex 0.850406 -4.59162 124.99
      vertex 0.910121 -6.87206 124.99
      vertex 0.910121 -4.54062 124.99
    endloop
  endfacet
  facet normal 0 0 1
    outer loop
      vertex 0.850406 -4.59162 124.99
      vertex 0.850406 -6.82106 124.99
      vertex 0.910121 -6.87206 124.99
    endloop
  endfacet
  facet normal -0 0 1
    outer loop
      vertex 0.793442 -4.64568 124.99
      vertex 0.850406 -6.82106 124.99
      vertex 0.850406 -4.59162 124.99
    endloop
  endfacet
  facet normal 0 0 1
    outer loop
      vertex 0.793442 -4.64568 124.99
      vertex 0.793442 -6.767 124.99
      vertex 0.850406 -6.82106 124.99
    endloop
  endfacet
  facet normal -0 0 1
    outer loop
      vertex 0.739385 -4.70264 124.99
      vertex 0.793442 -6.767 124.99
      vertex 0.793442 -4.64568 124.99
    endloop
  endfacet
  facet normal 0 0 1
    outer loop
      vertex 0.739385 -4.70264 124.99
      vertex 0.739385 -6.71003 124.99
      vertex 0.793442 -6.767 124.99
    endloop
  endfacet
  facet normal -0 0 1
    outer loop
      vertex 0.688382 -4.76236 124.99
      vertex 0.739385 -6.71003 124.99
      vertex 0.739385 -4.70264 124.99
    endloop
  endfacet
  facet normal 0 0 1
    outer loop
      vertex 0.688382 -4.76236 124.99
      vertex 0.688382 -6.65032 124.99
      vertex 0.739385 -6.71003 124.99
    endloop
  endfacet
  facet normal -0 0 1
    outer loop
      vertex 0.640576 -4.82466 124.99
      vertex 0.688382 -6.65032 124.99
      vertex 0.688382 -4.76236 124.99
    endloop
  endfacet
  facet normal 0 0 1
    outer loop
      vertex 0.640576 -4.82466 124.99
      vertex 0.640576 -6.58802 124.99
      vertex 0.688382 -6.65032 124.99
    endloop
  endfacet
  facet normal -0 0 1
    outer loop
      vertex 0.596096 -4.88938 124.99
      vertex 0.640576 -6.58802 124.99
      vertex 0.640576 -4.82466 124.99
    endloop
  endfacet
  facet normal 0 0 1
    outer loop
      vertex 0.596096 -4.88938 124.99
      vertex 0.596096 -6.5233 124.99
      vertex 0.640576 -6.58802 124.99
    endloop
  endfacet
  facet normal -0 0 1
    outer loop
      vertex 0.555063 -4.95634 124.99
      vertex 0.596096 -6.5233 124.99
      vertex 0.596096 -4.88938 124.99
    endloop
  endfacet
  facet normal 0 0 1
    outer loop
      vertex 0.555063 -4.95634 124.99
      vertex 0.555063 -6.45634 124.99
      vertex 0.596096 -6.5233 124.99
    endloop
  endfacet
  facet normal -0 0 1
    outer loop
      vertex 0.517591 -5.02535 124.99
      vertex 0.555063 -6.45634 124.99
      vertex 0.555063 -4.95634 124.99
    endloop
  endfacet
  facet normal 0 0 1
    outer loop
      vertex 0.517591 -5.02535 124.99
      vertex 0.517591 -6.38732 124.99
      vertex 0.555063 -6.45634 124.99
    endloop
  endfacet
  facet normal -0 0 1
    outer loop
      vertex 0.483784 -5.09623 124.99
      vertex 0.517591 -6.38732 124.99
      vertex 0.517591 -5.02535 124.99
    endloop
  endfacet
  facet normal 0 0 1
    outer loop
      vertex 0.483784 -5.09623 124.99
      vertex 0.483784 -6.31644 124.99
      vertex 0.517591 -6.38732 124.99
    endloop
  endfacet
  facet normal -0 0 1
    outer loop
      vertex 0.453731 -5.16879 124.99
      vertex 0.483784 -6.31644 124.99
      vertex 0.483784 -5.09623 124.99
    endloop
  endfacet
  facet normal 0 0 1
    outer loop
      vertex 0.453731 -5.16879 124.99
      vertex 0.453731 -6.24389 124.99
      vertex 0.483784 -6.31644 124.99
    endloop
  endfacet
  facet normal -0 0 1
    outer loop
      vertex 0.427517 -5.24281 124.99
      vertex 0.453731 -6.24389 124.99
      vertex 0.453731 -5.16879 124.99
    endloop
  endfacet
  facet normal 0 0 1
    outer loop
      vertex 0.427517 -5.24281 124.99
      vertex 0.427517 -6.16986 124.99
      vertex 0.453731 -6.24389 124.99
    endloop
  endfacet
  facet normal -0 0 1
    outer loop
      vertex 0.405212 -5.31811 124.99
      vertex 0.427517 -6.16986 124.99
      vertex 0.427517 -5.24281 124.99
    endloop
  endfacet
  facet normal 0 0 1
    outer loop
      vertex 0.405212 -5.31811 124.99
      vertex 0.405212 -6.09457 124.99
      vertex 0.427517 -6.16986 124.99
    endloop
  endfacet
  facet normal -0 0 1
    outer loop
      vertex 0.38688 -5.39447 124.99
      vertex 0.405212 -6.09457 124.99
      vertex 0.405212 -5.31811 124.99
    endloop
  endfacet
  facet normal 0 0 1
    outer loop
      vertex 0.38688 -5.39447 124.99
      vertex 0.38688 -6.01821 124.99
      vertex 0.405212 -6.09457 124.99
    endloop
  endfacet
  facet normal -0 0 1
    outer loop
      vertex 0.372569 -5.47169 124.99
      vertex 0.38688 -6.01821 124.99
      vertex 0.38688 -5.39447 124.99
    endloop
  endfacet
  facet normal 0 0 1
    outer loop
      vertex 0.372569 -5.47169 124.99
      vertex 0.372569 -5.94099 124.99
      vertex 0.38688 -6.01821 124.99
    endloop
  endfacet
  facet normal -0 0 1
    outer loop
      vertex 0.362319 -5.54955 124.99
      vertex 0.372569 -5.94099 124.99
      vertex 0.372569 -5.47169 124.99
    endloop
  endfacet
  facet normal 0 0 1
    outer loop
      vertex 0.362319 -5.54955 124.99
      vertex 0.362319 -5.86313 124.99
      vertex 0.372569 -5.94099 124.99
    endloop
  endfacet
  facet normal -0 0 1
    outer loop
      vertex 0.356157 -5.62783 124.99
      vertex 0.362319 -5.86313 124.99
      vertex 0.362319 -5.54955 124.99
    endloop
  endfacet
  facet normal 0 0 1
    outer loop
      vertex 0.356157 -5.62783 124.99
      vertex 0.356157 -5.78484 124.99
      vertex 0.362319 -5.86313 124.99
    endloop
  endfacet
  facet normal 0 -0 1
    outer loop
      vertex 0.356157 -5.78484 124.99
      vertex 0.356157 -5.62783 124.99
      vertex 0.354101 -5.70634 124.99
    endloop
  endfacet
  facet normal 0.28411 0.958792 -0
    outer loop
      vertex 1.46587 -7.15523 124.99
      vertex 1.39058 -7.13292 125
      vertex 1.46587 -7.15523 125
    endloop
  endfacet
  facet normal 0.28411 0.958792 0
    outer loop
      vertex 1.39058 -7.13292 125
      vertex 1.46587 -7.15523 124.99
      vertex 1.39058 -7.13292 124.99
    endloop
  endfacet
  facet normal 0.991446 0.13052 0
    outer loop
      vertex 0.372569 -5.94099 125
      vertex 0.362319 -5.86313 124.99
      vertex 0.362319 -5.86313 125
    endloop
  endfacet
  facet normal 0.991446 0.13052 0
    outer loop
      vertex 0.362319 -5.86313 124.99
      vertex 0.372569 -5.94099 125
      vertex 0.372569 -5.94099 124.99
    endloop
  endfacet
  facet normal 0.649438 0.760415 -0
    outer loop
      vertex 0.910121 -6.87206 124.99
      vertex 0.850406 -6.82106 125
      vertex 0.910121 -6.87206 125
    endloop
  endfacet
  facet normal 0.649438 0.760415 0
    outer loop
      vertex 0.850406 -6.82106 125
      vertex 0.910121 -6.87206 124.99
      vertex 0.850406 -6.82106 124.99
    endloop
  endfacet
  facet normal -0.824131 0.566399 0
    outer loop
      vertex 3.06763 -6.58802 124.99
      vertex 3.11211 -6.5233 125
      vertex 3.11211 -6.5233 124.99
    endloop
  endfacet
  facet normal -0.824131 0.566399 0
    outer loop
      vertex 3.11211 -6.5233 125
      vertex 3.06763 -6.58802 124.99
      vertex 3.06763 -6.58802 125
    endloop
  endfacet
  facet normal 0.688376 0.725354 -0
    outer loop
      vertex 0.850406 -6.82106 124.99
      vertex 0.793442 -6.767 125
      vertex 0.850406 -6.82106 125
    endloop
  endfacet
  facet normal 0.688376 0.725354 0
    outer loop
      vertex 0.793442 -6.767 125
      vertex 0.850406 -6.82106 124.99
      vertex 0.793442 -6.767 124.99
    endloop
  endfacet
  facet normal 0.923871 0.382703 0
    outer loop
      vertex 0.483784 -6.31644 125
      vertex 0.453731 -6.24389 124.99
      vertex 0.453731 -6.24389 125
    endloop
  endfacet
  facet normal 0.923871 0.382703 0
    outer loop
      vertex 0.453731 -6.24389 124.99
      vertex 0.483784 -6.31644 125
      vertex 0.483784 -6.31644 124.99
    endloop
  endfacet
  facet normal 0.760423 -0.649428 0
    outer loop
      vertex 0.688382 -4.76236 125
      vertex 0.739385 -4.70264 124.99
      vertex 0.739385 -4.70264 125
    endloop
  endfacet
  facet normal 0.760423 -0.649428 0
    outer loop
      vertex 0.739385 -4.70264 124.99
      vertex 0.688382 -4.76236 125
      vertex 0.688382 -4.76236 124.99
    endloop
  endfacet
  facet normal 0.793344 -0.608774 0
    outer loop
      vertex 0.640576 -4.82466 125
      vertex 0.688382 -4.76236 124.99
      vertex 0.688382 -4.76236 125
    endloop
  endfacet
  facet normal 0.793344 -0.608774 0
    outer loop
      vertex 0.688382 -4.76236 124.99
      vertex 0.640576 -4.82466 125
      vertex 0.640576 -4.82466 124.99
    endloop
  endfacet
  facet normal 0.793344 0.608774 0
    outer loop
      vertex 0.688382 -6.65032 125
      vertex 0.640576 -6.58802 124.99
      vertex 0.640576 -6.58802 125
    endloop
  endfacet
  facet normal 0.793344 0.608774 0
    outer loop
      vertex 0.640576 -6.58802 124.99
      vertex 0.688382 -6.65032 125
      vertex 0.688382 -6.65032 124.99
    endloop
  endfacet
  facet normal 0.182212 0.983259 -0
    outer loop
      vertex 1.61945 -7.18787 124.99
      vertex 1.54223 -7.17356 125
      vertex 1.61945 -7.18787 125
    endloop
  endfacet
  facet normal 0.182212 0.983259 0
    outer loop
      vertex 1.54223 -7.17356 125
      vertex 1.61945 -7.18787 124.99
      vertex 1.54223 -7.17356 124.99
    endloop
  endfacet
  facet normal -0.233416 -0.972377 0
    outer loop
      vertex 2.16597 -4.23912 124.99
      vertex 2.24233 -4.25745 125
      vertex 2.16597 -4.23912 125
    endloop
  endfacet
  facet normal -0.233416 -0.972377 -0
    outer loop
      vertex 2.24233 -4.25745 125
      vertex 2.16597 -4.23912 124.99
      vertex 2.24233 -4.25745 124.99
    endloop
  endfacet
  facet normal 0.522469 -0.852658 0
    outer loop
      vertex 1.03714 -4.44833 124.99
      vertex 1.1041 -4.4073 125
      vertex 1.03714 -4.44833 125
    endloop
  endfacet
  facet normal 0.522469 -0.852658 0
    outer loop
      vertex 1.1041 -4.4073 125
      vertex 1.03714 -4.44833 124.99
      vertex 1.1041 -4.4073 124.99
    endloop
  endfacet
  facet normal 0.999657 -0.0261788 0
    outer loop
      vertex 0.354101 -5.70634 125
      vertex 0.356157 -5.62783 124.99
      vertex 0.356157 -5.62783 125
    endloop
  endfacet
  facet normal 0.999657 -0.0261788 0
    outer loop
      vertex 0.356157 -5.62783 124.99
      vertex 0.354101 -5.70634 125
      vertex 0.354101 -5.70634 124.99
    endloop
  endfacet
  facet normal 0.608707 0.793395 -0
    outer loop
      vertex 0.972424 -6.91986 124.99
      vertex 0.910121 -6.87206 125
      vertex 0.972424 -6.91986 125
    endloop
  endfacet
  facet normal 0.608707 0.793395 0
    outer loop
      vertex 0.910121 -6.87206 125
      vertex 0.972424 -6.91986 124.99
      vertex 0.910121 -6.87206 124.99
    endloop
  endfacet
  facet normal 0.983257 -0.182225 0
    outer loop
      vertex 0.372569 -5.47169 125
      vertex 0.38688 -5.39447 124.99
      vertex 0.38688 -5.39447 125
    endloop
  endfacet
  facet normal 0.983257 -0.182225 0
    outer loop
      vertex 0.38688 -5.39447 124.99
      vertex 0.372569 -5.47169 125
      vertex 0.372569 -5.47169 124.99
    endloop
  endfacet
  facet normal 0.430532 -0.902576 0
    outer loop
      vertex 1.17312 -4.36983 124.99
      vertex 1.244 -4.33602 125
      vertex 1.17312 -4.36983 125
    endloop
  endfacet
  facet normal 0.430532 -0.902576 0
    outer loop
      vertex 1.244 -4.33602 125
      vertex 1.17312 -4.36983 124.99
      vertex 1.244 -4.33602 124.99
    endloop
  endfacet
  facet normal -0.182212 -0.983259 0
    outer loop
      vertex 2.08875 -4.22481 124.99
      vertex 2.16597 -4.23912 125
      vertex 2.08875 -4.22481 125
    endloop
  endfacet
  facet normal -0.182212 -0.983259 -0
    outer loop
      vertex 2.16597 -4.23912 125
      vertex 2.08875 -4.22481 124.99
      vertex 2.16597 -4.23912 124.99
    endloop
  endfacet
  facet normal 0.878803 -0.477185 0
    outer loop
      vertex 0.517591 -5.02535 125
      vertex 0.555063 -4.95634 124.99
      vertex 0.555063 -4.95634 125
    endloop
  endfacet
  facet normal 0.878803 -0.477185 0
    outer loop
      vertex 0.555063 -4.95634 124.99
      vertex 0.517591 -5.02535 125
      vertex 0.517591 -5.02535 124.99
    endloop
  endfacet
  facet normal 0.92389 -0.382658 0
    outer loop
      vertex 0.453731 -5.16879 125
      vertex 0.483784 -5.09623 124.99
      vertex 0.483784 -5.09623 125
    endloop
  endfacet
  facet normal 0.92389 -0.382658 0
    outer loop
      vertex 0.483784 -5.09623 124.99
      vertex 0.453731 -5.16879 125
      vertex 0.453731 -5.16879 124.99
    endloop
  endfacet
  facet normal 0.90259 0.4305 0
    outer loop
      vertex 0.517591 -6.38732 125
      vertex 0.483784 -6.31644 124.99
      vertex 0.483784 -6.31644 125
    endloop
  endfacet
  facet normal 0.90259 0.4305 0
    outer loop
      vertex 0.483784 -6.31644 124.99
      vertex 0.517591 -6.38732 125
      vertex 0.517591 -6.38732 124.99
    endloop
  endfacet
  facet normal 0.477112 0.878843 -0
    outer loop
      vertex 1.17312 -7.04285 124.99
      vertex 1.1041 -7.00538 125
      vertex 1.17312 -7.04285 125
    endloop
  endfacet
  facet normal 0.477112 0.878843 0
    outer loop
      vertex 1.1041 -7.00538 125
      vertex 1.17312 -7.04285 124.99
      vertex 1.1041 -7.00538 124.99
    endloop
  endfacet
  facet normal 0.38267 0.923885 -0
    outer loop
      vertex 1.31655 -7.10671 124.99
      vertex 1.244 -7.07666 125
      vertex 1.31655 -7.10671 125
    endloop
  endfacet
  facet normal 0.38267 0.923885 0
    outer loop
      vertex 1.244 -7.07666 125
      vertex 1.31655 -7.10671 124.99
      vertex 1.244 -7.07666 124.99
    endloop
  endfacet
  facet normal 0.566423 0.824115 -0
    outer loop
      vertex 1.03714 -6.96434 124.99
      vertex 0.972424 -6.91986 125
      vertex 1.03714 -6.96434 125
    endloop
  endfacet
  facet normal 0.566423 0.824115 0
    outer loop
      vertex 0.972424 -6.91986 125
      vertex 1.03714 -6.96434 124.99
      vertex 0.972424 -6.91986 124.99
    endloop
  endfacet
  facet normal 0.996916 0.078479 0
    outer loop
      vertex 45.937 2.40745 125
      vertex 45.748 4.80831 0
      vertex 45.748 4.80831 125
    endloop
  endfacet
  facet normal 0.996916 0.078479 0
    outer loop
      vertex 45.748 4.80831 0
      vertex 45.937 2.40745 125
      vertex 45.937 2.40745 0
    endloop
  endfacet
  facet normal 0.999662 0.0260067 0
    outer loop
      vertex 45.937 2.40745 125
      vertex 45.9476 2 33
      vertex 45.937 2.40745 0
    endloop
  endfacet
  facet normal 0.999658 0.0261598 -6.78729e-07
    outer loop
      vertex 46 0 125
      vertex 45.9476 2 33
      vertex 45.937 2.40745 125
    endloop
  endfacet
  facet normal 0.999657 0.026191 0
    outer loop
      vertex 45.9476 2 33
      vertex 46 0 125
      vertex 46 0 33
    endloop
  endfacet
  facet normal 0.999662 0.0260067 -0
    outer loop
      vertex 45.9476 2 7
      vertex 45.937 2.40745 0
      vertex 45.9476 2 33
    endloop
  endfacet
  facet normal 0.999657 0.026191 -0
    outer loop
      vertex 46 0 0
      vertex 45.9476 2 7
      vertex 46 0 7
    endloop
  endfacet
  facet normal 0.999658 0.0261598 8.92044e-06
    outer loop
      vertex 45.9476 2 7
      vertex 46 0 0
      vertex 45.937 2.40745 0
    endloop
  endfacet
  facet normal 0.991447 0.130509 0
    outer loop
      vertex 45.748 4.80831 125
      vertex 45.4337 7.19598 0
      vertex 45.4337 7.19598 125
    endloop
  endfacet
  facet normal 0.991447 0.130509 0
    outer loop
      vertex 45.4337 7.19598 0
      vertex 45.748 4.80831 125
      vertex 45.748 4.80831 0
    endloop
  endfacet
  facet normal 0.566393 -0.824135 4.46117e-07
    outer loop
      vertex 25.0534 -38.5788 125
      vertex 25.3893 -38.348 33
      vertex 27.0381 -37.2148 125
    endloop
  endfacet
  facet normal 0.56631 -0.824192 0
    outer loop
      vertex 25.0534 -38.5788 0
      vertex 25.3893 -38.348 33
      vertex 25.0534 -38.5788 125
    endloop
  endfacet
  facet normal 0.56631 -0.824192 0
    outer loop
      vertex 25.3893 -38.348 33
      vertex 25.0534 -38.5788 0
      vertex 25.3893 -38.348 7
    endloop
  endfacet
  facet normal 0.566393 -0.824135 -5.86325e-06
    outer loop
      vertex 27.0381 -37.2148 0
      vertex 25.3893 -38.348 7
      vertex 25.0534 -38.5788 0
    endloop
  endfacet
  facet normal 0.56641 -0.824124 0
    outer loop
      vertex 25.3893 -38.348 7
      vertex 27.0381 -37.2148 0
      vertex 27.0381 -37.2148 7
    endloop
  endfacet
  facet normal 0.56641 -0.824124 0
    outer loop
      vertex 27.0381 -37.2148 125
      vertex 25.3893 -38.348 33
      vertex 27.0381 -37.2148 33
    endloop
  endfacet
  facet normal -0.942647 -0.333793 0
    outer loop
      vertex -43.7486 -14.2148 0
      vertex -43.0808 -16.1007 7
      vertex -43.7486 -14.2148 7
    endloop
  endfacet
  facet normal -0.942605 -0.333911 0
    outer loop
      vertex -43.0808 -16.1007 7
      vertex -42.9447 -16.4849 0
      vertex -43.0808 -16.1007 33
    endloop
  endfacet
  facet normal -0.942639 -0.333813 -6.0643e-06
    outer loop
      vertex -42.9447 -16.4849 0
      vertex -43.0808 -16.1007 7
      vertex -43.7486 -14.2148 0
    endloop
  endfacet
  facet normal -0.942647 -0.333793 0
    outer loop
      vertex -43.0808 -16.1007 33
      vertex -43.7486 -14.2148 125
      vertex -43.7486 -14.2148 33
    endloop
  endfacet
  facet normal -0.942639 -0.333813 4.61414e-07
    outer loop
      vertex -43.0808 -16.1007 33
      vertex -42.9447 -16.4849 125
      vertex -43.7486 -14.2148 125
    endloop
  endfacet
  facet normal -0.942605 -0.333911 -0
    outer loop
      vertex -42.9447 -16.4849 125
      vertex -43.0808 -16.1007 33
      vertex -42.9447 -16.4849 0
    endloop
  endfacet
  facet normal -0.996916 0.078479 0
    outer loop
      vertex -45.937 2.40745 0
      vertex -45.748 4.80831 125
      vertex -45.748 4.80831 0
    endloop
  endfacet
  facet normal -0.996916 0.078479 0
    outer loop
      vertex -45.748 4.80831 125
      vertex -45.937 2.40745 0
      vertex -45.937 2.40745 125
    endloop
  endfacet
  facet normal 0.878819 -0.477155 0
    outer loop
      vertex 39.8372 -23 125
      vertex 40.9863 -20.8836 0
      vertex 40.9863 -20.8836 125
    endloop
  endfacet
  facet normal 0.878819 -0.477155 0
    outer loop
      vertex 40.9863 -20.8836 0
      vertex 39.8372 -23 125
      vertex 39.8372 -23 0
    endloop
  endfacet
  facet normal 0.130509 0.991447 -0
    outer loop
      vertex 7.19598 45.4337 0
      vertex 4.80831 45.748 125
      vertex 7.19598 45.4337 125
    endloop
  endfacet
  facet normal 0.130509 0.991447 0
    outer loop
      vertex 4.80831 45.748 125
      vertex 7.19598 45.4337 0
      vertex 4.80831 45.748 0
    endloop
  endfacet
  facet normal -0.972371 0.233443 0
    outer loop
      vertex -44.9948 9.56394 0
      vertex -44.4326 11.9057 125
      vertex -44.4326 11.9057 0
    endloop
  endfacet
  facet normal -0.972371 0.233443 0
    outer loop
      vertex -44.4326 11.9057 125
      vertex -44.9948 9.56394 0
      vertex -44.9948 9.56394 125
    endloop
  endfacet
  facet normal 0.56641 0.824124 0
    outer loop
      vertex 27.0381 37.2148 7
      vertex 27.0381 37.2148 0
      vertex 25.3893 38.348 7
    endloop
  endfacet
  facet normal 0.566393 0.824135 -0
    outer loop
      vertex 27.0381 37.2148 33
      vertex 25.0534 38.5788 125
      vertex 27.0381 37.2148 125
    endloop
  endfacet
  facet normal 0.56641 0.824124 5.36994e-07
    outer loop
      vertex 25.3893 38.348 33
      vertex 25.0534 38.5788 125
      vertex 27.0381 37.2148 33
    endloop
  endfacet
  facet normal 0.56631 0.824192 0
    outer loop
      vertex 25.0534 38.5788 0
      vertex 25.3893 38.348 33
      vertex 25.3893 38.348 7
    endloop
  endfacet
  facet normal 0.56631 0.824192 0
    outer loop
      vertex 25.3893 38.348 33
      vertex 25.0534 38.5788 0
      vertex 25.0534 38.5788 125
    endloop
  endfacet
  facet normal 0.566393 0.824135 -5.86325e-06
    outer loop
      vertex 25.0534 38.5788 0
      vertex 25.3893 38.348 7
      vertex 27.0381 37.2148 0
    endloop
  endfacet
  facet normal -0.522521 0.852626 0
    outer loop
      vertex -23 39.8372 0
      vertex -25.0534 38.5788 125
      vertex -23 39.8372 125
    endloop
  endfacet
  facet normal -0.522521 0.852626 0
    outer loop
      vertex -25.0534 38.5788 125
      vertex -23 39.8372 0
      vertex -25.0534 38.5788 0
    endloop
  endfacet
  facet normal 0.130509 -0.991447 0
    outer loop
      vertex 4.80831 -45.748 0
      vertex 7.19598 -45.4337 125
      vertex 4.80831 -45.748 125
    endloop
  endfacet
  facet normal 0.130509 -0.991447 0
    outer loop
      vertex 7.19598 -45.4337 125
      vertex 4.80831 -45.748 0
      vertex 7.19598 -45.4337 0
    endloop
  endfacet
  facet normal 0.972371 -0.233443 0
    outer loop
      vertex 44.4326 -11.9057 125
      vertex 44.9948 -9.56394 0
      vertex 44.9948 -9.56394 125
    endloop
  endfacet
  facet normal 0.972371 -0.233443 0
    outer loop
      vertex 44.9948 -9.56394 0
      vertex 44.4326 -11.9057 125
      vertex 44.4326 -11.9057 0
    endloop
  endfacet
  facet normal -0.608773 -0.793344 1.34183e-07
    outer loop
      vertex -28.9487 -35.7487 125
      vertex -28.6254 -35.9968 33
      vertex -27.0381 -37.2148 125
    endloop
  endfacet
  facet normal -0.608797 -0.793326 0
    outer loop
      vertex -28.9487 -35.7487 0
      vertex -28.6254 -35.9968 33
      vertex -28.9487 -35.7487 125
    endloop
  endfacet
  facet normal -0.608797 -0.793326 -0
    outer loop
      vertex -28.6254 -35.9968 33
      vertex -28.9487 -35.7487 0
      vertex -28.6254 -35.9968 7
    endloop
  endfacet
  facet normal -0.608773 -0.793344 -1.76355e-06
    outer loop
      vertex -27.0381 -37.2148 0
      vertex -28.6254 -35.9968 7
      vertex -28.9487 -35.7487 0
    endloop
  endfacet
  facet normal -0.608768 -0.793348 0
    outer loop
      vertex -28.6254 -35.9968 7
      vertex -27.0381 -37.2148 0
      vertex -27.0381 -37.2148 7
    endloop
  endfacet
  facet normal -0.608768 -0.793348 -0
    outer loop
      vertex -27.0381 -37.2148 125
      vertex -28.6254 -35.9968 33
      vertex -27.0381 -37.2148 33
    endloop
  endfacet
  facet normal 0.522521 0.852626 -0
    outer loop
      vertex 25.0534 38.5788 0
      vertex 23 39.8372 125
      vertex 25.0534 38.5788 125
    endloop
  endfacet
  facet normal 0.522521 0.852626 0
    outer loop
      vertex 23 39.8372 125
      vertex 25.0534 38.5788 0
      vertex 23 39.8372 0
    endloop
  endfacet
  facet normal -0.688366 0.725363 0
    outer loop
      vertex -30.78 34.1847 0
      vertex -32.5269 32.5269 125
      vertex -30.78 34.1847 125
    endloop
  endfacet
  facet normal -0.688366 0.725363 0
    outer loop
      vertex -32.5269 32.5269 125
      vertex -30.78 34.1847 0
      vertex -32.5269 32.5269 0
    endloop
  endfacet
  facet normal -0 0 1
    outer loop
      vertex -3.68838 2.58273 125
      vertex -1.25801 0.816958 125
      vertex -3.64058 2.64503 125
    endloop
  endfacet
  facet normal 0 0 1
    outer loop
      vertex -1.5 0 125
      vertex -3.35616 -3.44821 125
      vertex -3.3541 -3.52671 125
    endloop
  endfacet
  facet normal 0 0 1
    outer loop
      vertex -1.25801 0.816958 125
      vertex -3.68838 2.58273 125
      vertex -1.29904 0.75 125
    endloop
  endfacet
  facet normal 0 0 1
    outer loop
      vertex -1.5 0 125
      vertex -3.36232 -3.36992 125
      vertex -3.35616 -3.44821 125
    endloop
  endfacet
  facet normal -0 0 1
    outer loop
      vertex -3.73938 2.52302 125
      vertex -1.29904 0.75 125
      vertex -3.68838 2.58273 125
    endloop
  endfacet
  facet normal 0 0 1
    outer loop
      vertex -1.5 0 125
      vertex -3.37257 -3.29206 125
      vertex -3.36232 -3.36992 125
    endloop
  endfacet
  facet normal 0 0 1
    outer loop
      vertex -1.29904 0.75 125
      vertex -3.73938 2.52302 125
      vertex -1.33651 0.680985 125
    endloop
  endfacet
  facet normal 0 0 1
    outer loop
      vertex -1.5 0 125
      vertex -3.38688 -3.21484 125
      vertex -3.37257 -3.29206 125
    endloop
  endfacet
  facet normal -0 0 1
    outer loop
      vertex -3.79344 2.46605 125
      vertex -1.33651 0.680985 125
      vertex -3.73938 2.52302 125
    endloop
  endfacet
  facet normal 0 0 1
    outer loop
      vertex -1.5 0 125
      vertex -3.40521 -3.13848 125
      vertex -3.38688 -3.21484 125
    endloop
  endfacet
  facet normal 0 0 1
    outer loop
      vertex -1.33651 0.680985 125
      vertex -3.79344 2.46605 125
      vertex -1.37032 0.610105 125
    endloop
  endfacet
  facet normal 0 0 1
    outer loop
      vertex -1.5 0 125
      vertex -3.42752 -3.06319 125
      vertex -3.40521 -3.13848 125
    endloop
  endfacet
  facet normal -0 0 1
    outer loop
      vertex -3.85041 2.41199 125
      vertex -1.37032 0.610105 125
      vertex -3.79344 2.46605 125
    endloop
  endfacet
  facet normal 0 0 1
    outer loop
      vertex -1.5 0 125
      vertex -3.45373 -2.98916 125
      vertex -3.42752 -3.06319 125
    endloop
  endfacet
  facet normal 0 0 1
    outer loop
      vertex -1.37032 0.610105 125
      vertex -3.85041 2.41199 125
      vertex -1.40037 0.537552 125
    endloop
  endfacet
  facet normal 0 0 1
    outer loop
      vertex -1.5 0 125
      vertex -3.48378 -2.91661 125
      vertex -3.45373 -2.98916 125
    endloop
  endfacet
  facet normal -0 0 1
    outer loop
      vertex -3.91012 2.36099 125
      vertex -1.40037 0.537552 125
      vertex -3.85041 2.41199 125
    endloop
  endfacet
  facet normal 0 0 1
    outer loop
      vertex -1.5 0 125
      vertex -3.51759 -2.84573 125
      vertex -3.48378 -2.91661 125
    endloop
  endfacet
  facet normal 0 0 1
    outer loop
      vertex -1.40037 0.537552 125
      vertex -3.91012 2.36099 125
      vertex -1.42658 0.463525 125
    endloop
  endfacet
  facet normal 0 0 1
    outer loop
      vertex -1.5 0 125
      vertex -3.55506 -2.77671 125
      vertex -3.51759 -2.84573 125
    endloop
  endfacet
  facet normal -0 0 1
    outer loop
      vertex -3.97242 2.31319 125
      vertex -1.42658 0.463525 125
      vertex -3.91012 2.36099 125
    endloop
  endfacet
  facet normal 0 0 1
    outer loop
      vertex -1.5 0 125
      vertex -3.5961 -2.70975 125
      vertex -3.55506 -2.77671 125
    endloop
  endfacet
  facet normal 0 0 1
    outer loop
      vertex -1.42658 0.463525 125
      vertex -3.97242 2.31319 125
      vertex -1.44889 0.388228 125
    endloop
  endfacet
  facet normal 0 0 1
    outer loop
      vertex -1.5 0 125
      vertex -3.64058 -2.64503 125
      vertex -3.5961 -2.70975 125
    endloop
  endfacet
  facet normal -0 0 1
    outer loop
      vertex -4.03714 2.26871 125
      vertex -1.44889 0.388228 125
      vertex -3.97242 2.31319 125
    endloop
  endfacet
  facet normal 0 0 1
    outer loop
      vertex -1.5 0 125
      vertex -3.68838 -2.58273 125
      vertex -3.64058 -2.64503 125
    endloop
  endfacet
  facet normal 0 0 1
    outer loop
      vertex -1.44889 0.388228 125
      vertex -4.03714 2.26871 125
      vertex -1.46722 0.311867 125
    endloop
  endfacet
  facet normal 0 0 1
    outer loop
      vertex -1.5 0 125
      vertex -3.73938 -2.52302 125
      vertex -3.68838 -2.58273 125
    endloop
  endfacet
  facet normal -0 0 1
    outer loop
      vertex -4.1041 2.22767 125
      vertex -1.46722 0.311867 125
      vertex -4.03714 2.26871 125
    endloop
  endfacet
  facet normal 0 0 1
    outer loop
      vertex -1.5 0 125
      vertex -3.79344 -2.46605 125
      vertex -3.73938 -2.52302 125
    endloop
  endfacet
  facet normal 0 0 1
    outer loop
      vertex -1.46722 0.311867 125
      vertex -4.1041 2.22767 125
      vertex -1.48153 0.234652 125
    endloop
  endfacet
  facet normal 0 0 1
    outer loop
      vertex -1.5 0 125
      vertex -3.85041 -2.41199 125
      vertex -3.79344 -2.46605 125
    endloop
  endfacet
  facet normal -0 0 1
    outer loop
      vertex -4.17312 2.1902 125
      vertex -1.48153 0.234652 125
      vertex -4.1041 2.22767 125
    endloop
  endfacet
  facet normal 0 0 1
    outer loop
      vertex -1.5 0 125
      vertex -3.91012 -2.36099 125
      vertex -3.85041 -2.41199 125
    endloop
  endfacet
  facet normal 0 0 1
    outer loop
      vertex -1.48153 0.234652 125
      vertex -4.17312 2.1902 125
      vertex -1.49178 0.156793 125
    endloop
  endfacet
  facet normal 0 0 1
    outer loop
      vertex -1.5 0 125
      vertex -3.97242 -2.31319 125
      vertex -3.91012 -2.36099 125
    endloop
  endfacet
  facet normal -0 0 1
    outer loop
      vertex -4.244 2.15639 125
      vertex -1.49178 0.156793 125
      vertex -4.17312 2.1902 125
    endloop
  endfacet
  facet normal 0 0 1
    outer loop
      vertex -1.5 0 125
      vertex -4.03714 -2.26871 125
      vertex -3.97242 -2.31319 125
    endloop
  endfacet
  facet normal 0 0 1
    outer loop
      vertex -1.49178 0.156793 125
      vertex -4.244 2.15639 125
      vertex -1.49794 0.0785036 125
    endloop
  endfacet
  facet normal 0 0 1
    outer loop
      vertex -1.5 0 125
      vertex -4.1041 -2.22767 125
      vertex -4.03714 -2.26871 125
    endloop
  endfacet
  facet normal -0 0 1
    outer loop
      vertex -4.31655 2.12634 125
      vertex -1.49794 0.0785036 125
      vertex -4.244 2.15639 125
    endloop
  endfacet
  facet normal 0 0 1
    outer loop
      vertex -1.5 0 125
      vertex -4.17312 -2.1902 125
      vertex -4.1041 -2.22767 125
    endloop
  endfacet
  facet normal 0 0 1
    outer loop
      vertex -1.49794 0.0785036 125
      vertex -4.31655 2.12634 125
      vertex -1.5 0 125
    endloop
  endfacet
  facet normal 0 0 1
    outer loop
      vertex -1.5 0 125
      vertex -4.244 -2.15639 125
      vertex -4.17312 -2.1902 125
    endloop
  endfacet
  facet normal -0 0 1
    outer loop
      vertex -4.39058 2.10013 125
      vertex -1.5 0 125
      vertex -4.31655 2.12634 125
    endloop
  endfacet
  facet normal 0 0 1
    outer loop
      vertex -1.5 0 125
      vertex -4.31655 -2.12634 125
      vertex -4.244 -2.15639 125
    endloop
  endfacet
  facet normal 0 0 1
    outer loop
      vertex -4.39058 -2.10013 125
      vertex -1.5 0 125
      vertex -4.39058 2.10013 125
    endloop
  endfacet
  facet normal 0 0 1
    outer loop
      vertex -1.5 0 125
      vertex -4.39058 -2.10013 125
      vertex -4.31655 -2.12634 125
    endloop
  endfacet
  facet normal -0 0 1
    outer loop
      vertex -4.46587 2.07782 125
      vertex -4.39058 -2.10013 125
      vertex -4.39058 2.10013 125
    endloop
  endfacet
  facet normal 0 0 1
    outer loop
      vertex -4.46587 2.07782 125
      vertex -4.46587 -2.07782 125
      vertex -4.39058 -2.10013 125
    endloop
  endfacet
  facet normal -0 0 1
    outer loop
      vertex -4.54223 2.05949 125
      vertex -4.46587 -2.07782 125
      vertex -4.46587 2.07782 125
    endloop
  endfacet
  facet normal 0 0 1
    outer loop
      vertex -4.54223 2.05949 125
      vertex -4.54223 -2.05949 125
      vertex -4.46587 -2.07782 125
    endloop
  endfacet
  facet normal -0 0 1
    outer loop
      vertex -4.61945 2.04518 125
      vertex -4.54223 -2.05949 125
      vertex -4.54223 2.05949 125
    endloop
  endfacet
  facet normal 0 0 1
    outer loop
      vertex -4.61945 2.04518 125
      vertex -4.61945 -2.04518 125
      vertex -4.54223 -2.05949 125
    endloop
  endfacet
  facet normal -0 0 1
    outer loop
      vertex -4.69731 2.03493 125
      vertex -4.61945 -2.04518 125
      vertex -4.61945 2.04518 125
    endloop
  endfacet
  facet normal 0 0 1
    outer loop
      vertex -4.69731 2.03493 125
      vertex -4.69731 -2.03493 125
      vertex -4.61945 -2.04518 125
    endloop
  endfacet
  facet normal -0 0 1
    outer loop
      vertex -4.7756 2.02877 125
      vertex -4.69731 -2.03493 125
      vertex -4.69731 2.03493 125
    endloop
  endfacet
  facet normal 0 0 1
    outer loop
      vertex -4.7756 2.02877 125
      vertex -4.7756 -2.02877 125
      vertex -4.69731 -2.03493 125
    endloop
  endfacet
  facet normal -0 0 1
    outer loop
      vertex -4.8541 2.02671 125
      vertex -4.7756 -2.02877 125
      vertex -4.7756 2.02877 125
    endloop
  endfacet
  facet normal 0 0 1
    outer loop
      vertex -4.8541 2.02671 125
      vertex -4.8541 -2.02671 125
      vertex -4.7756 -2.02877 125
    endloop
  endfacet
  facet normal 0 0 1
    outer loop
      vertex -4.93261 2.02877 125
      vertex -4.8541 -2.02671 125
      vertex -4.8541 2.02671 125
    endloop
  endfacet
  facet normal 0 0 1
    outer loop
      vertex -4.93261 2.02877 125
      vertex -4.93261 -2.02877 125
      vertex -4.8541 -2.02671 125
    endloop
  endfacet
  facet normal 0 0 1
    outer loop
      vertex -5.01089 2.03493 125
      vertex -4.93261 -2.02877 125
      vertex -4.93261 2.02877 125
    endloop
  endfacet
  facet normal 0 0 1
    outer loop
      vertex -5.01089 2.03493 125
      vertex -5.01089 -2.03493 125
      vertex -4.93261 -2.02877 125
    endloop
  endfacet
  facet normal 0 0 1
    outer loop
      vertex -5.08875 2.04518 125
      vertex -5.01089 -2.03493 125
      vertex -5.01089 2.03493 125
    endloop
  endfacet
  facet normal 0 0 1
    outer loop
      vertex -5.08875 2.04518 125
      vertex -5.08875 -2.04518 125
      vertex -5.01089 -2.03493 125
    endloop
  endfacet
  facet normal 0 0 1
    outer loop
      vertex -5.16597 2.05949 125
      vertex -5.08875 -2.04518 125
      vertex -5.08875 2.04518 125
    endloop
  endfacet
  facet normal 0 0 1
    outer loop
      vertex -5.16597 2.05949 125
      vertex -5.16597 -2.05949 125
      vertex -5.08875 -2.04518 125
    endloop
  endfacet
  facet normal 0 0 1
    outer loop
      vertex -5.24233 2.07782 125
      vertex -5.16597 -2.05949 125
      vertex -5.16597 2.05949 125
    endloop
  endfacet
  facet normal 0 0 1
    outer loop
      vertex -5.24233 2.07782 125
      vertex -5.24233 -2.07782 125
      vertex -5.16597 -2.05949 125
    endloop
  endfacet
  facet normal 0 0 1
    outer loop
      vertex -5.31763 2.10013 125
      vertex -5.24233 -2.07782 125
      vertex -5.24233 2.07782 125
    endloop
  endfacet
  facet normal 0 0 1
    outer loop
      vertex -5.31763 2.10013 125
      vertex -5.31763 -2.10013 125
      vertex -5.24233 -2.07782 125
    endloop
  endfacet
  facet normal 0 0 1
    outer loop
      vertex -5.39165 2.12634 125
      vertex -5.31763 -2.10013 125
      vertex -5.31763 2.10013 125
    endloop
  endfacet
  facet normal 0 0 1
    outer loop
      vertex -5.39165 2.12634 125
      vertex -5.39165 -2.12634 125
      vertex -5.31763 -2.10013 125
    endloop
  endfacet
  facet normal 0 0 1
    outer loop
      vertex -5.46421 2.15639 125
      vertex -5.39165 -2.12634 125
      vertex -5.39165 2.12634 125
    endloop
  endfacet
  facet normal 0 0 1
    outer loop
      vertex -5.46421 2.15639 125
      vertex -5.46421 -2.15639 125
      vertex -5.39165 -2.12634 125
    endloop
  endfacet
  facet normal 0 0 1
    outer loop
      vertex -5.53509 2.1902 125
      vertex -5.46421 -2.15639 125
      vertex -5.46421 2.15639 125
    endloop
  endfacet
  facet normal 0 0 1
    outer loop
      vertex -5.53509 2.1902 125
      vertex -5.53509 -2.1902 125
      vertex -5.46421 -2.15639 125
    endloop
  endfacet
  facet normal 0 0 1
    outer loop
      vertex -5.6041 2.22767 125
      vertex -5.53509 -2.1902 125
      vertex -5.53509 2.1902 125
    endloop
  endfacet
  facet normal 0 0 1
    outer loop
      vertex -5.6041 2.22767 125
      vertex -5.6041 -2.22767 125
      vertex -5.53509 -2.1902 125
    endloop
  endfacet
  facet normal 0 0 1
    outer loop
      vertex -5.67106 2.26871 125
      vertex -5.6041 -2.22767 125
      vertex -5.6041 2.22767 125
    endloop
  endfacet
  facet normal 0 0 1
    outer loop
      vertex -5.67106 2.26871 125
      vertex -5.67106 -2.26871 125
      vertex -5.6041 -2.22767 125
    endloop
  endfacet
  facet normal 0 0 1
    outer loop
      vertex -5.73578 2.31319 125
      vertex -5.67106 -2.26871 125
      vertex -5.67106 2.26871 125
    endloop
  endfacet
  facet normal 0 0 1
    outer loop
      vertex -5.73578 2.31319 125
      vertex -5.73578 -2.31319 125
      vertex -5.67106 -2.26871 125
    endloop
  endfacet
  facet normal 0 0 1
    outer loop
      vertex -5.79808 2.36099 125
      vertex -5.73578 -2.31319 125
      vertex -5.73578 2.31319 125
    endloop
  endfacet
  facet normal 0 0 1
    outer loop
      vertex -5.79808 2.36099 125
      vertex -5.79808 -2.36099 125
      vertex -5.73578 -2.31319 125
    endloop
  endfacet
  facet normal 0 0 1
    outer loop
      vertex -5.8578 2.41199 125
      vertex -5.79808 -2.36099 125
      vertex -5.79808 2.36099 125
    endloop
  endfacet
  facet normal 0 0 1
    outer loop
      vertex -5.8578 2.41199 125
      vertex -5.8578 -2.41199 125
      vertex -5.79808 -2.36099 125
    endloop
  endfacet
  facet normal 0 0 1
    outer loop
      vertex -5.91476 2.46605 125
      vertex -5.8578 -2.41199 125
      vertex -5.8578 2.41199 125
    endloop
  endfacet
  facet normal 0 0 1
    outer loop
      vertex -5.91476 2.46605 125
      vertex -5.91476 -2.46605 125
      vertex -5.8578 -2.41199 125
    endloop
  endfacet
  facet normal 0 0 1
    outer loop
      vertex -5.96882 2.52302 125
      vertex -5.91476 -2.46605 125
      vertex -5.91476 2.46605 125
    endloop
  endfacet
  facet normal 0 0 1
    outer loop
      vertex -5.96882 2.52302 125
      vertex -5.96882 -2.52302 125
      vertex -5.91476 -2.46605 125
    endloop
  endfacet
  facet normal 0 0 1
    outer loop
      vertex -6.01982 2.58273 125
      vertex -5.96882 -2.52302 125
      vertex -5.96882 2.52302 125
    endloop
  endfacet
  facet normal 0 0 1
    outer loop
      vertex -6.01982 2.58273 125
      vertex -6.01982 -2.58273 125
      vertex -5.96882 -2.52302 125
    endloop
  endfacet
  facet normal 0 0 1
    outer loop
      vertex -6.06763 2.64503 125
      vertex -6.01982 -2.58273 125
      vertex -6.01982 2.58273 125
    endloop
  endfacet
  facet normal 0 0 1
    outer loop
      vertex -6.06763 2.64503 125
      vertex -6.06763 -2.64503 125
      vertex -6.01982 -2.58273 125
    endloop
  endfacet
  facet normal 0 0 1
    outer loop
      vertex -6.11211 2.70975 125
      vertex -6.06763 -2.64503 125
      vertex -6.06763 2.64503 125
    endloop
  endfacet
  facet normal 0 0 1
    outer loop
      vertex -6.11211 2.70975 125
      vertex -6.11211 -2.70975 125
      vertex -6.06763 -2.64503 125
    endloop
  endfacet
  facet normal 0 0 1
    outer loop
      vertex -6.15314 2.77671 125
      vertex -6.11211 -2.70975 125
      vertex -6.11211 2.70975 125
    endloop
  endfacet
  facet normal 0 0 1
    outer loop
      vertex -6.15314 2.77671 125
      vertex -6.15314 -2.77671 125
      vertex -6.11211 -2.70975 125
    endloop
  endfacet
  facet normal 0 0 1
    outer loop
      vertex -6.19061 2.84573 125
      vertex -6.15314 -2.77671 125
      vertex -6.15314 2.77671 125
    endloop
  endfacet
  facet normal 0 0 1
    outer loop
      vertex -6.19061 2.84573 125
      vertex -6.19061 -2.84573 125
      vertex -6.15314 -2.77671 125
    endloop
  endfacet
  facet normal 0 0 1
    outer loop
      vertex -6.22442 2.91661 125
      vertex -6.19061 -2.84573 125
      vertex -6.19061 2.84573 125
    endloop
  endfacet
  facet normal 0 0 1
    outer loop
      vertex -6.22442 2.91661 125
      vertex -6.22442 -2.91661 125
      vertex -6.19061 -2.84573 125
    endloop
  endfacet
  facet normal 0 0 1
    outer loop
      vertex -6.25447 2.98916 125
      vertex -6.22442 -2.91661 125
      vertex -6.22442 2.91661 125
    endloop
  endfacet
  facet normal 0 0 1
    outer loop
      vertex -6.25447 2.98916 125
      vertex -6.25447 -2.98916 125
      vertex -6.22442 -2.91661 125
    endloop
  endfacet
  facet normal 0 0 1
    outer loop
      vertex -6.28069 3.06319 125
      vertex -6.25447 -2.98916 125
      vertex -6.25447 2.98916 125
    endloop
  endfacet
  facet normal 0 0 1
    outer loop
      vertex -6.28069 3.06319 125
      vertex -6.28069 -3.06319 125
      vertex -6.25447 -2.98916 125
    endloop
  endfacet
  facet normal 0 0 1
    outer loop
      vertex -6.30299 3.13848 125
      vertex -6.28069 -3.06319 125
      vertex -6.28069 3.06319 125
    endloop
  endfacet
  facet normal 0 0 1
    outer loop
      vertex -6.30299 3.13848 125
      vertex -6.30299 -3.13848 125
      vertex -6.28069 -3.06319 125
    endloop
  endfacet
  facet normal 0 0 1
    outer loop
      vertex -6.32132 3.21484 125
      vertex -6.30299 -3.13848 125
      vertex -6.30299 3.13848 125
    endloop
  endfacet
  facet normal 0 0 1
    outer loop
      vertex -6.32132 3.21484 125
      vertex -6.32132 -3.21484 125
      vertex -6.30299 -3.13848 125
    endloop
  endfacet
  facet normal 0 0 1
    outer loop
      vertex -6.33563 3.29206 125
      vertex -6.32132 -3.21484 125
      vertex -6.32132 3.21484 125
    endloop
  endfacet
  facet normal 0 0 1
    outer loop
      vertex -6.33563 3.29206 125
      vertex -6.33563 -3.29206 125
      vertex -6.32132 -3.21484 125
    endloop
  endfacet
  facet normal 0 0 1
    outer loop
      vertex -46 0 125
      vertex -6.33563 3.29206 125
      vertex -6.34588 3.36992 125
    endloop
  endfacet
  facet normal 0 0 1
    outer loop
      vertex -6.33563 3.29206 125
      vertex -46 0 125
      vertex -6.33563 -3.29206 125
    endloop
  endfacet
  facet normal 0 0 1
    outer loop
      vertex -45.937 2.40745 125
      vertex -6.34588 3.36992 125
      vertex -6.35205 3.44821 125
    endloop
  endfacet
  facet normal 0 0 1
    outer loop
      vertex -6.33563 -3.29206 125
      vertex -46 0 125
      vertex -6.34588 -3.36992 125
    endloop
  endfacet
  facet normal 0 0 1
    outer loop
      vertex -45.748 4.80831 125
      vertex -6.35205 3.44821 125
      vertex -6.3541 3.52671 125
    endloop
  endfacet
  facet normal -0 -0 1
    outer loop
      vertex -45.937 -2.40745 125
      vertex -6.34588 -3.36992 125
      vertex -46 0 125
    endloop
  endfacet
  facet normal -0 0 1
    outer loop
      vertex -3.73938 -4.53041 125
      vertex 0.362319 -5.86313 125
      vertex -3.68838 -4.47069 125
    endloop
  endfacet
  facet normal 0 0 1
    outer loop
      vertex 0.362319 -5.86313 125
      vertex -3.73938 -4.53041 125
      vertex 0.372569 -5.94099 125
    endloop
  endfacet
  facet normal -0 0 1
    outer loop
      vertex -3.79344 -4.58737 125
      vertex 0.372569 -5.94099 125
      vertex -3.73938 -4.53041 125
    endloop
  endfacet
  facet normal 0 0 1
    outer loop
      vertex 0.372569 -5.94099 125
      vertex -3.79344 -4.58737 125
      vertex 0.38688 -6.01821 125
    endloop
  endfacet
  facet normal -0 0 1
    outer loop
      vertex -3.85041 -4.64143 125
      vertex 0.38688 -6.01821 125
      vertex -3.79344 -4.58737 125
    endloop
  endfacet
  facet normal 0 0 1
    outer loop
      vertex 0.38688 -6.01821 125
      vertex -3.85041 -4.64143 125
      vertex 0.405212 -6.09457 125
    endloop
  endfacet
  facet normal -0 0 1
    outer loop
      vertex -3.91012 -4.69243 125
      vertex 0.405212 -6.09457 125
      vertex -3.85041 -4.64143 125
    endloop
  endfacet
  facet normal 0 0 1
    outer loop
      vertex 0.405212 -6.09457 125
      vertex -3.91012 -4.69243 125
      vertex 0.427517 -6.16986 125
    endloop
  endfacet
  facet normal -0 0 1
    outer loop
      vertex -3.97242 -4.74024 125
      vertex 0.427517 -6.16986 125
      vertex -3.91012 -4.69243 125
    endloop
  endfacet
  facet normal 0 0 1
    outer loop
      vertex 0.427517 -6.16986 125
      vertex -3.97242 -4.74024 125
      vertex 0.453731 -6.24389 125
    endloop
  endfacet
  facet normal -0 0 1
    outer loop
      vertex -4.03714 -4.78472 125
      vertex 0.453731 -6.24389 125
      vertex -3.97242 -4.74024 125
    endloop
  endfacet
  facet normal 0 0 1
    outer loop
      vertex 0.453731 -6.24389 125
      vertex -4.03714 -4.78472 125
      vertex 0.483784 -6.31644 125
    endloop
  endfacet
  facet normal -0 0 1
    outer loop
      vertex -4.1041 -4.82575 125
      vertex 0.483784 -6.31644 125
      vertex -4.03714 -4.78472 125
    endloop
  endfacet
  facet normal 0 0 1
    outer loop
      vertex 0.483784 -6.31644 125
      vertex -4.1041 -4.82575 125
      vertex 0.517591 -6.38732 125
    endloop
  endfacet
  facet normal -0 0 1
    outer loop
      vertex -4.17312 -4.86322 125
      vertex 0.517591 -6.38732 125
      vertex -4.1041 -4.82575 125
    endloop
  endfacet
  facet normal 0 0 1
    outer loop
      vertex 0.517591 -6.38732 125
      vertex -4.17312 -4.86322 125
      vertex 0.555063 -6.45634 125
    endloop
  endfacet
  facet normal -0 0 1
    outer loop
      vertex -4.244 -4.89703 125
      vertex 0.555063 -6.45634 125
      vertex -4.17312 -4.86322 125
    endloop
  endfacet
  facet normal 0 0 1
    outer loop
      vertex 0.555063 -6.45634 125
      vertex -4.244 -4.89703 125
      vertex 0.596096 -6.5233 125
    endloop
  endfacet
  facet normal -0 0 1
    outer loop
      vertex -4.31655 -4.92708 125
      vertex 0.596096 -6.5233 125
      vertex -4.244 -4.89703 125
    endloop
  endfacet
  facet normal 0 0 1
    outer loop
      vertex 0.596096 -6.5233 125
      vertex -4.31655 -4.92708 125
      vertex 0.640576 -6.58802 125
    endloop
  endfacet
  facet normal -0 0 1
    outer loop
      vertex -4.39058 -4.9533 125
      vertex 0.640576 -6.58802 125
      vertex -4.31655 -4.92708 125
    endloop
  endfacet
  facet normal 0 0 1
    outer loop
      vertex 0.640576 -6.58802 125
      vertex -4.39058 -4.9533 125
      vertex 0.688382 -6.65032 125
    endloop
  endfacet
  facet normal -0 0 1
    outer loop
      vertex -4.46587 -4.9756 125
      vertex 0.688382 -6.65032 125
      vertex -4.39058 -4.9533 125
    endloop
  endfacet
  facet normal 0 0 1
    outer loop
      vertex 0.688382 -6.65032 125
      vertex -4.46587 -4.9756 125
      vertex 0.739385 -6.71003 125
    endloop
  endfacet
  facet normal -0 0 1
    outer loop
      vertex -4.54223 -4.99393 125
      vertex 0.739385 -6.71003 125
      vertex -4.46587 -4.9756 125
    endloop
  endfacet
  facet normal 0 0 1
    outer loop
      vertex 0.739385 -6.71003 125
      vertex -4.54223 -4.99393 125
      vertex 0.793442 -6.767 125
    endloop
  endfacet
  facet normal -0 0 1
    outer loop
      vertex -4.61945 -5.00824 125
      vertex 0.793442 -6.767 125
      vertex -4.54223 -4.99393 125
    endloop
  endfacet
  facet normal -0 0 1
    outer loop
      vertex -4.69731 -5.01849 125
      vertex 0.793442 -6.767 125
      vertex -4.61945 -5.00824 125
    endloop
  endfacet
  facet normal -0 0 1
    outer loop
      vertex -4.7756 -5.02466 125
      vertex 0.793442 -6.767 125
      vertex -4.69731 -5.01849 125
    endloop
  endfacet
  facet normal -0 0 1
    outer loop
      vertex -4.8541 -5.02671 125
      vertex 0.793442 -6.767 125
      vertex -4.7756 -5.02466 125
    endloop
  endfacet
  facet normal 0 0 1
    outer loop
      vertex 0.793442 -6.767 125
      vertex -4.80831 -45.748 125
      vertex -2.40745 -45.937 125
    endloop
  endfacet
  facet normal 0 0 1
    outer loop
      vertex -4.93261 -5.02466 125
      vertex 0.793442 -6.767 125
      vertex -4.8541 -5.02671 125
    endloop
  endfacet
  facet normal 0 0 1
    outer loop
      vertex -5.01089 -5.01849 125
      vertex 0.793442 -6.767 125
      vertex -4.93261 -5.02466 125
    endloop
  endfacet
  facet normal 0 0 1
    outer loop
      vertex -14.2148 -43.7486 125
      vertex 0.793442 -6.767 125
      vertex -5.01089 -5.01849 125
    endloop
  endfacet
  facet normal 0 0 1
    outer loop
      vertex -14.2148 -43.7486 125
      vertex -5.01089 -5.01849 125
      vertex -5.08875 -5.00824 125
    endloop
  endfacet
  facet normal 0 0 1
    outer loop
      vertex -14.2148 -43.7486 125
      vertex -5.08875 -5.00824 125
      vertex -5.16597 -4.99393 125
    endloop
  endfacet
  facet normal 0 0 1
    outer loop
      vertex -16.4849 -42.9447 125
      vertex -5.16597 -4.99393 125
      vertex -5.24233 -4.9756 125
    endloop
  endfacet
  facet normal 0 0 1
    outer loop
      vertex -18.7099 -42.0231 125
      vertex -5.24233 -4.9756 125
      vertex -5.31763 -4.9533 125
    endloop
  endfacet
  facet normal 0 0 1
    outer loop
      vertex -20.8836 -40.9863 125
      vertex -5.31763 -4.9533 125
      vertex -5.39165 -4.92708 125
    endloop
  endfacet
  facet normal 0 0 1
    outer loop
      vertex -23 -39.8372 125
      vertex -5.39165 -4.92708 125
      vertex -5.46421 -4.89703 125
    endloop
  endfacet
  facet normal 0 0 1
    outer loop
      vertex -23 -39.8372 125
      vertex -5.46421 -4.89703 125
      vertex -5.53509 -4.86322 125
    endloop
  endfacet
  facet normal 0 0 1
    outer loop
      vertex -25.0534 -38.5788 125
      vertex -5.53509 -4.86322 125
      vertex -5.6041 -4.82575 125
    endloop
  endfacet
  facet normal 0 0 1
    outer loop
      vertex -27.0381 -37.2148 125
      vertex -5.6041 -4.82575 125
      vertex -5.67106 -4.78472 125
    endloop
  endfacet
  facet normal 0 0 1
    outer loop
      vertex -28.9487 -35.7487 125
      vertex -5.67106 -4.78472 125
      vertex -5.73578 -4.74024 125
    endloop
  endfacet
  facet normal 0 0 1
    outer loop
      vertex -30.78 -34.1847 125
      vertex -5.73578 -4.74024 125
      vertex -5.79808 -4.69243 125
    endloop
  endfacet
  facet normal 0 0 1
    outer loop
      vertex -30.78 -34.1847 125
      vertex -5.79808 -4.69243 125
      vertex -5.8578 -4.64143 125
    endloop
  endfacet
  facet normal 0 0 1
    outer loop
      vertex -32.5269 -32.5269 125
      vertex -5.8578 -4.64143 125
      vertex -5.91476 -4.58737 125
    endloop
  endfacet
  facet normal 0 0 1
    outer loop
      vertex -34.1847 -30.78 125
      vertex -5.91476 -4.58737 125
      vertex -5.96882 -4.53041 125
    endloop
  endfacet
  facet normal 0 0 1
    outer loop
      vertex -35.7487 -28.9487 125
      vertex -5.96882 -4.53041 125
      vertex -6.01982 -4.47069 125
    endloop
  endfacet
  facet normal 0 0 1
    outer loop
      vertex -35.7487 -28.9487 125
      vertex -6.01982 -4.47069 125
      vertex -6.06763 -4.40839 125
    endloop
  endfacet
  facet normal 0 0 1
    outer loop
      vertex -37.2148 -27.0381 125
      vertex -6.06763 -4.40839 125
      vertex -6.11211 -4.34367 125
    endloop
  endfacet
  facet normal 0 0 1
    outer loop
      vertex -38.5788 -25.0534 125
      vertex -6.11211 -4.34367 125
      vertex -6.15314 -4.27671 125
    endloop
  endfacet
  facet normal 0 0 1
    outer loop
      vertex -39.8372 -23 125
      vertex -6.15314 -4.27671 125
      vertex -6.19061 -4.2077 125
    endloop
  endfacet
  facet normal 0 0 1
    outer loop
      vertex -40.9863 -20.8836 125
      vertex -6.19061 -4.2077 125
      vertex -6.22442 -4.13682 125
    endloop
  endfacet
  facet normal 0 0 1
    outer loop
      vertex -40.9863 -20.8836 125
      vertex -6.22442 -4.13682 125
      vertex -6.25447 -4.06426 125
    endloop
  endfacet
  facet normal 0 0 1
    outer loop
      vertex -42.0231 -18.7099 125
      vertex -6.25447 -4.06426 125
      vertex -6.28069 -3.99024 125
    endloop
  endfacet
  facet normal 0 0 1
    outer loop
      vertex -42.9447 -16.4849 125
      vertex -6.28069 -3.99024 125
      vertex -6.30299 -3.91494 125
    endloop
  endfacet
  facet normal 0 0 1
    outer loop
      vertex -43.7486 -14.2148 125
      vertex -6.30299 -3.91494 125
      vertex -6.32132 -3.83858 125
    endloop
  endfacet
  facet normal 0 0 1
    outer loop
      vertex -43.7486 -14.2148 125
      vertex -6.32132 -3.83858 125
      vertex -6.33563 -3.76136 125
    endloop
  endfacet
  facet normal 0 0 1
    outer loop
      vertex -44.4326 -11.9057 125
      vertex -6.33563 -3.76136 125
      vertex -6.34588 -3.6835 125
    endloop
  endfacet
  facet normal 0 0 1
    outer loop
      vertex -44.9948 -9.56394 125
      vertex -6.34588 -3.6835 125
      vertex -6.35205 -3.60522 125
    endloop
  endfacet
  facet normal 0 0 1
    outer loop
      vertex 0.793442 -6.767 125
      vertex -7.19598 -45.4337 125
      vertex -4.80831 -45.748 125
    endloop
  endfacet
  facet normal 0 0 1
    outer loop
      vertex -45.4337 -7.19598 125
      vertex -6.35205 -3.60522 125
      vertex -6.3541 -3.52671 125
    endloop
  endfacet
  facet normal 0 0 1
    outer loop
      vertex -6.01982 4.47069 125
      vertex -35.7487 28.9487 125
      vertex -6.06763 4.40839 125
    endloop
  endfacet
  facet normal -0 0 1
    outer loop
      vertex -37.2148 27.0381 125
      vertex -6.06763 4.40839 125
      vertex -35.7487 28.9487 125
    endloop
  endfacet
  facet normal 0 0 1
    outer loop
      vertex 0.793442 -6.767 125
      vertex -9.56394 -44.9948 125
      vertex -7.19598 -45.4337 125
    endloop
  endfacet
  facet normal 0 0 1
    outer loop
      vertex -6.06763 4.40839 125
      vertex -37.2148 27.0381 125
      vertex -6.11211 4.34367 125
    endloop
  endfacet
  facet normal 0 0 1
    outer loop
      vertex 0.793442 -6.767 125
      vertex -11.9057 -44.4326 125
      vertex -9.56394 -44.9948 125
    endloop
  endfacet
  facet normal -0 0 1
    outer loop
      vertex -38.5788 25.0534 125
      vertex -6.11211 4.34367 125
      vertex -37.2148 27.0381 125
    endloop
  endfacet
  facet normal 0 0 1
    outer loop
      vertex 0.793442 -6.767 125
      vertex -14.2148 -43.7486 125
      vertex -11.9057 -44.4326 125
    endloop
  endfacet
  facet normal 0 0 1
    outer loop
      vertex -6.11211 4.34367 125
      vertex -38.5788 25.0534 125
      vertex -6.15314 4.27671 125
    endloop
  endfacet
  facet normal 0 0 1
    outer loop
      vertex -5.16597 -4.99393 125
      vertex -16.4849 -42.9447 125
      vertex -14.2148 -43.7486 125
    endloop
  endfacet
  facet normal -0 0 1
    outer loop
      vertex -39.8372 23 125
      vertex -6.15314 4.27671 125
      vertex -38.5788 25.0534 125
    endloop
  endfacet
  facet normal 0 0 1
    outer loop
      vertex -5.24233 -4.9756 125
      vertex -18.7099 -42.0231 125
      vertex -16.4849 -42.9447 125
    endloop
  endfacet
  facet normal 0 0 1
    outer loop
      vertex -6.15314 4.27671 125
      vertex -39.8372 23 125
      vertex -6.19061 4.2077 125
    endloop
  endfacet
  facet normal 0 0 1
    outer loop
      vertex -5.31763 -4.9533 125
      vertex -20.8836 -40.9863 125
      vertex -18.7099 -42.0231 125
    endloop
  endfacet
  facet normal -0 0 1
    outer loop
      vertex -40.9863 20.8836 125
      vertex -6.19061 4.2077 125
      vertex -39.8372 23 125
    endloop
  endfacet
  facet normal 0 0 1
    outer loop
      vertex -5.39165 -4.92708 125
      vertex -23 -39.8372 125
      vertex -20.8836 -40.9863 125
    endloop
  endfacet
  facet normal 0 0 1
    outer loop
      vertex -6.19061 4.2077 125
      vertex -40.9863 20.8836 125
      vertex -6.22442 4.13682 125
    endloop
  endfacet
  facet normal 0 0 1
    outer loop
      vertex -5.53509 -4.86322 125
      vertex -25.0534 -38.5788 125
      vertex -23 -39.8372 125
    endloop
  endfacet
  facet normal 0 0 1
    outer loop
      vertex -6.22442 4.13682 125
      vertex -40.9863 20.8836 125
      vertex -6.25447 4.06426 125
    endloop
  endfacet
  facet normal 0 0 1
    outer loop
      vertex -5.6041 -4.82575 125
      vertex -27.0381 -37.2148 125
      vertex -25.0534 -38.5788 125
    endloop
  endfacet
  facet normal -0 0 1
    outer loop
      vertex -42.0231 18.7099 125
      vertex -6.25447 4.06426 125
      vertex -40.9863 20.8836 125
    endloop
  endfacet
  facet normal 0 0 1
    outer loop
      vertex -5.67106 -4.78472 125
      vertex -28.9487 -35.7487 125
      vertex -27.0381 -37.2148 125
    endloop
  endfacet
  facet normal 0 0 1
    outer loop
      vertex -6.25447 4.06426 125
      vertex -42.0231 18.7099 125
      vertex -6.28069 3.99024 125
    endloop
  endfacet
  facet normal 0 0 1
    outer loop
      vertex -5.73578 -4.74024 125
      vertex -30.78 -34.1847 125
      vertex -28.9487 -35.7487 125
    endloop
  endfacet
  facet normal -0 0 1
    outer loop
      vertex -42.9447 16.4849 125
      vertex -6.28069 3.99024 125
      vertex -42.0231 18.7099 125
    endloop
  endfacet
  facet normal 0 0 1
    outer loop
      vertex -5.8578 -4.64143 125
      vertex -32.5269 -32.5269 125
      vertex -30.78 -34.1847 125
    endloop
  endfacet
  facet normal 0 0 1
    outer loop
      vertex -6.28069 3.99024 125
      vertex -42.9447 16.4849 125
      vertex -6.30299 3.91494 125
    endloop
  endfacet
  facet normal 0 0 1
    outer loop
      vertex -5.91476 -4.58737 125
      vertex -34.1847 -30.78 125
      vertex -32.5269 -32.5269 125
    endloop
  endfacet
  facet normal -0 0 1
    outer loop
      vertex -43.7486 14.2148 125
      vertex -6.30299 3.91494 125
      vertex -42.9447 16.4849 125
    endloop
  endfacet
  facet normal 0 0 1
    outer loop
      vertex -5.96882 -4.53041 125
      vertex -35.7487 -28.9487 125
      vertex -34.1847 -30.78 125
    endloop
  endfacet
  facet normal 0 0 1
    outer loop
      vertex -6.30299 3.91494 125
      vertex -43.7486 14.2148 125
      vertex -6.32132 3.83858 125
    endloop
  endfacet
  facet normal 0 0 1
    outer loop
      vertex -6.06763 -4.40839 125
      vertex -37.2148 -27.0381 125
      vertex -35.7487 -28.9487 125
    endloop
  endfacet
  facet normal 0 0 1
    outer loop
      vertex -6.32132 3.83858 125
      vertex -43.7486 14.2148 125
      vertex -6.33563 3.76136 125
    endloop
  endfacet
  facet normal 0 0 1
    outer loop
      vertex -6.11211 -4.34367 125
      vertex -38.5788 -25.0534 125
      vertex -37.2148 -27.0381 125
    endloop
  endfacet
  facet normal -0 0 1
    outer loop
      vertex -44.4326 11.9057 125
      vertex -6.33563 3.76136 125
      vertex -43.7486 14.2148 125
    endloop
  endfacet
  facet normal 0 0 1
    outer loop
      vertex -6.15314 -4.27671 125
      vertex -39.8372 -23 125
      vertex -38.5788 -25.0534 125
    endloop
  endfacet
  facet normal 0 0 1
    outer loop
      vertex -6.33563 3.76136 125
      vertex -44.4326 11.9057 125
      vertex -6.34588 3.6835 125
    endloop
  endfacet
  facet normal 0 0 1
    outer loop
      vertex -6.19061 -4.2077 125
      vertex -40.9863 -20.8836 125
      vertex -39.8372 -23 125
    endloop
  endfacet
  facet normal -0 0 1
    outer loop
      vertex -44.9948 9.56394 125
      vertex -6.34588 3.6835 125
      vertex -44.4326 11.9057 125
    endloop
  endfacet
  facet normal 0 0 1
    outer loop
      vertex -6.25447 -4.06426 125
      vertex -42.0231 -18.7099 125
      vertex -40.9863 -20.8836 125
    endloop
  endfacet
  facet normal 0 0 1
    outer loop
      vertex -6.34588 3.6835 125
      vertex -44.9948 9.56394 125
      vertex -6.35205 3.60522 125
    endloop
  endfacet
  facet normal 0 0 1
    outer loop
      vertex -6.28069 -3.99024 125
      vertex -42.9447 -16.4849 125
      vertex -42.0231 -18.7099 125
    endloop
  endfacet
  facet normal -0 0 1
    outer loop
      vertex -45.4337 7.19598 125
      vertex -6.35205 3.60522 125
      vertex -44.9948 9.56394 125
    endloop
  endfacet
  facet normal 0 0 1
    outer loop
      vertex -6.30299 -3.91494 125
      vertex -43.7486 -14.2148 125
      vertex -42.9447 -16.4849 125
    endloop
  endfacet
  facet normal 0 0 1
    outer loop
      vertex -6.35205 3.60522 125
      vertex -45.4337 7.19598 125
      vertex -6.3541 3.52671 125
    endloop
  endfacet
  facet normal 0 0 1
    outer loop
      vertex -6.33563 -3.76136 125
      vertex -44.4326 -11.9057 125
      vertex -43.7486 -14.2148 125
    endloop
  endfacet
  facet normal -0 0 1
    outer loop
      vertex -45.748 4.80831 125
      vertex -6.3541 3.52671 125
      vertex -45.4337 7.19598 125
    endloop
  endfacet
  facet normal 0 0 1
    outer loop
      vertex -6.34588 -3.6835 125
      vertex -44.9948 -9.56394 125
      vertex -44.4326 -11.9057 125
    endloop
  endfacet
  facet normal 0 0 1
    outer loop
      vertex -6.35205 3.44821 125
      vertex -45.748 4.80831 125
      vertex -45.937 2.40745 125
    endloop
  endfacet
  facet normal 0 0 1
    outer loop
      vertex -6.35205 -3.60522 125
      vertex -45.4337 -7.19598 125
      vertex -44.9948 -9.56394 125
    endloop
  endfacet
  facet normal 0 0 1
    outer loop
      vertex -6.34588 3.36992 125
      vertex -45.937 2.40745 125
      vertex -46 0 125
    endloop
  endfacet
  facet normal 0 0 1
    outer loop
      vertex -6.3541 -3.52671 125
      vertex -45.748 -4.80831 125
      vertex -45.4337 -7.19598 125
    endloop
  endfacet
  facet normal 0 0 1
    outer loop
      vertex -6.34588 -3.36992 125
      vertex -45.937 -2.40745 125
      vertex -6.35205 -3.44821 125
    endloop
  endfacet
  facet normal 0 0 1
    outer loop
      vertex -6.35205 -3.44821 125
      vertex -45.748 -4.80831 125
      vertex -6.3541 -3.52671 125
    endloop
  endfacet
  facet normal 0 -0 1
    outer loop
      vertex -45.748 -4.80831 125
      vertex -6.35205 -3.44821 125
      vertex -45.937 -2.40745 125
    endloop
  endfacet
  facet normal -0 0 1
    outer loop
      vertex 2.67106 4.44833 125
      vertex 5.05602 1.16572 125
      vertex 2.73578 4.49281 125
    endloop
  endfacet
  facet normal 0 0 1
    outer loop
      vertex 4.5 0 125
      vertex 3.35205 -5.62783 125
      vertex 3.3541 -5.70634 125
    endloop
  endfacet
  facet normal 0 0 1
    outer loop
      vertex 5.05602 1.16572 125
      vertex 2.67106 4.44833 125
      vertex 4.9963 1.11472 125
    endloop
  endfacet
  facet normal 0 0 1
    outer loop
      vertex 4.5 0 125
      vertex 3.34588 -5.54955 125
      vertex 3.35205 -5.62783 125
    endloop
  endfacet
  facet normal -0 0 1
    outer loop
      vertex 2.6041 4.4073 125
      vertex 4.9963 1.11472 125
      vertex 2.67106 4.44833 125
    endloop
  endfacet
  facet normal 0 0 1
    outer loop
      vertex 4.5 0 125
      vertex 3.33563 -5.47169 125
      vertex 3.34588 -5.54955 125
    endloop
  endfacet
  facet normal 0 0 1
    outer loop
      vertex 4.9963 1.11472 125
      vertex 2.6041 4.4073 125
      vertex 4.93934 1.06066 125
    endloop
  endfacet
  facet normal 0 0 1
    outer loop
      vertex 4.5 0 125
      vertex 3.32132 -5.39447 125
      vertex 3.33563 -5.47169 125
    endloop
  endfacet
  facet normal -0 0 1
    outer loop
      vertex 2.53509 4.36983 125
      vertex 4.93934 1.06066 125
      vertex 2.6041 4.4073 125
    endloop
  endfacet
  facet normal 0 0 1
    outer loop
      vertex 4.5 0 125
      vertex 3.30299 -5.31811 125
      vertex 3.32132 -5.39447 125
    endloop
  endfacet
  facet normal 0 0 1
    outer loop
      vertex 4.93934 1.06066 125
      vertex 2.53509 4.36983 125
      vertex 4.88528 1.0037 125
    endloop
  endfacet
  facet normal 0 0 1
    outer loop
      vertex 4.5 0 125
      vertex 3.28069 -5.24281 125
      vertex 3.30299 -5.31811 125
    endloop
  endfacet
  facet normal -0 0 1
    outer loop
      vertex 2.46421 4.33602 125
      vertex 4.88528 1.0037 125
      vertex 2.53509 4.36983 125
    endloop
  endfacet
  facet normal 0 0 1
    outer loop
      vertex 4.5 0 125
      vertex 3.25447 -5.16879 125
      vertex 3.28069 -5.24281 125
    endloop
  endfacet
  facet normal 0 0 1
    outer loop
      vertex 4.88528 1.0037 125
      vertex 2.46421 4.33602 125
      vertex 4.83428 0.94398 125
    endloop
  endfacet
  facet normal 0 0 1
    outer loop
      vertex 4.5 0 125
      vertex 3.22442 -5.09623 125
      vertex 3.25447 -5.16879 125
    endloop
  endfacet
  facet normal -0 0 1
    outer loop
      vertex 2.39165 4.30597 125
      vertex 4.83428 0.94398 125
      vertex 2.46421 4.33602 125
    endloop
  endfacet
  facet normal 0 0 1
    outer loop
      vertex 4.5 0 125
      vertex 3.19061 -5.02535 125
      vertex 3.22442 -5.09623 125
    endloop
  endfacet
  facet normal 0 0 1
    outer loop
      vertex 4.83428 0.94398 125
      vertex 2.39165 4.30597 125
      vertex 4.78647 0.881678 125
    endloop
  endfacet
  facet normal 0 0 1
    outer loop
      vertex 4.5 0 125
      vertex 3.15314 -4.95634 125
      vertex 3.19061 -5.02535 125
    endloop
  endfacet
  facet normal -0 0 1
    outer loop
      vertex 2.31763 4.27975 125
      vertex 4.78647 0.881678 125
      vertex 2.39165 4.30597 125
    endloop
  endfacet
  facet normal 0 0 1
    outer loop
      vertex 4.5 0 125
      vertex 3.11211 -4.88938 125
      vertex 3.15314 -4.95634 125
    endloop
  endfacet
  facet normal 0 0 1
    outer loop
      vertex 1.21352 0.881678 125
      vertex 4.78647 0.881678 125
      vertex 2.31763 4.27975 125
    endloop
  endfacet
  facet normal 0 0 1
    outer loop
      vertex 4.5 0 125
      vertex 3.06763 -4.82466 125
      vertex 3.11211 -4.88938 125
    endloop
  endfacet
  facet normal 0 0 1
    outer loop
      vertex 4.78647 0.881678 125
      vertex 1.21352 0.881678 125
      vertex 4.74199 0.816958 125
    endloop
  endfacet
  facet normal 0 0 1
    outer loop
      vertex 1.49794 -0.0785036 125
      vertex 4.5 0 125
      vertex 1.5 0 125
    endloop
  endfacet
  facet normal 0 -0 1
    outer loop
      vertex 1.25801 0.816958 125
      vertex 4.74199 0.816958 125
      vertex 1.21352 0.881678 125
    endloop
  endfacet
  facet normal 0 0 1
    outer loop
      vertex 4.5 0 125
      vertex 3.01982 -4.76236 125
      vertex 3.06763 -4.82466 125
    endloop
  endfacet
  facet normal 0 0 1
    outer loop
      vertex 4.74199 0.816958 125
      vertex 1.25801 0.816958 125
      vertex 4.70096 0.75 125
    endloop
  endfacet
  facet normal 0 0 1
    outer loop
      vertex 1.49178 -0.156793 125
      vertex 4.5 0 125
      vertex 1.49794 -0.0785036 125
    endloop
  endfacet
  facet normal 0 -0 1
    outer loop
      vertex 1.29904 0.75 125
      vertex 4.70096 0.75 125
      vertex 1.25801 0.816958 125
    endloop
  endfacet
  facet normal 0 0 1
    outer loop
      vertex 4.5 0 125
      vertex 2.96882 -4.70264 125
      vertex 3.01982 -4.76236 125
    endloop
  endfacet
  facet normal 0 0 1
    outer loop
      vertex 4.70096 0.75 125
      vertex 1.29904 0.75 125
      vertex 4.66349 0.680985 125
    endloop
  endfacet
  facet normal 0 0 1
    outer loop
      vertex 1.48153 -0.234652 125
      vertex 4.5 0 125
      vertex 1.49178 -0.156793 125
    endloop
  endfacet
  facet normal 0 -0 1
    outer loop
      vertex 1.37032 0.610105 125
      vertex 4.62968 0.610105 125
      vertex 1.33651 0.680985 125
    endloop
  endfacet
  facet normal 0 0 1
    outer loop
      vertex 4.5 0 125
      vertex 2.91476 -4.64568 125
      vertex 2.96882 -4.70264 125
    endloop
  endfacet
  facet normal 0 0 1
    outer loop
      vertex 4.62968 0.610105 125
      vertex 1.37032 0.610105 125
      vertex 4.59963 0.537552 125
    endloop
  endfacet
  facet normal 0 0 1
    outer loop
      vertex 1.46722 -0.311867 125
      vertex 4.5 0 125
      vertex 1.48153 -0.234652 125
    endloop
  endfacet
  facet normal 0 -0 1
    outer loop
      vertex 1.40037 0.537552 125
      vertex 4.59963 0.537552 125
      vertex 1.37032 0.610105 125
    endloop
  endfacet
  facet normal 0 0 1
    outer loop
      vertex 4.5 0 125
      vertex 2.8578 -4.59162 125
      vertex 2.91476 -4.64568 125
    endloop
  endfacet
  facet normal 0 0 1
    outer loop
      vertex 4.59963 0.537552 125
      vertex 1.40037 0.537552 125
      vertex 4.57341 0.463525 125
    endloop
  endfacet
  facet normal 0 0 1
    outer loop
      vertex 1.44889 -0.388228 125
      vertex 4.5 0 125
      vertex 1.46722 -0.311867 125
    endloop
  endfacet
  facet normal 0 -0 1
    outer loop
      vertex 1.42658 0.463525 125
      vertex 4.57341 0.463525 125
      vertex 1.40037 0.537552 125
    endloop
  endfacet
  facet normal 0 0 1
    outer loop
      vertex 4.5 0 125
      vertex 2.79808 -4.54062 125
      vertex 2.8578 -4.59162 125
    endloop
  endfacet
  facet normal 0 0 1
    outer loop
      vertex 4.57341 0.463525 125
      vertex 1.42658 0.463525 125
      vertex 4.55111 0.388228 125
    endloop
  endfacet
  facet normal 0 0 1
    outer loop
      vertex 1.42658 -0.463525 125
      vertex 4.5 0 125
      vertex 1.44889 -0.388228 125
    endloop
  endfacet
  facet normal 0 -0 1
    outer loop
      vertex 1.33651 0.680985 125
      vertex 4.66349 0.680985 125
      vertex 1.29904 0.75 125
    endloop
  endfacet
  facet normal 0 0 1
    outer loop
      vertex 4.5 0 125
      vertex 2.73578 -4.49281 125
      vertex 2.79808 -4.54062 125
    endloop
  endfacet
  facet normal 0 0 1
    outer loop
      vertex 1.21352 0.881678 125
      vertex 2.31763 4.27975 125
      vertex 2.24233 4.25745 125
    endloop
  endfacet
  facet normal 0 0 1
    outer loop
      vertex 1.40037 -0.537552 125
      vertex 4.5 0 125
      vertex 1.42658 -0.463525 125
    endloop
  endfacet
  facet normal 0 0 1
    outer loop
      vertex 1.16572 0.94398 125
      vertex 2.24233 4.25745 125
      vertex 2.16597 4.23912 125
    endloop
  endfacet
  facet normal 0 0 1
    outer loop
      vertex 4.5 0 125
      vertex 2.67106 -4.44833 125
      vertex 2.73578 -4.49281 125
    endloop
  endfacet
  facet normal 0 0 1
    outer loop
      vertex 1.11472 1.0037 125
      vertex 2.16597 4.23912 125
      vertex 2.08875 4.22481 125
    endloop
  endfacet
  facet normal 0 0 1
    outer loop
      vertex 1.37032 -0.610105 125
      vertex 4.5 0 125
      vertex 1.40037 -0.537552 125
    endloop
  endfacet
  facet normal 0 0 1
    outer loop
      vertex 1.06066 1.06066 125
      vertex 2.08875 4.22481 125
      vertex 2.01089 4.21456 125
    endloop
  endfacet
  facet normal 0 0 1
    outer loop
      vertex 4.5 0 125
      vertex 2.6041 -4.4073 125
      vertex 2.67106 -4.44833 125
    endloop
  endfacet
  facet normal 0 0 1
    outer loop
      vertex 1.0037 1.11472 125
      vertex 2.01089 4.21456 125
      vertex 1.93261 4.20839 125
    endloop
  endfacet
  facet normal 0 0 1
    outer loop
      vertex 1.33651 -0.680985 125
      vertex 4.5 0 125
      vertex 1.37032 -0.610105 125
    endloop
  endfacet
  facet normal 0 0 1
    outer loop
      vertex 0.94398 1.16572 125
      vertex 1.93261 4.20839 125
      vertex 1.8541 4.20634 125
    endloop
  endfacet
  facet normal 0 0 1
    outer loop
      vertex 4.5 0 125
      vertex 2.53509 -4.36983 125
      vertex 2.6041 -4.4073 125
    endloop
  endfacet
  facet normal 0 0 1
    outer loop
      vertex 0.881678 1.21352 125
      vertex 1.8541 4.20634 125
      vertex 1.7756 4.20839 125
    endloop
  endfacet
  facet normal 0 0 1
    outer loop
      vertex 1.29904 -0.75 125
      vertex 4.5 0 125
      vertex 1.33651 -0.680985 125
    endloop
  endfacet
  facet normal 0 0 1
    outer loop
      vertex 0.816958 1.25801 125
      vertex 1.7756 4.20839 125
      vertex 1.69731 4.21456 125
    endloop
  endfacet
  facet normal 0 0 1
    outer loop
      vertex 4.5 0 125
      vertex 2.46421 -4.33602 125
      vertex 2.53509 -4.36983 125
    endloop
  endfacet
  facet normal 0 0 1
    outer loop
      vertex 0.75 1.29904 125
      vertex 1.69731 4.21456 125
      vertex 1.61945 4.22481 125
    endloop
  endfacet
  facet normal 0 0 1
    outer loop
      vertex 1.25801 -0.816958 125
      vertex 4.5 0 125
      vertex 1.29904 -0.75 125
    endloop
  endfacet
  facet normal 0 0 1
    outer loop
      vertex 0.680985 1.33651 125
      vertex 1.61945 4.22481 125
      vertex 1.54223 4.23912 125
    endloop
  endfacet
  facet normal 0 0 1
    outer loop
      vertex 4.5 0 125
      vertex 2.39165 -4.30597 125
      vertex 2.46421 -4.33602 125
    endloop
  endfacet
  facet normal 0 0 1
    outer loop
      vertex 4.5 0 125
      vertex 1.25801 -0.816958 125
      vertex 2.39165 -4.30597 125
    endloop
  endfacet
  facet normal 0 0 1
    outer loop
      vertex 4.5 0 125
      vertex 1.49794 0.0785036 125
      vertex 1.5 0 125
    endloop
  endfacet
  facet normal 0 0 1
    outer loop
      vertex 4.50206 0.0785036 125
      vertex 1.49794 0.0785036 125
      vertex 4.5 0 125
    endloop
  endfacet
  facet normal 0 -0 1
    outer loop
      vertex 1.49794 0.0785036 125
      vertex 4.50206 0.0785036 125
      vertex 1.49178 0.156793 125
    endloop
  endfacet
  facet normal 0 0 1
    outer loop
      vertex 4.50822 0.156793 125
      vertex 1.49178 0.156793 125
      vertex 4.50206 0.0785036 125
    endloop
  endfacet
  facet normal 0 0 1
    outer loop
      vertex 0.610105 1.37032 125
      vertex 1.54223 4.23912 125
      vertex 1.46587 4.25745 125
    endloop
  endfacet
  facet normal 0 -0 1
    outer loop
      vertex 1.49178 0.156793 125
      vertex 4.50822 0.156793 125
      vertex 1.48153 0.234652 125
    endloop
  endfacet
  facet normal 0 0 1
    outer loop
      vertex 4.51847 0.234652 125
      vertex 1.48153 0.234652 125
      vertex 4.50822 0.156793 125
    endloop
  endfacet
  facet normal 0 -0 1
    outer loop
      vertex 1.48153 0.234652 125
      vertex 4.51847 0.234652 125
      vertex 1.46722 0.311867 125
    endloop
  endfacet
  facet normal 0 0 1
    outer loop
      vertex 0.537552 1.40037 125
      vertex 1.46587 4.25745 125
      vertex 1.39058 4.27975 125
    endloop
  endfacet
  facet normal 0 0 1
    outer loop
      vertex 4.53278 0.311867 125
      vertex 1.46722 0.311867 125
      vertex 4.51847 0.234652 125
    endloop
  endfacet
  facet normal 0 -0 1
    outer loop
      vertex 1.46722 0.311867 125
      vertex 4.53278 0.311867 125
      vertex 1.44889 0.388228 125
    endloop
  endfacet
  facet normal 0 0 1
    outer loop
      vertex 0.463525 1.42658 125
      vertex 1.39058 4.27975 125
      vertex 1.31655 4.30597 125
    endloop
  endfacet
  facet normal 0 0 1
    outer loop
      vertex 4.55111 0.388228 125
      vertex 1.44889 0.388228 125
      vertex 4.53278 0.311867 125
    endloop
  endfacet
  facet normal 0 -0 1
    outer loop
      vertex 1.44889 0.388228 125
      vertex 4.55111 0.388228 125
      vertex 1.42658 0.463525 125
    endloop
  endfacet
  facet normal 0 0 1
    outer loop
      vertex 0.388228 1.44889 125
      vertex 1.31655 4.30597 125
      vertex 1.244 4.33602 125
    endloop
  endfacet
  facet normal 0 0 1
    outer loop
      vertex 4.66349 0.680985 125
      vertex 1.33651 0.680985 125
      vertex 4.62968 0.610105 125
    endloop
  endfacet
  facet normal 0 0 1
    outer loop
      vertex 0.311867 1.46722 125
      vertex 1.244 4.33602 125
      vertex 1.17312 4.36983 125
    endloop
  endfacet
  facet normal 0 0 1
    outer loop
      vertex 2.24233 4.25745 125
      vertex 1.16572 0.94398 125
      vertex 1.21352 0.881678 125
    endloop
  endfacet
  facet normal 0 0 1
    outer loop
      vertex 2.16597 4.23912 125
      vertex 1.11472 1.0037 125
      vertex 1.16572 0.94398 125
    endloop
  endfacet
  facet normal 0 0 1
    outer loop
      vertex 0.234652 1.48153 125
      vertex 1.17312 4.36983 125
      vertex 1.1041 4.4073 125
    endloop
  endfacet
  facet normal 0 0 1
    outer loop
      vertex 2.08875 4.22481 125
      vertex 1.06066 1.06066 125
      vertex 1.11472 1.0037 125
    endloop
  endfacet
  facet normal 0 0 1
    outer loop
      vertex 0.156793 1.49178 125
      vertex 1.1041 4.4073 125
      vertex 1.03714 4.44833 125
    endloop
  endfacet
  facet normal 0 0 1
    outer loop
      vertex 2.01089 4.21456 125
      vertex 1.0037 1.11472 125
      vertex 1.06066 1.06066 125
    endloop
  endfacet
  facet normal 0 0 1
    outer loop
      vertex 0.0785036 1.49794 125
      vertex 1.03714 4.44833 125
      vertex 0.972424 4.49281 125
    endloop
  endfacet
  facet normal 0 0 1
    outer loop
      vertex 1.93261 4.20839 125
      vertex 0.94398 1.16572 125
      vertex 1.0037 1.11472 125
    endloop
  endfacet
  facet normal 0 0 1
    outer loop
      vertex 0 1.5 125
      vertex 0.972424 4.49281 125
      vertex 0.910121 4.54062 125
    endloop
  endfacet
  facet normal 0 0 1
    outer loop
      vertex 1.8541 4.20634 125
      vertex 0.881678 1.21352 125
      vertex 0.94398 1.16572 125
    endloop
  endfacet
  facet normal 0 0 1
    outer loop
      vertex -0.0785036 1.49794 125
      vertex 0.910121 4.54062 125
      vertex 0.850406 4.59162 125
    endloop
  endfacet
  facet normal 0 0 1
    outer loop
      vertex 1.7756 4.20839 125
      vertex 0.816958 1.25801 125
      vertex 0.881678 1.21352 125
    endloop
  endfacet
  facet normal 0 0 1
    outer loop
      vertex -0.156793 1.49178 125
      vertex 0.850406 4.59162 125
      vertex 0.793442 4.64568 125
    endloop
  endfacet
  facet normal 0 0 1
    outer loop
      vertex 1.69731 4.21456 125
      vertex 0.75 1.29904 125
      vertex 0.816958 1.25801 125
    endloop
  endfacet
  facet normal 0 0 1
    outer loop
      vertex -0.234652 1.48153 125
      vertex 0.793442 4.64568 125
      vertex 0.739385 4.70264 125
    endloop
  endfacet
  facet normal 0 0 1
    outer loop
      vertex -0.311867 1.46722 125
      vertex 0.739385 4.70264 125
      vertex 0.688382 4.76236 125
    endloop
  endfacet
  facet normal 0 0 1
    outer loop
      vertex 1.61945 4.22481 125
      vertex 0.680985 1.33651 125
      vertex 0.75 1.29904 125
    endloop
  endfacet
  facet normal 0 0 1
    outer loop
      vertex -0.388228 1.44889 125
      vertex 0.688382 4.76236 125
      vertex 0.640576 4.82466 125
    endloop
  endfacet
  facet normal 0 0 1
    outer loop
      vertex 1.54223 4.23912 125
      vertex 0.610105 1.37032 125
      vertex 0.680985 1.33651 125
    endloop
  endfacet
  facet normal 0 0 1
    outer loop
      vertex -3.3541 3.52671 125
      vertex 0.640576 4.82466 125
      vertex 0.596096 4.88938 125
    endloop
  endfacet
  facet normal 0 0 1
    outer loop
      vertex -3.35616 3.60522 125
      vertex 0.596096 4.88938 125
      vertex 0.555063 4.95634 125
    endloop
  endfacet
  facet normal 0 0 1
    outer loop
      vertex 1.46587 4.25745 125
      vertex 0.537552 1.40037 125
      vertex 0.610105 1.37032 125
    endloop
  endfacet
  facet normal 0 0 1
    outer loop
      vertex -3.36232 3.6835 125
      vertex 0.555063 4.95634 125
      vertex 0.517591 5.02535 125
    endloop
  endfacet
  facet normal 0 0 1
    outer loop
      vertex -3.37257 3.76136 125
      vertex 0.517591 5.02535 125
      vertex 0.483784 5.09623 125
    endloop
  endfacet
  facet normal 0 0 1
    outer loop
      vertex 1.39058 4.27975 125
      vertex 0.463525 1.42658 125
      vertex 0.537552 1.40037 125
    endloop
  endfacet
  facet normal 0 0 1
    outer loop
      vertex -3.38688 3.83858 125
      vertex 0.483784 5.09623 125
      vertex 0.453731 5.16879 125
    endloop
  endfacet
  facet normal 0 0 1
    outer loop
      vertex -3.40521 3.91494 125
      vertex 0.453731 5.16879 125
      vertex 0.427517 5.24281 125
    endloop
  endfacet
  facet normal 0 0 1
    outer loop
      vertex -3.42752 3.99024 125
      vertex 0.427517 5.24281 125
      vertex 0.405212 5.31811 125
    endloop
  endfacet
  facet normal 0 0 1
    outer loop
      vertex 1.31655 4.30597 125
      vertex 0.388228 1.44889 125
      vertex 0.463525 1.42658 125
    endloop
  endfacet
  facet normal 0 0 1
    outer loop
      vertex -3.45373 4.06426 125
      vertex 0.405212 5.31811 125
      vertex 0.38688 5.39447 125
    endloop
  endfacet
  facet normal 0 0 1
    outer loop
      vertex -3.45373 4.06426 125
      vertex 0.38688 5.39447 125
      vertex 0.372569 5.47169 125
    endloop
  endfacet
  facet normal 0 0 1
    outer loop
      vertex -3.45373 4.06426 125
      vertex 0.372569 5.47169 125
      vertex 0.362319 5.54955 125
    endloop
  endfacet
  facet normal 0 0 1
    outer loop
      vertex -3.45373 4.06426 125
      vertex 0.362319 5.54955 125
      vertex 0.356157 5.62783 125
    endloop
  endfacet
  facet normal 0 0 1
    outer loop
      vertex -3.45373 4.06426 125
      vertex 0.356157 5.62783 125
      vertex 0.354101 5.70634 125
    endloop
  endfacet
  facet normal 0 0 1
    outer loop
      vertex 1.244 4.33602 125
      vertex 0.311867 1.46722 125
      vertex 0.388228 1.44889 125
    endloop
  endfacet
  facet normal -0 0 1
    outer loop
      vertex 7.49178 -0.156793 125
      vertex 27 -26 125
      vertex 7.49794 -0.0785036 125
    endloop
  endfacet
  facet normal -0 0 1
    outer loop
      vertex 7.48153 -0.234652 125
      vertex 27 -26 125
      vertex 7.49178 -0.156793 125
    endloop
  endfacet
  facet normal -0 0 1
    outer loop
      vertex 7.46722 -0.311867 125
      vertex 27 -26 125
      vertex 7.48153 -0.234652 125
    endloop
  endfacet
  facet normal -0 0 1
    outer loop
      vertex 7.44889 -0.388228 125
      vertex 27 -26 125
      vertex 7.46722 -0.311867 125
    endloop
  endfacet
  facet normal -0 0 1
    outer loop
      vertex 7.42658 -0.463525 125
      vertex 27 -26 125
      vertex 7.44889 -0.388228 125
    endloop
  endfacet
  facet normal -0 0 1
    outer loop
      vertex 7.40037 -0.537552 125
      vertex 27 -26 125
      vertex 7.42658 -0.463525 125
    endloop
  endfacet
  facet normal -0 0 1
    outer loop
      vertex 7.37032 -0.610105 125
      vertex 27 -26 125
      vertex 7.40037 -0.537552 125
    endloop
  endfacet
  facet normal -0 0 1
    outer loop
      vertex 7.33651 -0.680985 125
      vertex 27 -26 125
      vertex 7.37032 -0.610105 125
    endloop
  endfacet
  facet normal -0 0 1
    outer loop
      vertex 7.29904 -0.75 125
      vertex 27 -26 125
      vertex 7.33651 -0.680985 125
    endloop
  endfacet
  facet normal -0 0 1
    outer loop
      vertex 7.25801 -0.816958 125
      vertex 27 -26 125
      vertex 7.29904 -0.75 125
    endloop
  endfacet
  facet normal -0 0 1
    outer loop
      vertex 7.21352 -0.881678 125
      vertex 27 -26 125
      vertex 7.25801 -0.816958 125
    endloop
  endfacet
  facet normal -0 0 1
    outer loop
      vertex 7.16572 -0.94398 125
      vertex 27 -26 125
      vertex 7.21352 -0.881678 125
    endloop
  endfacet
  facet normal -0 0 1
    outer loop
      vertex 7.11472 -1.0037 125
      vertex 27 -26 125
      vertex 7.16572 -0.94398 125
    endloop
  endfacet
  facet normal -0 0 1
    outer loop
      vertex 7.06066 -1.06066 125
      vertex 27 -26 125
      vertex 7.11472 -1.0037 125
    endloop
  endfacet
  facet normal -0 0 1
    outer loop
      vertex 3.11211 -6.5233 125
      vertex 27 -26 125
      vertex 3.15314 -6.45634 125
    endloop
  endfacet
  facet normal -0 0 1
    outer loop
      vertex 7.0037 -1.11472 125
      vertex 27 -26 125
      vertex 7.06066 -1.06066 125
    endloop
  endfacet
  facet normal -0 0 1
    outer loop
      vertex 3.22442 -6.31644 125
      vertex 27 -26 125
      vertex 7.0037 -1.11472 125
    endloop
  endfacet
  facet normal 0 0 1
    outer loop
      vertex 3.22442 -6.31644 125
      vertex 7.0037 -1.11472 125
      vertex 6.94398 -1.16572 125
    endloop
  endfacet
  facet normal 0 0 1
    outer loop
      vertex 3.25447 -6.24389 125
      vertex 6.94398 -1.16572 125
      vertex 6.88168 -1.21352 125
    endloop
  endfacet
  facet normal 0 0 1
    outer loop
      vertex 3.28069 -6.16986 125
      vertex 6.88168 -1.21352 125
      vertex 6.81696 -1.25801 125
    endloop
  endfacet
  facet normal 0 0 1
    outer loop
      vertex 3.30299 -6.09457 125
      vertex 6.81696 -1.25801 125
      vertex 6.75 -1.29904 125
    endloop
  endfacet
  facet normal 0 0 1
    outer loop
      vertex 3.32132 -6.01821 125
      vertex 6.75 -1.29904 125
      vertex 6.68099 -1.33651 125
    endloop
  endfacet
  facet normal 0 0 1
    outer loop
      vertex 3.33563 -5.94099 125
      vertex 6.68099 -1.33651 125
      vertex 6.6101 -1.37032 125
    endloop
  endfacet
  facet normal 0 0 1
    outer loop
      vertex 3.34588 -5.86313 125
      vertex 6.6101 -1.37032 125
      vertex 6.53755 -1.40037 125
    endloop
  endfacet
  facet normal 0 0 1
    outer loop
      vertex 3.35205 -5.78484 125
      vertex 6.53755 -1.40037 125
      vertex 6.46352 -1.42658 125
    endloop
  endfacet
  facet normal 0 0 1
    outer loop
      vertex 3.3541 -5.70634 125
      vertex 6.46352 -1.42658 125
      vertex 6.38823 -1.44889 125
    endloop
  endfacet
  facet normal 0 0 1
    outer loop
      vertex 3.3541 -5.70634 125
      vertex 6.38823 -1.44889 125
      vertex 6.31187 -1.46722 125
    endloop
  endfacet
  facet normal 0 0 1
    outer loop
      vertex 3.3541 -5.70634 125
      vertex 6.31187 -1.46722 125
      vertex 6.23465 -1.48153 125
    endloop
  endfacet
  facet normal 0 0 1
    outer loop
      vertex 3.3541 -5.70634 125
      vertex 6.23465 -1.48153 125
      vertex 6.15679 -1.49178 125
    endloop
  endfacet
  facet normal 0 0 1
    outer loop
      vertex 3.3541 -5.70634 125
      vertex 6.15679 -1.49178 125
      vertex 6.0785 -1.49794 125
    endloop
  endfacet
  facet normal 0 0 1
    outer loop
      vertex 3.3541 -5.70634 125
      vertex 6.0785 -1.49794 125
      vertex 6 -1.5 125
    endloop
  endfacet
  facet normal 0 0 1
    outer loop
      vertex 3.3541 -5.70634 125
      vertex 6 -1.5 125
      vertex 5.9215 -1.49794 125
    endloop
  endfacet
  facet normal 0 0 1
    outer loop
      vertex 3.3541 -5.70634 125
      vertex 5.9215 -1.49794 125
      vertex 5.84321 -1.49178 125
    endloop
  endfacet
  facet normal 0 0 1
    outer loop
      vertex 3.3541 -5.70634 125
      vertex 5.84321 -1.49178 125
      vertex 5.76535 -1.48153 125
    endloop
  endfacet
  facet normal 0 0 1
    outer loop
      vertex 3.3541 -5.70634 125
      vertex 5.76535 -1.48153 125
      vertex 5.68813 -1.46722 125
    endloop
  endfacet
  facet normal 0 0 1
    outer loop
      vertex 3.3541 -5.70634 125
      vertex 5.68813 -1.46722 125
      vertex 5.61177 -1.44889 125
    endloop
  endfacet
  facet normal 0 0 1
    outer loop
      vertex 3.3541 -5.70634 125
      vertex 5.61177 -1.44889 125
      vertex 5.53647 -1.42658 125
    endloop
  endfacet
  facet normal 0 0 1
    outer loop
      vertex 3.3541 -5.70634 125
      vertex 5.53647 -1.42658 125
      vertex 5.46245 -1.40037 125
    endloop
  endfacet
  facet normal 0 0 1
    outer loop
      vertex 3.3541 -5.70634 125
      vertex 5.46245 -1.40037 125
      vertex 5.38989 -1.37032 125
    endloop
  endfacet
  facet normal 0 0 1
    outer loop
      vertex 3.3541 -5.70634 125
      vertex 5.38989 -1.37032 125
      vertex 5.31901 -1.33651 125
    endloop
  endfacet
  facet normal 0 0 1
    outer loop
      vertex 3.3541 -5.70634 125
      vertex 5.31901 -1.33651 125
      vertex 5.25 -1.29904 125
    endloop
  endfacet
  facet normal 0 0 1
    outer loop
      vertex 3.3541 -5.70634 125
      vertex 5.25 -1.29904 125
      vertex 5.18304 -1.25801 125
    endloop
  endfacet
  facet normal 0 0 1
    outer loop
      vertex 3.3541 -5.70634 125
      vertex 5.18304 -1.25801 125
      vertex 5.11832 -1.21352 125
    endloop
  endfacet
  facet normal 0 0 1
    outer loop
      vertex 3.3541 -5.70634 125
      vertex 5.11832 -1.21352 125
      vertex 5.05602 -1.16572 125
    endloop
  endfacet
  facet normal 0 0 1
    outer loop
      vertex 3.3541 -5.70634 125
      vertex 5.05602 -1.16572 125
      vertex 4.9963 -1.11472 125
    endloop
  endfacet
  facet normal 0 0 1
    outer loop
      vertex 3.3541 -5.70634 125
      vertex 4.9963 -1.11472 125
      vertex 4.93934 -1.06066 125
    endloop
  endfacet
  facet normal 0 0 1
    outer loop
      vertex 3.3541 -5.70634 125
      vertex 4.93934 -1.06066 125
      vertex 4.88528 -1.0037 125
    endloop
  endfacet
  facet normal 0 0 1
    outer loop
      vertex 3.3541 -5.70634 125
      vertex 4.88528 -1.0037 125
      vertex 4.83428 -0.94398 125
    endloop
  endfacet
  facet normal 0 0 1
    outer loop
      vertex 6.81696 -1.25801 125
      vertex 3.30299 -6.09457 125
      vertex 3.28069 -6.16986 125
    endloop
  endfacet
  facet normal 0 0 1
    outer loop
      vertex 3.3541 -5.70634 125
      vertex 4.83428 -0.94398 125
      vertex 4.78647 -0.881678 125
    endloop
  endfacet
  facet normal 0 0 1
    outer loop
      vertex 3.3541 -5.70634 125
      vertex 4.78647 -0.881678 125
      vertex 4.74199 -0.816958 125
    endloop
  endfacet
  facet normal 0 0 1
    outer loop
      vertex 3.3541 -5.70634 125
      vertex 4.74199 -0.816958 125
      vertex 4.70096 -0.75 125
    endloop
  endfacet
  facet normal 0 0 1
    outer loop
      vertex 3.3541 -5.70634 125
      vertex 4.70096 -0.75 125
      vertex 4.66349 -0.680985 125
    endloop
  endfacet
  facet normal 0 0 1
    outer loop
      vertex 3.3541 -5.70634 125
      vertex 4.66349 -0.680985 125
      vertex 4.62968 -0.610105 125
    endloop
  endfacet
  facet normal 0 0 1
    outer loop
      vertex 3.3541 -5.70634 125
      vertex 4.62968 -0.610105 125
      vertex 4.59963 -0.537552 125
    endloop
  endfacet
  facet normal 0 0 1
    outer loop
      vertex 3.3541 -5.70634 125
      vertex 4.59963 -0.537552 125
      vertex 4.57341 -0.463525 125
    endloop
  endfacet
  facet normal 0 0 1
    outer loop
      vertex 3.3541 -5.70634 125
      vertex 4.57341 -0.463525 125
      vertex 4.55111 -0.388228 125
    endloop
  endfacet
  facet normal 0 0 1
    outer loop
      vertex 3.3541 -5.70634 125
      vertex 4.55111 -0.388228 125
      vertex 4.53278 -0.311867 125
    endloop
  endfacet
  facet normal 0 0 1
    outer loop
      vertex 3.3541 -5.70634 125
      vertex 4.53278 -0.311867 125
      vertex 4.51847 -0.234652 125
    endloop
  endfacet
  facet normal 0 0 1
    outer loop
      vertex 3.3541 -5.70634 125
      vertex 4.51847 -0.234652 125
      vertex 4.50822 -0.156793 125
    endloop
  endfacet
  facet normal 0 0 1
    outer loop
      vertex 3.3541 -5.70634 125
      vertex 4.50822 -0.156793 125
      vertex 4.50206 -0.0785036 125
    endloop
  endfacet
  facet normal 0 0 1
    outer loop
      vertex 3.3541 -5.70634 125
      vertex 4.50206 -0.0785036 125
      vertex 4.5 0 125
    endloop
  endfacet
  facet normal 0 0 1
    outer loop
      vertex 5.11832 1.21352 125
      vertex 2.73578 4.49281 125
      vertex 5.05602 1.16572 125
    endloop
  endfacet
  facet normal 0 0 1
    outer loop
      vertex 6.46352 -1.42658 125
      vertex 3.3541 -5.70634 125
      vertex 3.35205 -5.78484 125
    endloop
  endfacet
  facet normal 0 0 1
    outer loop
      vertex 6.53755 -1.40037 125
      vertex 3.35205 -5.78484 125
      vertex 3.34588 -5.86313 125
    endloop
  endfacet
  facet normal 0 0 1
    outer loop
      vertex 6.6101 -1.37032 125
      vertex 3.34588 -5.86313 125
      vertex 3.33563 -5.94099 125
    endloop
  endfacet
  facet normal 0 0 1
    outer loop
      vertex 6.68099 -1.33651 125
      vertex 3.33563 -5.94099 125
      vertex 3.32132 -6.01821 125
    endloop
  endfacet
  facet normal 0 0 1
    outer loop
      vertex 6.75 -1.29904 125
      vertex 3.32132 -6.01821 125
      vertex 3.30299 -6.09457 125
    endloop
  endfacet
  facet normal 0 0 1
    outer loop
      vertex 6.88168 -1.21352 125
      vertex 3.28069 -6.16986 125
      vertex 3.25447 -6.24389 125
    endloop
  endfacet
  facet normal 0 0 1
    outer loop
      vertex 6.94398 -1.16572 125
      vertex 3.25447 -6.24389 125
      vertex 3.22442 -6.31644 125
    endloop
  endfacet
  facet normal 0 0 1
    outer loop
      vertex 27 -26 125
      vertex 3.22442 -6.31644 125
      vertex 3.19061 -6.38732 125
    endloop
  endfacet
  facet normal 0 0 1
    outer loop
      vertex 27 -26 125
      vertex 3.19061 -6.38732 125
      vertex 3.15314 -6.45634 125
    endloop
  endfacet
  facet normal -0 0 1
    outer loop
      vertex 3.06763 -6.58802 125
      vertex 27 -26 125
      vertex 3.11211 -6.5233 125
    endloop
  endfacet
  facet normal -0 0 1
    outer loop
      vertex 3.01982 -6.65032 125
      vertex 27 -26 125
      vertex 3.06763 -6.58802 125
    endloop
  endfacet
  facet normal -0 0 1
    outer loop
      vertex 2.96882 -6.71003 125
      vertex 27 -26 125
      vertex 3.01982 -6.65032 125
    endloop
  endfacet
  facet normal -0 0 1
    outer loop
      vertex 2.91476 -6.767 125
      vertex 27 -26 125
      vertex 2.96882 -6.71003 125
    endloop
  endfacet
  facet normal -0 0 1
    outer loop
      vertex 2.8578 -6.82106 125
      vertex 27 -26 125
      vertex 2.91476 -6.767 125
    endloop
  endfacet
  facet normal -0 0 1
    outer loop
      vertex 2.79808 -6.87206 125
      vertex 27 -26 125
      vertex 2.8578 -6.82106 125
    endloop
  endfacet
  facet normal -0 0 1
    outer loop
      vertex 2.73578 -6.91986 125
      vertex 27 -26 125
      vertex 2.79808 -6.87206 125
    endloop
  endfacet
  facet normal -0 0 1
    outer loop
      vertex 2.67106 -6.96434 125
      vertex 27 -26 125
      vertex 2.73578 -6.91986 125
    endloop
  endfacet
  facet normal -0 0 1
    outer loop
      vertex 2.6041 -7.00538 125
      vertex 27 -26 125
      vertex 2.67106 -6.96434 125
    endloop
  endfacet
  facet normal -0 0 1
    outer loop
      vertex 2.53509 -7.04285 125
      vertex 27 -26 125
      vertex 2.6041 -7.00538 125
    endloop
  endfacet
  facet normal -0 0 1
    outer loop
      vertex 2.46421 -7.07666 125
      vertex 27 -26 125
      vertex 2.53509 -7.04285 125
    endloop
  endfacet
  facet normal -0 0 1
    outer loop
      vertex 2.39165 -7.10671 125
      vertex 27 -26 125
      vertex 2.46421 -7.07666 125
    endloop
  endfacet
  facet normal -0 0 1
    outer loop
      vertex 2.31763 -7.13292 125
      vertex 27 -26 125
      vertex 2.39165 -7.10671 125
    endloop
  endfacet
  facet normal 0 0 1
    outer loop
      vertex 27 -26 125
      vertex 2.31763 -7.13292 125
      vertex 9.56394 -44.9948 125
    endloop
  endfacet
  facet normal -0 0 1
    outer loop
      vertex 2.24233 -7.15523 125
      vertex 9.56394 -44.9948 125
      vertex 2.31763 -7.13292 125
    endloop
  endfacet
  facet normal -0 0 1
    outer loop
      vertex 2.16597 -7.17356 125
      vertex 9.56394 -44.9948 125
      vertex 2.24233 -7.15523 125
    endloop
  endfacet
  facet normal -0 0 1
    outer loop
      vertex 2.08875 -7.18787 125
      vertex 9.56394 -44.9948 125
      vertex 2.16597 -7.17356 125
    endloop
  endfacet
  facet normal 0 0 1
    outer loop
      vertex 9.56394 -44.9948 125
      vertex 2.08875 -7.18787 125
      vertex 7.19598 -45.4337 125
    endloop
  endfacet
  facet normal -0 0 1
    outer loop
      vertex 2.01089 -7.19812 125
      vertex 7.19598 -45.4337 125
      vertex 2.08875 -7.18787 125
    endloop
  endfacet
  facet normal 0 0 1
    outer loop
      vertex 7.19598 -45.4337 125
      vertex 2.01089 -7.19812 125
      vertex 4.80831 -45.748 125
    endloop
  endfacet
  facet normal -0 0 1
    outer loop
      vertex 1.93261 -7.20428 125
      vertex 4.80831 -45.748 125
      vertex 2.01089 -7.19812 125
    endloop
  endfacet
  facet normal -0 0 1
    outer loop
      vertex 1.8541 -7.20634 125
      vertex 4.80831 -45.748 125
      vertex 1.93261 -7.20428 125
    endloop
  endfacet
  facet normal 0 0 1
    outer loop
      vertex 4.80831 -45.748 125
      vertex 1.8541 -7.20634 125
      vertex 2.40745 -45.937 125
    endloop
  endfacet
  facet normal 0 0 1
    outer loop
      vertex 1.7756 -7.20428 125
      vertex 2.40745 -45.937 125
      vertex 1.8541 -7.20634 125
    endloop
  endfacet
  facet normal 0 0 1
    outer loop
      vertex 0 -46 125
      vertex 1.7756 -7.20428 125
      vertex 1.69731 -7.19812 125
    endloop
  endfacet
  facet normal 0 0 1
    outer loop
      vertex 0 -46 125
      vertex 1.69731 -7.19812 125
      vertex 1.61945 -7.18787 125
    endloop
  endfacet
  facet normal 0 0 1
    outer loop
      vertex -2.40745 -45.937 125
      vertex 1.61945 -7.18787 125
      vertex 1.54223 -7.17356 125
    endloop
  endfacet
  facet normal 0 0 1
    outer loop
      vertex -2.40745 -45.937 125
      vertex 1.54223 -7.17356 125
      vertex 1.46587 -7.15523 125
    endloop
  endfacet
  facet normal 0 0 1
    outer loop
      vertex -2.40745 -45.937 125
      vertex 1.46587 -7.15523 125
      vertex 1.39058 -7.13292 125
    endloop
  endfacet
  facet normal 0 0 1
    outer loop
      vertex -2.40745 -45.937 125
      vertex 1.39058 -7.13292 125
      vertex 1.31655 -7.10671 125
    endloop
  endfacet
  facet normal 0 0 1
    outer loop
      vertex -2.40745 -45.937 125
      vertex 1.31655 -7.10671 125
      vertex 1.244 -7.07666 125
    endloop
  endfacet
  facet normal 0 0 1
    outer loop
      vertex -2.40745 -45.937 125
      vertex 1.244 -7.07666 125
      vertex 1.17312 -7.04285 125
    endloop
  endfacet
  facet normal 0 0 1
    outer loop
      vertex -2.40745 -45.937 125
      vertex 1.17312 -7.04285 125
      vertex 1.1041 -7.00538 125
    endloop
  endfacet
  facet normal 0 0 1
    outer loop
      vertex -2.40745 -45.937 125
      vertex 1.1041 -7.00538 125
      vertex 1.03714 -6.96434 125
    endloop
  endfacet
  facet normal 0 0 1
    outer loop
      vertex -2.40745 -45.937 125
      vertex 1.03714 -6.96434 125
      vertex 0.972424 -6.91986 125
    endloop
  endfacet
  facet normal 0 0 1
    outer loop
      vertex -2.40745 -45.937 125
      vertex 0.972424 -6.91986 125
      vertex 0.910121 -6.87206 125
    endloop
  endfacet
  facet normal 0 0 1
    outer loop
      vertex -2.40745 -45.937 125
      vertex 0.910121 -6.87206 125
      vertex 0.850406 -6.82106 125
    endloop
  endfacet
  facet normal 0 0 1
    outer loop
      vertex -2.40745 -45.937 125
      vertex 0.850406 -6.82106 125
      vertex 0.793442 -6.767 125
    endloop
  endfacet
  facet normal 0 0 1
    outer loop
      vertex 0.356157 -5.78484 125
      vertex -3.68838 -4.47069 125
      vertex 0.362319 -5.86313 125
    endloop
  endfacet
  facet normal -0 0 1
    outer loop
      vertex -3.68838 -4.47069 125
      vertex 0.356157 -5.78484 125
      vertex -3.64058 -4.40839 125
    endloop
  endfacet
  facet normal 0 0 1
    outer loop
      vertex 0.354101 -5.70634 125
      vertex -3.64058 -4.40839 125
      vertex 0.356157 -5.78484 125
    endloop
  endfacet
  facet normal -0 0 1
    outer loop
      vertex -3.64058 -4.40839 125
      vertex 0.354101 -5.70634 125
      vertex -3.5961 -4.34367 125
    endloop
  endfacet
  facet normal 0 0 1
    outer loop
      vertex 0.356157 -5.62783 125
      vertex -3.5961 -4.34367 125
      vertex 0.354101 -5.70634 125
    endloop
  endfacet
  facet normal -0 0 1
    outer loop
      vertex -3.5961 -4.34367 125
      vertex 0.356157 -5.62783 125
      vertex -3.55506 -4.27671 125
    endloop
  endfacet
  facet normal 0 0 1
    outer loop
      vertex 0.362319 -5.54955 125
      vertex -3.55506 -4.27671 125
      vertex 0.356157 -5.62783 125
    endloop
  endfacet
  facet normal -0 0 1
    outer loop
      vertex -3.55506 -4.27671 125
      vertex 0.362319 -5.54955 125
      vertex -3.51759 -4.2077 125
    endloop
  endfacet
  facet normal 0 0 1
    outer loop
      vertex 0.372569 -5.47169 125
      vertex -3.51759 -4.2077 125
      vertex 0.362319 -5.54955 125
    endloop
  endfacet
  facet normal -0 0 1
    outer loop
      vertex -3.51759 -4.2077 125
      vertex 0.372569 -5.47169 125
      vertex -3.48378 -4.13682 125
    endloop
  endfacet
  facet normal -0 0 1
    outer loop
      vertex -3.48378 -4.13682 125
      vertex 0.38688 -5.39447 125
      vertex -3.45373 -4.06426 125
    endloop
  endfacet
  facet normal 0 0 1
    outer loop
      vertex 0.405212 -5.31811 125
      vertex -3.45373 -4.06426 125
      vertex 0.38688 -5.39447 125
    endloop
  endfacet
  facet normal -0 0 1
    outer loop
      vertex -3.45373 -4.06426 125
      vertex 0.405212 -5.31811 125
      vertex -3.42752 -3.99024 125
    endloop
  endfacet
  facet normal 0 0 1
    outer loop
      vertex 0.427517 -5.24281 125
      vertex -3.42752 -3.99024 125
      vertex 0.405212 -5.31811 125
    endloop
  endfacet
  facet normal 0 0 1
    outer loop
      vertex 0.640576 -4.82466 125
      vertex -3.3541 -3.52671 125
      vertex 0.596096 -4.88938 125
    endloop
  endfacet
  facet normal 0 0 1
    outer loop
      vertex -3.3541 -3.52671 125
      vertex -0.537552 -1.40037 125
      vertex -0.610105 -1.37032 125
    endloop
  endfacet
  facet normal -0 0 1
    outer loop
      vertex -3.35616 -3.60522 125
      vertex 0.596096 -4.88938 125
      vertex -3.3541 -3.52671 125
    endloop
  endfacet
  facet normal 0 0 1
    outer loop
      vertex -3.3541 -3.52671 125
      vertex -0.610105 -1.37032 125
      vertex -0.680985 -1.33651 125
    endloop
  endfacet
  facet normal 0 0 1
    outer loop
      vertex 0.596096 -4.88938 125
      vertex -3.35616 -3.60522 125
      vertex 0.555063 -4.95634 125
    endloop
  endfacet
  facet normal 0 0 1
    outer loop
      vertex -3.3541 -3.52671 125
      vertex -0.680985 -1.33651 125
      vertex -0.75 -1.29904 125
    endloop
  endfacet
  facet normal 0 0 1
    outer loop
      vertex 1.7756 -7.20428 125
      vertex 0 -46 125
      vertex 2.40745 -45.937 125
    endloop
  endfacet
  facet normal -0 0 1
    outer loop
      vertex -3.36232 -3.6835 125
      vertex 0.555063 -4.95634 125
      vertex -3.35616 -3.60522 125
    endloop
  endfacet
  facet normal 0 0 1
    outer loop
      vertex -3.3541 -3.52671 125
      vertex -0.75 -1.29904 125
      vertex -0.816958 -1.25801 125
    endloop
  endfacet
  facet normal 0 0 1
    outer loop
      vertex 0.555063 -4.95634 125
      vertex -3.36232 -3.6835 125
      vertex 0.517591 -5.02535 125
    endloop
  endfacet
  facet normal 0 0 1
    outer loop
      vertex -3.3541 -3.52671 125
      vertex -0.816958 -1.25801 125
      vertex -0.881678 -1.21352 125
    endloop
  endfacet
  facet normal -0 0 1
    outer loop
      vertex -3.37257 -3.76136 125
      vertex 0.517591 -5.02535 125
      vertex -3.36232 -3.6835 125
    endloop
  endfacet
  facet normal 0 0 1
    outer loop
      vertex -3.3541 -3.52671 125
      vertex -0.881678 -1.21352 125
      vertex -0.94398 -1.16572 125
    endloop
  endfacet
  facet normal 0 0 1
    outer loop
      vertex 0.517591 -5.02535 125
      vertex -3.37257 -3.76136 125
      vertex 0.483784 -5.09623 125
    endloop
  endfacet
  facet normal 0 0 1
    outer loop
      vertex -3.3541 -3.52671 125
      vertex -0.94398 -1.16572 125
      vertex -1.0037 -1.11472 125
    endloop
  endfacet
  facet normal -0 0 1
    outer loop
      vertex -3.38688 -3.83858 125
      vertex 0.483784 -5.09623 125
      vertex -3.37257 -3.76136 125
    endloop
  endfacet
  facet normal 0 0 1
    outer loop
      vertex -3.3541 -3.52671 125
      vertex -1.0037 -1.11472 125
      vertex -1.06066 -1.06066 125
    endloop
  endfacet
  facet normal 0 0 1
    outer loop
      vertex 0.483784 -5.09623 125
      vertex -3.38688 -3.83858 125
      vertex 0.453731 -5.16879 125
    endloop
  endfacet
  facet normal 0 0 1
    outer loop
      vertex -3.3541 -3.52671 125
      vertex -1.06066 -1.06066 125
      vertex -1.11472 -1.0037 125
    endloop
  endfacet
  facet normal -0 0 1
    outer loop
      vertex -3.40521 -3.91494 125
      vertex 0.453731 -5.16879 125
      vertex -3.38688 -3.83858 125
    endloop
  endfacet
  facet normal 0 0 1
    outer loop
      vertex -3.3541 -3.52671 125
      vertex -1.11472 -1.0037 125
      vertex -1.16572 -0.94398 125
    endloop
  endfacet
  facet normal 0 0 1
    outer loop
      vertex 0.453731 -5.16879 125
      vertex -3.40521 -3.91494 125
      vertex 0.427517 -5.24281 125
    endloop
  endfacet
  facet normal 0 0 1
    outer loop
      vertex -3.3541 -3.52671 125
      vertex -1.16572 -0.94398 125
      vertex -1.21352 -0.881678 125
    endloop
  endfacet
  facet normal -0 0 1
    outer loop
      vertex -3.42752 -3.99024 125
      vertex 0.427517 -5.24281 125
      vertex -3.40521 -3.91494 125
    endloop
  endfacet
  facet normal 0 0 1
    outer loop
      vertex -3.3541 -3.52671 125
      vertex -1.21352 -0.881678 125
      vertex -1.25801 -0.816958 125
    endloop
  endfacet
  facet normal 0 0 1
    outer loop
      vertex -3.3541 -3.52671 125
      vertex -1.25801 -0.816958 125
      vertex -1.29904 -0.75 125
    endloop
  endfacet
  facet normal 0 0 1
    outer loop
      vertex -3.3541 -3.52671 125
      vertex -1.29904 -0.75 125
      vertex -1.33651 -0.680985 125
    endloop
  endfacet
  facet normal 0 0 1
    outer loop
      vertex -3.3541 -3.52671 125
      vertex -1.33651 -0.680985 125
      vertex -1.37032 -0.610105 125
    endloop
  endfacet
  facet normal 0 0 1
    outer loop
      vertex -1.40037 -0.537552 125
      vertex -3.3541 -3.52671 125
      vertex -1.37032 -0.610105 125
    endloop
  endfacet
  facet normal 0 0 1
    outer loop
      vertex -1.42658 -0.463525 125
      vertex -3.3541 -3.52671 125
      vertex -1.40037 -0.537552 125
    endloop
  endfacet
  facet normal 0 0 1
    outer loop
      vertex -1.44889 -0.388228 125
      vertex -3.3541 -3.52671 125
      vertex -1.42658 -0.463525 125
    endloop
  endfacet
  facet normal 0 0 1
    outer loop
      vertex -1.46722 -0.311867 125
      vertex -3.3541 -3.52671 125
      vertex -1.44889 -0.388228 125
    endloop
  endfacet
  facet normal 0 0 1
    outer loop
      vertex -1.48153 -0.234652 125
      vertex -3.3541 -3.52671 125
      vertex -1.46722 -0.311867 125
    endloop
  endfacet
  facet normal 0 0 1
    outer loop
      vertex -1.49178 -0.156793 125
      vertex -3.3541 -3.52671 125
      vertex -1.48153 -0.234652 125
    endloop
  endfacet
  facet normal 0 0 1
    outer loop
      vertex -1.49794 -0.0785036 125
      vertex -3.3541 -3.52671 125
      vertex -1.49178 -0.156793 125
    endloop
  endfacet
  facet normal 0 0 1
    outer loop
      vertex -1.5 0 125
      vertex -3.3541 -3.52671 125
      vertex -1.49794 -0.0785036 125
    endloop
  endfacet
  facet normal 0 0 1
    outer loop
      vertex 1.61945 -7.18787 125
      vertex -2.40745 -45.937 125
      vertex 0 -46 125
    endloop
  endfacet
  facet normal 0 0 1
    outer loop
      vertex -1.21352 0.881678 125
      vertex -3.64058 2.64503 125
      vertex -1.25801 0.816958 125
    endloop
  endfacet
  facet normal 0 0 1
    outer loop
      vertex -1.0037 1.11472 125
      vertex -3.48378 2.91661 125
      vertex -1.06066 1.06066 125
    endloop
  endfacet
  facet normal 0 0 1
    outer loop
      vertex 0.38688 -5.39447 125
      vertex -3.48378 -4.13682 125
      vertex 0.372569 -5.47169 125
    endloop
  endfacet
  facet normal -0 0 1
    outer loop
      vertex -3.64058 2.64503 125
      vertex -1.21352 0.881678 125
      vertex -3.5961 2.70975 125
    endloop
  endfacet
  facet normal 0 0 1
    outer loop
      vertex -1.16572 0.94398 125
      vertex -3.5961 2.70975 125
      vertex -1.21352 0.881678 125
    endloop
  endfacet
  facet normal -0 0 1
    outer loop
      vertex -3.5961 2.70975 125
      vertex -1.16572 0.94398 125
      vertex -3.55506 2.77671 125
    endloop
  endfacet
  facet normal 0 0 1
    outer loop
      vertex -1.11472 1.0037 125
      vertex -3.55506 2.77671 125
      vertex -1.16572 0.94398 125
    endloop
  endfacet
  facet normal -0 0 1
    outer loop
      vertex -3.55506 2.77671 125
      vertex -1.11472 1.0037 125
      vertex -3.51759 2.84573 125
    endloop
  endfacet
  facet normal 0 0 1
    outer loop
      vertex -1.06066 1.06066 125
      vertex -3.51759 2.84573 125
      vertex -1.11472 1.0037 125
    endloop
  endfacet
  facet normal -0 0 1
    outer loop
      vertex -3.51759 2.84573 125
      vertex -1.06066 1.06066 125
      vertex -3.48378 2.91661 125
    endloop
  endfacet
  facet normal 0 0 1
    outer loop
      vertex -2.40745 45.937 125
      vertex -3.48378 4.13682 125
      vertex -3.45373 4.06426 125
    endloop
  endfacet
  facet normal 0 0 1
    outer loop
      vertex -2.40745 45.937 125
      vertex -3.51759 4.2077 125
      vertex -3.48378 4.13682 125
    endloop
  endfacet
  facet normal 0 0 1
    outer loop
      vertex -2.40745 45.937 125
      vertex -3.55506 4.27671 125
      vertex -3.51759 4.2077 125
    endloop
  endfacet
  facet normal 0 0 1
    outer loop
      vertex -2.40745 45.937 125
      vertex -3.5961 4.34367 125
      vertex -3.55506 4.27671 125
    endloop
  endfacet
  facet normal 0 0 1
    outer loop
      vertex -2.40745 45.937 125
      vertex -3.64058 4.40839 125
      vertex -3.5961 4.34367 125
    endloop
  endfacet
  facet normal 0 0 1
    outer loop
      vertex -2.40745 45.937 125
      vertex -3.68838 4.47069 125
      vertex -3.64058 4.40839 125
    endloop
  endfacet
  facet normal 0 0 1
    outer loop
      vertex -2.40745 45.937 125
      vertex -3.73938 4.53041 125
      vertex -3.68838 4.47069 125
    endloop
  endfacet
  facet normal 0 0 1
    outer loop
      vertex -2.40745 45.937 125
      vertex -3.79344 4.58737 125
      vertex -3.73938 4.53041 125
    endloop
  endfacet
  facet normal 0 0 1
    outer loop
      vertex -2.40745 45.937 125
      vertex -3.85041 4.64143 125
      vertex -3.79344 4.58737 125
    endloop
  endfacet
  facet normal 0 0 1
    outer loop
      vertex -2.40745 45.937 125
      vertex -3.91012 4.69243 125
      vertex -3.85041 4.64143 125
    endloop
  endfacet
  facet normal 0 0 1
    outer loop
      vertex -2.40745 45.937 125
      vertex -3.97242 4.74024 125
      vertex -3.91012 4.69243 125
    endloop
  endfacet
  facet normal 0 0 1
    outer loop
      vertex -2.40745 45.937 125
      vertex -4.03714 4.78472 125
      vertex -3.97242 4.74024 125
    endloop
  endfacet
  facet normal 0 0 1
    outer loop
      vertex -2.40745 45.937 125
      vertex -4.1041 4.82575 125
      vertex -4.03714 4.78472 125
    endloop
  endfacet
  facet normal 0 0 1
    outer loop
      vertex -2.40745 45.937 125
      vertex -4.17312 4.86322 125
      vertex -4.1041 4.82575 125
    endloop
  endfacet
  facet normal 0 0 1
    outer loop
      vertex -2.40745 45.937 125
      vertex -4.244 4.89703 125
      vertex -4.17312 4.86322 125
    endloop
  endfacet
  facet normal 0 0 1
    outer loop
      vertex -2.40745 45.937 125
      vertex -4.31655 4.92708 125
      vertex -4.244 4.89703 125
    endloop
  endfacet
  facet normal 0 0 1
    outer loop
      vertex -2.40745 45.937 125
      vertex -4.39058 4.9533 125
      vertex -4.31655 4.92708 125
    endloop
  endfacet
  facet normal 0 0 1
    outer loop
      vertex -2.40745 45.937 125
      vertex -4.46587 4.9756 125
      vertex -4.39058 4.9533 125
    endloop
  endfacet
  facet normal 0 0 1
    outer loop
      vertex -2.40745 45.937 125
      vertex -4.54223 4.99393 125
      vertex -4.46587 4.9756 125
    endloop
  endfacet
  facet normal 0 0 1
    outer loop
      vertex -2.40745 45.937 125
      vertex -4.61945 5.00824 125
      vertex -4.54223 4.99393 125
    endloop
  endfacet
  facet normal 0 0 1
    outer loop
      vertex -2.40745 45.937 125
      vertex -4.69731 5.01849 125
      vertex -4.61945 5.00824 125
    endloop
  endfacet
  facet normal -0 0 1
    outer loop
      vertex -4.80831 45.748 125
      vertex -4.69731 5.01849 125
      vertex -2.40745 45.937 125
    endloop
  endfacet
  facet normal 0 0 1
    outer loop
      vertex -4.69731 5.01849 125
      vertex -4.80831 45.748 125
      vertex -4.7756 5.02466 125
    endloop
  endfacet
  facet normal -0 0 1
    outer loop
      vertex -7.19598 45.4337 125
      vertex -4.7756 5.02466 125
      vertex -4.80831 45.748 125
    endloop
  endfacet
  facet normal 0 0 1
    outer loop
      vertex -4.7756 5.02466 125
      vertex -7.19598 45.4337 125
      vertex -4.8541 5.02671 125
    endloop
  endfacet
  facet normal -0 0 1
    outer loop
      vertex -9.56394 44.9948 125
      vertex -4.8541 5.02671 125
      vertex -7.19598 45.4337 125
    endloop
  endfacet
  facet normal 0 0 1
    outer loop
      vertex -4.8541 5.02671 125
      vertex -9.56394 44.9948 125
      vertex -4.93261 5.02466 125
    endloop
  endfacet
  facet normal -0 0 1
    outer loop
      vertex -11.9057 44.4326 125
      vertex -4.93261 5.02466 125
      vertex -9.56394 44.9948 125
    endloop
  endfacet
  facet normal 0 0 1
    outer loop
      vertex -4.93261 5.02466 125
      vertex -11.9057 44.4326 125
      vertex -5.01089 5.01849 125
    endloop
  endfacet
  facet normal -0 0 1
    outer loop
      vertex -14.2148 43.7486 125
      vertex -5.01089 5.01849 125
      vertex -11.9057 44.4326 125
    endloop
  endfacet
  facet normal 0 0 1
    outer loop
      vertex -5.01089 5.01849 125
      vertex -14.2148 43.7486 125
      vertex -5.08875 5.00824 125
    endloop
  endfacet
  facet normal 0 0 1
    outer loop
      vertex -5.08875 5.00824 125
      vertex -14.2148 43.7486 125
      vertex -5.16597 4.99393 125
    endloop
  endfacet
  facet normal -0 0 1
    outer loop
      vertex -16.4849 42.9447 125
      vertex -5.16597 4.99393 125
      vertex -14.2148 43.7486 125
    endloop
  endfacet
  facet normal 0 0 1
    outer loop
      vertex -5.16597 4.99393 125
      vertex -16.4849 42.9447 125
      vertex -5.24233 4.9756 125
    endloop
  endfacet
  facet normal -0 0 1
    outer loop
      vertex -18.7099 42.0231 125
      vertex -5.24233 4.9756 125
      vertex -16.4849 42.9447 125
    endloop
  endfacet
  facet normal 0 0 1
    outer loop
      vertex -5.24233 4.9756 125
      vertex -18.7099 42.0231 125
      vertex -5.31763 4.9533 125
    endloop
  endfacet
  facet normal -0 0 1
    outer loop
      vertex -20.8836 40.9863 125
      vertex -5.31763 4.9533 125
      vertex -18.7099 42.0231 125
    endloop
  endfacet
  facet normal 0 0 1
    outer loop
      vertex -5.31763 4.9533 125
      vertex -20.8836 40.9863 125
      vertex -5.39165 4.92708 125
    endloop
  endfacet
  facet normal -0 0 1
    outer loop
      vertex -23 39.8372 125
      vertex -5.39165 4.92708 125
      vertex -20.8836 40.9863 125
    endloop
  endfacet
  facet normal 0 0 1
    outer loop
      vertex -5.39165 4.92708 125
      vertex -23 39.8372 125
      vertex -5.46421 4.89703 125
    endloop
  endfacet
  facet normal 0 0 1
    outer loop
      vertex -5.46421 4.89703 125
      vertex -23 39.8372 125
      vertex -5.53509 4.86322 125
    endloop
  endfacet
  facet normal -0 0 1
    outer loop
      vertex -25.0534 38.5788 125
      vertex -5.53509 4.86322 125
      vertex -23 39.8372 125
    endloop
  endfacet
  facet normal 0 0 1
    outer loop
      vertex -5.53509 4.86322 125
      vertex -25.0534 38.5788 125
      vertex -5.6041 4.82575 125
    endloop
  endfacet
  facet normal -0 0 1
    outer loop
      vertex -27.0381 37.2148 125
      vertex -5.6041 4.82575 125
      vertex -25.0534 38.5788 125
    endloop
  endfacet
  facet normal 0 0 1
    outer loop
      vertex -5.6041 4.82575 125
      vertex -27.0381 37.2148 125
      vertex -5.67106 4.78472 125
    endloop
  endfacet
  facet normal -0 0 1
    outer loop
      vertex -28.9487 35.7487 125
      vertex -5.67106 4.78472 125
      vertex -27.0381 37.2148 125
    endloop
  endfacet
  facet normal 0 0 1
    outer loop
      vertex -5.67106 4.78472 125
      vertex -28.9487 35.7487 125
      vertex -5.73578 4.74024 125
    endloop
  endfacet
  facet normal -0 0 1
    outer loop
      vertex -30.78 34.1847 125
      vertex -5.73578 4.74024 125
      vertex -28.9487 35.7487 125
    endloop
  endfacet
  facet normal 0 0 1
    outer loop
      vertex -5.73578 4.74024 125
      vertex -30.78 34.1847 125
      vertex -5.79808 4.69243 125
    endloop
  endfacet
  facet normal 0 0 1
    outer loop
      vertex -5.79808 4.69243 125
      vertex -30.78 34.1847 125
      vertex -5.8578 4.64143 125
    endloop
  endfacet
  facet normal -0 0 1
    outer loop
      vertex -32.5269 32.5269 125
      vertex -5.8578 4.64143 125
      vertex -30.78 34.1847 125
    endloop
  endfacet
  facet normal 0 0 1
    outer loop
      vertex -5.8578 4.64143 125
      vertex -32.5269 32.5269 125
      vertex -5.91476 4.58737 125
    endloop
  endfacet
  facet normal -0 0 1
    outer loop
      vertex -34.1847 30.78 125
      vertex -5.91476 4.58737 125
      vertex -32.5269 32.5269 125
    endloop
  endfacet
  facet normal 0 0 1
    outer loop
      vertex -5.96882 4.53041 125
      vertex -35.7487 28.9487 125
      vertex -6.01982 4.47069 125
    endloop
  endfacet
  facet normal -0 0 1
    outer loop
      vertex -35.7487 28.9487 125
      vertex -5.96882 4.53041 125
      vertex -34.1847 30.78 125
    endloop
  endfacet
  facet normal 0 0 1
    outer loop
      vertex -5.91476 4.58737 125
      vertex -34.1847 30.78 125
      vertex -5.96882 4.53041 125
    endloop
  endfacet
  facet normal 0 0 1
    outer loop
      vertex 2.39165 -4.30597 125
      vertex 1.25801 -0.816958 125
      vertex 2.31763 -4.27975 125
    endloop
  endfacet
  facet normal -0 0 1
    outer loop
      vertex 1.21352 -0.881678 125
      vertex 2.31763 -4.27975 125
      vertex 1.25801 -0.816958 125
    endloop
  endfacet
  facet normal 0 0 1
    outer loop
      vertex 2.31763 -4.27975 125
      vertex 1.21352 -0.881678 125
      vertex 2.24233 -4.25745 125
    endloop
  endfacet
  facet normal -0 0 1
    outer loop
      vertex 1.16572 -0.94398 125
      vertex 2.24233 -4.25745 125
      vertex 1.21352 -0.881678 125
    endloop
  endfacet
  facet normal 0 0 1
    outer loop
      vertex 2.24233 -4.25745 125
      vertex 1.16572 -0.94398 125
      vertex 2.16597 -4.23912 125
    endloop
  endfacet
  facet normal -0 0 1
    outer loop
      vertex 1.11472 -1.0037 125
      vertex 2.16597 -4.23912 125
      vertex 1.16572 -0.94398 125
    endloop
  endfacet
  facet normal 0 0 1
    outer loop
      vertex 2.16597 -4.23912 125
      vertex 1.11472 -1.0037 125
      vertex 2.08875 -4.22481 125
    endloop
  endfacet
  facet normal -0 0 1
    outer loop
      vertex 1.06066 -1.06066 125
      vertex 2.08875 -4.22481 125
      vertex 1.11472 -1.0037 125
    endloop
  endfacet
  facet normal 0 0 1
    outer loop
      vertex 2.08875 -4.22481 125
      vertex 1.06066 -1.06066 125
      vertex 2.01089 -4.21456 125
    endloop
  endfacet
  facet normal -0 0 1
    outer loop
      vertex 1.0037 -1.11472 125
      vertex 2.01089 -4.21456 125
      vertex 1.06066 -1.06066 125
    endloop
  endfacet
  facet normal 0 0 1
    outer loop
      vertex 2.01089 -4.21456 125
      vertex 1.0037 -1.11472 125
      vertex 1.93261 -4.20839 125
    endloop
  endfacet
  facet normal -0 0 1
    outer loop
      vertex 0.94398 -1.16572 125
      vertex 1.93261 -4.20839 125
      vertex 1.0037 -1.11472 125
    endloop
  endfacet
  facet normal 0 0 1
    outer loop
      vertex 1.93261 -4.20839 125
      vertex 0.94398 -1.16572 125
      vertex 1.8541 -4.20634 125
    endloop
  endfacet
  facet normal -0 0 1
    outer loop
      vertex 0.881678 -1.21352 125
      vertex 1.8541 -4.20634 125
      vertex 0.94398 -1.16572 125
    endloop
  endfacet
  facet normal 0 0 1
    outer loop
      vertex 1.8541 -4.20634 125
      vertex 0.881678 -1.21352 125
      vertex 1.7756 -4.20839 125
    endloop
  endfacet
  facet normal -0 0 1
    outer loop
      vertex 0.816958 -1.25801 125
      vertex 1.7756 -4.20839 125
      vertex 0.881678 -1.21352 125
    endloop
  endfacet
  facet normal 0 0 1
    outer loop
      vertex 1.7756 -4.20839 125
      vertex 0.816958 -1.25801 125
      vertex 1.69731 -4.21456 125
    endloop
  endfacet
  facet normal -0 0 1
    outer loop
      vertex 0.75 -1.29904 125
      vertex 1.69731 -4.21456 125
      vertex 0.816958 -1.25801 125
    endloop
  endfacet
  facet normal 0 0 1
    outer loop
      vertex 1.69731 -4.21456 125
      vertex 0.75 -1.29904 125
      vertex 1.61945 -4.22481 125
    endloop
  endfacet
  facet normal -0 0 1
    outer loop
      vertex 0.680985 -1.33651 125
      vertex 1.61945 -4.22481 125
      vertex 0.75 -1.29904 125
    endloop
  endfacet
  facet normal 0 0 1
    outer loop
      vertex 1.61945 -4.22481 125
      vertex 0.680985 -1.33651 125
      vertex 1.54223 -4.23912 125
    endloop
  endfacet
  facet normal -0 0 1
    outer loop
      vertex 0.610105 -1.37032 125
      vertex 1.54223 -4.23912 125
      vertex 0.680985 -1.33651 125
    endloop
  endfacet
  facet normal 0 0 1
    outer loop
      vertex 1.54223 -4.23912 125
      vertex 0.610105 -1.37032 125
      vertex 1.46587 -4.25745 125
    endloop
  endfacet
  facet normal -0 0 1
    outer loop
      vertex 0.537552 -1.40037 125
      vertex 1.46587 -4.25745 125
      vertex 0.610105 -1.37032 125
    endloop
  endfacet
  facet normal 0 0 1
    outer loop
      vertex 1.46587 -4.25745 125
      vertex 0.537552 -1.40037 125
      vertex 1.39058 -4.27975 125
    endloop
  endfacet
  facet normal -0 0 1
    outer loop
      vertex 0.463525 -1.42658 125
      vertex 1.39058 -4.27975 125
      vertex 0.537552 -1.40037 125
    endloop
  endfacet
  facet normal 0 0 1
    outer loop
      vertex 1.39058 -4.27975 125
      vertex 0.463525 -1.42658 125
      vertex 1.31655 -4.30597 125
    endloop
  endfacet
  facet normal -0 0 1
    outer loop
      vertex 0.388228 -1.44889 125
      vertex 1.31655 -4.30597 125
      vertex 0.463525 -1.42658 125
    endloop
  endfacet
  facet normal 0 0 1
    outer loop
      vertex 1.31655 -4.30597 125
      vertex 0.388228 -1.44889 125
      vertex 1.244 -4.33602 125
    endloop
  endfacet
  facet normal -0 0 1
    outer loop
      vertex 0.311867 -1.46722 125
      vertex 1.244 -4.33602 125
      vertex 0.388228 -1.44889 125
    endloop
  endfacet
  facet normal 0 0 1
    outer loop
      vertex 1.244 -4.33602 125
      vertex 0.311867 -1.46722 125
      vertex 1.17312 -4.36983 125
    endloop
  endfacet
  facet normal -0 0 1
    outer loop
      vertex 0.234652 -1.48153 125
      vertex 1.17312 -4.36983 125
      vertex 0.311867 -1.46722 125
    endloop
  endfacet
  facet normal 0 0 1
    outer loop
      vertex 1.17312 -4.36983 125
      vertex 0.234652 -1.48153 125
      vertex 1.1041 -4.4073 125
    endloop
  endfacet
  facet normal -0 0 1
    outer loop
      vertex 0.156793 -1.49178 125
      vertex 1.1041 -4.4073 125
      vertex 0.234652 -1.48153 125
    endloop
  endfacet
  facet normal 0 0 1
    outer loop
      vertex 1.1041 -4.4073 125
      vertex 0.156793 -1.49178 125
      vertex 1.03714 -4.44833 125
    endloop
  endfacet
  facet normal -0 0 1
    outer loop
      vertex 0.0785036 -1.49794 125
      vertex 1.03714 -4.44833 125
      vertex 0.156793 -1.49178 125
    endloop
  endfacet
  facet normal 0 0 1
    outer loop
      vertex 1.03714 -4.44833 125
      vertex 0.0785036 -1.49794 125
      vertex 0.972424 -4.49281 125
    endloop
  endfacet
  facet normal -0 0 1
    outer loop
      vertex 0 -1.5 125
      vertex 0.972424 -4.49281 125
      vertex 0.0785036 -1.49794 125
    endloop
  endfacet
  facet normal 0 0 1
    outer loop
      vertex 0.972424 -4.49281 125
      vertex 0 -1.5 125
      vertex 0.910121 -4.54062 125
    endloop
  endfacet
  facet normal 0 0 1
    outer loop
      vertex -0.0785036 -1.49794 125
      vertex 0.910121 -4.54062 125
      vertex 0 -1.5 125
    endloop
  endfacet
  facet normal 0 0 1
    outer loop
      vertex 0.910121 -4.54062 125
      vertex -0.0785036 -1.49794 125
      vertex 0.850406 -4.59162 125
    endloop
  endfacet
  facet normal 0 0 1
    outer loop
      vertex -0.156793 -1.49178 125
      vertex 0.850406 -4.59162 125
      vertex -0.0785036 -1.49794 125
    endloop
  endfacet
  facet normal 0 0 1
    outer loop
      vertex 0.850406 -4.59162 125
      vertex -0.156793 -1.49178 125
      vertex 0.793442 -4.64568 125
    endloop
  endfacet
  facet normal 0 0 1
    outer loop
      vertex -0.234652 -1.48153 125
      vertex 0.793442 -4.64568 125
      vertex -0.156793 -1.49178 125
    endloop
  endfacet
  facet normal 0 0 1
    outer loop
      vertex 0.793442 -4.64568 125
      vertex -0.234652 -1.48153 125
      vertex 0.739385 -4.70264 125
    endloop
  endfacet
  facet normal 0 0 1
    outer loop
      vertex -0.311867 -1.46722 125
      vertex 0.739385 -4.70264 125
      vertex -0.234652 -1.48153 125
    endloop
  endfacet
  facet normal 0 0 1
    outer loop
      vertex 0.739385 -4.70264 125
      vertex -0.311867 -1.46722 125
      vertex 0.688382 -4.76236 125
    endloop
  endfacet
  facet normal 0 0 1
    outer loop
      vertex -0.388228 -1.44889 125
      vertex 0.688382 -4.76236 125
      vertex -0.311867 -1.46722 125
    endloop
  endfacet
  facet normal 0 0 1
    outer loop
      vertex 0.688382 -4.76236 125
      vertex -0.388228 -1.44889 125
      vertex 0.640576 -4.82466 125
    endloop
  endfacet
  facet normal 0 0 1
    outer loop
      vertex -0.463525 -1.42658 125
      vertex 0.640576 -4.82466 125
      vertex -0.388228 -1.44889 125
    endloop
  endfacet
  facet normal -0 0 1
    outer loop
      vertex -3.3541 -3.52671 125
      vertex 0.640576 -4.82466 125
      vertex -0.463525 -1.42658 125
    endloop
  endfacet
  facet normal 0 0 1
    outer loop
      vertex -3.3541 -3.52671 125
      vertex -0.463525 -1.42658 125
      vertex -0.537552 -1.40037 125
    endloop
  endfacet
  facet normal 0 0 1
    outer loop
      vertex 45.937 2.40745 125
      vertex 45.937 -2.40745 125
      vertex 46 0 125
    endloop
  endfacet
  facet normal 0 0 1
    outer loop
      vertex 45.748 4.80831 125
      vertex 45.937 -2.40745 125
      vertex 45.937 2.40745 125
    endloop
  endfacet
  facet normal 0 0 1
    outer loop
      vertex 37 26 125
      vertex 45.937 -2.40745 125
      vertex 45.748 4.80831 125
    endloop
  endfacet
  facet normal 0 0 1
    outer loop
      vertex 37 26 125
      vertex 45.748 4.80831 125
      vertex 45.4337 7.19598 125
    endloop
  endfacet
  facet normal 0 0 1
    outer loop
      vertex 45.937 -2.40745 125
      vertex 37 26 125
      vertex 45.748 -4.80831 125
    endloop
  endfacet
  facet normal 0 0 1
    outer loop
      vertex 37 26 125
      vertex 45.4337 7.19598 125
      vertex 44.9948 9.56394 125
    endloop
  endfacet
  facet normal 0 0 1
    outer loop
      vertex 37 -26 125
      vertex 45.748 -4.80831 125
      vertex 37 26 125
    endloop
  endfacet
  facet normal 0 0 1
    outer loop
      vertex 37 26 125
      vertex 44.9948 9.56394 125
      vertex 44.4326 11.9057 125
    endloop
  endfacet
  facet normal 0 0 1
    outer loop
      vertex 45.748 -4.80831 125
      vertex 37 -26 125
      vertex 45.4337 -7.19598 125
    endloop
  endfacet
  facet normal 0 0 1
    outer loop
      vertex 37 26 125
      vertex 44.4326 11.9057 125
      vertex 43.7486 14.2148 125
    endloop
  endfacet
  facet normal 0 0 1
    outer loop
      vertex 45.4337 -7.19598 125
      vertex 37 -26 125
      vertex 44.9948 -9.56394 125
    endloop
  endfacet
  facet normal 0 0 1
    outer loop
      vertex 37 26 125
      vertex 43.7486 14.2148 125
      vertex 42.9447 16.4849 125
    endloop
  endfacet
  facet normal 0 0 1
    outer loop
      vertex 44.9948 -9.56394 125
      vertex 37 -26 125
      vertex 44.4326 -11.9057 125
    endloop
  endfacet
  facet normal 0 0 1
    outer loop
      vertex 37 26 125
      vertex 42.9447 16.4849 125
      vertex 42.0231 18.7099 125
    endloop
  endfacet
  facet normal 0 0 1
    outer loop
      vertex 44.4326 -11.9057 125
      vertex 37 -26 125
      vertex 43.7486 -14.2148 125
    endloop
  endfacet
  facet normal 0 0 1
    outer loop
      vertex 37 26 125
      vertex 42.0231 18.7099 125
      vertex 40.9863 20.8836 125
    endloop
  endfacet
  facet normal 0 0 1
    outer loop
      vertex 43.7486 -14.2148 125
      vertex 37 -26 125
      vertex 42.9447 -16.4849 125
    endloop
  endfacet
  facet normal 0 0 1
    outer loop
      vertex 37 26 125
      vertex 40.9863 20.8836 125
      vertex 39.8372 23 125
    endloop
  endfacet
  facet normal 0 0 1
    outer loop
      vertex 42.9447 -16.4849 125
      vertex 37 -26 125
      vertex 42.0231 -18.7099 125
    endloop
  endfacet
  facet normal 0 0 1
    outer loop
      vertex 37 26 125
      vertex 39.8372 23 125
      vertex 38.5788 25.0534 125
    endloop
  endfacet
  facet normal 0 0 1
    outer loop
      vertex 42.0231 -18.7099 125
      vertex 37 -26 125
      vertex 40.9863 -20.8836 125
    endloop
  endfacet
  facet normal -0 0 1
    outer loop
      vertex 37 26 125
      vertex 38.5788 25.0534 125
      vertex 37.2148 27.0381 125
    endloop
  endfacet
  facet normal 0 0 1
    outer loop
      vertex 40.9863 -20.8836 125
      vertex 37 -26 125
      vertex 39.8372 -23 125
    endloop
  endfacet
  facet normal 0 0 1
    outer loop
      vertex 39.8372 -23 125
      vertex 37 -26 125
      vertex 38.5788 -25.0534 125
    endloop
  endfacet
  facet normal 0 0 1
    outer loop
      vertex 35.7487 28.9487 125
      vertex 37 26 125
      vertex 37.2148 27.0381 125
    endloop
  endfacet
  facet normal 0 0 1
    outer loop
      vertex 27 26 125
      vertex 35.7487 28.9487 125
      vertex 34.1847 30.78 125
    endloop
  endfacet
  facet normal 0 0 1
    outer loop
      vertex 27 26 125
      vertex 34.1847 30.78 125
      vertex 32.5269 32.5269 125
    endloop
  endfacet
  facet normal 0 0 1
    outer loop
      vertex 27 26 125
      vertex 32.5269 32.5269 125
      vertex 30.78 34.1847 125
    endloop
  endfacet
  facet normal 0 0 1
    outer loop
      vertex 27 26 125
      vertex 30.78 34.1847 125
      vertex 28.9487 35.7487 125
    endloop
  endfacet
  facet normal 0 0 1
    outer loop
      vertex 27 26 125
      vertex 28.9487 35.7487 125
      vertex 27.0381 37.2148 125
    endloop
  endfacet
  facet normal 0 0 1
    outer loop
      vertex 35.7487 28.9487 125
      vertex 27 26 125
      vertex 37 26 125
    endloop
  endfacet
  facet normal 0 0 1
    outer loop
      vertex 23 39.8372 125
      vertex 27 26 125
      vertex 25.0534 38.5788 125
    endloop
  endfacet
  facet normal 0 0 1
    outer loop
      vertex 25.0534 38.5788 125
      vertex 27 26 125
      vertex 27.0381 37.2148 125
    endloop
  endfacet
  facet normal 0 0 1
    outer loop
      vertex 38.5788 -25.0534 125
      vertex 37 -26 125
      vertex 37.2148 -27.0381 125
    endloop
  endfacet
  facet normal 0 0 1
    outer loop
      vertex 37 -26 125
      vertex 35.7487 -28.9487 125
      vertex 37.2148 -27.0381 125
    endloop
  endfacet
  facet normal -0 0 1
    outer loop
      vertex 27 -26 125
      vertex 35.7487 -28.9487 125
      vertex 37 -26 125
    endloop
  endfacet
  facet normal 0 0 1
    outer loop
      vertex 35.7487 -28.9487 125
      vertex 27 -26 125
      vertex 34.1847 -30.78 125
    endloop
  endfacet
  facet normal 0 0 1
    outer loop
      vertex 34.1847 -30.78 125
      vertex 27 -26 125
      vertex 32.5269 -32.5269 125
    endloop
  endfacet
  facet normal 0 0 1
    outer loop
      vertex 32.5269 -32.5269 125
      vertex 27 -26 125
      vertex 30.78 -34.1847 125
    endloop
  endfacet
  facet normal 0 0 1
    outer loop
      vertex 30.78 -34.1847 125
      vertex 27 -26 125
      vertex 28.9487 -35.7487 125
    endloop
  endfacet
  facet normal 0 0 1
    outer loop
      vertex 28.9487 -35.7487 125
      vertex 27 -26 125
      vertex 27.0381 -37.2148 125
    endloop
  endfacet
  facet normal 0 -0 1
    outer loop
      vertex 7.49178 0.156793 125
      vertex 27 26 125
      vertex 7.48153 0.234652 125
    endloop
  endfacet
  facet normal -0 0 1
    outer loop
      vertex 7.49794 -0.0785036 125
      vertex 27 -26 125
      vertex 7.5 0 125
    endloop
  endfacet
  facet normal 0 0 1
    outer loop
      vertex 20.8836 40.9863 125
      vertex 27 26 125
      vertex 23 39.8372 125
    endloop
  endfacet
  facet normal 0 0 1
    outer loop
      vertex 27 -26 125
      vertex 25.0534 -38.5788 125
      vertex 27.0381 -37.2148 125
    endloop
  endfacet
  facet normal 0 0 1
    outer loop
      vertex 18.7099 42.0231 125
      vertex 27 26 125
      vertex 20.8836 40.9863 125
    endloop
  endfacet
  facet normal 0 0 1
    outer loop
      vertex 27 -26 125
      vertex 23 -39.8372 125
      vertex 25.0534 -38.5788 125
    endloop
  endfacet
  facet normal 0 0 1
    outer loop
      vertex 16.4849 42.9447 125
      vertex 27 26 125
      vertex 18.7099 42.0231 125
    endloop
  endfacet
  facet normal 0 0 1
    outer loop
      vertex 27 -26 125
      vertex 20.8836 -40.9863 125
      vertex 23 -39.8372 125
    endloop
  endfacet
  facet normal 0 0 1
    outer loop
      vertex 14.2148 43.7486 125
      vertex 27 26 125
      vertex 16.4849 42.9447 125
    endloop
  endfacet
  facet normal 0 0 1
    outer loop
      vertex 27 -26 125
      vertex 18.7099 -42.0231 125
      vertex 20.8836 -40.9863 125
    endloop
  endfacet
  facet normal 0 0 1
    outer loop
      vertex 2.31763 7.13292 125
      vertex 27 26 125
      vertex 14.2148 43.7486 125
    endloop
  endfacet
  facet normal 0 0 1
    outer loop
      vertex 27 -26 125
      vertex 16.4849 -42.9447 125
      vertex 18.7099 -42.0231 125
    endloop
  endfacet
  facet normal 0 0 1
    outer loop
      vertex 2.31763 7.13292 125
      vertex 14.2148 43.7486 125
      vertex 11.9057 44.4326 125
    endloop
  endfacet
  facet normal 0 0 1
    outer loop
      vertex 27 -26 125
      vertex 14.2148 -43.7486 125
      vertex 16.4849 -42.9447 125
    endloop
  endfacet
  facet normal 0 0 1
    outer loop
      vertex 2.16597 7.17356 125
      vertex 11.9057 44.4326 125
      vertex 9.56394 44.9948 125
    endloop
  endfacet
  facet normal 0 0 1
    outer loop
      vertex 27 -26 125
      vertex 11.9057 -44.4326 125
      vertex 14.2148 -43.7486 125
    endloop
  endfacet
  facet normal 0 0 1
    outer loop
      vertex 27 -26 125
      vertex 9.56394 -44.9948 125
      vertex 11.9057 -44.4326 125
    endloop
  endfacet
  facet normal 0 0 1
    outer loop
      vertex 27 26 125
      vertex 7.5 0 125
      vertex 27 -26 125
    endloop
  endfacet
  facet normal 0 -0 1
    outer loop
      vertex 7.5 0 125
      vertex 27 26 125
      vertex 7.49794 0.0785036 125
    endloop
  endfacet
  facet normal 0 -0 1
    outer loop
      vertex 7.49794 0.0785036 125
      vertex 27 26 125
      vertex 7.49178 0.156793 125
    endloop
  endfacet
  facet normal 0 0 1
    outer loop
      vertex 27 26 125
      vertex 7.46722 0.311867 125
      vertex 7.48153 0.234652 125
    endloop
  endfacet
  facet normal 0 0 1
    outer loop
      vertex 27 26 125
      vertex 7.44889 0.388228 125
      vertex 7.46722 0.311867 125
    endloop
  endfacet
  facet normal 0 0 1
    outer loop
      vertex 27 26 125
      vertex 7.42658 0.463525 125
      vertex 7.44889 0.388228 125
    endloop
  endfacet
  facet normal 0 0 1
    outer loop
      vertex 27 26 125
      vertex 7.40037 0.537552 125
      vertex 7.42658 0.463525 125
    endloop
  endfacet
  facet normal 0 0 1
    outer loop
      vertex 27 26 125
      vertex 7.37032 0.610105 125
      vertex 7.40037 0.537552 125
    endloop
  endfacet
  facet normal 0 0 1
    outer loop
      vertex 27 26 125
      vertex 7.33651 0.680985 125
      vertex 7.37032 0.610105 125
    endloop
  endfacet
  facet normal 0 0 1
    outer loop
      vertex 27 26 125
      vertex 7.29904 0.75 125
      vertex 7.33651 0.680985 125
    endloop
  endfacet
  facet normal 0 0 1
    outer loop
      vertex 27 26 125
      vertex 7.25801 0.816958 125
      vertex 7.29904 0.75 125
    endloop
  endfacet
  facet normal 0 0 1
    outer loop
      vertex 27 26 125
      vertex 7.21352 0.881678 125
      vertex 7.25801 0.816958 125
    endloop
  endfacet
  facet normal 0 0 1
    outer loop
      vertex 2.08875 7.18787 125
      vertex 9.56394 44.9948 125
      vertex 7.19598 45.4337 125
    endloop
  endfacet
  facet normal 0 0 1
    outer loop
      vertex 27 26 125
      vertex 7.16572 0.94398 125
      vertex 7.21352 0.881678 125
    endloop
  endfacet
  facet normal 0 0 1
    outer loop
      vertex 27 26 125
      vertex 7.11472 1.0037 125
      vertex 7.16572 0.94398 125
    endloop
  endfacet
  facet normal 0 0 1
    outer loop
      vertex 27 26 125
      vertex 3.15314 6.45634 125
      vertex 3.19061 6.38732 125
    endloop
  endfacet
  facet normal 0 0 1
    outer loop
      vertex 27 26 125
      vertex 7.06066 1.06066 125
      vertex 7.11472 1.0037 125
    endloop
  endfacet
  facet normal 0 -0 1
    outer loop
      vertex 3.22442 6.31644 125
      vertex 27 26 125
      vertex 3.19061 6.38732 125
    endloop
  endfacet
  facet normal 0 0 1
    outer loop
      vertex 27 26 125
      vertex 7.0037 1.11472 125
      vertex 7.06066 1.06066 125
    endloop
  endfacet
  facet normal 0 0 1
    outer loop
      vertex 27 26 125
      vertex 3.22442 6.31644 125
      vertex 7.0037 1.11472 125
    endloop
  endfacet
  facet normal 0 0 1
    outer loop
      vertex 7.0037 1.11472 125
      vertex 3.22442 6.31644 125
      vertex 6.94398 1.16572 125
    endloop
  endfacet
  facet normal -0 -0 1
    outer loop
      vertex 3.25447 6.24389 125
      vertex 6.94398 1.16572 125
      vertex 3.22442 6.31644 125
    endloop
  endfacet
  facet normal 0 0 1
    outer loop
      vertex 6.94398 1.16572 125
      vertex 3.25447 6.24389 125
      vertex 6.88168 1.21352 125
    endloop
  endfacet
  facet normal -0 -0 1
    outer loop
      vertex 3.28069 6.16986 125
      vertex 6.88168 1.21352 125
      vertex 3.25447 6.24389 125
    endloop
  endfacet
  facet normal -0 -0 1
    outer loop
      vertex 3.30299 6.09457 125
      vertex 6.81696 1.25801 125
      vertex 3.28069 6.16986 125
    endloop
  endfacet
  facet normal 0 0 1
    outer loop
      vertex 6.81696 1.25801 125
      vertex 3.30299 6.09457 125
      vertex 6.75 1.29904 125
    endloop
  endfacet
  facet normal -0 -0 1
    outer loop
      vertex 3.32132 6.01821 125
      vertex 6.75 1.29904 125
      vertex 3.30299 6.09457 125
    endloop
  endfacet
  facet normal 0 0 1
    outer loop
      vertex 6.75 1.29904 125
      vertex 3.32132 6.01821 125
      vertex 6.68099 1.33651 125
    endloop
  endfacet
  facet normal -0 -0 1
    outer loop
      vertex 3.33563 5.94099 125
      vertex 6.68099 1.33651 125
      vertex 3.32132 6.01821 125
    endloop
  endfacet
  facet normal 0 0 1
    outer loop
      vertex 6.68099 1.33651 125
      vertex 3.33563 5.94099 125
      vertex 6.6101 1.37032 125
    endloop
  endfacet
  facet normal -0 -0 1
    outer loop
      vertex 3.34588 5.86313 125
      vertex 6.6101 1.37032 125
      vertex 3.33563 5.94099 125
    endloop
  endfacet
  facet normal -0 -0 1
    outer loop
      vertex 3.35205 5.78484 125
      vertex 6.53755 1.40037 125
      vertex 3.34588 5.86313 125
    endloop
  endfacet
  facet normal 0 0 1
    outer loop
      vertex 6.53755 1.40037 125
      vertex 3.35205 5.78484 125
      vertex 6.46352 1.42658 125
    endloop
  endfacet
  facet normal -0 -0 1
    outer loop
      vertex 3.3541 5.70634 125
      vertex 6.46352 1.42658 125
      vertex 3.35205 5.78484 125
    endloop
  endfacet
  facet normal 0 0 1
    outer loop
      vertex 6.46352 1.42658 125
      vertex 3.3541 5.70634 125
      vertex 6.38823 1.44889 125
    endloop
  endfacet
  facet normal -0 0 1
    outer loop
      vertex 3.35205 5.62783 125
      vertex 6.38823 1.44889 125
      vertex 3.3541 5.70634 125
    endloop
  endfacet
  facet normal -0 0 1
    outer loop
      vertex 3.34588 5.54955 125
      vertex 6.31187 1.46722 125
      vertex 3.35205 5.62783 125
    endloop
  endfacet
  facet normal 0 0 1
    outer loop
      vertex 6.31187 1.46722 125
      vertex 3.34588 5.54955 125
      vertex 6.23465 1.48153 125
    endloop
  endfacet
  facet normal -0 0 1
    outer loop
      vertex 3.33563 5.47169 125
      vertex 6.23465 1.48153 125
      vertex 3.34588 5.54955 125
    endloop
  endfacet
  facet normal 0 0 1
    outer loop
      vertex 6.23465 1.48153 125
      vertex 3.33563 5.47169 125
      vertex 6.15679 1.49178 125
    endloop
  endfacet
  facet normal 0 0 1
    outer loop
      vertex 6.15679 1.49178 125
      vertex 3.32132 5.39447 125
      vertex 6.0785 1.49794 125
    endloop
  endfacet
  facet normal -0 0 1
    outer loop
      vertex 3.30299 5.31811 125
      vertex 6.0785 1.49794 125
      vertex 3.32132 5.39447 125
    endloop
  endfacet
  facet normal 0 0 1
    outer loop
      vertex 6.0785 1.49794 125
      vertex 3.30299 5.31811 125
      vertex 6 1.5 125
    endloop
  endfacet
  facet normal -0 0 1
    outer loop
      vertex 3.28069 5.24281 125
      vertex 6 1.5 125
      vertex 3.30299 5.31811 125
    endloop
  endfacet
  facet normal -0 0 1
    outer loop
      vertex 3.25447 5.16879 125
      vertex 5.9215 1.49794 125
      vertex 3.28069 5.24281 125
    endloop
  endfacet
  facet normal 0 0 1
    outer loop
      vertex 5.9215 1.49794 125
      vertex 3.25447 5.16879 125
      vertex 5.84321 1.49178 125
    endloop
  endfacet
  facet normal -0 0 1
    outer loop
      vertex 3.22442 5.09623 125
      vertex 5.84321 1.49178 125
      vertex 3.25447 5.16879 125
    endloop
  endfacet
  facet normal 0 0 1
    outer loop
      vertex 5.84321 1.49178 125
      vertex 3.22442 5.09623 125
      vertex 5.76535 1.48153 125
    endloop
  endfacet
  facet normal 0 0 1
    outer loop
      vertex 2.01089 7.19812 125
      vertex 7.19598 45.4337 125
      vertex 4.80831 45.748 125
    endloop
  endfacet
  facet normal -0 0 1
    outer loop
      vertex 3.19061 5.02535 125
      vertex 5.76535 1.48153 125
      vertex 3.22442 5.09623 125
    endloop
  endfacet
  facet normal -0 0 1
    outer loop
      vertex 3.15314 4.95634 125
      vertex 5.68813 1.46722 125
      vertex 3.19061 5.02535 125
    endloop
  endfacet
  facet normal 0 0 1
    outer loop
      vertex 5.68813 1.46722 125
      vertex 3.15314 4.95634 125
      vertex 5.61177 1.44889 125
    endloop
  endfacet
  facet normal -0 0 1
    outer loop
      vertex 3.11211 4.88938 125
      vertex 5.61177 1.44889 125
      vertex 3.15314 4.95634 125
    endloop
  endfacet
  facet normal 0 0 1
    outer loop
      vertex 5.61177 1.44889 125
      vertex 3.11211 4.88938 125
      vertex 5.53647 1.42658 125
    endloop
  endfacet
  facet normal -0 0 1
    outer loop
      vertex 3.06763 4.82466 125
      vertex 5.53647 1.42658 125
      vertex 3.11211 4.88938 125
    endloop
  endfacet
  facet normal 0 0 1
    outer loop
      vertex 5.53647 1.42658 125
      vertex 3.06763 4.82466 125
      vertex 5.46245 1.40037 125
    endloop
  endfacet
  facet normal 0 0 1
    outer loop
      vertex 5.46245 1.40037 125
      vertex 3.01982 4.76236 125
      vertex 5.38989 1.37032 125
    endloop
  endfacet
  facet normal -0 0 1
    outer loop
      vertex 2.96882 4.70264 125
      vertex 5.38989 1.37032 125
      vertex 3.01982 4.76236 125
    endloop
  endfacet
  facet normal 0 0 1
    outer loop
      vertex 5.38989 1.37032 125
      vertex 2.96882 4.70264 125
      vertex 5.31901 1.33651 125
    endloop
  endfacet
  facet normal -0 0 1
    outer loop
      vertex 2.91476 4.64568 125
      vertex 5.31901 1.33651 125
      vertex 2.96882 4.70264 125
    endloop
  endfacet
  facet normal 0 0 1
    outer loop
      vertex 5.31901 1.33651 125
      vertex 2.91476 4.64568 125
      vertex 5.25 1.29904 125
    endloop
  endfacet
  facet normal -0 0 1
    outer loop
      vertex 2.8578 4.59162 125
      vertex 5.25 1.29904 125
      vertex 2.91476 4.64568 125
    endloop
  endfacet
  facet normal 0 0 1
    outer loop
      vertex 5.25 1.29904 125
      vertex 2.8578 4.59162 125
      vertex 5.18304 1.25801 125
    endloop
  endfacet
  facet normal -0 0 1
    outer loop
      vertex 2.73578 4.49281 125
      vertex 5.11832 1.21352 125
      vertex 2.79808 4.54062 125
    endloop
  endfacet
  facet normal 0 0 1
    outer loop
      vertex 5.18304 1.25801 125
      vertex 2.79808 4.54062 125
      vertex 5.11832 1.21352 125
    endloop
  endfacet
  facet normal -0 0 1
    outer loop
      vertex 2.79808 4.54062 125
      vertex 5.18304 1.25801 125
      vertex 2.8578 4.59162 125
    endloop
  endfacet
  facet normal -0 0 1
    outer loop
      vertex 3.01982 4.76236 125
      vertex 5.46245 1.40037 125
      vertex 3.06763 4.82466 125
    endloop
  endfacet
  facet normal 0 0 1
    outer loop
      vertex 5.76535 1.48153 125
      vertex 3.19061 5.02535 125
      vertex 5.68813 1.46722 125
    endloop
  endfacet
  facet normal 0 0 1
    outer loop
      vertex 6 1.5 125
      vertex 3.28069 5.24281 125
      vertex 5.9215 1.49794 125
    endloop
  endfacet
  facet normal -0 0 1
    outer loop
      vertex 3.32132 5.39447 125
      vertex 6.15679 1.49178 125
      vertex 3.33563 5.47169 125
    endloop
  endfacet
  facet normal 0 0 1
    outer loop
      vertex 6.38823 1.44889 125
      vertex 3.35205 5.62783 125
      vertex 6.31187 1.46722 125
    endloop
  endfacet
  facet normal 0 0 1
    outer loop
      vertex 6.6101 1.37032 125
      vertex 3.34588 5.86313 125
      vertex 6.53755 1.40037 125
    endloop
  endfacet
  facet normal 0 0 1
    outer loop
      vertex 6.88168 1.21352 125
      vertex 3.28069 6.16986 125
      vertex 6.81696 1.25801 125
    endloop
  endfacet
  facet normal 0 0 1
    outer loop
      vertex 27 26 125
      vertex 3.11211 6.5233 125
      vertex 3.15314 6.45634 125
    endloop
  endfacet
  facet normal 0 0 1
    outer loop
      vertex 27 26 125
      vertex 3.06763 6.58802 125
      vertex 3.11211 6.5233 125
    endloop
  endfacet
  facet normal 0 0 1
    outer loop
      vertex 27 26 125
      vertex 3.01982 6.65032 125
      vertex 3.06763 6.58802 125
    endloop
  endfacet
  facet normal 0 0 1
    outer loop
      vertex 27 26 125
      vertex 2.96882 6.71003 125
      vertex 3.01982 6.65032 125
    endloop
  endfacet
  facet normal 0 0 1
    outer loop
      vertex 27 26 125
      vertex 2.91476 6.767 125
      vertex 2.96882 6.71003 125
    endloop
  endfacet
  facet normal 0 0 1
    outer loop
      vertex 27 26 125
      vertex 2.8578 6.82106 125
      vertex 2.91476 6.767 125
    endloop
  endfacet
  facet normal 0 0 1
    outer loop
      vertex 27 26 125
      vertex 2.79808 6.87206 125
      vertex 2.8578 6.82106 125
    endloop
  endfacet
  facet normal 0 0 1
    outer loop
      vertex 27 26 125
      vertex 2.73578 6.91986 125
      vertex 2.79808 6.87206 125
    endloop
  endfacet
  facet normal 0 0 1
    outer loop
      vertex 27 26 125
      vertex 2.67106 6.96434 125
      vertex 2.73578 6.91986 125
    endloop
  endfacet
  facet normal 0 0 1
    outer loop
      vertex 27 26 125
      vertex 2.6041 7.00538 125
      vertex 2.67106 6.96434 125
    endloop
  endfacet
  facet normal 0 0 1
    outer loop
      vertex 27 26 125
      vertex 2.53509 7.04285 125
      vertex 2.6041 7.00538 125
    endloop
  endfacet
  facet normal 0 0 1
    outer loop
      vertex 27 26 125
      vertex 2.46421 7.07666 125
      vertex 2.53509 7.04285 125
    endloop
  endfacet
  facet normal 0 0 1
    outer loop
      vertex 1.8541 7.20634 125
      vertex 4.80831 45.748 125
      vertex 2.40745 45.937 125
    endloop
  endfacet
  facet normal 0 0 1
    outer loop
      vertex 27 26 125
      vertex 2.39165 7.10671 125
      vertex 2.46421 7.07666 125
    endloop
  endfacet
  facet normal 0 0 1
    outer loop
      vertex 27 26 125
      vertex 2.31763 7.13292 125
      vertex 2.39165 7.10671 125
    endloop
  endfacet
  facet normal 0 0 1
    outer loop
      vertex 11.9057 44.4326 125
      vertex 2.24233 7.15523 125
      vertex 2.31763 7.13292 125
    endloop
  endfacet
  facet normal 0 0 1
    outer loop
      vertex 11.9057 44.4326 125
      vertex 2.16597 7.17356 125
      vertex 2.24233 7.15523 125
    endloop
  endfacet
  facet normal 0 0 1
    outer loop
      vertex 9.56394 44.9948 125
      vertex 2.08875 7.18787 125
      vertex 2.16597 7.17356 125
    endloop
  endfacet
  facet normal 0 0 1
    outer loop
      vertex 7.19598 45.4337 125
      vertex 2.01089 7.19812 125
      vertex 2.08875 7.18787 125
    endloop
  endfacet
  facet normal 0 0 1
    outer loop
      vertex 4.80831 45.748 125
      vertex 1.93261 7.20428 125
      vertex 2.01089 7.19812 125
    endloop
  endfacet
  facet normal 0 0 1
    outer loop
      vertex 4.80831 45.748 125
      vertex 1.8541 7.20634 125
      vertex 1.93261 7.20428 125
    endloop
  endfacet
  facet normal 0 0 1
    outer loop
      vertex 2.40745 45.937 125
      vertex 1.7756 7.20428 125
      vertex 1.8541 7.20634 125
    endloop
  endfacet
  facet normal 0 0 1
    outer loop
      vertex 0 46 125
      vertex 1.7756 7.20428 125
      vertex 2.40745 45.937 125
    endloop
  endfacet
  facet normal 0 0 1
    outer loop
      vertex 1.7756 7.20428 125
      vertex 0 46 125
      vertex 1.69731 7.19812 125
    endloop
  endfacet
  facet normal 0 0 1
    outer loop
      vertex 1.69731 7.19812 125
      vertex 0 46 125
      vertex 1.61945 7.18787 125
    endloop
  endfacet
  facet normal -0 0 1
    outer loop
      vertex -2.40745 45.937 125
      vertex 1.61945 7.18787 125
      vertex 0 46 125
    endloop
  endfacet
  facet normal 0 0 1
    outer loop
      vertex 1.61945 7.18787 125
      vertex -2.40745 45.937 125
      vertex 1.54223 7.17356 125
    endloop
  endfacet
  facet normal 0 0 1
    outer loop
      vertex 1.54223 7.17356 125
      vertex -2.40745 45.937 125
      vertex 1.46587 7.15523 125
    endloop
  endfacet
  facet normal 0 0 1
    outer loop
      vertex 1.46587 7.15523 125
      vertex -2.40745 45.937 125
      vertex 1.39058 7.13292 125
    endloop
  endfacet
  facet normal 0 0 1
    outer loop
      vertex 1.39058 7.13292 125
      vertex -2.40745 45.937 125
      vertex 1.31655 7.10671 125
    endloop
  endfacet
  facet normal 0 0 1
    outer loop
      vertex 1.31655 7.10671 125
      vertex -2.40745 45.937 125
      vertex 1.244 7.07666 125
    endloop
  endfacet
  facet normal 0 0 1
    outer loop
      vertex 1.244 7.07666 125
      vertex -2.40745 45.937 125
      vertex 1.17312 7.04285 125
    endloop
  endfacet
  facet normal 0 0 1
    outer loop
      vertex 1.17312 7.04285 125
      vertex -2.40745 45.937 125
      vertex 1.1041 7.00538 125
    endloop
  endfacet
  facet normal 0 0 1
    outer loop
      vertex 1.1041 7.00538 125
      vertex -2.40745 45.937 125
      vertex 1.03714 6.96434 125
    endloop
  endfacet
  facet normal 0 0 1
    outer loop
      vertex 1.03714 6.96434 125
      vertex -2.40745 45.937 125
      vertex 0.972424 6.91986 125
    endloop
  endfacet
  facet normal 0 0 1
    outer loop
      vertex 0.972424 6.91986 125
      vertex -2.40745 45.937 125
      vertex 0.910121 6.87206 125
    endloop
  endfacet
  facet normal 0 0 1
    outer loop
      vertex -3.45373 4.06426 125
      vertex 0.910121 6.87206 125
      vertex -2.40745 45.937 125
    endloop
  endfacet
  facet normal 0 0 1
    outer loop
      vertex 0.910121 6.87206 125
      vertex -3.45373 4.06426 125
      vertex 0.850406 6.82106 125
    endloop
  endfacet
  facet normal 0 0 1
    outer loop
      vertex 0.850406 6.82106 125
      vertex -3.45373 4.06426 125
      vertex 0.793442 6.767 125
    endloop
  endfacet
  facet normal 0 0 1
    outer loop
      vertex 0.793442 6.767 125
      vertex -3.45373 4.06426 125
      vertex 0.739385 6.71003 125
    endloop
  endfacet
  facet normal 0 0 1
    outer loop
      vertex 0.739385 6.71003 125
      vertex -3.45373 4.06426 125
      vertex 0.688382 6.65032 125
    endloop
  endfacet
  facet normal 0 0 1
    outer loop
      vertex 0.688382 6.65032 125
      vertex -3.45373 4.06426 125
      vertex 0.640576 6.58802 125
    endloop
  endfacet
  facet normal 0 0 1
    outer loop
      vertex 0.640576 6.58802 125
      vertex -3.45373 4.06426 125
      vertex 0.596096 6.5233 125
    endloop
  endfacet
  facet normal 0 0 1
    outer loop
      vertex 0.596096 6.5233 125
      vertex -3.45373 4.06426 125
      vertex 0.555063 6.45634 125
    endloop
  endfacet
  facet normal 0 0 1
    outer loop
      vertex 0.555063 6.45634 125
      vertex -3.45373 4.06426 125
      vertex 0.517591 6.38732 125
    endloop
  endfacet
  facet normal 0 0 1
    outer loop
      vertex 0.517591 6.38732 125
      vertex -3.45373 4.06426 125
      vertex 0.483784 6.31644 125
    endloop
  endfacet
  facet normal 0 0 1
    outer loop
      vertex 0.483784 6.31644 125
      vertex -3.45373 4.06426 125
      vertex 0.453731 6.24389 125
    endloop
  endfacet
  facet normal 0 0 1
    outer loop
      vertex 0.453731 6.24389 125
      vertex -3.45373 4.06426 125
      vertex 0.427517 6.16986 125
    endloop
  endfacet
  facet normal 0 0 1
    outer loop
      vertex 0.427517 6.16986 125
      vertex -3.45373 4.06426 125
      vertex 0.405212 6.09457 125
    endloop
  endfacet
  facet normal 0 0 1
    outer loop
      vertex -3.45373 4.06426 125
      vertex 0.38688 6.01821 125
      vertex 0.405212 6.09457 125
    endloop
  endfacet
  facet normal 0 0 1
    outer loop
      vertex 1.17312 4.36983 125
      vertex 0.234652 1.48153 125
      vertex 0.311867 1.46722 125
    endloop
  endfacet
  facet normal 0 0 1
    outer loop
      vertex -3.45373 4.06426 125
      vertex 0.354101 5.70634 125
      vertex 0.356157 5.78484 125
    endloop
  endfacet
  facet normal 0 0 1
    outer loop
      vertex 1.1041 4.4073 125
      vertex 0.156793 1.49178 125
      vertex 0.234652 1.48153 125
    endloop
  endfacet
  facet normal 0 0 1
    outer loop
      vertex 1.03714 4.44833 125
      vertex 0.0785036 1.49794 125
      vertex 0.156793 1.49178 125
    endloop
  endfacet
  facet normal 0 0 1
    outer loop
      vertex -0.75 1.29904 125
      vertex -3.38688 3.21484 125
      vertex -0.816958 1.25801 125
    endloop
  endfacet
  facet normal 0 0 1
    outer loop
      vertex -3.45373 4.06426 125
      vertex 0.372569 5.94099 125
      vertex 0.38688 6.01821 125
    endloop
  endfacet
  facet normal 0 0 1
    outer loop
      vertex 0.972424 4.49281 125
      vertex 0 1.5 125
      vertex 0.0785036 1.49794 125
    endloop
  endfacet
  facet normal 0 0 1
    outer loop
      vertex 0.910121 4.54062 125
      vertex -0.0785036 1.49794 125
      vertex 0 1.5 125
    endloop
  endfacet
  facet normal -0 0 1
    outer loop
      vertex -3.38688 3.21484 125
      vertex -0.75 1.29904 125
      vertex -3.37257 3.29206 125
    endloop
  endfacet
  facet normal 0 0 1
    outer loop
      vertex 0.850406 4.59162 125
      vertex -0.156793 1.49178 125
      vertex -0.0785036 1.49794 125
    endloop
  endfacet
  facet normal 0 0 1
    outer loop
      vertex 0.793442 4.64568 125
      vertex -0.234652 1.48153 125
      vertex -0.156793 1.49178 125
    endloop
  endfacet
  facet normal 0 0 1
    outer loop
      vertex 0.739385 4.70264 125
      vertex -0.311867 1.46722 125
      vertex -0.234652 1.48153 125
    endloop
  endfacet
  facet normal 0 0 1
    outer loop
      vertex 0.688382 4.76236 125
      vertex -0.388228 1.44889 125
      vertex -0.311867 1.46722 125
    endloop
  endfacet
  facet normal 0 0 1
    outer loop
      vertex 0.405212 5.31811 125
      vertex -3.45373 4.06426 125
      vertex -3.42752 3.99024 125
    endloop
  endfacet
  facet normal 0 0 1
    outer loop
      vertex 0.427517 5.24281 125
      vertex -3.42752 3.99024 125
      vertex -3.40521 3.91494 125
    endloop
  endfacet
  facet normal 0 0 1
    outer loop
      vertex 0.453731 5.16879 125
      vertex -3.40521 3.91494 125
      vertex -3.38688 3.83858 125
    endloop
  endfacet
  facet normal 0 0 1
    outer loop
      vertex 0.483784 5.09623 125
      vertex -3.38688 3.83858 125
      vertex -3.37257 3.76136 125
    endloop
  endfacet
  facet normal 0 0 1
    outer loop
      vertex 0.517591 5.02535 125
      vertex -3.37257 3.76136 125
      vertex -3.36232 3.6835 125
    endloop
  endfacet
  facet normal 0 0 1
    outer loop
      vertex 0.555063 4.95634 125
      vertex -3.36232 3.6835 125
      vertex -3.35616 3.60522 125
    endloop
  endfacet
  facet normal 0 0 1
    outer loop
      vertex 0.596096 4.88938 125
      vertex -3.35616 3.60522 125
      vertex -3.3541 3.52671 125
    endloop
  endfacet
  facet normal 0 0 1
    outer loop
      vertex 0.640576 4.82466 125
      vertex -0.463525 1.42658 125
      vertex -0.388228 1.44889 125
    endloop
  endfacet
  facet normal 0 0 1
    outer loop
      vertex 0.640576 4.82466 125
      vertex -3.3541 3.52671 125
      vertex -0.463525 1.42658 125
    endloop
  endfacet
  facet normal 0 0 1
    outer loop
      vertex -0.463525 1.42658 125
      vertex -3.3541 3.52671 125
      vertex -0.537552 1.40037 125
    endloop
  endfacet
  facet normal -0 0 1
    outer loop
      vertex -3.35616 3.44821 125
      vertex -0.537552 1.40037 125
      vertex -3.3541 3.52671 125
    endloop
  endfacet
  facet normal 0 0 1
    outer loop
      vertex -0.537552 1.40037 125
      vertex -3.35616 3.44821 125
      vertex -0.610105 1.37032 125
    endloop
  endfacet
  facet normal -0 0 1
    outer loop
      vertex -3.36232 3.36992 125
      vertex -0.610105 1.37032 125
      vertex -3.35616 3.44821 125
    endloop
  endfacet
  facet normal 0 0 1
    outer loop
      vertex -0.610105 1.37032 125
      vertex -3.36232 3.36992 125
      vertex -0.680985 1.33651 125
    endloop
  endfacet
  facet normal -0 0 1
    outer loop
      vertex -3.37257 3.29206 125
      vertex -0.680985 1.33651 125
      vertex -3.36232 3.36992 125
    endloop
  endfacet
  facet normal 0 0 1
    outer loop
      vertex -3.45373 4.06426 125
      vertex 0.356157 5.78484 125
      vertex 0.362319 5.86313 125
    endloop
  endfacet
  facet normal 0 0 1
    outer loop
      vertex -0.680985 1.33651 125
      vertex -3.37257 3.29206 125
      vertex -0.75 1.29904 125
    endloop
  endfacet
  facet normal 0 0 1
    outer loop
      vertex -3.45373 4.06426 125
      vertex 0.362319 5.86313 125
      vertex 0.372569 5.94099 125
    endloop
  endfacet
  facet normal -0 0 1
    outer loop
      vertex -3.40521 3.13848 125
      vertex -0.816958 1.25801 125
      vertex -3.38688 3.21484 125
    endloop
  endfacet
  facet normal 0 0 1
    outer loop
      vertex -0.816958 1.25801 125
      vertex -3.40521 3.13848 125
      vertex -0.881678 1.21352 125
    endloop
  endfacet
  facet normal -0 0 1
    outer loop
      vertex -3.42752 3.06319 125
      vertex -0.881678 1.21352 125
      vertex -3.40521 3.13848 125
    endloop
  endfacet
  facet normal 0 0 1
    outer loop
      vertex -0.881678 1.21352 125
      vertex -3.42752 3.06319 125
      vertex -0.94398 1.16572 125
    endloop
  endfacet
  facet normal -0 0 1
    outer loop
      vertex -3.45373 2.98916 125
      vertex -0.94398 1.16572 125
      vertex -3.42752 3.06319 125
    endloop
  endfacet
  facet normal -0 0 1
    outer loop
      vertex -3.48378 2.91661 125
      vertex -1.0037 1.11472 125
      vertex -3.45373 2.98916 125
    endloop
  endfacet
  facet normal 0 0 1
    outer loop
      vertex -0.94398 1.16572 125
      vertex -3.45373 2.98916 125
      vertex -1.0037 1.11472 125
    endloop
  endfacet
  facet normal 0.333793 -0.942647 0
    outer loop
      vertex 14.2148 -43.7486 7
      vertex 14.2148 -43.7486 0
      vertex 16.1007 -43.0808 7
    endloop
  endfacet
  facet normal 0.333813 -0.942639 0
    outer loop
      vertex 14.2148 -43.7486 33
      vertex 16.4849 -42.9447 125
      vertex 14.2148 -43.7486 125
    endloop
  endfacet
  facet normal 0.333793 -0.942647 5.55419e-07
    outer loop
      vertex 16.1007 -43.0808 33
      vertex 16.4849 -42.9447 125
      vertex 14.2148 -43.7486 33
    endloop
  endfacet
  facet normal 0.333911 -0.942605 0
    outer loop
      vertex 16.4849 -42.9447 0
      vertex 16.1007 -43.0808 33
      vertex 16.1007 -43.0808 7
    endloop
  endfacet
  facet normal 0.333911 -0.942605 0
    outer loop
      vertex 16.1007 -43.0808 33
      vertex 16.4849 -42.9447 0
      vertex 16.4849 -42.9447 125
    endloop
  endfacet
  facet normal 0.333813 -0.942639 -6.0643e-06
    outer loop
      vertex 16.4849 -42.9447 0
      vertex 16.1007 -43.0808 7
      vertex 14.2148 -43.7486 0
    endloop
  endfacet
  facet normal 0.026191 -0.999657 0
    outer loop
      vertex 0 -46 7
      vertex 0 -46 0
      vertex 2 -45.9476 7
    endloop
  endfacet
  facet normal 0.0261598 -0.999658 0
    outer loop
      vertex 0 -46 33
      vertex 2.40745 -45.937 125
      vertex 0 -46 125
    endloop
  endfacet
  facet normal 0.026191 -0.999657 -8.17002e-07
    outer loop
      vertex 2 -45.9476 33
      vertex 2.40745 -45.937 125
      vertex 0 -46 33
    endloop
  endfacet
  facet normal 0.0260067 -0.999662 0
    outer loop
      vertex 2.40745 -45.937 0
      vertex 2 -45.9476 33
      vertex 2 -45.9476 7
    endloop
  endfacet
  facet normal 0.0260067 -0.999662 0
    outer loop
      vertex 2 -45.9476 33
      vertex 2.40745 -45.937 0
      vertex 2.40745 -45.937 125
    endloop
  endfacet
  facet normal 0.0261598 -0.999658 8.92044e-06
    outer loop
      vertex 2.40745 -45.937 0
      vertex 2 -45.9476 7
      vertex 0 -46 0
    endloop
  endfacet
  facet normal -0.991447 -0.130509 0
    outer loop
      vertex -45.4337 -7.19598 0
      vertex -45.748 -4.80831 125
      vertex -45.748 -4.80831 0
    endloop
  endfacet
  facet normal -0.991447 -0.130509 0
    outer loop
      vertex -45.748 -4.80831 125
      vertex -45.4337 -7.19598 0
      vertex -45.4337 -7.19598 125
    endloop
  endfacet
  facet normal 0.958793 -0.284105 0
    outer loop
      vertex 44.4326 -11.9057 125
      vertex 44.3168 -12.2965 33
      vertex 44.4326 -11.9057 0
    endloop
  endfacet
  facet normal 0.958818 -0.28402 -3.90772e-07
    outer loop
      vertex 43.7486 -14.2148 125
      vertex 44.3168 -12.2965 33
      vertex 44.4326 -11.9057 125
    endloop
  endfacet
  facet normal 0.958823 -0.284003 0
    outer loop
      vertex 44.3168 -12.2965 33
      vertex 43.7486 -14.2148 125
      vertex 43.7486 -14.2148 33
    endloop
  endfacet
  facet normal 0.958793 -0.284105 0
    outer loop
      vertex 44.3168 -12.2965 7
      vertex 44.4326 -11.9057 0
      vertex 44.3168 -12.2965 33
    endloop
  endfacet
  facet normal 0.958823 -0.284003 0
    outer loop
      vertex 43.7486 -14.2148 0
      vertex 44.3168 -12.2965 7
      vertex 43.7486 -14.2148 7
    endloop
  endfacet
  facet normal 0.958818 -0.28402 5.13586e-06
    outer loop
      vertex 44.3168 -12.2965 7
      vertex 43.7486 -14.2148 0
      vertex 44.4326 -11.9057 0
    endloop
  endfacet
  facet normal 0.725363 -0.688366 0
    outer loop
      vertex 32.5269 -32.5269 125
      vertex 34.1847 -30.78 0
      vertex 34.1847 -30.78 125
    endloop
  endfacet
  facet normal 0.725363 -0.688366 0
    outer loop
      vertex 34.1847 -30.78 0
      vertex 32.5269 -32.5269 125
      vertex 32.5269 -32.5269 0
    endloop
  endfacet
  facet normal 0.923883 0.382675 0
    outer loop
      vertex 42.9447 16.4849 125
      vertex 42.0231 18.7099 0
      vertex 42.0231 18.7099 125
    endloop
  endfacet
  facet normal 0.923883 0.382675 0
    outer loop
      vertex 42.0231 18.7099 0
      vertex 42.9447 16.4849 125
      vertex 42.9447 16.4849 0
    endloop
  endfacet
  facet normal 0.999657 -0.026191 0
    outer loop
      vertex 46 0 125
      vertex 45.9476 -2 33
      vertex 46 0 33
    endloop
  endfacet
  facet normal 0.999662 -0.0260067 0
    outer loop
      vertex 45.937 -2.40745 0
      vertex 45.9476 -2 33
      vertex 45.937 -2.40745 125
    endloop
  endfacet
  facet normal 0.999658 -0.0261598 -6.78729e-07
    outer loop
      vertex 45.937 -2.40745 125
      vertex 45.9476 -2 33
      vertex 46 0 125
    endloop
  endfacet
  facet normal 0.999657 -0.026191 0
    outer loop
      vertex 45.9476 -2 7
      vertex 46 0 0
      vertex 46 0 7
    endloop
  endfacet
  facet normal 0.999658 -0.0261598 8.92044e-06
    outer loop
      vertex 45.9476 -2 7
      vertex 45.937 -2.40745 0
      vertex 46 0 0
    endloop
  endfacet
  facet normal 0.999662 -0.0260067 0
    outer loop
      vertex 45.9476 -2 33
      vertex 45.937 -2.40745 0
      vertex 45.9476 -2 7
    endloop
  endfacet
  facet normal 0.793348 -0.608768 0
    outer loop
      vertex 37.2148 -27.0381 125
      vertex 35.9968 -28.6254 33
      vertex 37.2148 -27.0381 33
    endloop
  endfacet
  facet normal 0.793326 -0.608797 0
    outer loop
      vertex 35.7487 -28.9487 0
      vertex 35.9968 -28.6254 33
      vertex 35.7487 -28.9487 125
    endloop
  endfacet
  facet normal 0.793344 -0.608773 1.34183e-07
    outer loop
      vertex 35.7487 -28.9487 125
      vertex 35.9968 -28.6254 33
      vertex 37.2148 -27.0381 125
    endloop
  endfacet
  facet normal 0.793348 -0.608768 0
    outer loop
      vertex 35.9968 -28.6254 7
      vertex 37.2148 -27.0381 0
      vertex 37.2148 -27.0381 7
    endloop
  endfacet
  facet normal 0.793344 -0.608773 -1.76355e-06
    outer loop
      vertex 35.9968 -28.6254 7
      vertex 35.7487 -28.9487 0
      vertex 37.2148 -27.0381 0
    endloop
  endfacet
  facet normal 0.793326 -0.608797 0
    outer loop
      vertex 35.9968 -28.6254 33
      vertex 35.7487 -28.9487 0
      vertex 35.9968 -28.6254 7
    endloop
  endfacet
  facet normal -0.522521 -0.852626 0
    outer loop
      vertex -25.0534 -38.5788 0
      vertex -23 -39.8372 125
      vertex -25.0534 -38.5788 125
    endloop
  endfacet
  facet normal -0.522521 -0.852626 -0
    outer loop
      vertex -23 -39.8372 125
      vertex -25.0534 -38.5788 0
      vertex -23 -39.8372 0
    endloop
  endfacet
  facet normal -0.999657 -0.026191 0
    outer loop
      vertex -46 0 0
      vertex -45.9476 -2 7
      vertex -46 0 7
    endloop
  endfacet
  facet normal -0.999662 -0.0260067 0
    outer loop
      vertex -45.9476 -2 7
      vertex -45.937 -2.40745 0
      vertex -45.9476 -2 33
    endloop
  endfacet
  facet normal -0.999658 -0.0261598 8.92044e-06
    outer loop
      vertex -45.937 -2.40745 0
      vertex -45.9476 -2 7
      vertex -46 0 0
    endloop
  endfacet
  facet normal -0.999657 -0.026191 0
    outer loop
      vertex -45.9476 -2 33
      vertex -46 0 125
      vertex -46 0 33
    endloop
  endfacet
  facet normal -0.999658 -0.0261598 -6.78729e-07
    outer loop
      vertex -45.9476 -2 33
      vertex -45.937 -2.40745 125
      vertex -46 0 125
    endloop
  endfacet
  facet normal -0.999662 -0.0260067 -0
    outer loop
      vertex -45.937 -2.40745 125
      vertex -45.9476 -2 33
      vertex -45.937 -2.40745 0
    endloop
  endfacet
  facet normal 0.649429 0.760422 -0
    outer loop
      vertex 30.78 34.1847 0
      vertex 28.9487 35.7487 125
      vertex 30.78 34.1847 125
    endloop
  endfacet
  facet normal 0.649429 0.760422 0
    outer loop
      vertex 28.9487 35.7487 125
      vertex 30.78 34.1847 0
      vertex 28.9487 35.7487 0
    endloop
  endfacet
  facet normal 0.852626 0.522521 0
    outer loop
      vertex 39.8372 23 125
      vertex 38.5788 25.0534 0
      vertex 38.5788 25.0534 125
    endloop
  endfacet
  facet normal 0.852626 0.522521 0
    outer loop
      vertex 38.5788 25.0534 0
      vertex 39.8372 23 125
      vertex 39.8372 23 0
    endloop
  endfacet
  facet normal 0.852626 -0.522521 0
    outer loop
      vertex 38.5788 -25.0534 125
      vertex 39.8372 -23 0
      vertex 39.8372 -23 125
    endloop
  endfacet
  facet normal 0.852626 -0.522521 0
    outer loop
      vertex 39.8372 -23 0
      vertex 38.5788 -25.0534 125
      vertex 38.5788 -25.0534 0
    endloop
  endfacet
  facet normal 0.942647 -0.333793 0
    outer loop
      vertex 43.7486 -14.2148 125
      vertex 43.0808 -16.1007 33
      vertex 43.7486 -14.2148 33
    endloop
  endfacet
  facet normal 0.942605 -0.333911 0
    outer loop
      vertex 42.9447 -16.4849 0
      vertex 43.0808 -16.1007 33
      vertex 42.9447 -16.4849 125
    endloop
  endfacet
  facet normal 0.942639 -0.333813 4.61414e-07
    outer loop
      vertex 42.9447 -16.4849 125
      vertex 43.0808 -16.1007 33
      vertex 43.7486 -14.2148 125
    endloop
  endfacet
  facet normal 0.942647 -0.333793 0
    outer loop
      vertex 43.0808 -16.1007 7
      vertex 43.7486 -14.2148 0
      vertex 43.7486 -14.2148 7
    endloop
  endfacet
  facet normal 0.942639 -0.333813 -6.0643e-06
    outer loop
      vertex 43.0808 -16.1007 7
      vertex 42.9447 -16.4849 0
      vertex 43.7486 -14.2148 0
    endloop
  endfacet
  facet normal 0.942605 -0.333911 0
    outer loop
      vertex 43.0808 -16.1007 33
      vertex 42.9447 -16.4849 0
      vertex 43.0808 -16.1007 7
    endloop
  endfacet
  facet normal 0.878819 0.477155 0
    outer loop
      vertex 40.9863 20.8836 125
      vertex 39.8372 23 0
      vertex 39.8372 23 125
    endloop
  endfacet
  facet normal 0.878819 0.477155 0
    outer loop
      vertex 39.8372 23 0
      vertex 40.9863 20.8836 125
      vertex 40.9863 20.8836 0
    endloop
  endfacet
  facet normal 0.284003 0.958823 0
    outer loop
      vertex 14.2148 43.7486 7
      vertex 14.2148 43.7486 0
      vertex 12.2965 44.3168 7
    endloop
  endfacet
  facet normal 0.28402 0.958818 -0
    outer loop
      vertex 14.2148 43.7486 33
      vertex 11.9057 44.4326 125
      vertex 14.2148 43.7486 125
    endloop
  endfacet
  facet normal 0.284003 0.958823 -4.70383e-07
    outer loop
      vertex 12.2965 44.3168 33
      vertex 11.9057 44.4326 125
      vertex 14.2148 43.7486 33
    endloop
  endfacet
  facet normal 0.284105 0.958793 0
    outer loop
      vertex 11.9057 44.4326 0
      vertex 12.2965 44.3168 33
      vertex 12.2965 44.3168 7
    endloop
  endfacet
  facet normal 0.284105 0.958793 0
    outer loop
      vertex 12.2965 44.3168 33
      vertex 11.9057 44.4326 0
      vertex 11.9057 44.4326 125
    endloop
  endfacet
  facet normal 0.28402 0.958818 5.13586e-06
    outer loop
      vertex 11.9057 44.4326 0
      vertex 12.2965 44.3168 7
      vertex 14.2148 43.7486 0
    endloop
  endfacet
  facet normal 0.958823 0.284003 0
    outer loop
      vertex 43.7486 14.2148 125
      vertex 44.3168 12.2965 33
      vertex 43.7486 14.2148 33
    endloop
  endfacet
  facet normal 0.958793 0.284105 -0
    outer loop
      vertex 44.4326 11.9057 0
      vertex 44.3168 12.2965 33
      vertex 44.4326 11.9057 125
    endloop
  endfacet
  facet normal 0.958818 0.28402 -3.90772e-07
    outer loop
      vertex 44.4326 11.9057 125
      vertex 44.3168 12.2965 33
      vertex 43.7486 14.2148 125
    endloop
  endfacet
  facet normal 0.958823 0.284003 0
    outer loop
      vertex 44.3168 12.2965 7
      vertex 43.7486 14.2148 0
      vertex 43.7486 14.2148 7
    endloop
  endfacet
  facet normal 0.958818 0.28402 5.13586e-06
    outer loop
      vertex 44.3168 12.2965 7
      vertex 44.4326 11.9057 0
      vertex 43.7486 14.2148 0
    endloop
  endfacet
  facet normal 0.958793 0.284105 0
    outer loop
      vertex 44.3168 12.2965 33
      vertex 44.4326 11.9057 0
      vertex 44.3168 12.2965 7
    endloop
  endfacet
  facet normal 0.233443 0.972371 -0
    outer loop
      vertex 11.9057 44.4326 0
      vertex 9.56394 44.9948 125
      vertex 11.9057 44.4326 125
    endloop
  endfacet
  facet normal 0.233443 0.972371 0
    outer loop
      vertex 9.56394 44.9948 125
      vertex 11.9057 44.4326 0
      vertex 9.56394 44.9948 0
    endloop
  endfacet
  facet normal -0.28402 0.958818 -3.90772e-07
    outer loop
      vertex -11.9057 44.4326 125
      vertex -12.2965 44.3168 33
      vertex -14.2148 43.7486 125
    endloop
  endfacet
  facet normal -0.284105 0.958793 0
    outer loop
      vertex -11.9057 44.4326 0
      vertex -12.2965 44.3168 33
      vertex -11.9057 44.4326 125
    endloop
  endfacet
  facet normal -0.284105 0.958793 0
    outer loop
      vertex -12.2965 44.3168 33
      vertex -11.9057 44.4326 0
      vertex -12.2965 44.3168 7
    endloop
  endfacet
  facet normal -0.28402 0.958818 5.13586e-06
    outer loop
      vertex -14.2148 43.7486 0
      vertex -12.2965 44.3168 7
      vertex -11.9057 44.4326 0
    endloop
  endfacet
  facet normal -0.284003 0.958823 0
    outer loop
      vertex -12.2965 44.3168 7
      vertex -14.2148 43.7486 0
      vertex -14.2148 43.7486 7
    endloop
  endfacet
  facet normal -0.284003 0.958823 0
    outer loop
      vertex -14.2148 43.7486 125
      vertex -12.2965 44.3168 33
      vertex -14.2148 43.7486 33
    endloop
  endfacet
  facet normal 0.923883 -0.382675 0
    outer loop
      vertex 42.0231 -18.7099 125
      vertex 42.9447 -16.4849 0
      vertex 42.9447 -16.4849 125
    endloop
  endfacet
  facet normal 0.923883 -0.382675 0
    outer loop
      vertex 42.9447 -16.4849 0
      vertex 42.0231 -18.7099 125
      vertex 42.0231 -18.7099 0
    endloop
  endfacet
  facet normal 0.0261598 0.999658 -6.78729e-07
    outer loop
      vertex 2.40745 45.937 125
      vertex 2 45.9476 33
      vertex 0 46 125
    endloop
  endfacet
  facet normal 0.0260067 0.999662 -0
    outer loop
      vertex 2.40745 45.937 0
      vertex 2 45.9476 33
      vertex 2.40745 45.937 125
    endloop
  endfacet
  facet normal 0.0260067 0.999662 0
    outer loop
      vertex 2 45.9476 33
      vertex 2.40745 45.937 0
      vertex 2 45.9476 7
    endloop
  endfacet
  facet normal 0.0261598 0.999658 8.92044e-06
    outer loop
      vertex 0 46 0
      vertex 2 45.9476 7
      vertex 2.40745 45.937 0
    endloop
  endfacet
  facet normal 0.026191 0.999657 0
    outer loop
      vertex 2 45.9476 7
      vertex 0 46 0
      vertex 0 46 7
    endloop
  endfacet
  facet normal 0.026191 0.999657 0
    outer loop
      vertex 0 46 125
      vertex 2 45.9476 33
      vertex 0 46 33
    endloop
  endfacet
  facet normal 0.902586 0.430511 0
    outer loop
      vertex 42.0231 18.7099 125
      vertex 40.9863 20.8836 0
      vertex 40.9863 20.8836 125
    endloop
  endfacet
  facet normal 0.902586 0.430511 0
    outer loop
      vertex 40.9863 20.8836 0
      vertex 42.0231 18.7099 125
      vertex 42.0231 18.7099 0
    endloop
  endfacet
  facet normal 0.608768 -0.793348 0
    outer loop
      vertex 27.0381 -37.2148 7
      vertex 27.0381 -37.2148 0
      vertex 28.6254 -35.9968 7
    endloop
  endfacet
  facet normal 0.608773 -0.793344 0
    outer loop
      vertex 27.0381 -37.2148 33
      vertex 28.9487 -35.7487 125
      vertex 27.0381 -37.2148 125
    endloop
  endfacet
  facet normal 0.608768 -0.793348 1.61515e-07
    outer loop
      vertex 28.6254 -35.9968 33
      vertex 28.9487 -35.7487 125
      vertex 27.0381 -37.2148 33
    endloop
  endfacet
  facet normal 0.608797 -0.793326 0
    outer loop
      vertex 28.9487 -35.7487 0
      vertex 28.6254 -35.9968 33
      vertex 28.6254 -35.9968 7
    endloop
  endfacet
  facet normal 0.608797 -0.793326 0
    outer loop
      vertex 28.6254 -35.9968 33
      vertex 28.9487 -35.7487 0
      vertex 28.9487 -35.7487 125
    endloop
  endfacet
  facet normal 0.608773 -0.793344 -1.76355e-06
    outer loop
      vertex 28.9487 -35.7487 0
      vertex 28.6254 -35.9968 7
      vertex 27.0381 -37.2148 0
    endloop
  endfacet
  facet normal -0.958793 -0.284105 -0
    outer loop
      vertex -44.3168 -12.2965 33
      vertex -44.4326 -11.9057 0
      vertex -44.3168 -12.2965 7
    endloop
  endfacet
  facet normal -0.958818 -0.28402 5.13586e-06
    outer loop
      vertex -43.7486 -14.2148 0
      vertex -44.3168 -12.2965 7
      vertex -44.4326 -11.9057 0
    endloop
  endfacet
  facet normal -0.958823 -0.284003 0
    outer loop
      vertex -44.3168 -12.2965 7
      vertex -43.7486 -14.2148 0
      vertex -43.7486 -14.2148 7
    endloop
  endfacet
  facet normal -0.958793 -0.284105 0
    outer loop
      vertex -44.4326 -11.9057 0
      vertex -44.3168 -12.2965 33
      vertex -44.4326 -11.9057 125
    endloop
  endfacet
  facet normal -0.958823 -0.284003 -4.70383e-07
    outer loop
      vertex -43.7486 -14.2148 33
      vertex -44.4326 -11.9057 125
      vertex -44.3168 -12.2965 33
    endloop
  endfacet
  facet normal -0.958818 -0.28402 0
    outer loop
      vertex -44.4326 -11.9057 125
      vertex -43.7486 -14.2148 33
      vertex -43.7486 -14.2148 125
    endloop
  endfacet
  facet normal 0.942605 0.333911 0
    outer loop
      vertex 42.9447 16.4849 125
      vertex 43.0808 16.1007 33
      vertex 42.9447 16.4849 0
    endloop
  endfacet
  facet normal 0.942639 0.333813 4.61414e-07
    outer loop
      vertex 43.7486 14.2148 125
      vertex 43.0808 16.1007 33
      vertex 42.9447 16.4849 125
    endloop
  endfacet
  facet normal 0.942647 0.333793 0
    outer loop
      vertex 43.0808 16.1007 33
      vertex 43.7486 14.2148 125
      vertex 43.7486 14.2148 33
    endloop
  endfacet
  facet normal 0.942605 0.333911 -0
    outer loop
      vertex 43.0808 16.1007 7
      vertex 42.9447 16.4849 0
      vertex 43.0808 16.1007 33
    endloop
  endfacet
  facet normal 0.942647 0.333793 -0
    outer loop
      vertex 43.7486 14.2148 0
      vertex 43.0808 16.1007 7
      vertex 43.7486 14.2148 7
    endloop
  endfacet
  facet normal 0.942639 0.333813 -6.0643e-06
    outer loop
      vertex 43.0808 16.1007 7
      vertex 43.7486 14.2148 0
      vertex 42.9447 16.4849 0
    endloop
  endfacet
  facet normal -0.130509 -0.991447 0
    outer loop
      vertex -7.19598 -45.4337 0
      vertex -4.80831 -45.748 125
      vertex -7.19598 -45.4337 125
    endloop
  endfacet
  facet normal -0.130509 -0.991447 -0
    outer loop
      vertex -4.80831 -45.748 125
      vertex -7.19598 -45.4337 0
      vertex -4.80831 -45.748 0
    endloop
  endfacet
  facet normal 0.688366 -0.725363 0
    outer loop
      vertex 30.78 -34.1847 0
      vertex 32.5269 -32.5269 125
      vertex 30.78 -34.1847 125
    endloop
  endfacet
  facet normal 0.688366 -0.725363 0
    outer loop
      vertex 32.5269 -32.5269 125
      vertex 30.78 -34.1847 0
      vertex 32.5269 -32.5269 0
    endloop
  endfacet
  facet normal 0.991447 -0.130509 0
    outer loop
      vertex 45.4337 -7.19598 125
      vertex 45.748 -4.80831 0
      vertex 45.748 -4.80831 125
    endloop
  endfacet
  facet normal 0.991447 -0.130509 0
    outer loop
      vertex 45.748 -4.80831 0
      vertex 45.4337 -7.19598 125
      vertex 45.4337 -7.19598 0
    endloop
  endfacet
  facet normal -0.725363 -0.688366 0
    outer loop
      vertex -32.5269 -32.5269 0
      vertex -34.1847 -30.78 125
      vertex -34.1847 -30.78 0
    endloop
  endfacet
  facet normal -0.725363 -0.688366 0
    outer loop
      vertex -34.1847 -30.78 125
      vertex -32.5269 -32.5269 0
      vertex -32.5269 -32.5269 125
    endloop
  endfacet
  facet normal 0.760422 0.649429 0
    outer loop
      vertex 35.7487 28.9487 125
      vertex 34.1847 30.78 0
      vertex 34.1847 30.78 125
    endloop
  endfacet
  facet normal 0.760422 0.649429 0
    outer loop
      vertex 34.1847 30.78 0
      vertex 35.7487 28.9487 125
      vertex 35.7487 28.9487 0
    endloop
  endfacet
  facet normal -0.824192 -0.56631 -0
    outer loop
      vertex -38.348 -25.3893 33
      vertex -38.5788 -25.0534 0
      vertex -38.348 -25.3893 7
    endloop
  endfacet
  facet normal -0.824135 -0.566393 -5.86325e-06
    outer loop
      vertex -37.2148 -27.0381 0
      vertex -38.348 -25.3893 7
      vertex -38.5788 -25.0534 0
    endloop
  endfacet
  facet normal -0.824124 -0.56641 0
    outer loop
      vertex -38.348 -25.3893 7
      vertex -37.2148 -27.0381 0
      vertex -37.2148 -27.0381 7
    endloop
  endfacet
  facet normal -0.824192 -0.56631 0
    outer loop
      vertex -38.5788 -25.0534 0
      vertex -38.348 -25.3893 33
      vertex -38.5788 -25.0534 125
    endloop
  endfacet
  facet normal -0.824124 -0.56641 5.36994e-07
    outer loop
      vertex -37.2148 -27.0381 33
      vertex -38.5788 -25.0534 125
      vertex -38.348 -25.3893 33
    endloop
  endfacet
  facet normal -0.824135 -0.566393 0
    outer loop
      vertex -38.5788 -25.0534 125
      vertex -37.2148 -27.0381 33
      vertex -37.2148 -27.0381 125
    endloop
  endfacet
  facet normal -0.991447 0.130509 0
    outer loop
      vertex -45.748 4.80831 0
      vertex -45.4337 7.19598 125
      vertex -45.4337 7.19598 0
    endloop
  endfacet
  facet normal -0.991447 0.130509 0
    outer loop
      vertex -45.4337 7.19598 125
      vertex -45.748 4.80831 0
      vertex -45.748 4.80831 125
    endloop
  endfacet
  facet normal -0.996916 -0.078479 0
    outer loop
      vertex -45.748 -4.80831 0
      vertex -45.937 -2.40745 125
      vertex -45.937 -2.40745 0
    endloop
  endfacet
  facet normal -0.996916 -0.078479 0
    outer loop
      vertex -45.937 -2.40745 125
      vertex -45.748 -4.80831 0
      vertex -45.748 -4.80831 125
    endloop
  endfacet
  facet normal -0.078479 0.996916 0
    outer loop
      vertex -2.40745 45.937 0
      vertex -4.80831 45.748 125
      vertex -2.40745 45.937 125
    endloop
  endfacet
  facet normal -0.078479 0.996916 0
    outer loop
      vertex -4.80831 45.748 125
      vertex -2.40745 45.937 0
      vertex -4.80831 45.748 0
    endloop
  endfacet
  facet normal -0.026191 0.999657 0
    outer loop
      vertex 0 46 7
      vertex 0 46 0
      vertex -2 45.9476 7
    endloop
  endfacet
  facet normal -0.0261598 0.999658 0
    outer loop
      vertex 0 46 33
      vertex -2.40745 45.937 125
      vertex 0 46 125
    endloop
  endfacet
  facet normal -0.026191 0.999657 -8.17002e-07
    outer loop
      vertex -2 45.9476 33
      vertex -2.40745 45.937 125
      vertex 0 46 33
    endloop
  endfacet
  facet normal -0.0260067 0.999662 0
    outer loop
      vertex -2.40745 45.937 0
      vertex -2 45.9476 33
      vertex -2 45.9476 7
    endloop
  endfacet
  facet normal -0.0260067 0.999662 0
    outer loop
      vertex -2 45.9476 33
      vertex -2.40745 45.937 0
      vertex -2.40745 45.937 125
    endloop
  endfacet
  facet normal -0.0261598 0.999658 8.92044e-06
    outer loop
      vertex -2.40745 45.937 0
      vertex -2 45.9476 7
      vertex 0 46 0
    endloop
  endfacet
  facet normal -0.333813 -0.942639 4.61414e-07
    outer loop
      vertex -16.4849 -42.9447 125
      vertex -16.1007 -43.0808 33
      vertex -14.2148 -43.7486 125
    endloop
  endfacet
  facet normal -0.333911 -0.942605 0
    outer loop
      vertex -16.4849 -42.9447 0
      vertex -16.1007 -43.0808 33
      vertex -16.4849 -42.9447 125
    endloop
  endfacet
  facet normal -0.333911 -0.942605 -0
    outer loop
      vertex -16.1007 -43.0808 33
      vertex -16.4849 -42.9447 0
      vertex -16.1007 -43.0808 7
    endloop
  endfacet
  facet normal -0.333813 -0.942639 -6.0643e-06
    outer loop
      vertex -14.2148 -43.7486 0
      vertex -16.1007 -43.0808 7
      vertex -16.4849 -42.9447 0
    endloop
  endfacet
  facet normal -0.333793 -0.942647 0
    outer loop
      vertex -16.1007 -43.0808 7
      vertex -14.2148 -43.7486 0
      vertex -14.2148 -43.7486 7
    endloop
  endfacet
  facet normal -0.333793 -0.942647 -0
    outer loop
      vertex -14.2148 -43.7486 125
      vertex -16.1007 -43.0808 33
      vertex -14.2148 -43.7486 33
    endloop
  endfacet
  facet normal 0.760422 -0.649429 0
    outer loop
      vertex 34.1847 -30.78 125
      vertex 35.7487 -28.9487 0
      vertex 35.7487 -28.9487 125
    endloop
  endfacet
  facet normal 0.760422 -0.649429 0
    outer loop
      vertex 35.7487 -28.9487 0
      vertex 34.1847 -30.78 125
      vertex 34.1847 -30.78 0
    endloop
  endfacet
  facet normal -0.760422 -0.649429 0
    outer loop
      vertex -34.1847 -30.78 0
      vertex -35.7487 -28.9487 125
      vertex -35.7487 -28.9487 0
    endloop
  endfacet
  facet normal -0.760422 -0.649429 0
    outer loop
      vertex -35.7487 -28.9487 125
      vertex -34.1847 -30.78 0
      vertex -34.1847 -30.78 125
    endloop
  endfacet
  facet normal -0.902586 0.430511 0
    outer loop
      vertex -42.0231 18.7099 0
      vertex -40.9863 20.8836 125
      vertex -40.9863 20.8836 0
    endloop
  endfacet
  facet normal -0.902586 0.430511 0
    outer loop
      vertex -40.9863 20.8836 125
      vertex -42.0231 18.7099 0
      vertex -42.0231 18.7099 125
    endloop
  endfacet
  facet normal 0.078479 -0.996916 0
    outer loop
      vertex 2.40745 -45.937 0
      vertex 4.80831 -45.748 125
      vertex 2.40745 -45.937 125
    endloop
  endfacet
  facet normal 0.078479 -0.996916 0
    outer loop
      vertex 4.80831 -45.748 125
      vertex 2.40745 -45.937 0
      vertex 4.80831 -45.748 0
    endloop
  endfacet
  facet normal -0.852626 0.522521 0
    outer loop
      vertex -39.8372 23 0
      vertex -38.5788 25.0534 125
      vertex -38.5788 25.0534 0
    endloop
  endfacet
  facet normal -0.852626 0.522521 0
    outer loop
      vertex -38.5788 25.0534 125
      vertex -39.8372 23 0
      vertex -39.8372 23 125
    endloop
  endfacet
  facet normal 0.649429 -0.760422 0
    outer loop
      vertex 28.9487 -35.7487 0
      vertex 30.78 -34.1847 125
      vertex 28.9487 -35.7487 125
    endloop
  endfacet
  facet normal 0.649429 -0.760422 0
    outer loop
      vertex 30.78 -34.1847 125
      vertex 28.9487 -35.7487 0
      vertex 30.78 -34.1847 0
    endloop
  endfacet
  facet normal 0.382675 0.923883 -0
    outer loop
      vertex 18.7099 42.0231 0
      vertex 16.4849 42.9447 125
      vertex 18.7099 42.0231 125
    endloop
  endfacet
  facet normal 0.382675 0.923883 0
    outer loop
      vertex 16.4849 42.9447 125
      vertex 18.7099 42.0231 0
      vertex 16.4849 42.9447 0
    endloop
  endfacet
  facet normal -0.958823 0.284003 0
    outer loop
      vertex -43.7486 14.2148 0
      vertex -44.3168 12.2965 7
      vertex -43.7486 14.2148 7
    endloop
  endfacet
  facet normal -0.958793 0.284105 0
    outer loop
      vertex -44.3168 12.2965 7
      vertex -44.4326 11.9057 0
      vertex -44.3168 12.2965 33
    endloop
  endfacet
  facet normal -0.958818 0.28402 5.13586e-06
    outer loop
      vertex -44.4326 11.9057 0
      vertex -44.3168 12.2965 7
      vertex -43.7486 14.2148 0
    endloop
  endfacet
  facet normal -0.958823 0.284003 0
    outer loop
      vertex -44.3168 12.2965 33
      vertex -43.7486 14.2148 125
      vertex -43.7486 14.2148 33
    endloop
  endfacet
  facet normal -0.958818 0.28402 -3.90772e-07
    outer loop
      vertex -44.3168 12.2965 33
      vertex -44.4326 11.9057 125
      vertex -43.7486 14.2148 125
    endloop
  endfacet
  facet normal -0.958793 0.284105 0
    outer loop
      vertex -44.4326 11.9057 125
      vertex -44.3168 12.2965 33
      vertex -44.4326 11.9057 0
    endloop
  endfacet
  facet normal 0.430511 0.902586 -0
    outer loop
      vertex 20.8836 40.9863 0
      vertex 18.7099 42.0231 125
      vertex 20.8836 40.9863 125
    endloop
  endfacet
  facet normal 0.430511 0.902586 0
    outer loop
      vertex 18.7099 42.0231 125
      vertex 20.8836 40.9863 0
      vertex 18.7099 42.0231 0
    endloop
  endfacet
  facet normal 0.793326 0.608797 0
    outer loop
      vertex 35.7487 28.9487 125
      vertex 35.9968 28.6254 33
      vertex 35.7487 28.9487 0
    endloop
  endfacet
  facet normal 0.793344 0.608773 1.34183e-07
    outer loop
      vertex 37.2148 27.0381 125
      vertex 35.9968 28.6254 33
      vertex 35.7487 28.9487 125
    endloop
  endfacet
  facet normal 0.793348 0.608768 0
    outer loop
      vertex 35.9968 28.6254 33
      vertex 37.2148 27.0381 125
      vertex 37.2148 27.0381 33
    endloop
  endfacet
  facet normal 0.793326 0.608797 -0
    outer loop
      vertex 35.9968 28.6254 7
      vertex 35.7487 28.9487 0
      vertex 35.9968 28.6254 33
    endloop
  endfacet
  facet normal 0.793348 0.608768 -0
    outer loop
      vertex 37.2148 27.0381 0
      vertex 35.9968 28.6254 7
      vertex 37.2148 27.0381 7
    endloop
  endfacet
  facet normal 0.793344 0.608773 -1.76355e-06
    outer loop
      vertex 35.9968 28.6254 7
      vertex 37.2148 27.0381 0
      vertex 35.7487 28.9487 0
    endloop
  endfacet
  facet normal -0.999662 0.0260067 0
    outer loop
      vertex -45.9476 2 33
      vertex -45.937 2.40745 0
      vertex -45.9476 2 7
    endloop
  endfacet
  facet normal -0.999658 0.0261598 8.92044e-06
    outer loop
      vertex -46 0 0
      vertex -45.9476 2 7
      vertex -45.937 2.40745 0
    endloop
  endfacet
  facet normal -0.999657 0.026191 0
    outer loop
      vertex -45.9476 2 7
      vertex -46 0 0
      vertex -46 0 7
    endloop
  endfacet
  facet normal -0.999662 0.0260067 0
    outer loop
      vertex -45.937 2.40745 0
      vertex -45.9476 2 33
      vertex -45.937 2.40745 125
    endloop
  endfacet
  facet normal -0.999657 0.026191 -8.17002e-07
    outer loop
      vertex -46 0 33
      vertex -45.937 2.40745 125
      vertex -45.9476 2 33
    endloop
  endfacet
  facet normal -0.999658 0.0261598 0
    outer loop
      vertex -45.937 2.40745 125
      vertex -46 0 33
      vertex -46 0 125
    endloop
  endfacet
  facet normal -0.182245 0.983253 0
    outer loop
      vertex -7.19598 45.4337 0
      vertex -9.56394 44.9948 125
      vertex -7.19598 45.4337 125
    endloop
  endfacet
  facet normal -0.182245 0.983253 0
    outer loop
      vertex -9.56394 44.9948 125
      vertex -7.19598 45.4337 0
      vertex -9.56394 44.9948 0
    endloop
  endfacet
  facet normal 0.28402 -0.958818 -3.90772e-07
    outer loop
      vertex 11.9057 -44.4326 125
      vertex 12.2965 -44.3168 33
      vertex 14.2148 -43.7486 125
    endloop
  endfacet
  facet normal 0.284105 -0.958793 0
    outer loop
      vertex 11.9057 -44.4326 0
      vertex 12.2965 -44.3168 33
      vertex 11.9057 -44.4326 125
    endloop
  endfacet
  facet normal 0.284105 -0.958793 0
    outer loop
      vertex 12.2965 -44.3168 33
      vertex 11.9057 -44.4326 0
      vertex 12.2965 -44.3168 7
    endloop
  endfacet
  facet normal 0.28402 -0.958818 5.13586e-06
    outer loop
      vertex 14.2148 -43.7486 0
      vertex 12.2965 -44.3168 7
      vertex 11.9057 -44.4326 0
    endloop
  endfacet
  facet normal 0.284003 -0.958823 0
    outer loop
      vertex 12.2965 -44.3168 7
      vertex 14.2148 -43.7486 0
      vertex 14.2148 -43.7486 7
    endloop
  endfacet
  facet normal 0.284003 -0.958823 0
    outer loop
      vertex 14.2148 -43.7486 125
      vertex 12.2965 -44.3168 33
      vertex 14.2148 -43.7486 33
    endloop
  endfacet
  facet normal 0.182245 0.983253 -0
    outer loop
      vertex 9.56394 44.9948 0
      vertex 7.19598 45.4337 125
      vertex 9.56394 44.9948 125
    endloop
  endfacet
  facet normal 0.182245 0.983253 0
    outer loop
      vertex 7.19598 45.4337 125
      vertex 9.56394 44.9948 0
      vertex 7.19598 45.4337 0
    endloop
  endfacet
  facet normal 0.078479 0.996916 -0
    outer loop
      vertex 4.80831 45.748 0
      vertex 2.40745 45.937 125
      vertex 4.80831 45.748 125
    endloop
  endfacet
  facet normal 0.078479 0.996916 0
    outer loop
      vertex 2.40745 45.937 125
      vertex 4.80831 45.748 0
      vertex 2.40745 45.937 0
    endloop
  endfacet
  facet normal -0.130509 0.991447 0
    outer loop
      vertex -4.80831 45.748 0
      vertex -7.19598 45.4337 125
      vertex -4.80831 45.748 125
    endloop
  endfacet
  facet normal -0.130509 0.991447 0
    outer loop
      vertex -7.19598 45.4337 125
      vertex -4.80831 45.748 0
      vertex -7.19598 45.4337 0
    endloop
  endfacet
  facet normal -0.983253 -0.182245 0
    outer loop
      vertex -44.9948 -9.56394 0
      vertex -45.4337 -7.19598 125
      vertex -45.4337 -7.19598 0
    endloop
  endfacet
  facet normal -0.983253 -0.182245 0
    outer loop
      vertex -45.4337 -7.19598 125
      vertex -44.9948 -9.56394 0
      vertex -44.9948 -9.56394 125
    endloop
  endfacet
  facet normal 0.824124 0.56641 0
    outer loop
      vertex 37.2148 27.0381 125
      vertex 38.348 25.3893 33
      vertex 37.2148 27.0381 33
    endloop
  endfacet
  facet normal 0.824192 0.56631 -0
    outer loop
      vertex 38.5788 25.0534 0
      vertex 38.348 25.3893 33
      vertex 38.5788 25.0534 125
    endloop
  endfacet
  facet normal 0.824135 0.566393 4.46117e-07
    outer loop
      vertex 38.5788 25.0534 125
      vertex 38.348 25.3893 33
      vertex 37.2148 27.0381 125
    endloop
  endfacet
  facet normal 0.824124 0.56641 0
    outer loop
      vertex 38.348 25.3893 7
      vertex 37.2148 27.0381 0
      vertex 37.2148 27.0381 7
    endloop
  endfacet
  facet normal 0.824135 0.566393 -5.86325e-06
    outer loop
      vertex 38.348 25.3893 7
      vertex 38.5788 25.0534 0
      vertex 37.2148 27.0381 0
    endloop
  endfacet
  facet normal 0.824192 0.56631 0
    outer loop
      vertex 38.348 25.3893 33
      vertex 38.5788 25.0534 0
      vertex 38.348 25.3893 7
    endloop
  endfacet
  facet normal 0.382675 -0.923883 0
    outer loop
      vertex 16.4849 -42.9447 0
      vertex 18.7099 -42.0231 125
      vertex 16.4849 -42.9447 125
    endloop
  endfacet
  facet normal 0.382675 -0.923883 0
    outer loop
      vertex 18.7099 -42.0231 125
      vertex 16.4849 -42.9447 0
      vertex 18.7099 -42.0231 0
    endloop
  endfacet
  facet normal 0.996916 -0.078479 0
    outer loop
      vertex 45.748 -4.80831 125
      vertex 45.937 -2.40745 0
      vertex 45.937 -2.40745 125
    endloop
  endfacet
  facet normal 0.996916 -0.078479 0
    outer loop
      vertex 45.937 -2.40745 0
      vertex 45.748 -4.80831 125
      vertex 45.748 -4.80831 0
    endloop
  endfacet
  facet normal 0.477155 -0.878819 0
    outer loop
      vertex 20.8836 -40.9863 0
      vertex 23 -39.8372 125
      vertex 20.8836 -40.9863 125
    endloop
  endfacet
  facet normal 0.477155 -0.878819 0
    outer loop
      vertex 23 -39.8372 125
      vertex 20.8836 -40.9863 0
      vertex 23 -39.8372 0
    endloop
  endfacet
  facet normal -0.793326 0.608797 0
    outer loop
      vertex -35.9968 28.6254 33
      vertex -35.7487 28.9487 0
      vertex -35.9968 28.6254 7
    endloop
  endfacet
  facet normal -0.793344 0.608773 -1.76355e-06
    outer loop
      vertex -37.2148 27.0381 0
      vertex -35.9968 28.6254 7
      vertex -35.7487 28.9487 0
    endloop
  endfacet
  facet normal -0.793348 0.608768 0
    outer loop
      vertex -35.9968 28.6254 7
      vertex -37.2148 27.0381 0
      vertex -37.2148 27.0381 7
    endloop
  endfacet
  facet normal -0.793326 0.608797 0
    outer loop
      vertex -35.7487 28.9487 0
      vertex -35.9968 28.6254 33
      vertex -35.7487 28.9487 125
    endloop
  endfacet
  facet normal -0.793348 0.608768 1.61515e-07
    outer loop
      vertex -37.2148 27.0381 33
      vertex -35.7487 28.9487 125
      vertex -35.9968 28.6254 33
    endloop
  endfacet
  facet normal -0.793344 0.608773 0
    outer loop
      vertex -35.7487 28.9487 125
      vertex -37.2148 27.0381 33
      vertex -37.2148 27.0381 125
    endloop
  endfacet
  facet normal 0.983253 0.182245 0
    outer loop
      vertex 45.4337 7.19598 125
      vertex 44.9948 9.56394 0
      vertex 44.9948 9.56394 125
    endloop
  endfacet
  facet normal 0.983253 0.182245 0
    outer loop
      vertex 44.9948 9.56394 0
      vertex 45.4337 7.19598 125
      vertex 45.4337 7.19598 0
    endloop
  endfacet
  facet normal -0.852626 -0.522521 0
    outer loop
      vertex -38.5788 -25.0534 0
      vertex -39.8372 -23 125
      vertex -39.8372 -23 0
    endloop
  endfacet
  facet normal -0.852626 -0.522521 0
    outer loop
      vertex -39.8372 -23 125
      vertex -38.5788 -25.0534 0
      vertex -38.5788 -25.0534 125
    endloop
  endfacet
  facet normal -0.430511 -0.902586 0
    outer loop
      vertex -20.8836 -40.9863 0
      vertex -18.7099 -42.0231 125
      vertex -20.8836 -40.9863 125
    endloop
  endfacet
  facet normal -0.430511 -0.902586 -0
    outer loop
      vertex -18.7099 -42.0231 125
      vertex -20.8836 -40.9863 0
      vertex -18.7099 -42.0231 0
    endloop
  endfacet
  facet normal -0.983253 0.182245 0
    outer loop
      vertex -45.4337 7.19598 0
      vertex -44.9948 9.56394 125
      vertex -44.9948 9.56394 0
    endloop
  endfacet
  facet normal -0.983253 0.182245 0
    outer loop
      vertex -44.9948 9.56394 125
      vertex -45.4337 7.19598 0
      vertex -45.4337 7.19598 125
    endloop
  endfacet
  facet normal -0.942605 0.333911 0
    outer loop
      vertex -43.0808 16.1007 33
      vertex -42.9447 16.4849 0
      vertex -43.0808 16.1007 7
    endloop
  endfacet
  facet normal -0.942639 0.333813 -6.0643e-06
    outer loop
      vertex -43.7486 14.2148 0
      vertex -43.0808 16.1007 7
      vertex -42.9447 16.4849 0
    endloop
  endfacet
  facet normal -0.942647 0.333793 0
    outer loop
      vertex -43.0808 16.1007 7
      vertex -43.7486 14.2148 0
      vertex -43.7486 14.2148 7
    endloop
  endfacet
  facet normal -0.942605 0.333911 0
    outer loop
      vertex -42.9447 16.4849 0
      vertex -43.0808 16.1007 33
      vertex -42.9447 16.4849 125
    endloop
  endfacet
  facet normal -0.942647 0.333793 5.55419e-07
    outer loop
      vertex -43.7486 14.2148 33
      vertex -42.9447 16.4849 125
      vertex -43.0808 16.1007 33
    endloop
  endfacet
  facet normal -0.942639 0.333813 0
    outer loop
      vertex -42.9447 16.4849 125
      vertex -43.7486 14.2148 33
      vertex -43.7486 14.2148 125
    endloop
  endfacet
  facet normal -0.333793 0.942647 0
    outer loop
      vertex -14.2148 43.7486 7
      vertex -14.2148 43.7486 0
      vertex -16.1007 43.0808 7
    endloop
  endfacet
  facet normal -0.333813 0.942639 0
    outer loop
      vertex -14.2148 43.7486 33
      vertex -16.4849 42.9447 125
      vertex -14.2148 43.7486 125
    endloop
  endfacet
  facet normal -0.333793 0.942647 5.55419e-07
    outer loop
      vertex -16.1007 43.0808 33
      vertex -16.4849 42.9447 125
      vertex -14.2148 43.7486 33
    endloop
  endfacet
  facet normal -0.333911 0.942605 0
    outer loop
      vertex -16.4849 42.9447 0
      vertex -16.1007 43.0808 33
      vertex -16.1007 43.0808 7
    endloop
  endfacet
  facet normal -0.333911 0.942605 0
    outer loop
      vertex -16.1007 43.0808 33
      vertex -16.4849 42.9447 0
      vertex -16.4849 42.9447 125
    endloop
  endfacet
  facet normal -0.333813 0.942639 -6.0643e-06
    outer loop
      vertex -16.4849 42.9447 0
      vertex -16.1007 43.0808 7
      vertex -14.2148 43.7486 0
    endloop
  endfacet
  facet normal -0.078479 -0.996916 0
    outer loop
      vertex -4.80831 -45.748 0
      vertex -2.40745 -45.937 125
      vertex -4.80831 -45.748 125
    endloop
  endfacet
  facet normal -0.078479 -0.996916 -0
    outer loop
      vertex -2.40745 -45.937 125
      vertex -4.80831 -45.748 0
      vertex -2.40745 -45.937 0
    endloop
  endfacet
  facet normal 0.972371 0.233443 0
    outer loop
      vertex 44.9948 9.56394 125
      vertex 44.4326 11.9057 0
      vertex 44.4326 11.9057 125
    endloop
  endfacet
  facet normal 0.972371 0.233443 0
    outer loop
      vertex 44.4326 11.9057 0
      vertex 44.9948 9.56394 125
      vertex 44.9948 9.56394 0
    endloop
  endfacet
  facet normal -0.725363 0.688366 0
    outer loop
      vertex -34.1847 30.78 0
      vertex -32.5269 32.5269 125
      vertex -32.5269 32.5269 0
    endloop
  endfacet
  facet normal -0.725363 0.688366 0
    outer loop
      vertex -32.5269 32.5269 125
      vertex -34.1847 30.78 0
      vertex -34.1847 30.78 125
    endloop
  endfacet
  facet normal 0.522521 -0.852626 0
    outer loop
      vertex 23 -39.8372 0
      vertex 25.0534 -38.5788 125
      vertex 23 -39.8372 125
    endloop
  endfacet
  facet normal 0.522521 -0.852626 0
    outer loop
      vertex 25.0534 -38.5788 125
      vertex 23 -39.8372 0
      vertex 25.0534 -38.5788 0
    endloop
  endfacet
  facet normal 0.688366 0.725363 -0
    outer loop
      vertex 32.5269 32.5269 0
      vertex 30.78 34.1847 125
      vertex 32.5269 32.5269 125
    endloop
  endfacet
  facet normal 0.688366 0.725363 0
    outer loop
      vertex 30.78 34.1847 125
      vertex 32.5269 32.5269 0
      vertex 30.78 34.1847 0
    endloop
  endfacet
  facet normal -0.477155 0.878819 0
    outer loop
      vertex -20.8836 40.9863 0
      vertex -23 39.8372 125
      vertex -20.8836 40.9863 125
    endloop
  endfacet
  facet normal -0.477155 0.878819 0
    outer loop
      vertex -23 39.8372 125
      vertex -20.8836 40.9863 0
      vertex -23 39.8372 0
    endloop
  endfacet
  facet normal -0.649429 0.760422 0
    outer loop
      vertex -28.9487 35.7487 0
      vertex -30.78 34.1847 125
      vertex -28.9487 35.7487 125
    endloop
  endfacet
  facet normal -0.649429 0.760422 0
    outer loop
      vertex -30.78 34.1847 125
      vertex -28.9487 35.7487 0
      vertex -30.78 34.1847 0
    endloop
  endfacet
  facet normal 0.608773 0.793344 1.34183e-07
    outer loop
      vertex 28.9487 35.7487 125
      vertex 28.6254 35.9968 33
      vertex 27.0381 37.2148 125
    endloop
  endfacet
  facet normal 0.608797 0.793326 -0
    outer loop
      vertex 28.9487 35.7487 0
      vertex 28.6254 35.9968 33
      vertex 28.9487 35.7487 125
    endloop
  endfacet
  facet normal 0.608797 0.793326 0
    outer loop
      vertex 28.6254 35.9968 33
      vertex 28.9487 35.7487 0
      vertex 28.6254 35.9968 7
    endloop
  endfacet
  facet normal 0.608773 0.793344 -1.76355e-06
    outer loop
      vertex 27.0381 37.2148 0
      vertex 28.6254 35.9968 7
      vertex 28.9487 35.7487 0
    endloop
  endfacet
  facet normal 0.608768 0.793348 0
    outer loop
      vertex 28.6254 35.9968 7
      vertex 27.0381 37.2148 0
      vertex 27.0381 37.2148 7
    endloop
  endfacet
  facet normal 0.608768 0.793348 0
    outer loop
      vertex 27.0381 37.2148 125
      vertex 28.6254 35.9968 33
      vertex 27.0381 37.2148 33
    endloop
  endfacet
  facet normal -0.793348 -0.608768 0
    outer loop
      vertex -37.2148 -27.0381 0
      vertex -35.9968 -28.6254 7
      vertex -37.2148 -27.0381 7
    endloop
  endfacet
  facet normal -0.793326 -0.608797 0
    outer loop
      vertex -35.9968 -28.6254 7
      vertex -35.7487 -28.9487 0
      vertex -35.9968 -28.6254 33
    endloop
  endfacet
  facet normal -0.793344 -0.608773 -1.76355e-06
    outer loop
      vertex -35.7487 -28.9487 0
      vertex -35.9968 -28.6254 7
      vertex -37.2148 -27.0381 0
    endloop
  endfacet
  facet normal -0.793348 -0.608768 0
    outer loop
      vertex -35.9968 -28.6254 33
      vertex -37.2148 -27.0381 125
      vertex -37.2148 -27.0381 33
    endloop
  endfacet
  facet normal -0.793344 -0.608773 1.34183e-07
    outer loop
      vertex -35.9968 -28.6254 33
      vertex -35.7487 -28.9487 125
      vertex -37.2148 -27.0381 125
    endloop
  endfacet
  facet normal -0.793326 -0.608797 -0
    outer loop
      vertex -35.7487 -28.9487 125
      vertex -35.9968 -28.6254 33
      vertex -35.7487 -28.9487 0
    endloop
  endfacet
  facet normal 0.824192 -0.56631 0
    outer loop
      vertex 38.5788 -25.0534 125
      vertex 38.348 -25.3893 33
      vertex 38.5788 -25.0534 0
    endloop
  endfacet
  facet normal 0.824135 -0.566393 4.46117e-07
    outer loop
      vertex 37.2148 -27.0381 125
      vertex 38.348 -25.3893 33
      vertex 38.5788 -25.0534 125
    endloop
  endfacet
  facet normal 0.824124 -0.56641 0
    outer loop
      vertex 38.348 -25.3893 33
      vertex 37.2148 -27.0381 125
      vertex 37.2148 -27.0381 33
    endloop
  endfacet
  facet normal 0.824192 -0.56631 0
    outer loop
      vertex 38.348 -25.3893 7
      vertex 38.5788 -25.0534 0
      vertex 38.348 -25.3893 33
    endloop
  endfacet
  facet normal 0.824124 -0.56641 0
    outer loop
      vertex 37.2148 -27.0381 0
      vertex 38.348 -25.3893 7
      vertex 37.2148 -27.0381 7
    endloop
  endfacet
  facet normal 0.824135 -0.566393 -5.86325e-06
    outer loop
      vertex 38.348 -25.3893 7
      vertex 37.2148 -27.0381 0
      vertex 38.5788 -25.0534 0
    endloop
  endfacet
  facet normal 0.333813 0.942639 4.61414e-07
    outer loop
      vertex 16.4849 42.9447 125
      vertex 16.1007 43.0808 33
      vertex 14.2148 43.7486 125
    endloop
  endfacet
  facet normal 0.333911 0.942605 -0
    outer loop
      vertex 16.4849 42.9447 0
      vertex 16.1007 43.0808 33
      vertex 16.4849 42.9447 125
    endloop
  endfacet
  facet normal 0.333911 0.942605 0
    outer loop
      vertex 16.1007 43.0808 33
      vertex 16.4849 42.9447 0
      vertex 16.1007 43.0808 7
    endloop
  endfacet
  facet normal 0.333813 0.942639 -6.0643e-06
    outer loop
      vertex 14.2148 43.7486 0
      vertex 16.1007 43.0808 7
      vertex 16.4849 42.9447 0
    endloop
  endfacet
  facet normal 0.333793 0.942647 0
    outer loop
      vertex 16.1007 43.0808 7
      vertex 14.2148 43.7486 0
      vertex 14.2148 43.7486 7
    endloop
  endfacet
  facet normal 0.333793 0.942647 0
    outer loop
      vertex 14.2148 43.7486 125
      vertex 16.1007 43.0808 33
      vertex 14.2148 43.7486 33
    endloop
  endfacet
  facet normal -0.649429 -0.760422 0
    outer loop
      vertex -30.78 -34.1847 0
      vertex -28.9487 -35.7487 125
      vertex -30.78 -34.1847 125
    endloop
  endfacet
  facet normal -0.649429 -0.760422 -0
    outer loop
      vertex -28.9487 -35.7487 125
      vertex -30.78 -34.1847 0
      vertex -28.9487 -35.7487 0
    endloop
  endfacet
  facet normal 0.477155 0.878819 -0
    outer loop
      vertex 23 39.8372 0
      vertex 20.8836 40.9863 125
      vertex 23 39.8372 125
    endloop
  endfacet
  facet normal 0.477155 0.878819 0
    outer loop
      vertex 20.8836 40.9863 125
      vertex 23 39.8372 0
      vertex 20.8836 40.9863 0
    endloop
  endfacet
  facet normal 0.233443 -0.972371 0
    outer loop
      vertex 9.56394 -44.9948 0
      vertex 11.9057 -44.4326 125
      vertex 9.56394 -44.9948 125
    endloop
  endfacet
  facet normal 0.233443 -0.972371 0
    outer loop
      vertex 11.9057 -44.4326 125
      vertex 9.56394 -44.9948 0
      vertex 11.9057 -44.4326 0
    endloop
  endfacet
  facet normal -0.608768 0.793348 0
    outer loop
      vertex -27.0381 37.2148 7
      vertex -27.0381 37.2148 0
      vertex -28.6254 35.9968 7
    endloop
  endfacet
  facet normal -0.608773 0.793344 0
    outer loop
      vertex -27.0381 37.2148 33
      vertex -28.9487 35.7487 125
      vertex -27.0381 37.2148 125
    endloop
  endfacet
  facet normal -0.608768 0.793348 1.61515e-07
    outer loop
      vertex -28.6254 35.9968 33
      vertex -28.9487 35.7487 125
      vertex -27.0381 37.2148 33
    endloop
  endfacet
  facet normal -0.608797 0.793326 0
    outer loop
      vertex -28.9487 35.7487 0
      vertex -28.6254 35.9968 33
      vertex -28.6254 35.9968 7
    endloop
  endfacet
  facet normal -0.608797 0.793326 0
    outer loop
      vertex -28.6254 35.9968 33
      vertex -28.9487 35.7487 0
      vertex -28.9487 35.7487 125
    endloop
  endfacet
  facet normal -0.608773 0.793344 -1.76355e-06
    outer loop
      vertex -28.9487 35.7487 0
      vertex -28.6254 35.9968 7
      vertex -27.0381 37.2148 0
    endloop
  endfacet
  facet normal -0.760422 0.649429 0
    outer loop
      vertex -35.7487 28.9487 0
      vertex -34.1847 30.78 125
      vertex -34.1847 30.78 0
    endloop
  endfacet
  facet normal -0.760422 0.649429 0
    outer loop
      vertex -34.1847 30.78 125
      vertex -35.7487 28.9487 0
      vertex -35.7487 28.9487 125
    endloop
  endfacet
  facet normal -0.284003 -0.958823 -0
    outer loop
      vertex -14.2148 -43.7486 7
      vertex -14.2148 -43.7486 0
      vertex -12.2965 -44.3168 7
    endloop
  endfacet
  facet normal -0.28402 -0.958818 0
    outer loop
      vertex -14.2148 -43.7486 33
      vertex -11.9057 -44.4326 125
      vertex -14.2148 -43.7486 125
    endloop
  endfacet
  facet normal -0.284003 -0.958823 -4.70383e-07
    outer loop
      vertex -12.2965 -44.3168 33
      vertex -11.9057 -44.4326 125
      vertex -14.2148 -43.7486 33
    endloop
  endfacet
  facet normal -0.284105 -0.958793 0
    outer loop
      vertex -11.9057 -44.4326 0
      vertex -12.2965 -44.3168 33
      vertex -12.2965 -44.3168 7
    endloop
  endfacet
  facet normal -0.284105 -0.958793 0
    outer loop
      vertex -12.2965 -44.3168 33
      vertex -11.9057 -44.4326 0
      vertex -11.9057 -44.4326 125
    endloop
  endfacet
  facet normal -0.28402 -0.958818 5.13586e-06
    outer loop
      vertex -11.9057 -44.4326 0
      vertex -12.2965 -44.3168 7
      vertex -14.2148 -43.7486 0
    endloop
  endfacet
  facet normal -0.430511 0.902586 0
    outer loop
      vertex -18.7099 42.0231 0
      vertex -20.8836 40.9863 125
      vertex -18.7099 42.0231 125
    endloop
  endfacet
  facet normal -0.430511 0.902586 0
    outer loop
      vertex -20.8836 40.9863 125
      vertex -18.7099 42.0231 0
      vertex -20.8836 40.9863 0
    endloop
  endfacet
  facet normal 0.182245 -0.983253 0
    outer loop
      vertex 7.19598 -45.4337 0
      vertex 9.56394 -44.9948 125
      vertex 7.19598 -45.4337 125
    endloop
  endfacet
  facet normal 0.182245 -0.983253 0
    outer loop
      vertex 9.56394 -44.9948 125
      vertex 7.19598 -45.4337 0
      vertex 9.56394 -44.9948 0
    endloop
  endfacet
  facet normal -0.233443 -0.972371 0
    outer loop
      vertex -11.9057 -44.4326 0
      vertex -9.56394 -44.9948 125
      vertex -11.9057 -44.4326 125
    endloop
  endfacet
  facet normal -0.233443 -0.972371 -0
    outer loop
      vertex -9.56394 -44.9948 125
      vertex -11.9057 -44.4326 0
      vertex -9.56394 -44.9948 0
    endloop
  endfacet
  facet normal -0.0261598 -0.999658 -6.78729e-07
    outer loop
      vertex -2.40745 -45.937 125
      vertex -2 -45.9476 33
      vertex 0 -46 125
    endloop
  endfacet
  facet normal -0.0260067 -0.999662 0
    outer loop
      vertex -2.40745 -45.937 0
      vertex -2 -45.9476 33
      vertex -2.40745 -45.937 125
    endloop
  endfacet
  facet normal -0.0260067 -0.999662 -0
    outer loop
      vertex -2 -45.9476 33
      vertex -2.40745 -45.937 0
      vertex -2 -45.9476 7
    endloop
  endfacet
  facet normal -0.0261598 -0.999658 8.92044e-06
    outer loop
      vertex 0 -46 0
      vertex -2 -45.9476 7
      vertex -2.40745 -45.937 0
    endloop
  endfacet
  facet normal -0.026191 -0.999657 0
    outer loop
      vertex -2 -45.9476 7
      vertex 0 -46 0
      vertex 0 -46 7
    endloop
  endfacet
  facet normal -0.026191 -0.999657 -0
    outer loop
      vertex 0 -46 125
      vertex -2 -45.9476 33
      vertex 0 -46 33
    endloop
  endfacet
  facet normal 0.430511 -0.902586 0
    outer loop
      vertex 18.7099 -42.0231 0
      vertex 20.8836 -40.9863 125
      vertex 18.7099 -42.0231 125
    endloop
  endfacet
  facet normal 0.430511 -0.902586 0
    outer loop
      vertex 20.8836 -40.9863 125
      vertex 18.7099 -42.0231 0
      vertex 20.8836 -40.9863 0
    endloop
  endfacet
  facet normal -0.182245 -0.983253 0
    outer loop
      vertex -9.56394 -44.9948 0
      vertex -7.19598 -45.4337 125
      vertex -9.56394 -44.9948 125
    endloop
  endfacet
  facet normal -0.182245 -0.983253 -0
    outer loop
      vertex -7.19598 -45.4337 125
      vertex -9.56394 -44.9948 0
      vertex -7.19598 -45.4337 0
    endloop
  endfacet
  facet normal 0.725363 0.688366 0
    outer loop
      vertex 34.1847 30.78 125
      vertex 32.5269 32.5269 0
      vertex 32.5269 32.5269 125
    endloop
  endfacet
  facet normal 0.725363 0.688366 0
    outer loop
      vertex 32.5269 32.5269 0
      vertex 34.1847 30.78 125
      vertex 34.1847 30.78 0
    endloop
  endfacet
  facet normal 0.983253 -0.182245 0
    outer loop
      vertex 44.9948 -9.56394 125
      vertex 45.4337 -7.19598 0
      vertex 45.4337 -7.19598 125
    endloop
  endfacet
  facet normal 0.983253 -0.182245 0
    outer loop
      vertex 45.4337 -7.19598 0
      vertex 44.9948 -9.56394 125
      vertex 44.9948 -9.56394 0
    endloop
  endfacet
  facet normal -0.824124 0.56641 0
    outer loop
      vertex -37.2148 27.0381 0
      vertex -38.348 25.3893 7
      vertex -37.2148 27.0381 7
    endloop
  endfacet
  facet normal -0.824192 0.56631 0
    outer loop
      vertex -38.348 25.3893 7
      vertex -38.5788 25.0534 0
      vertex -38.348 25.3893 33
    endloop
  endfacet
  facet normal -0.824135 0.566393 -5.86325e-06
    outer loop
      vertex -38.5788 25.0534 0
      vertex -38.348 25.3893 7
      vertex -37.2148 27.0381 0
    endloop
  endfacet
  facet normal -0.824124 0.56641 0
    outer loop
      vertex -38.348 25.3893 33
      vertex -37.2148 27.0381 125
      vertex -37.2148 27.0381 33
    endloop
  endfacet
  facet normal -0.824135 0.566393 4.46117e-07
    outer loop
      vertex -38.348 25.3893 33
      vertex -38.5788 25.0534 125
      vertex -37.2148 27.0381 125
    endloop
  endfacet
  facet normal -0.824192 0.56631 0
    outer loop
      vertex -38.5788 25.0534 125
      vertex -38.348 25.3893 33
      vertex -38.5788 25.0534 0
    endloop
  endfacet
  facet normal 0 0 -1
    outer loop
      vertex 20.3877 2.14283 0
      vertex 27 26 0
      vertex 20.4719 1.07289 0
    endloop
  endfacet
  facet normal 0 0 -1
    outer loop
      vertex 20.2476 3.20691 0
      vertex 27 26 0
      vertex 20.3877 2.14283 0
    endloop
  endfacet
  facet normal 0 0 -1
    outer loop
      vertex 20.052 4.26219 0
      vertex 27 26 0
      vertex 20.2476 3.20691 0
    endloop
  endfacet
  facet normal 0 0 -1
    outer loop
      vertex 19.8015 5.30579 0
      vertex 27 26 0
      vertex 20.052 4.26219 0
    endloop
  endfacet
  facet normal 0 0 -1
    outer loop
      vertex 19.4967 6.33485 0
      vertex 27 26 0
      vertex 19.8015 5.30579 0
    endloop
  endfacet
  facet normal 0 0 -1
    outer loop
      vertex 19.1384 7.34654 0
      vertex 27 26 0
      vertex 19.4967 6.33485 0
    endloop
  endfacet
  facet normal 0 0 -1
    outer loop
      vertex 18.7277 8.3381 0
      vertex 27 26 0
      vertex 19.1384 7.34654 0
    endloop
  endfacet
  facet normal 0 0 -1
    outer loop
      vertex 18.2656 9.3068 0
      vertex 27 26 0
      vertex 18.7277 8.3381 0
    endloop
  endfacet
  facet normal 0 0 -1
    outer loop
      vertex 17.7535 10.25 0
      vertex 27 26 0
      vertex 18.2656 9.3068 0
    endloop
  endfacet
  facet normal 0 0 -1
    outer loop
      vertex 17.1927 11.1651 0
      vertex 27 26 0
      vertex 17.7535 10.25 0
    endloop
  endfacet
  facet normal 0 0 -1
    outer loop
      vertex 16.5848 12.0496 0
      vertex 27 26 0
      vertex 17.1927 11.1651 0
    endloop
  endfacet
  facet normal 0 0 -1
    outer loop
      vertex 15.9315 12.9011 0
      vertex 27 26 0
      vertex 16.5848 12.0496 0
    endloop
  endfacet
  facet normal 0 0 -1
    outer loop
      vertex 15.2345 13.7172 0
      vertex 27 26 0
      vertex 15.9315 12.9011 0
    endloop
  endfacet
  facet normal 0 0 -1
    outer loop
      vertex 14.4957 14.4957 0
      vertex 27 26 0
      vertex 15.2345 13.7172 0
    endloop
  endfacet
  facet normal 0 0 -1
    outer loop
      vertex 13.7172 15.2345 0
      vertex 27 26 0
      vertex 14.4957 14.4957 0
    endloop
  endfacet
  facet normal 0 0 -1
    outer loop
      vertex 12.9011 15.9315 0
      vertex 27 26 0
      vertex 13.7172 15.2345 0
    endloop
  endfacet
  facet normal 0 0 -1
    outer loop
      vertex 12.0496 16.5848 0
      vertex 27 26 0
      vertex 12.9011 15.9315 0
    endloop
  endfacet
  facet normal 0 0 -1
    outer loop
      vertex 11.1651 17.1927 0
      vertex 27 26 0
      vertex 12.0496 16.5848 0
    endloop
  endfacet
  facet normal 0 0 -1
    outer loop
      vertex 10.25 17.7535 0
      vertex 27 26 0
      vertex 11.1651 17.1927 0
    endloop
  endfacet
  facet normal 0 0 -1
    outer loop
      vertex 9.3068 18.2656 0
      vertex 27 26 0
      vertex 10.25 17.7535 0
    endloop
  endfacet
  facet normal -0 0 -1
    outer loop
      vertex 27 26 0
      vertex 9.3068 18.2656 0
      vertex 20.8836 40.9863 0
    endloop
  endfacet
  facet normal -0 0 -1
    outer loop
      vertex 20.8836 40.9863 0
      vertex 9.3068 18.2656 0
      vertex 18.7099 42.0231 0
    endloop
  endfacet
  facet normal 0 0 -1
    outer loop
      vertex 8.3381 18.7277 0
      vertex 18.7099 42.0231 0
      vertex 9.3068 18.2656 0
    endloop
  endfacet
  facet normal -0 0 -1
    outer loop
      vertex 18.7099 42.0231 0
      vertex 8.3381 18.7277 0
      vertex 16.4849 42.9447 0
    endloop
  endfacet
  facet normal 0 0 -1
    outer loop
      vertex 7.34654 19.1384 0
      vertex 16.4849 42.9447 0
      vertex 8.3381 18.7277 0
    endloop
  endfacet
  facet normal -0 0 -1
    outer loop
      vertex 16.4849 42.9447 0
      vertex 7.34654 19.1384 0
      vertex 14.2148 43.7486 0
    endloop
  endfacet
  facet normal 0 0 -1
    outer loop
      vertex 6.33485 19.4967 0
      vertex 14.2148 43.7486 0
      vertex 7.34654 19.1384 0
    endloop
  endfacet
  facet normal -0 0 -1
    outer loop
      vertex 14.2148 43.7486 0
      vertex 6.33485 19.4967 0
      vertex 11.9057 44.4326 0
    endloop
  endfacet
  facet normal 0 0 -1
    outer loop
      vertex 5.30579 19.8015 0
      vertex 11.9057 44.4326 0
      vertex 6.33485 19.4967 0
    endloop
  endfacet
  facet normal -0 0 -1
    outer loop
      vertex 11.9057 44.4326 0
      vertex 5.30579 19.8015 0
      vertex 9.56394 44.9948 0
    endloop
  endfacet
  facet normal 0 0 -1
    outer loop
      vertex 4.26219 20.052 0
      vertex 9.56394 44.9948 0
      vertex 5.30579 19.8015 0
    endloop
  endfacet
  facet normal -0 0 -1
    outer loop
      vertex 9.56394 44.9948 0
      vertex 4.26219 20.052 0
      vertex 7.19598 45.4337 0
    endloop
  endfacet
  facet normal 0 0 -1
    outer loop
      vertex 3.20691 20.2476 0
      vertex 7.19598 45.4337 0
      vertex 4.26219 20.052 0
    endloop
  endfacet
  facet normal -0 0 -1
    outer loop
      vertex 7.19598 45.4337 0
      vertex 3.20691 20.2476 0
      vertex 4.80831 45.748 0
    endloop
  endfacet
  facet normal 0 0 -1
    outer loop
      vertex 2.14283 20.3877 0
      vertex 4.80831 45.748 0
      vertex 3.20691 20.2476 0
    endloop
  endfacet
  facet normal -0 0 -1
    outer loop
      vertex 4.80831 45.748 0
      vertex 2.14283 20.3877 0
      vertex 2.40745 45.937 0
    endloop
  endfacet
  facet normal 0 0 -1
    outer loop
      vertex 1.07289 20.4719 0
      vertex 2.40745 45.937 0
      vertex 2.14283 20.3877 0
    endloop
  endfacet
  facet normal 0 0 -1
    outer loop
      vertex 0 20.5 0
      vertex 2.40745 45.937 0
      vertex 1.07289 20.4719 0
    endloop
  endfacet
  facet normal 0 0 -1
    outer loop
      vertex 0 20.5 0
      vertex 0 46 0
      vertex 2.40745 45.937 0
    endloop
  endfacet
  facet normal 0 0 -1
    outer loop
      vertex -1.07289 20.4719 0
      vertex 0 46 0
      vertex 0 20.5 0
    endloop
  endfacet
  facet normal 0 0 -1
    outer loop
      vertex -2.40745 45.937 0
      vertex -1.07289 20.4719 0
      vertex -2.14283 20.3877 0
    endloop
  endfacet
  facet normal 0 0 -1
    outer loop
      vertex -1.07289 20.4719 0
      vertex -2.40745 45.937 0
      vertex 0 46 0
    endloop
  endfacet
  facet normal 0 0 -1
    outer loop
      vertex -4.80831 45.748 0
      vertex -2.14283 20.3877 0
      vertex -3.20691 20.2476 0
    endloop
  endfacet
  facet normal 0 0 -1
    outer loop
      vertex -7.19598 45.4337 0
      vertex -3.20691 20.2476 0
      vertex -4.26219 20.052 0
    endloop
  endfacet
  facet normal 0 0 -1
    outer loop
      vertex -2.14283 20.3877 0
      vertex -4.80831 45.748 0
      vertex -2.40745 45.937 0
    endloop
  endfacet
  facet normal 0 0 -1
    outer loop
      vertex -9.56394 44.9948 0
      vertex -4.26219 20.052 0
      vertex -5.30579 19.8015 0
    endloop
  endfacet
  facet normal 0 0 -1
    outer loop
      vertex -11.9057 44.4326 0
      vertex -5.30579 19.8015 0
      vertex -6.33485 19.4967 0
    endloop
  endfacet
  facet normal 0 0 -1
    outer loop
      vertex -3.20691 20.2476 0
      vertex -7.19598 45.4337 0
      vertex -4.80831 45.748 0
    endloop
  endfacet
  facet normal 0 0 -1
    outer loop
      vertex -14.2148 43.7486 0
      vertex -6.33485 19.4967 0
      vertex -7.34654 19.1384 0
    endloop
  endfacet
  facet normal 0 0 -1
    outer loop
      vertex -16.4849 42.9447 0
      vertex -7.34654 19.1384 0
      vertex -8.3381 18.7277 0
    endloop
  endfacet
  facet normal 0 0 -1
    outer loop
      vertex -18.7099 42.0231 0
      vertex -8.3381 18.7277 0
      vertex -9.3068 18.2656 0
    endloop
  endfacet
  facet normal 0 0 -1
    outer loop
      vertex -4.26219 20.052 0
      vertex -9.56394 44.9948 0
      vertex -7.19598 45.4337 0
    endloop
  endfacet
  facet normal 0 0 -1
    outer loop
      vertex -20.8836 40.9863 0
      vertex -9.3068 18.2656 0
      vertex -10.25 17.7535 0
    endloop
  endfacet
  facet normal 0 0 -1
    outer loop
      vertex -23 39.8372 0
      vertex -10.25 17.7535 0
      vertex -11.1651 17.1927 0
    endloop
  endfacet
  facet normal 0 0 -1
    outer loop
      vertex -5.30579 19.8015 0
      vertex -11.9057 44.4326 0
      vertex -9.56394 44.9948 0
    endloop
  endfacet
  facet normal 0 0 -1
    outer loop
      vertex -25.0534 38.5788 0
      vertex -11.1651 17.1927 0
      vertex -12.0496 16.5848 0
    endloop
  endfacet
  facet normal 0 0 -1
    outer loop
      vertex -27.0381 37.2148 0
      vertex -12.0496 16.5848 0
      vertex -12.9011 15.9315 0
    endloop
  endfacet
  facet normal 0 0 -1
    outer loop
      vertex -28.9487 35.7487 0
      vertex -12.9011 15.9315 0
      vertex -13.7172 15.2345 0
    endloop
  endfacet
  facet normal 0 0 -1
    outer loop
      vertex -6.33485 19.4967 0
      vertex -14.2148 43.7486 0
      vertex -11.9057 44.4326 0
    endloop
  endfacet
  facet normal 0 0 -1
    outer loop
      vertex -30.78 34.1847 0
      vertex -13.7172 15.2345 0
      vertex -14.4957 14.4957 0
    endloop
  endfacet
  facet normal 0 0 -1
    outer loop
      vertex -32.5269 32.5269 0
      vertex -14.4957 14.4957 0
      vertex -15.2345 13.7172 0
    endloop
  endfacet
  facet normal 0 0 -1
    outer loop
      vertex -34.1847 30.78 0
      vertex -15.2345 13.7172 0
      vertex -15.9315 12.9011 0
    endloop
  endfacet
  facet normal 0 0 -1
    outer loop
      vertex -7.34654 19.1384 0
      vertex -16.4849 42.9447 0
      vertex -14.2148 43.7486 0
    endloop
  endfacet
  facet normal 0 0 -1
    outer loop
      vertex -35.7487 28.9487 0
      vertex -15.9315 12.9011 0
      vertex -16.5848 12.0496 0
    endloop
  endfacet
  facet normal 0 0 -1
    outer loop
      vertex -37.2148 27.0381 0
      vertex -16.5848 12.0496 0
      vertex -17.1927 11.1651 0
    endloop
  endfacet
  facet normal 0 0 -1
    outer loop
      vertex -38.5788 25.0534 0
      vertex -17.1927 11.1651 0
      vertex -17.7535 10.25 0
    endloop
  endfacet
  facet normal 0 0 -1
    outer loop
      vertex -39.8372 23 0
      vertex -17.7535 10.25 0
      vertex -18.2656 9.3068 0
    endloop
  endfacet
  facet normal 0 0 -1
    outer loop
      vertex -8.3381 18.7277 0
      vertex -18.7099 42.0231 0
      vertex -16.4849 42.9447 0
    endloop
  endfacet
  facet normal 0 0 -1
    outer loop
      vertex -40.9863 20.8836 0
      vertex -18.2656 9.3068 0
      vertex -18.7277 8.3381 0
    endloop
  endfacet
  facet normal 0 0 -1
    outer loop
      vertex -42.0231 18.7099 0
      vertex -18.7277 8.3381 0
      vertex -19.1384 7.34654 0
    endloop
  endfacet
  facet normal 0 0 -1
    outer loop
      vertex -42.9447 16.4849 0
      vertex -19.1384 7.34654 0
      vertex -19.4967 6.33485 0
    endloop
  endfacet
  facet normal 0 0 -1
    outer loop
      vertex -43.7486 14.2148 0
      vertex -19.4967 6.33485 0
      vertex -19.8015 5.30579 0
    endloop
  endfacet
  facet normal 0 0 -1
    outer loop
      vertex -44.4326 11.9057 0
      vertex -19.8015 5.30579 0
      vertex -20.052 4.26219 0
    endloop
  endfacet
  facet normal 0 0 -1
    outer loop
      vertex -44.9948 9.56394 0
      vertex -20.052 4.26219 0
      vertex -20.2476 3.20691 0
    endloop
  endfacet
  facet normal 0 0 -1
    outer loop
      vertex -45.4337 7.19598 0
      vertex -20.2476 3.20691 0
      vertex -20.3877 2.14283 0
    endloop
  endfacet
  facet normal 0 0 -1
    outer loop
      vertex -45.748 4.80831 0
      vertex -20.3877 2.14283 0
      vertex -20.4719 1.07289 0
    endloop
  endfacet
  facet normal 0 0 -1
    outer loop
      vertex -9.3068 18.2656 0
      vertex -20.8836 40.9863 0
      vertex -18.7099 42.0231 0
    endloop
  endfacet
  facet normal 0 0 -1
    outer loop
      vertex -45.937 2.40745 0
      vertex -20.4719 1.07289 0
      vertex -20.5 0 0
    endloop
  endfacet
  facet normal 0 0 -1
    outer loop
      vertex -39.8372 -23 0
      vertex -17.7535 -10.25 0
      vertex -38.5788 -25.0534 0
    endloop
  endfacet
  facet normal -0 0 -1
    outer loop
      vertex -17.7535 -10.25 0
      vertex -39.8372 -23 0
      vertex -18.2656 -9.3068 0
    endloop
  endfacet
  facet normal 0 0 -1
    outer loop
      vertex -10.25 17.7535 0
      vertex -23 39.8372 0
      vertex -20.8836 40.9863 0
    endloop
  endfacet
  facet normal 0 0 -1
    outer loop
      vertex -40.9863 -20.8836 0
      vertex -18.2656 -9.3068 0
      vertex -39.8372 -23 0
    endloop
  endfacet
  facet normal 0 0 -1
    outer loop
      vertex -11.1651 17.1927 0
      vertex -25.0534 38.5788 0
      vertex -23 39.8372 0
    endloop
  endfacet
  facet normal -0 0 -1
    outer loop
      vertex -18.2656 -9.3068 0
      vertex -40.9863 -20.8836 0
      vertex -18.7277 -8.3381 0
    endloop
  endfacet
  facet normal 0 0 -1
    outer loop
      vertex -12.0496 16.5848 0
      vertex -27.0381 37.2148 0
      vertex -25.0534 38.5788 0
    endloop
  endfacet
  facet normal 0 0 -1
    outer loop
      vertex -42.0231 -18.7099 0
      vertex -18.7277 -8.3381 0
      vertex -40.9863 -20.8836 0
    endloop
  endfacet
  facet normal 0 0 -1
    outer loop
      vertex -12.9011 15.9315 0
      vertex -28.9487 35.7487 0
      vertex -27.0381 37.2148 0
    endloop
  endfacet
  facet normal -0 0 -1
    outer loop
      vertex -18.7277 -8.3381 0
      vertex -42.0231 -18.7099 0
      vertex -19.1384 -7.34654 0
    endloop
  endfacet
  facet normal 0 0 -1
    outer loop
      vertex -13.7172 15.2345 0
      vertex -30.78 34.1847 0
      vertex -28.9487 35.7487 0
    endloop
  endfacet
  facet normal 0 0 -1
    outer loop
      vertex -42.9447 -16.4849 0
      vertex -19.1384 -7.34654 0
      vertex -42.0231 -18.7099 0
    endloop
  endfacet
  facet normal 0 0 -1
    outer loop
      vertex -14.4957 14.4957 0
      vertex -32.5269 32.5269 0
      vertex -30.78 34.1847 0
    endloop
  endfacet
  facet normal -0 0 -1
    outer loop
      vertex -19.1384 -7.34654 0
      vertex -42.9447 -16.4849 0
      vertex -19.4967 -6.33485 0
    endloop
  endfacet
  facet normal 0 0 -1
    outer loop
      vertex -15.2345 13.7172 0
      vertex -34.1847 30.78 0
      vertex -32.5269 32.5269 0
    endloop
  endfacet
  facet normal 0 0 -1
    outer loop
      vertex -43.7486 -14.2148 0
      vertex -19.4967 -6.33485 0
      vertex -42.9447 -16.4849 0
    endloop
  endfacet
  facet normal 0 0 -1
    outer loop
      vertex -15.9315 12.9011 0
      vertex -35.7487 28.9487 0
      vertex -34.1847 30.78 0
    endloop
  endfacet
  facet normal -0 0 -1
    outer loop
      vertex -19.4967 -6.33485 0
      vertex -43.7486 -14.2148 0
      vertex -19.8015 -5.30579 0
    endloop
  endfacet
  facet normal 0 0 -1
    outer loop
      vertex -16.5848 12.0496 0
      vertex -37.2148 27.0381 0
      vertex -35.7487 28.9487 0
    endloop
  endfacet
  facet normal 0 0 -1
    outer loop
      vertex -44.4326 -11.9057 0
      vertex -19.8015 -5.30579 0
      vertex -43.7486 -14.2148 0
    endloop
  endfacet
  facet normal 0 0 -1
    outer loop
      vertex -17.1927 11.1651 0
      vertex -38.5788 25.0534 0
      vertex -37.2148 27.0381 0
    endloop
  endfacet
  facet normal -0 0 -1
    outer loop
      vertex -19.8015 -5.30579 0
      vertex -44.4326 -11.9057 0
      vertex -20.052 -4.26219 0
    endloop
  endfacet
  facet normal 0 0 -1
    outer loop
      vertex -17.7535 10.25 0
      vertex -39.8372 23 0
      vertex -38.5788 25.0534 0
    endloop
  endfacet
  facet normal 0 0 -1
    outer loop
      vertex -44.9948 -9.56394 0
      vertex -20.052 -4.26219 0
      vertex -44.4326 -11.9057 0
    endloop
  endfacet
  facet normal 0 0 -1
    outer loop
      vertex -18.2656 9.3068 0
      vertex -40.9863 20.8836 0
      vertex -39.8372 23 0
    endloop
  endfacet
  facet normal -0 0 -1
    outer loop
      vertex -20.052 -4.26219 0
      vertex -44.9948 -9.56394 0
      vertex -20.2476 -3.20691 0
    endloop
  endfacet
  facet normal 0 0 -1
    outer loop
      vertex -18.7277 8.3381 0
      vertex -42.0231 18.7099 0
      vertex -40.9863 20.8836 0
    endloop
  endfacet
  facet normal 0 0 -1
    outer loop
      vertex -45.4337 -7.19598 0
      vertex -20.2476 -3.20691 0
      vertex -44.9948 -9.56394 0
    endloop
  endfacet
  facet normal 0 0 -1
    outer loop
      vertex -19.1384 7.34654 0
      vertex -42.9447 16.4849 0
      vertex -42.0231 18.7099 0
    endloop
  endfacet
  facet normal -0 0 -1
    outer loop
      vertex -20.2476 -3.20691 0
      vertex -45.4337 -7.19598 0
      vertex -20.3877 -2.14283 0
    endloop
  endfacet
  facet normal 0 0 -1
    outer loop
      vertex -19.4967 6.33485 0
      vertex -43.7486 14.2148 0
      vertex -42.9447 16.4849 0
    endloop
  endfacet
  facet normal 0 0 -1
    outer loop
      vertex -45.748 -4.80831 0
      vertex -20.3877 -2.14283 0
      vertex -45.4337 -7.19598 0
    endloop
  endfacet
  facet normal 0 0 -1
    outer loop
      vertex -19.8015 5.30579 0
      vertex -44.4326 11.9057 0
      vertex -43.7486 14.2148 0
    endloop
  endfacet
  facet normal -0 0 -1
    outer loop
      vertex -20.3877 -2.14283 0
      vertex -45.748 -4.80831 0
      vertex -20.4719 -1.07289 0
    endloop
  endfacet
  facet normal 0 0 -1
    outer loop
      vertex -20.052 4.26219 0
      vertex -44.9948 9.56394 0
      vertex -44.4326 11.9057 0
    endloop
  endfacet
  facet normal 0 0 -1
    outer loop
      vertex -45.937 -2.40745 0
      vertex -20.4719 -1.07289 0
      vertex -45.748 -4.80831 0
    endloop
  endfacet
  facet normal 0 0 -1
    outer loop
      vertex -20.2476 3.20691 0
      vertex -45.4337 7.19598 0
      vertex -44.9948 9.56394 0
    endloop
  endfacet
  facet normal -0 0 -1
    outer loop
      vertex -20.4719 -1.07289 0
      vertex -45.937 -2.40745 0
      vertex -20.5 0 0
    endloop
  endfacet
  facet normal 0 0 -1
    outer loop
      vertex -20.3877 2.14283 0
      vertex -45.748 4.80831 0
      vertex -45.4337 7.19598 0
    endloop
  endfacet
  facet normal 0 0 -1
    outer loop
      vertex -46 0 0
      vertex -20.5 0 0
      vertex -45.937 -2.40745 0
    endloop
  endfacet
  facet normal 0 0 -1
    outer loop
      vertex -20.4719 1.07289 0
      vertex -45.937 2.40745 0
      vertex -45.748 4.80831 0
    endloop
  endfacet
  facet normal 0 0 -1
    outer loop
      vertex -20.5 0 0
      vertex -46 0 0
      vertex -45.937 2.40745 0
    endloop
  endfacet
  facet normal 0 0 -1
    outer loop
      vertex 45.937 -2.40745 0
      vertex 45.937 2.40745 0
      vertex 46 0 0
    endloop
  endfacet
  facet normal 0 0 -1
    outer loop
      vertex 45.748 -4.80831 0
      vertex 45.937 2.40745 0
      vertex 45.937 -2.40745 0
    endloop
  endfacet
  facet normal 0 0 -1
    outer loop
      vertex 37 -26 0
      vertex 45.937 2.40745 0
      vertex 45.748 -4.80831 0
    endloop
  endfacet
  facet normal 0 0 -1
    outer loop
      vertex 37 -26 0
      vertex 45.748 -4.80831 0
      vertex 45.4337 -7.19598 0
    endloop
  endfacet
  facet normal -0 0 -1
    outer loop
      vertex 45.937 2.40745 0
      vertex 37 -26 0
      vertex 45.748 4.80831 0
    endloop
  endfacet
  facet normal 0 0 -1
    outer loop
      vertex 37 -26 0
      vertex 45.4337 -7.19598 0
      vertex 44.9948 -9.56394 0
    endloop
  endfacet
  facet normal 0 0 -1
    outer loop
      vertex 37 26 0
      vertex 45.748 4.80831 0
      vertex 37 -26 0
    endloop
  endfacet
  facet normal 0 0 -1
    outer loop
      vertex 37 -26 0
      vertex 44.9948 -9.56394 0
      vertex 44.4326 -11.9057 0
    endloop
  endfacet
  facet normal 0 0 -1
    outer loop
      vertex 45.748 4.80831 0
      vertex 37 26 0
      vertex 45.4337 7.19598 0
    endloop
  endfacet
  facet normal 0 0 -1
    outer loop
      vertex 37 -26 0
      vertex 44.4326 -11.9057 0
      vertex 43.7486 -14.2148 0
    endloop
  endfacet
  facet normal 0 0 -1
    outer loop
      vertex 45.4337 7.19598 0
      vertex 37 26 0
      vertex 44.9948 9.56394 0
    endloop
  endfacet
  facet normal 0 0 -1
    outer loop
      vertex 37 -26 0
      vertex 43.7486 -14.2148 0
      vertex 42.9447 -16.4849 0
    endloop
  endfacet
  facet normal 0 0 -1
    outer loop
      vertex 44.9948 9.56394 0
      vertex 37 26 0
      vertex 44.4326 11.9057 0
    endloop
  endfacet
  facet normal 0 0 -1
    outer loop
      vertex 37 -26 0
      vertex 42.9447 -16.4849 0
      vertex 42.0231 -18.7099 0
    endloop
  endfacet
  facet normal 0 0 -1
    outer loop
      vertex 44.4326 11.9057 0
      vertex 37 26 0
      vertex 43.7486 14.2148 0
    endloop
  endfacet
  facet normal 0 0 -1
    outer loop
      vertex 37 -26 0
      vertex 42.0231 -18.7099 0
      vertex 40.9863 -20.8836 0
    endloop
  endfacet
  facet normal 0 0 -1
    outer loop
      vertex 43.7486 14.2148 0
      vertex 37 26 0
      vertex 42.9447 16.4849 0
    endloop
  endfacet
  facet normal 0 0 -1
    outer loop
      vertex 37 -26 0
      vertex 40.9863 -20.8836 0
      vertex 39.8372 -23 0
    endloop
  endfacet
  facet normal 0 0 -1
    outer loop
      vertex 42.9447 16.4849 0
      vertex 37 26 0
      vertex 42.0231 18.7099 0
    endloop
  endfacet
  facet normal 0 0 -1
    outer loop
      vertex 37 -26 0
      vertex 39.8372 -23 0
      vertex 38.5788 -25.0534 0
    endloop
  endfacet
  facet normal 0 0 -1
    outer loop
      vertex 42.0231 18.7099 0
      vertex 37 26 0
      vertex 40.9863 20.8836 0
    endloop
  endfacet
  facet normal 0 0 -1
    outer loop
      vertex 37 -26 0
      vertex 38.5788 -25.0534 0
      vertex 37.2148 -27.0381 0
    endloop
  endfacet
  facet normal 0 0 -1
    outer loop
      vertex 40.9863 20.8836 0
      vertex 37 26 0
      vertex 39.8372 23 0
    endloop
  endfacet
  facet normal 0 0 -1
    outer loop
      vertex 39.8372 23 0
      vertex 37 26 0
      vertex 38.5788 25.0534 0
    endloop
  endfacet
  facet normal 0 0 -1
    outer loop
      vertex 35.7487 -28.9487 0
      vertex 37 -26 0
      vertex 37.2148 -27.0381 0
    endloop
  endfacet
  facet normal 0 0 -1
    outer loop
      vertex 27 -26 0
      vertex 35.7487 -28.9487 0
      vertex 34.1847 -30.78 0
    endloop
  endfacet
  facet normal 0 0 -1
    outer loop
      vertex 27 -26 0
      vertex 34.1847 -30.78 0
      vertex 32.5269 -32.5269 0
    endloop
  endfacet
  facet normal 0 0 -1
    outer loop
      vertex 27 -26 0
      vertex 32.5269 -32.5269 0
      vertex 30.78 -34.1847 0
    endloop
  endfacet
  facet normal 0 0 -1
    outer loop
      vertex 27 -26 0
      vertex 30.78 -34.1847 0
      vertex 28.9487 -35.7487 0
    endloop
  endfacet
  facet normal 0 0 -1
    outer loop
      vertex 27 -26 0
      vertex 28.9487 -35.7487 0
      vertex 27.0381 -37.2148 0
    endloop
  endfacet
  facet normal 0 0 -1
    outer loop
      vertex 35.7487 -28.9487 0
      vertex 27 -26 0
      vertex 37 -26 0
    endloop
  endfacet
  facet normal 0 0 -1
    outer loop
      vertex 23 -39.8372 0
      vertex 27 -26 0
      vertex 25.0534 -38.5788 0
    endloop
  endfacet
  facet normal 0 0 -1
    outer loop
      vertex 25.0534 -38.5788 0
      vertex 27 -26 0
      vertex 27.0381 -37.2148 0
    endloop
  endfacet
  facet normal 0 0 -1
    outer loop
      vertex 38.5788 25.0534 0
      vertex 37 26 0
      vertex 37.2148 27.0381 0
    endloop
  endfacet
  facet normal 0 0 -1
    outer loop
      vertex 37 26 0
      vertex 35.7487 28.9487 0
      vertex 37.2148 27.0381 0
    endloop
  endfacet
  facet normal 0 0 -1
    outer loop
      vertex 27 26 0
      vertex 35.7487 28.9487 0
      vertex 37 26 0
    endloop
  endfacet
  facet normal -0 0 -1
    outer loop
      vertex 35.7487 28.9487 0
      vertex 27 26 0
      vertex 34.1847 30.78 0
    endloop
  endfacet
  facet normal -0 0 -1
    outer loop
      vertex 34.1847 30.78 0
      vertex 27 26 0
      vertex 32.5269 32.5269 0
    endloop
  endfacet
  facet normal -0 0 -1
    outer loop
      vertex 32.5269 32.5269 0
      vertex 27 26 0
      vertex 30.78 34.1847 0
    endloop
  endfacet
  facet normal -0 0 -1
    outer loop
      vertex 30.78 34.1847 0
      vertex 27 26 0
      vertex 28.9487 35.7487 0
    endloop
  endfacet
  facet normal -0 0 -1
    outer loop
      vertex 28.9487 35.7487 0
      vertex 27 26 0
      vertex 27.0381 37.2148 0
    endloop
  endfacet
  facet normal 0 -0 -1
    outer loop
      vertex 20.5 0 0
      vertex 27 -26 0
      vertex 20.4719 -1.07289 0
    endloop
  endfacet
  facet normal 0 0 -1
    outer loop
      vertex 20.4719 1.07289 0
      vertex 27 26 0
      vertex 20.5 0 0
    endloop
  endfacet
  facet normal 0 0 -1
    outer loop
      vertex 20.8836 -40.9863 0
      vertex 27 -26 0
      vertex 23 -39.8372 0
    endloop
  endfacet
  facet normal 0 0 -1
    outer loop
      vertex 27 26 0
      vertex 25.0534 38.5788 0
      vertex 27.0381 37.2148 0
    endloop
  endfacet
  facet normal 0 0 -1
    outer loop
      vertex 9.3068 -18.2656 0
      vertex 27 -26 0
      vertex 20.8836 -40.9863 0
    endloop
  endfacet
  facet normal 0 0 -1
    outer loop
      vertex 27 26 0
      vertex 23 39.8372 0
      vertex 25.0534 38.5788 0
    endloop
  endfacet
  facet normal 0 0 -1
    outer loop
      vertex 27 26 0
      vertex 20.8836 40.9863 0
      vertex 23 39.8372 0
    endloop
  endfacet
  facet normal 0 0 -1
    outer loop
      vertex 27 -26 0
      vertex 20.5 0 0
      vertex 27 26 0
    endloop
  endfacet
  facet normal 0 0 -1
    outer loop
      vertex 27 -26 0
      vertex 20.3877 -2.14283 0
      vertex 20.4719 -1.07289 0
    endloop
  endfacet
  facet normal 0 0 -1
    outer loop
      vertex 27 -26 0
      vertex 20.2476 -3.20691 0
      vertex 20.3877 -2.14283 0
    endloop
  endfacet
  facet normal 0 0 -1
    outer loop
      vertex 27 -26 0
      vertex 20.052 -4.26219 0
      vertex 20.2476 -3.20691 0
    endloop
  endfacet
  facet normal 0 0 -1
    outer loop
      vertex 27 -26 0
      vertex 19.8015 -5.30579 0
      vertex 20.052 -4.26219 0
    endloop
  endfacet
  facet normal 0 0 -1
    outer loop
      vertex 27 -26 0
      vertex 19.4967 -6.33485 0
      vertex 19.8015 -5.30579 0
    endloop
  endfacet
  facet normal 0 0 -1
    outer loop
      vertex 27 -26 0
      vertex 19.1384 -7.34654 0
      vertex 19.4967 -6.33485 0
    endloop
  endfacet
  facet normal 0 0 -1
    outer loop
      vertex 27 -26 0
      vertex 18.7277 -8.3381 0
      vertex 19.1384 -7.34654 0
    endloop
  endfacet
  facet normal 0 0 -1
    outer loop
      vertex 9.3068 -18.2656 0
      vertex 20.8836 -40.9863 0
      vertex 18.7099 -42.0231 0
    endloop
  endfacet
  facet normal 0 0 -1
    outer loop
      vertex 27 -26 0
      vertex 18.2656 -9.3068 0
      vertex 18.7277 -8.3381 0
    endloop
  endfacet
  facet normal 0 0 -1
    outer loop
      vertex 27 -26 0
      vertex 17.7535 -10.25 0
      vertex 18.2656 -9.3068 0
    endloop
  endfacet
  facet normal 0 0 -1
    outer loop
      vertex 27 -26 0
      vertex 17.1927 -11.1651 0
      vertex 17.7535 -10.25 0
    endloop
  endfacet
  facet normal 0 0 -1
    outer loop
      vertex 27 -26 0
      vertex 16.5848 -12.0496 0
      vertex 17.1927 -11.1651 0
    endloop
  endfacet
  facet normal 0 0 -1
    outer loop
      vertex 8.3381 -18.7277 0
      vertex 18.7099 -42.0231 0
      vertex 16.4849 -42.9447 0
    endloop
  endfacet
  facet normal 0 0 -1
    outer loop
      vertex 27 -26 0
      vertex 15.9315 -12.9011 0
      vertex 16.5848 -12.0496 0
    endloop
  endfacet
  facet normal 0 0 -1
    outer loop
      vertex 27 -26 0
      vertex 15.2345 -13.7172 0
      vertex 15.9315 -12.9011 0
    endloop
  endfacet
  facet normal 0 0 -1
    outer loop
      vertex 27 -26 0
      vertex 14.4957 -14.4957 0
      vertex 15.2345 -13.7172 0
    endloop
  endfacet
  facet normal 0 0 -1
    outer loop
      vertex 7.34654 -19.1384 0
      vertex 16.4849 -42.9447 0
      vertex 14.2148 -43.7486 0
    endloop
  endfacet
  facet normal 0 0 -1
    outer loop
      vertex 27 -26 0
      vertex 13.7172 -15.2345 0
      vertex 14.4957 -14.4957 0
    endloop
  endfacet
  facet normal 0 0 -1
    outer loop
      vertex 27 -26 0
      vertex 12.9011 -15.9315 0
      vertex 13.7172 -15.2345 0
    endloop
  endfacet
  facet normal 0 0 -1
    outer loop
      vertex 27 -26 0
      vertex 12.0496 -16.5848 0
      vertex 12.9011 -15.9315 0
    endloop
  endfacet
  facet normal 0 0 -1
    outer loop
      vertex 6.33485 -19.4967 0
      vertex 14.2148 -43.7486 0
      vertex 11.9057 -44.4326 0
    endloop
  endfacet
  facet normal 0 0 -1
    outer loop
      vertex 27 -26 0
      vertex 11.1651 -17.1927 0
      vertex 12.0496 -16.5848 0
    endloop
  endfacet
  facet normal 0 0 -1
    outer loop
      vertex 27 -26 0
      vertex 10.25 -17.7535 0
      vertex 11.1651 -17.1927 0
    endloop
  endfacet
  facet normal 0 0 -1
    outer loop
      vertex 5.30579 -19.8015 0
      vertex 11.9057 -44.4326 0
      vertex 9.56394 -44.9948 0
    endloop
  endfacet
  facet normal 0 0 -1
    outer loop
      vertex 27 -26 0
      vertex 9.3068 -18.2656 0
      vertex 10.25 -17.7535 0
    endloop
  endfacet
  facet normal 0 0 -1
    outer loop
      vertex 18.7099 -42.0231 0
      vertex 8.3381 -18.7277 0
      vertex 9.3068 -18.2656 0
    endloop
  endfacet
  facet normal 0 0 -1
    outer loop
      vertex 16.4849 -42.9447 0
      vertex 7.34654 -19.1384 0
      vertex 8.3381 -18.7277 0
    endloop
  endfacet
  facet normal 0 0 -1
    outer loop
      vertex 4.26219 -20.052 0
      vertex 9.56394 -44.9948 0
      vertex 7.19598 -45.4337 0
    endloop
  endfacet
  facet normal 0 0 -1
    outer loop
      vertex 14.2148 -43.7486 0
      vertex 6.33485 -19.4967 0
      vertex 7.34654 -19.1384 0
    endloop
  endfacet
  facet normal 0 0 -1
    outer loop
      vertex 11.9057 -44.4326 0
      vertex 5.30579 -19.8015 0
      vertex 6.33485 -19.4967 0
    endloop
  endfacet
  facet normal 0 0 -1
    outer loop
      vertex 3.20691 -20.2476 0
      vertex 7.19598 -45.4337 0
      vertex 4.80831 -45.748 0
    endloop
  endfacet
  facet normal 0 0 -1
    outer loop
      vertex 9.56394 -44.9948 0
      vertex 4.26219 -20.052 0
      vertex 5.30579 -19.8015 0
    endloop
  endfacet
  facet normal 0 0 -1
    outer loop
      vertex 7.19598 -45.4337 0
      vertex 3.20691 -20.2476 0
      vertex 4.26219 -20.052 0
    endloop
  endfacet
  facet normal 0 0 -1
    outer loop
      vertex 2.14283 -20.3877 0
      vertex 4.80831 -45.748 0
      vertex 2.40745 -45.937 0
    endloop
  endfacet
  facet normal 0 0 -1
    outer loop
      vertex 4.80831 -45.748 0
      vertex 2.14283 -20.3877 0
      vertex 3.20691 -20.2476 0
    endloop
  endfacet
  facet normal 0 0 -1
    outer loop
      vertex 2.40745 -45.937 0
      vertex 1.07289 -20.4719 0
      vertex 2.14283 -20.3877 0
    endloop
  endfacet
  facet normal 0 0 -1
    outer loop
      vertex 0 -46 0
      vertex 1.07289 -20.4719 0
      vertex 2.40745 -45.937 0
    endloop
  endfacet
  facet normal 0 0 -1
    outer loop
      vertex 0 -46 0
      vertex 0 -20.5 0
      vertex 1.07289 -20.4719 0
    endloop
  endfacet
  facet normal 0 0 -1
    outer loop
      vertex 0 -46 0
      vertex -1.07289 -20.4719 0
      vertex 0 -20.5 0
    endloop
  endfacet
  facet normal 0 0 -1
    outer loop
      vertex -2.40745 -45.937 0
      vertex -1.07289 -20.4719 0
      vertex 0 -46 0
    endloop
  endfacet
  facet normal -0 0 -1
    outer loop
      vertex -1.07289 -20.4719 0
      vertex -2.40745 -45.937 0
      vertex -2.14283 -20.3877 0
    endloop
  endfacet
  facet normal 0 0 -1
    outer loop
      vertex -4.80831 -45.748 0
      vertex -2.14283 -20.3877 0
      vertex -2.40745 -45.937 0
    endloop
  endfacet
  facet normal -0 0 -1
    outer loop
      vertex -2.14283 -20.3877 0
      vertex -4.80831 -45.748 0
      vertex -3.20691 -20.2476 0
    endloop
  endfacet
  facet normal 0 0 -1
    outer loop
      vertex -7.19598 -45.4337 0
      vertex -3.20691 -20.2476 0
      vertex -4.80831 -45.748 0
    endloop
  endfacet
  facet normal -0 0 -1
    outer loop
      vertex -3.20691 -20.2476 0
      vertex -7.19598 -45.4337 0
      vertex -4.26219 -20.052 0
    endloop
  endfacet
  facet normal 0 0 -1
    outer loop
      vertex -9.56394 -44.9948 0
      vertex -4.26219 -20.052 0
      vertex -7.19598 -45.4337 0
    endloop
  endfacet
  facet normal -0 0 -1
    outer loop
      vertex -4.26219 -20.052 0
      vertex -9.56394 -44.9948 0
      vertex -5.30579 -19.8015 0
    endloop
  endfacet
  facet normal 0 0 -1
    outer loop
      vertex -11.9057 -44.4326 0
      vertex -5.30579 -19.8015 0
      vertex -9.56394 -44.9948 0
    endloop
  endfacet
  facet normal -0 0 -1
    outer loop
      vertex -5.30579 -19.8015 0
      vertex -11.9057 -44.4326 0
      vertex -6.33485 -19.4967 0
    endloop
  endfacet
  facet normal 0 0 -1
    outer loop
      vertex -14.2148 -43.7486 0
      vertex -6.33485 -19.4967 0
      vertex -11.9057 -44.4326 0
    endloop
  endfacet
  facet normal -0 0 -1
    outer loop
      vertex -6.33485 -19.4967 0
      vertex -14.2148 -43.7486 0
      vertex -7.34654 -19.1384 0
    endloop
  endfacet
  facet normal 0 0 -1
    outer loop
      vertex -16.4849 -42.9447 0
      vertex -7.34654 -19.1384 0
      vertex -14.2148 -43.7486 0
    endloop
  endfacet
  facet normal -0 0 -1
    outer loop
      vertex -7.34654 -19.1384 0
      vertex -16.4849 -42.9447 0
      vertex -8.3381 -18.7277 0
    endloop
  endfacet
  facet normal 0 0 -1
    outer loop
      vertex -18.7099 -42.0231 0
      vertex -8.3381 -18.7277 0
      vertex -16.4849 -42.9447 0
    endloop
  endfacet
  facet normal -0 0 -1
    outer loop
      vertex -8.3381 -18.7277 0
      vertex -18.7099 -42.0231 0
      vertex -9.3068 -18.2656 0
    endloop
  endfacet
  facet normal 0 0 -1
    outer loop
      vertex -20.8836 -40.9863 0
      vertex -9.3068 -18.2656 0
      vertex -18.7099 -42.0231 0
    endloop
  endfacet
  facet normal -0 0 -1
    outer loop
      vertex -9.3068 -18.2656 0
      vertex -20.8836 -40.9863 0
      vertex -10.25 -17.7535 0
    endloop
  endfacet
  facet normal 0 0 -1
    outer loop
      vertex -23 -39.8372 0
      vertex -10.25 -17.7535 0
      vertex -20.8836 -40.9863 0
    endloop
  endfacet
  facet normal -0 0 -1
    outer loop
      vertex -10.25 -17.7535 0
      vertex -23 -39.8372 0
      vertex -11.1651 -17.1927 0
    endloop
  endfacet
  facet normal 0 0 -1
    outer loop
      vertex -25.0534 -38.5788 0
      vertex -11.1651 -17.1927 0
      vertex -23 -39.8372 0
    endloop
  endfacet
  facet normal -0 0 -1
    outer loop
      vertex -11.1651 -17.1927 0
      vertex -25.0534 -38.5788 0
      vertex -12.0496 -16.5848 0
    endloop
  endfacet
  facet normal 0 0 -1
    outer loop
      vertex -27.0381 -37.2148 0
      vertex -12.0496 -16.5848 0
      vertex -25.0534 -38.5788 0
    endloop
  endfacet
  facet normal -0 0 -1
    outer loop
      vertex -12.0496 -16.5848 0
      vertex -27.0381 -37.2148 0
      vertex -12.9011 -15.9315 0
    endloop
  endfacet
  facet normal 0 0 -1
    outer loop
      vertex -28.9487 -35.7487 0
      vertex -12.9011 -15.9315 0
      vertex -27.0381 -37.2148 0
    endloop
  endfacet
  facet normal -0 0 -1
    outer loop
      vertex -12.9011 -15.9315 0
      vertex -28.9487 -35.7487 0
      vertex -13.7172 -15.2345 0
    endloop
  endfacet
  facet normal 0 0 -1
    outer loop
      vertex -30.78 -34.1847 0
      vertex -13.7172 -15.2345 0
      vertex -28.9487 -35.7487 0
    endloop
  endfacet
  facet normal -0 0 -1
    outer loop
      vertex -13.7172 -15.2345 0
      vertex -30.78 -34.1847 0
      vertex -14.4957 -14.4957 0
    endloop
  endfacet
  facet normal 0 0 -1
    outer loop
      vertex -32.5269 -32.5269 0
      vertex -14.4957 -14.4957 0
      vertex -30.78 -34.1847 0
    endloop
  endfacet
  facet normal -0 0 -1
    outer loop
      vertex -14.4957 -14.4957 0
      vertex -32.5269 -32.5269 0
      vertex -15.2345 -13.7172 0
    endloop
  endfacet
  facet normal 0 0 -1
    outer loop
      vertex -34.1847 -30.78 0
      vertex -15.2345 -13.7172 0
      vertex -32.5269 -32.5269 0
    endloop
  endfacet
  facet normal -0 0 -1
    outer loop
      vertex -15.2345 -13.7172 0
      vertex -34.1847 -30.78 0
      vertex -15.9315 -12.9011 0
    endloop
  endfacet
  facet normal 0 0 -1
    outer loop
      vertex -35.7487 -28.9487 0
      vertex -15.9315 -12.9011 0
      vertex -34.1847 -30.78 0
    endloop
  endfacet
  facet normal -0 0 -1
    outer loop
      vertex -15.9315 -12.9011 0
      vertex -35.7487 -28.9487 0
      vertex -16.5848 -12.0496 0
    endloop
  endfacet
  facet normal 0 0 -1
    outer loop
      vertex -37.2148 -27.0381 0
      vertex -16.5848 -12.0496 0
      vertex -35.7487 -28.9487 0
    endloop
  endfacet
  facet normal -0 0 -1
    outer loop
      vertex -16.5848 -12.0496 0
      vertex -37.2148 -27.0381 0
      vertex -17.1927 -11.1651 0
    endloop
  endfacet
  facet normal -0 0 -1
    outer loop
      vertex -17.1927 -11.1651 0
      vertex -38.5788 -25.0534 0
      vertex -17.7535 -10.25 0
    endloop
  endfacet
  facet normal 0 0 -1
    outer loop
      vertex -38.5788 -25.0534 0
      vertex -17.1927 -11.1651 0
      vertex -37.2148 -27.0381 0
    endloop
  endfacet
  facet normal -0.382675 -0.923883 0
    outer loop
      vertex -18.7099 -42.0231 0
      vertex -16.4849 -42.9447 125
      vertex -18.7099 -42.0231 125
    endloop
  endfacet
  facet normal -0.382675 -0.923883 -0
    outer loop
      vertex -16.4849 -42.9447 125
      vertex -18.7099 -42.0231 0
      vertex -16.4849 -42.9447 0
    endloop
  endfacet
  facet normal -0.566393 0.824135 4.46117e-07
    outer loop
      vertex -25.0534 38.5788 125
      vertex -25.3893 38.348 33
      vertex -27.0381 37.2148 125
    endloop
  endfacet
  facet normal -0.56631 0.824192 0
    outer loop
      vertex -25.0534 38.5788 0
      vertex -25.3893 38.348 33
      vertex -25.0534 38.5788 125
    endloop
  endfacet
  facet normal -0.56631 0.824192 0
    outer loop
      vertex -25.3893 38.348 33
      vertex -25.0534 38.5788 0
      vertex -25.3893 38.348 7
    endloop
  endfacet
  facet normal -0.566393 0.824135 -5.86325e-06
    outer loop
      vertex -27.0381 37.2148 0
      vertex -25.3893 38.348 7
      vertex -25.0534 38.5788 0
    endloop
  endfacet
  facet normal -0.56641 0.824124 0
    outer loop
      vertex -25.3893 38.348 7
      vertex -27.0381 37.2148 0
      vertex -27.0381 37.2148 7
    endloop
  endfacet
  facet normal -0.56641 0.824124 0
    outer loop
      vertex -27.0381 37.2148 125
      vertex -25.3893 38.348 33
      vertex -27.0381 37.2148 33
    endloop
  endfacet
  facet normal -0.233443 0.972371 0
    outer loop
      vertex -9.56394 44.9948 0
      vertex -11.9057 44.4326 125
      vertex -9.56394 44.9948 125
    endloop
  endfacet
  facet normal -0.233443 0.972371 0
    outer loop
      vertex -11.9057 44.4326 125
      vertex -9.56394 44.9948 0
      vertex -11.9057 44.4326 0
    endloop
  endfacet
  facet normal -0.878819 0.477155 0
    outer loop
      vertex -40.9863 20.8836 0
      vertex -39.8372 23 125
      vertex -39.8372 23 0
    endloop
  endfacet
  facet normal -0.878819 0.477155 0
    outer loop
      vertex -39.8372 23 125
      vertex -40.9863 20.8836 0
      vertex -40.9863 20.8836 125
    endloop
  endfacet
  facet normal -0.688366 -0.725363 0
    outer loop
      vertex -32.5269 -32.5269 0
      vertex -30.78 -34.1847 125
      vertex -32.5269 -32.5269 125
    endloop
  endfacet
  facet normal -0.688366 -0.725363 -0
    outer loop
      vertex -30.78 -34.1847 125
      vertex -32.5269 -32.5269 0
      vertex -30.78 -34.1847 0
    endloop
  endfacet
  facet normal -0.878819 -0.477155 0
    outer loop
      vertex -39.8372 -23 0
      vertex -40.9863 -20.8836 125
      vertex -40.9863 -20.8836 0
    endloop
  endfacet
  facet normal -0.878819 -0.477155 0
    outer loop
      vertex -40.9863 -20.8836 125
      vertex -39.8372 -23 0
      vertex -39.8372 -23 125
    endloop
  endfacet
  facet normal -0.972371 -0.233443 0
    outer loop
      vertex -44.4326 -11.9057 0
      vertex -44.9948 -9.56394 125
      vertex -44.9948 -9.56394 0
    endloop
  endfacet
  facet normal -0.972371 -0.233443 0
    outer loop
      vertex -44.9948 -9.56394 125
      vertex -44.4326 -11.9057 0
      vertex -44.4326 -11.9057 125
    endloop
  endfacet
  facet normal 0.902586 -0.430511 0
    outer loop
      vertex 40.9863 -20.8836 125
      vertex 42.0231 -18.7099 0
      vertex 42.0231 -18.7099 125
    endloop
  endfacet
  facet normal 0.902586 -0.430511 0
    outer loop
      vertex 42.0231 -18.7099 0
      vertex 40.9863 -20.8836 125
      vertex 40.9863 -20.8836 0
    endloop
  endfacet
  facet normal -0.923883 0.382675 0
    outer loop
      vertex -42.9447 16.4849 0
      vertex -42.0231 18.7099 125
      vertex -42.0231 18.7099 0
    endloop
  endfacet
  facet normal -0.923883 0.382675 0
    outer loop
      vertex -42.0231 18.7099 125
      vertex -42.9447 16.4849 0
      vertex -42.9447 16.4849 125
    endloop
  endfacet
  facet normal -0.382675 0.923883 0
    outer loop
      vertex -16.4849 42.9447 0
      vertex -18.7099 42.0231 125
      vertex -16.4849 42.9447 125
    endloop
  endfacet
  facet normal -0.382675 0.923883 0
    outer loop
      vertex -18.7099 42.0231 125
      vertex -16.4849 42.9447 0
      vertex -18.7099 42.0231 0
    endloop
  endfacet
  facet normal -0.477155 -0.878819 0
    outer loop
      vertex -23 -39.8372 0
      vertex -20.8836 -40.9863 125
      vertex -23 -39.8372 125
    endloop
  endfacet
  facet normal -0.477155 -0.878819 -0
    outer loop
      vertex -20.8836 -40.9863 125
      vertex -23 -39.8372 0
      vertex -20.8836 -40.9863 0
    endloop
  endfacet
  facet normal -0.923883 -0.382675 0
    outer loop
      vertex -42.0231 -18.7099 0
      vertex -42.9447 -16.4849 125
      vertex -42.9447 -16.4849 0
    endloop
  endfacet
  facet normal -0.923883 -0.382675 0
    outer loop
      vertex -42.9447 -16.4849 125
      vertex -42.0231 -18.7099 0
      vertex -42.0231 -18.7099 125
    endloop
  endfacet
  facet normal -0.56641 -0.824124 -0
    outer loop
      vertex -27.0381 -37.2148 7
      vertex -27.0381 -37.2148 0
      vertex -25.3893 -38.348 7
    endloop
  endfacet
  facet normal -0.566393 -0.824135 0
    outer loop
      vertex -27.0381 -37.2148 33
      vertex -25.0534 -38.5788 125
      vertex -27.0381 -37.2148 125
    endloop
  endfacet
  facet normal -0.56641 -0.824124 5.36994e-07
    outer loop
      vertex -25.3893 -38.348 33
      vertex -25.0534 -38.5788 125
      vertex -27.0381 -37.2148 33
    endloop
  endfacet
  facet normal -0.56631 -0.824192 0
    outer loop
      vertex -25.0534 -38.5788 0
      vertex -25.3893 -38.348 33
      vertex -25.3893 -38.348 7
    endloop
  endfacet
  facet normal -0.56631 -0.824192 0
    outer loop
      vertex -25.3893 -38.348 33
      vertex -25.0534 -38.5788 0
      vertex -25.0534 -38.5788 125
    endloop
  endfacet
  facet normal -0.566393 -0.824135 -5.86325e-06
    outer loop
      vertex -25.0534 -38.5788 0
      vertex -25.3893 -38.348 7
      vertex -27.0381 -37.2148 0
    endloop
  endfacet
  facet normal -0.902586 -0.430511 0
    outer loop
      vertex -40.9863 -20.8836 0
      vertex -42.0231 -18.7099 125
      vertex -42.0231 -18.7099 0
    endloop
  endfacet
  facet normal -0.902586 -0.430511 0
    outer loop
      vertex -42.0231 -18.7099 125
      vertex -40.9863 -20.8836 0
      vertex -40.9863 -20.8836 125
    endloop
  endfacet
  facet normal -0.923883 -0.382675 0
    outer loop
      vertex 40.144 15.4098 8
      vertex 39.2825 17.4897 121.01
      vertex 39.2825 17.4897 8
    endloop
  endfacet
  facet normal -0.923883 -0.382675 0
    outer loop
      vertex 39.2825 17.4897 121.01
      vertex 40.144 15.4098 8
      vertex 40.144 15.4098 121.01
    endloop
  endfacet
  facet normal -0.996915 -0.0784909 0
    outer loop
      vertex 42.9411 2.25045 8
      vertex 42.7644 4.49472 121.01
      vertex 42.7644 4.49472 8
    endloop
  endfacet
  facet normal -0.996915 -0.0784909 0
    outer loop
      vertex 42.7644 4.49472 121.01
      vertex 42.9411 2.25045 8
      vertex 42.9411 2.25045 121.01
    endloop
  endfacet
  facet normal -0.999658 -0.0261636 0
    outer loop
      vertex 43 0 8
      vertex 42.9411 2.25045 121.01
      vertex 42.9411 2.25045 8
    endloop
  endfacet
  facet normal -0.999658 -0.0261636 0
    outer loop
      vertex 42.9411 2.25045 121.01
      vertex 43 0 8
      vertex 43 0 121.01
    endloop
  endfacet
  facet normal 0.284025 0.958817 -0
    outer loop
      vertex -11.1292 -41.5348 8
      vertex -13.2877 -40.8954 121.01
      vertex -11.1292 -41.5348 121.01
    endloop
  endfacet
  facet normal 0.284025 0.958817 0
    outer loop
      vertex -13.2877 -40.8954 121.01
      vertex -11.1292 -41.5348 8
      vertex -13.2877 -40.8954 8
    endloop
  endfacet
  facet normal 0.333777 0.942652 -0
    outer loop
      vertex -13.2877 -40.8954 8
      vertex -15.4098 -40.144 121.01
      vertex -13.2877 -40.8954 121.01
    endloop
  endfacet
  facet normal 0.333777 0.942652 0
    outer loop
      vertex -15.4098 -40.144 121.01
      vertex -13.2877 -40.8954 8
      vertex -15.4098 -40.144 8
    endloop
  endfacet
  facet normal -0.983251 0.182256 0
    outer loop
      vertex 42.0603 -8.9402 8
      vertex 42.4706 -6.72668 121.01
      vertex 42.4706 -6.72668 8
    endloop
  endfacet
  facet normal -0.983251 0.182256 0
    outer loop
      vertex 42.4706 -6.72668 121.01
      vertex 42.0603 -8.9402 8
      vertex 42.0603 -8.9402 121.01
    endloop
  endfacet
  facet normal 0.793363 -0.608749 0
    outer loop
      vertex -34.7877 25.2748 121.01
      vertex -33.4173 27.0608 8
      vertex -33.4173 27.0608 121.01
    endloop
  endfacet
  facet normal 0.793363 -0.608749 0
    outer loop
      vertex -33.4173 27.0608 8
      vertex -34.7877 25.2748 121.01
      vertex -34.7877 25.2748 8
    endloop
  endfacet
  facet normal -0.0261636 0.999658 0
    outer loop
      vertex 2.25045 -42.9411 8
      vertex 0 -43 121.01
      vertex 2.25045 -42.9411 121.01
    endloop
  endfacet
  facet normal -0.0261636 0.999658 0
    outer loop
      vertex 0 -43 121.01
      vertex 2.25045 -42.9411 8
      vertex 0 -43 8
    endloop
  endfacet
  facet normal 0.942652 -0.333777 0
    outer loop
      vertex -40.8954 13.2877 121.01
      vertex -40.144 15.4098 8
      vertex -40.144 15.4098 121.01
    endloop
  endfacet
  facet normal 0.942652 -0.333777 0
    outer loop
      vertex -40.144 15.4098 8
      vertex -40.8954 13.2877 121.01
      vertex -40.8954 13.2877 8
    endloop
  endfacet
  facet normal -0.793382 0.608724 0
    outer loop
      vertex 33.4173 -27.0608 8
      vertex 34.2312 -26 121.01
      vertex 34.2312 -26 8
    endloop
  endfacet
  facet normal -0.793382 0.608724 0
    outer loop
      vertex 34.2312 -26 121.01
      vertex 33.4173 -27.0608 8
      vertex 33.4173 -27.0608 121.01
    endloop
  endfacet
  facet normal -0.182256 -0.983251 0
    outer loop
      vertex 6.72668 42.4706 8
      vertex 8.9402 42.0603 121.01
      vertex 6.72668 42.4706 121.01
    endloop
  endfacet
  facet normal -0.182256 -0.983251 -0
    outer loop
      vertex 8.9402 42.0603 121.01
      vertex 6.72668 42.4706 8
      vertex 8.9402 42.0603 8
    endloop
  endfacet
  facet normal 0.958817 -0.284025 0
    outer loop
      vertex -41.5348 11.1292 121.01
      vertex -40.8954 13.2877 8
      vertex -40.8954 13.2877 121.01
    endloop
  endfacet
  facet normal 0.958817 -0.284025 0
    outer loop
      vertex -40.8954 13.2877 8
      vertex -41.5348 11.1292 121.01
      vertex -41.5348 11.1292 8
    endloop
  endfacet
  facet normal -0.0784909 0.996915 0
    outer loop
      vertex 4.49472 -42.7644 8
      vertex 2.25045 -42.9411 121.01
      vertex 4.49472 -42.7644 121.01
    endloop
  endfacet
  facet normal -0.0784909 0.996915 0
    outer loop
      vertex 2.25045 -42.9411 121.01
      vertex 4.49472 -42.7644 8
      vertex 2.25045 -42.9411 8
    endloop
  endfacet
  facet normal 0.608749 0.793363 -0
    outer loop
      vertex -25.2748 -34.7877 8
      vertex -27.0608 -33.4173 121.01
      vertex -25.2748 -34.7877 121.01
    endloop
  endfacet
  facet normal 0.608749 0.793363 0
    outer loop
      vertex -27.0608 -33.4173 121.01
      vertex -25.2748 -34.7877 8
      vertex -27.0608 -33.4173 8
    endloop
  endfacet
  facet normal 0.972373 -0.233432 0
    outer loop
      vertex -42.0603 8.9402 121.01
      vertex -41.5348 11.1292 8
      vertex -41.5348 11.1292 121.01
    endloop
  endfacet
  facet normal 0.972373 -0.233432 0
    outer loop
      vertex -41.5348 11.1292 8
      vertex -42.0603 8.9402 121.01
      vertex -42.0603 8.9402 8
    endloop
  endfacet
  facet normal 0.942652 0.333777 0
    outer loop
      vertex -40.144 -15.4098 121.01
      vertex -40.8954 -13.2877 8
      vertex -40.8954 -13.2877 121.01
    endloop
  endfacet
  facet normal 0.942652 0.333777 0
    outer loop
      vertex -40.8954 -13.2877 8
      vertex -40.144 -15.4098 121.01
      vertex -40.144 -15.4098 8
    endloop
  endfacet
  facet normal -0.983251 -0.182256 0
    outer loop
      vertex 42.4706 6.72668 8
      vertex 42.0603 8.9402 121.01
      vertex 42.0603 8.9402 8
    endloop
  endfacet
  facet normal -0.983251 -0.182256 0
    outer loop
      vertex 42.0603 8.9402 121.01
      vertex 42.4706 6.72668 8
      vertex 42.4706 6.72668 121.01
    endloop
  endfacet
  facet normal 0.852634 0.522508 0
    outer loop
      vertex -36.0628 -23.4195 121.01
      vertex -37.2391 -21.5 8
      vertex -37.2391 -21.5 121.01
    endloop
  endfacet
  facet normal 0.852634 0.522508 0
    outer loop
      vertex -37.2391 -21.5 8
      vertex -36.0628 -23.4195 121.01
      vertex -36.0628 -23.4195 8
    endloop
  endfacet
  facet normal -0.333777 0.942652 0
    outer loop
      vertex 15.4098 -40.144 8
      vertex 13.2877 -40.8954 121.01
      vertex 15.4098 -40.144 121.01
    endloop
  endfacet
  facet normal -0.333777 0.942652 0
    outer loop
      vertex 13.2877 -40.8954 121.01
      vertex 15.4098 -40.144 8
      vertex 13.2877 -40.8954 8
    endloop
  endfacet
  facet normal -0.991447 0.130507 0
    outer loop
      vertex 42.4706 -6.72668 8
      vertex 42.7644 -4.49472 121.01
      vertex 42.7644 -4.49472 8
    endloop
  endfacet
  facet normal -0.991447 0.130507 0
    outer loop
      vertex 42.7644 -4.49472 121.01
      vertex 42.4706 -6.72668 8
      vertex 42.4706 -6.72668 121.01
    endloop
  endfacet
  facet normal -0.430523 -0.90258 0
    outer loop
      vertex 17.4897 39.2825 8
      vertex 19.5216 38.3133 121.01
      vertex 17.4897 39.2825 121.01
    endloop
  endfacet
  facet normal -0.430523 -0.90258 -0
    outer loop
      vertex 19.5216 38.3133 121.01
      vertex 17.4897 39.2825 8
      vertex 19.5216 38.3133 8
    endloop
  endfacet
  facet normal -0.130507 0.991447 0
    outer loop
      vertex 6.72668 -42.4706 8
      vertex 4.49472 -42.7644 121.01
      vertex 6.72668 -42.4706 121.01
    endloop
  endfacet
  facet normal -0.130507 0.991447 0
    outer loop
      vertex 4.49472 -42.7644 121.01
      vertex 6.72668 -42.4706 8
      vertex 4.49472 -42.7644 8
    endloop
  endfacet
  facet normal 0.0261636 0.999658 -0
    outer loop
      vertex 0 -43 8
      vertex -2.25045 -42.9411 121.01
      vertex 0 -43 121.01
    endloop
  endfacet
  facet normal 0.0261636 0.999658 0
    outer loop
      vertex -2.25045 -42.9411 121.01
      vertex 0 -43 8
      vertex -2.25045 -42.9411 8
    endloop
  endfacet
  facet normal 0.430523 -0.90258 0
    outer loop
      vertex -19.5216 38.3133 8
      vertex -17.4897 39.2825 121.01
      vertex -19.5216 38.3133 121.01
    endloop
  endfacet
  facet normal 0.430523 -0.90258 0
    outer loop
      vertex -17.4897 39.2825 121.01
      vertex -19.5216 38.3133 8
      vertex -17.4897 39.2825 8
    endloop
  endfacet
  facet normal 0 0 1
    outer loop
      vertex 42.9411 2.25045 8
      vertex 42.9411 -2.25045 8
      vertex 43 0 8
    endloop
  endfacet
  facet normal 0 0 1
    outer loop
      vertex 42.7644 4.49472 8
      vertex 42.9411 -2.25045 8
      vertex 42.9411 2.25045 8
    endloop
  endfacet
  facet normal 0 0 1
    outer loop
      vertex 42.7644 4.49472 8
      vertex 42.7644 -4.49472 8
      vertex 42.9411 -2.25045 8
    endloop
  endfacet
  facet normal 0 0 1
    outer loop
      vertex 42.4706 6.72668 8
      vertex 42.7644 -4.49472 8
      vertex 42.7644 4.49472 8
    endloop
  endfacet
  facet normal 0 0 1
    outer loop
      vertex 42.4706 6.72668 8
      vertex 42.4706 -6.72668 8
      vertex 42.7644 -4.49472 8
    endloop
  endfacet
  facet normal 0 0 1
    outer loop
      vertex 42.0603 8.9402 8
      vertex 42.4706 -6.72668 8
      vertex 42.4706 6.72668 8
    endloop
  endfacet
  facet normal 0 0 1
    outer loop
      vertex 42.0603 8.9402 8
      vertex 42.0603 -8.9402 8
      vertex 42.4706 -6.72668 8
    endloop
  endfacet
  facet normal 0 0 1
    outer loop
      vertex 41.5348 11.1292 8
      vertex 42.0603 -8.9402 8
      vertex 42.0603 8.9402 8
    endloop
  endfacet
  facet normal 0 0 1
    outer loop
      vertex 41.5348 11.1292 8
      vertex 41.5348 -11.1292 8
      vertex 42.0603 -8.9402 8
    endloop
  endfacet
  facet normal 0 0 1
    outer loop
      vertex 40.8954 13.2877 8
      vertex 41.5348 -11.1292 8
      vertex 41.5348 11.1292 8
    endloop
  endfacet
  facet normal 0 0 1
    outer loop
      vertex 40.8954 13.2877 8
      vertex 40.8954 -13.2877 8
      vertex 41.5348 -11.1292 8
    endloop
  endfacet
  facet normal 0 0 1
    outer loop
      vertex 40.144 15.4098 8
      vertex 40.8954 -13.2877 8
      vertex 40.8954 13.2877 8
    endloop
  endfacet
  facet normal 0 0 1
    outer loop
      vertex 40.144 15.4098 8
      vertex 40.144 -15.4098 8
      vertex 40.8954 -13.2877 8
    endloop
  endfacet
  facet normal 0 0 1
    outer loop
      vertex 39.2825 17.4897 8
      vertex 40.144 -15.4098 8
      vertex 40.144 15.4098 8
    endloop
  endfacet
  facet normal 0 0 1
    outer loop
      vertex 39.2825 17.4897 8
      vertex 39.2825 -17.4897 8
      vertex 40.144 -15.4098 8
    endloop
  endfacet
  facet normal 0 0 1
    outer loop
      vertex 38.3133 19.5216 8
      vertex 39.2825 -17.4897 8
      vertex 39.2825 17.4897 8
    endloop
  endfacet
  facet normal 0 0 1
    outer loop
      vertex 38.3133 19.5216 8
      vertex 38.3133 -19.5216 8
      vertex 39.2825 -17.4897 8
    endloop
  endfacet
  facet normal 0 0 1
    outer loop
      vertex 37 21.8902 8
      vertex 38.3133 19.5216 8
      vertex 37.2391 21.5 8
    endloop
  endfacet
  facet normal 0 0 1
    outer loop
      vertex 38.3133 19.5216 8
      vertex 37 21.8902 8
      vertex 38.3133 -19.5216 8
    endloop
  endfacet
  facet normal 0 0 1
    outer loop
      vertex 37 -21.8902 8
      vertex 38.3133 -19.5216 8
      vertex 37 21.8902 8
    endloop
  endfacet
  facet normal 0 0 1
    outer loop
      vertex 38.3133 -19.5216 8
      vertex 37 -21.8902 8
      vertex 37.2391 -21.5 8
    endloop
  endfacet
  facet normal 0 0 1
    outer loop
      vertex 27 26 8
      vertex 33.4173 27.0608 8
      vertex 31.9552 28.7726 8
    endloop
  endfacet
  facet normal 0 0 1
    outer loop
      vertex 27 26 8
      vertex 31.9552 28.7726 8
      vertex 30.4056 30.4056 8
    endloop
  endfacet
  facet normal 0 0 1
    outer loop
      vertex 27 26 8
      vertex 30.4056 30.4056 8
      vertex 28.7726 31.9552 8
    endloop
  endfacet
  facet normal 0 0 1
    outer loop
      vertex 27 26 8
      vertex 28.7726 31.9552 8
      vertex 27.0608 33.4173 8
    endloop
  endfacet
  facet normal 0 0 1
    outer loop
      vertex 33.4173 27.0608 8
      vertex 27 26 8
      vertex 34.2312 26 8
    endloop
  endfacet
  facet normal 0 0 1
    outer loop
      vertex 23.4195 36.0628 8
      vertex 27 26 8
      vertex 25.2748 34.7877 8
    endloop
  endfacet
  facet normal 0 0 1
    outer loop
      vertex 25.2748 34.7877 8
      vertex 27 26 8
      vertex 27.0608 33.4173 8
    endloop
  endfacet
  facet normal -0 0 1
    outer loop
      vertex 27 -26 8
      vertex 33.4173 -27.0608 8
      vertex 34.2312 -26 8
    endloop
  endfacet
  facet normal 0 0 1
    outer loop
      vertex 33.4173 -27.0608 8
      vertex 27 -26 8
      vertex 31.9552 -28.7726 8
    endloop
  endfacet
  facet normal 0 0 1
    outer loop
      vertex 31.9552 -28.7726 8
      vertex 27 -26 8
      vertex 30.4056 -30.4056 8
    endloop
  endfacet
  facet normal 0 0 1
    outer loop
      vertex 30.4056 -30.4056 8
      vertex 27 -26 8
      vertex 28.7726 -31.9552 8
    endloop
  endfacet
  facet normal 0 0 1
    outer loop
      vertex 28.7726 -31.9552 8
      vertex 27 -26 8
      vertex 27.0608 -33.4173 8
    endloop
  endfacet
  facet normal 0 -0 1
    outer loop
      vertex 20.5 0 8
      vertex 27 26 8
      vertex 20.4719 1.07289 8
    endloop
  endfacet
  facet normal -0 0 1
    outer loop
      vertex 20.4719 -1.07289 8
      vertex 27 -26 8
      vertex 20.5 0 8
    endloop
  endfacet
  facet normal 0 0 1
    outer loop
      vertex 21.5 37.2391 8
      vertex 27 26 8
      vertex 23.4195 36.0628 8
    endloop
  endfacet
  facet normal -0 0 1
    outer loop
      vertex 20.3877 -2.14283 8
      vertex 27 -26 8
      vertex 20.4719 -1.07289 8
    endloop
  endfacet
  facet normal 0 0 1
    outer loop
      vertex 10.25 17.7535 8
      vertex 27 26 8
      vertex 21.5 37.2391 8
    endloop
  endfacet
  facet normal -0 0 1
    outer loop
      vertex 20.2476 -3.20691 8
      vertex 27 -26 8
      vertex 20.3877 -2.14283 8
    endloop
  endfacet
  facet normal -0 0 1
    outer loop
      vertex 20.052 -4.26219 8
      vertex 27 -26 8
      vertex 20.2476 -3.20691 8
    endloop
  endfacet
  facet normal 0 0 1
    outer loop
      vertex 27 26 8
      vertex 20.5 0 8
      vertex 27 -26 8
    endloop
  endfacet
  facet normal 0 0 1
    outer loop
      vertex 27 26 8
      vertex 20.3877 2.14283 8
      vertex 20.4719 1.07289 8
    endloop
  endfacet
  facet normal 0 0 1
    outer loop
      vertex 27 26 8
      vertex 20.2476 3.20691 8
      vertex 20.3877 2.14283 8
    endloop
  endfacet
  facet normal 0 0 1
    outer loop
      vertex 27 26 8
      vertex 20.052 4.26219 8
      vertex 20.2476 3.20691 8
    endloop
  endfacet
  facet normal 0 0 1
    outer loop
      vertex 27 26 8
      vertex 19.8015 5.30579 8
      vertex 20.052 4.26219 8
    endloop
  endfacet
  facet normal 0 0 1
    outer loop
      vertex 10.25 17.7535 8
      vertex 21.5 37.2391 8
      vertex 19.5216 38.3133 8
    endloop
  endfacet
  facet normal 0 0 1
    outer loop
      vertex 27 26 8
      vertex 19.4967 6.33485 8
      vertex 19.8015 5.30579 8
    endloop
  endfacet
  facet normal 0 0 1
    outer loop
      vertex 27 26 8
      vertex 19.1384 7.34654 8
      vertex 19.4967 6.33485 8
    endloop
  endfacet
  facet normal 0 0 1
    outer loop
      vertex 27 26 8
      vertex 18.7277 8.3381 8
      vertex 19.1384 7.34654 8
    endloop
  endfacet
  facet normal 0 0 1
    outer loop
      vertex 27 26 8
      vertex 18.2656 9.3068 8
      vertex 18.7277 8.3381 8
    endloop
  endfacet
  facet normal 0 0 1
    outer loop
      vertex 27 26 8
      vertex 17.7535 10.25 8
      vertex 18.2656 9.3068 8
    endloop
  endfacet
  facet normal 0 0 1
    outer loop
      vertex 9.3068 18.2656 8
      vertex 19.5216 38.3133 8
      vertex 17.4897 39.2825 8
    endloop
  endfacet
  facet normal 0 0 1
    outer loop
      vertex 27 26 8
      vertex 17.1927 11.1651 8
      vertex 17.7535 10.25 8
    endloop
  endfacet
  facet normal 0 0 1
    outer loop
      vertex 27 26 8
      vertex 16.5848 12.0496 8
      vertex 17.1927 11.1651 8
    endloop
  endfacet
  facet normal 0 0 1
    outer loop
      vertex 27 26 8
      vertex 15.9315 12.9011 8
      vertex 16.5848 12.0496 8
    endloop
  endfacet
  facet normal 0 0 1
    outer loop
      vertex 8.3381 18.7277 8
      vertex 17.4897 39.2825 8
      vertex 15.4098 40.144 8
    endloop
  endfacet
  facet normal 0 0 1
    outer loop
      vertex 27 26 8
      vertex 15.2345 13.7172 8
      vertex 15.9315 12.9011 8
    endloop
  endfacet
  facet normal 0 0 1
    outer loop
      vertex 27 26 8
      vertex 14.4957 14.4957 8
      vertex 15.2345 13.7172 8
    endloop
  endfacet
  facet normal 0 0 1
    outer loop
      vertex 27 26 8
      vertex 13.7172 15.2345 8
      vertex 14.4957 14.4957 8
    endloop
  endfacet
  facet normal 0 0 1
    outer loop
      vertex 7.34654 19.1384 8
      vertex 15.4098 40.144 8
      vertex 13.2877 40.8954 8
    endloop
  endfacet
  facet normal 0 0 1
    outer loop
      vertex 27 26 8
      vertex 12.9011 15.9315 8
      vertex 13.7172 15.2345 8
    endloop
  endfacet
  facet normal 0 0 1
    outer loop
      vertex 27 26 8
      vertex 12.0496 16.5848 8
      vertex 12.9011 15.9315 8
    endloop
  endfacet
  facet normal 0 0 1
    outer loop
      vertex 27 26 8
      vertex 11.1651 17.1927 8
      vertex 12.0496 16.5848 8
    endloop
  endfacet
  facet normal 0 0 1
    outer loop
      vertex 6.33485 19.4967 8
      vertex 13.2877 40.8954 8
      vertex 11.1292 41.5348 8
    endloop
  endfacet
  facet normal 0 0 1
    outer loop
      vertex 27 26 8
      vertex 10.25 17.7535 8
      vertex 11.1651 17.1927 8
    endloop
  endfacet
  facet normal 0 0 1
    outer loop
      vertex 19.5216 38.3133 8
      vertex 9.3068 18.2656 8
      vertex 10.25 17.7535 8
    endloop
  endfacet
  facet normal 0 0 1
    outer loop
      vertex 5.30579 19.8015 8
      vertex 11.1292 41.5348 8
      vertex 8.9402 42.0603 8
    endloop
  endfacet
  facet normal 0 0 1
    outer loop
      vertex 17.4897 39.2825 8
      vertex 8.3381 18.7277 8
      vertex 9.3068 18.2656 8
    endloop
  endfacet
  facet normal 0 0 1
    outer loop
      vertex 15.4098 40.144 8
      vertex 7.34654 19.1384 8
      vertex 8.3381 18.7277 8
    endloop
  endfacet
  facet normal 0 0 1
    outer loop
      vertex 4.26219 20.052 8
      vertex 8.9402 42.0603 8
      vertex 6.72668 42.4706 8
    endloop
  endfacet
  facet normal 0 0 1
    outer loop
      vertex 13.2877 40.8954 8
      vertex 6.33485 19.4967 8
      vertex 7.34654 19.1384 8
    endloop
  endfacet
  facet normal 0 0 1
    outer loop
      vertex 11.1292 41.5348 8
      vertex 5.30579 19.8015 8
      vertex 6.33485 19.4967 8
    endloop
  endfacet
  facet normal 0 0 1
    outer loop
      vertex 3.20691 20.2476 8
      vertex 6.72668 42.4706 8
      vertex 4.49472 42.7644 8
    endloop
  endfacet
  facet normal 0 0 1
    outer loop
      vertex 8.9402 42.0603 8
      vertex 4.26219 20.052 8
      vertex 5.30579 19.8015 8
    endloop
  endfacet
  facet normal 0 0 1
    outer loop
      vertex 6.72668 42.4706 8
      vertex 3.20691 20.2476 8
      vertex 4.26219 20.052 8
    endloop
  endfacet
  facet normal 0 0 1
    outer loop
      vertex 2.14283 20.3877 8
      vertex 4.49472 42.7644 8
      vertex 2.25045 42.9411 8
    endloop
  endfacet
  facet normal 0 0 1
    outer loop
      vertex 4.49472 42.7644 8
      vertex 2.14283 20.3877 8
      vertex 3.20691 20.2476 8
    endloop
  endfacet
  facet normal 0 0 1
    outer loop
      vertex 2.25045 42.9411 8
      vertex 1.07289 20.4719 8
      vertex 2.14283 20.3877 8
    endloop
  endfacet
  facet normal 0 0 1
    outer loop
      vertex 0 43 8
      vertex 1.07289 20.4719 8
      vertex 2.25045 42.9411 8
    endloop
  endfacet
  facet normal 0 0 1
    outer loop
      vertex 0 43 8
      vertex 0 20.5 8
      vertex 1.07289 20.4719 8
    endloop
  endfacet
  facet normal 0 0 1
    outer loop
      vertex 0 43 8
      vertex -1.07289 20.4719 8
      vertex 0 20.5 8
    endloop
  endfacet
  facet normal -0 0 1
    outer loop
      vertex -2.25045 42.9411 8
      vertex -1.07289 20.4719 8
      vertex 0 43 8
    endloop
  endfacet
  facet normal 0 0 1
    outer loop
      vertex -1.07289 20.4719 8
      vertex -2.25045 42.9411 8
      vertex -2.14283 20.3877 8
    endloop
  endfacet
  facet normal -0 0 1
    outer loop
      vertex -4.49472 42.7644 8
      vertex -2.14283 20.3877 8
      vertex -2.25045 42.9411 8
    endloop
  endfacet
  facet normal 0 0 1
    outer loop
      vertex -2.14283 20.3877 8
      vertex -4.49472 42.7644 8
      vertex -3.20691 20.2476 8
    endloop
  endfacet
  facet normal -0 0 1
    outer loop
      vertex -6.72668 42.4706 8
      vertex -3.20691 20.2476 8
      vertex -4.49472 42.7644 8
    endloop
  endfacet
  facet normal 0 0 1
    outer loop
      vertex -3.20691 20.2476 8
      vertex -6.72668 42.4706 8
      vertex -4.26219 20.052 8
    endloop
  endfacet
  facet normal -0 0 1
    outer loop
      vertex -8.9402 42.0603 8
      vertex -4.26219 20.052 8
      vertex -6.72668 42.4706 8
    endloop
  endfacet
  facet normal 0 0 1
    outer loop
      vertex -4.26219 20.052 8
      vertex -8.9402 42.0603 8
      vertex -5.30579 19.8015 8
    endloop
  endfacet
  facet normal -0 0 1
    outer loop
      vertex -11.1292 41.5348 8
      vertex -5.30579 19.8015 8
      vertex -8.9402 42.0603 8
    endloop
  endfacet
  facet normal 0 0 1
    outer loop
      vertex -5.30579 19.8015 8
      vertex -11.1292 41.5348 8
      vertex -6.33485 19.4967 8
    endloop
  endfacet
  facet normal -0 0 1
    outer loop
      vertex -13.2877 40.8954 8
      vertex -6.33485 19.4967 8
      vertex -11.1292 41.5348 8
    endloop
  endfacet
  facet normal 0 0 1
    outer loop
      vertex -6.33485 19.4967 8
      vertex -13.2877 40.8954 8
      vertex -7.34654 19.1384 8
    endloop
  endfacet
  facet normal -0 0 1
    outer loop
      vertex -15.4098 40.144 8
      vertex -7.34654 19.1384 8
      vertex -13.2877 40.8954 8
    endloop
  endfacet
  facet normal 0 0 1
    outer loop
      vertex -7.34654 19.1384 8
      vertex -15.4098 40.144 8
      vertex -8.3381 18.7277 8
    endloop
  endfacet
  facet normal -0 0 1
    outer loop
      vertex -17.4897 39.2825 8
      vertex -8.3381 18.7277 8
      vertex -15.4098 40.144 8
    endloop
  endfacet
  facet normal 0 0 1
    outer loop
      vertex -8.3381 18.7277 8
      vertex -17.4897 39.2825 8
      vertex -9.3068 18.2656 8
    endloop
  endfacet
  facet normal -0 0 1
    outer loop
      vertex -19.5216 38.3133 8
      vertex -9.3068 18.2656 8
      vertex -17.4897 39.2825 8
    endloop
  endfacet
  facet normal 0 0 1
    outer loop
      vertex -9.3068 18.2656 8
      vertex -19.5216 38.3133 8
      vertex -10.25 17.7535 8
    endloop
  endfacet
  facet normal -0 0 1
    outer loop
      vertex -21.5 37.2391 8
      vertex -10.25 17.7535 8
      vertex -19.5216 38.3133 8
    endloop
  endfacet
  facet normal 0 0 1
    outer loop
      vertex -10.25 17.7535 8
      vertex -21.5 37.2391 8
      vertex -11.1651 17.1927 8
    endloop
  endfacet
  facet normal -0 0 1
    outer loop
      vertex -23.4195 36.0628 8
      vertex -11.1651 17.1927 8
      vertex -21.5 37.2391 8
    endloop
  endfacet
  facet normal 0 0 1
    outer loop
      vertex -11.1651 17.1927 8
      vertex -23.4195 36.0628 8
      vertex -12.0496 16.5848 8
    endloop
  endfacet
  facet normal -0 0 1
    outer loop
      vertex -25.2748 34.7877 8
      vertex -12.0496 16.5848 8
      vertex -23.4195 36.0628 8
    endloop
  endfacet
  facet normal 0 0 1
    outer loop
      vertex -12.0496 16.5848 8
      vertex -25.2748 34.7877 8
      vertex -12.9011 15.9315 8
    endloop
  endfacet
  facet normal -0 0 1
    outer loop
      vertex -27.0608 33.4173 8
      vertex -12.9011 15.9315 8
      vertex -25.2748 34.7877 8
    endloop
  endfacet
  facet normal 0 0 1
    outer loop
      vertex -12.9011 15.9315 8
      vertex -27.0608 33.4173 8
      vertex -13.7172 15.2345 8
    endloop
  endfacet
  facet normal -0 0 1
    outer loop
      vertex -28.7726 31.9552 8
      vertex -13.7172 15.2345 8
      vertex -27.0608 33.4173 8
    endloop
  endfacet
  facet normal 0 0 1
    outer loop
      vertex -13.7172 15.2345 8
      vertex -28.7726 31.9552 8
      vertex -14.4957 14.4957 8
    endloop
  endfacet
  facet normal -0 0 1
    outer loop
      vertex -30.4056 30.4056 8
      vertex -14.4957 14.4957 8
      vertex -28.7726 31.9552 8
    endloop
  endfacet
  facet normal 0 0 1
    outer loop
      vertex -14.4957 14.4957 8
      vertex -30.4056 30.4056 8
      vertex -15.2345 13.7172 8
    endloop
  endfacet
  facet normal -0 0 1
    outer loop
      vertex -31.9552 28.7726 8
      vertex -15.2345 13.7172 8
      vertex -30.4056 30.4056 8
    endloop
  endfacet
  facet normal 0 0 1
    outer loop
      vertex -15.2345 13.7172 8
      vertex -31.9552 28.7726 8
      vertex -15.9315 12.9011 8
    endloop
  endfacet
  facet normal -0 0 1
    outer loop
      vertex -33.4173 27.0608 8
      vertex -15.9315 12.9011 8
      vertex -31.9552 28.7726 8
    endloop
  endfacet
  facet normal 0 0 1
    outer loop
      vertex -15.9315 12.9011 8
      vertex -33.4173 27.0608 8
      vertex -16.5848 12.0496 8
    endloop
  endfacet
  facet normal -0 0 1
    outer loop
      vertex -34.7877 25.2748 8
      vertex -16.5848 12.0496 8
      vertex -33.4173 27.0608 8
    endloop
  endfacet
  facet normal 0 0 1
    outer loop
      vertex -16.5848 12.0496 8
      vertex -34.7877 25.2748 8
      vertex -17.1927 11.1651 8
    endloop
  endfacet
  facet normal -0 0 1
    outer loop
      vertex -36.0628 23.4195 8
      vertex -17.1927 11.1651 8
      vertex -34.7877 25.2748 8
    endloop
  endfacet
  facet normal 0 0 1
    outer loop
      vertex -17.1927 11.1651 8
      vertex -36.0628 23.4195 8
      vertex -17.7535 10.25 8
    endloop
  endfacet
  facet normal -0 0 1
    outer loop
      vertex -37.2391 21.5 8
      vertex -17.7535 10.25 8
      vertex -36.0628 23.4195 8
    endloop
  endfacet
  facet normal -0 0 1
    outer loop
      vertex 19.8015 -5.30579 8
      vertex 27 -26 8
      vertex 20.052 -4.26219 8
    endloop
  endfacet
  facet normal -0 0 1
    outer loop
      vertex 19.4967 -6.33485 8
      vertex 27 -26 8
      vertex 19.8015 -5.30579 8
    endloop
  endfacet
  facet normal -0 0 1
    outer loop
      vertex 19.1384 -7.34654 8
      vertex 27 -26 8
      vertex 19.4967 -6.33485 8
    endloop
  endfacet
  facet normal -0 0 1
    outer loop
      vertex 18.7277 -8.3381 8
      vertex 27 -26 8
      vertex 19.1384 -7.34654 8
    endloop
  endfacet
  facet normal -0 0 1
    outer loop
      vertex 18.2656 -9.3068 8
      vertex 27 -26 8
      vertex 18.7277 -8.3381 8
    endloop
  endfacet
  facet normal -0 0 1
    outer loop
      vertex 17.7535 -10.25 8
      vertex 27 -26 8
      vertex 18.2656 -9.3068 8
    endloop
  endfacet
  facet normal -0 0 1
    outer loop
      vertex 17.1927 -11.1651 8
      vertex 27 -26 8
      vertex 17.7535 -10.25 8
    endloop
  endfacet
  facet normal -0 0 1
    outer loop
      vertex 16.5848 -12.0496 8
      vertex 27 -26 8
      vertex 17.1927 -11.1651 8
    endloop
  endfacet
  facet normal -0 0 1
    outer loop
      vertex 15.9315 -12.9011 8
      vertex 27 -26 8
      vertex 16.5848 -12.0496 8
    endloop
  endfacet
  facet normal -0 0 1
    outer loop
      vertex 15.2345 -13.7172 8
      vertex 27 -26 8
      vertex 15.9315 -12.9011 8
    endloop
  endfacet
  facet normal -0 0 1
    outer loop
      vertex 14.4957 -14.4957 8
      vertex 27 -26 8
      vertex 15.2345 -13.7172 8
    endloop
  endfacet
  facet normal -0 0 1
    outer loop
      vertex 13.7172 -15.2345 8
      vertex 27 -26 8
      vertex 14.4957 -14.4957 8
    endloop
  endfacet
  facet normal -0 0 1
    outer loop
      vertex 12.9011 -15.9315 8
      vertex 27 -26 8
      vertex 13.7172 -15.2345 8
    endloop
  endfacet
  facet normal -0 0 1
    outer loop
      vertex 12.0496 -16.5848 8
      vertex 27 -26 8
      vertex 12.9011 -15.9315 8
    endloop
  endfacet
  facet normal 0 0 1
    outer loop
      vertex 27 -26 8
      vertex 25.2748 -34.7877 8
      vertex 27.0608 -33.4173 8
    endloop
  endfacet
  facet normal -0 0 1
    outer loop
      vertex 11.1651 -17.1927 8
      vertex 27 -26 8
      vertex 12.0496 -16.5848 8
    endloop
  endfacet
  facet normal 0 0 1
    outer loop
      vertex 27 -26 8
      vertex 23.4195 -36.0628 8
      vertex 25.2748 -34.7877 8
    endloop
  endfacet
  facet normal -0 0 1
    outer loop
      vertex 10.25 -17.7535 8
      vertex 27 -26 8
      vertex 11.1651 -17.1927 8
    endloop
  endfacet
  facet normal 0 0 1
    outer loop
      vertex 27 -26 8
      vertex 21.5 -37.2391 8
      vertex 23.4195 -36.0628 8
    endloop
  endfacet
  facet normal 0 0 1
    outer loop
      vertex 27 -26 8
      vertex 10.25 -17.7535 8
      vertex 21.5 -37.2391 8
    endloop
  endfacet
  facet normal 0 0 1
    outer loop
      vertex 21.5 -37.2391 8
      vertex 10.25 -17.7535 8
      vertex 19.5216 -38.3133 8
    endloop
  endfacet
  facet normal -0 0 1
    outer loop
      vertex 9.3068 -18.2656 8
      vertex 19.5216 -38.3133 8
      vertex 10.25 -17.7535 8
    endloop
  endfacet
  facet normal 0 0 1
    outer loop
      vertex 19.5216 -38.3133 8
      vertex 9.3068 -18.2656 8
      vertex 17.4897 -39.2825 8
    endloop
  endfacet
  facet normal -0 0 1
    outer loop
      vertex 8.3381 -18.7277 8
      vertex 17.4897 -39.2825 8
      vertex 9.3068 -18.2656 8
    endloop
  endfacet
  facet normal 0 0 1
    outer loop
      vertex 17.4897 -39.2825 8
      vertex 8.3381 -18.7277 8
      vertex 15.4098 -40.144 8
    endloop
  endfacet
  facet normal -0 0 1
    outer loop
      vertex 7.34654 -19.1384 8
      vertex 15.4098 -40.144 8
      vertex 8.3381 -18.7277 8
    endloop
  endfacet
  facet normal 0 0 1
    outer loop
      vertex 15.4098 -40.144 8
      vertex 7.34654 -19.1384 8
      vertex 13.2877 -40.8954 8
    endloop
  endfacet
  facet normal -0 0 1
    outer loop
      vertex 6.33485 -19.4967 8
      vertex 13.2877 -40.8954 8
      vertex 7.34654 -19.1384 8
    endloop
  endfacet
  facet normal 0 0 1
    outer loop
      vertex 13.2877 -40.8954 8
      vertex 6.33485 -19.4967 8
      vertex 11.1292 -41.5348 8
    endloop
  endfacet
  facet normal -0 0 1
    outer loop
      vertex 5.30579 -19.8015 8
      vertex 11.1292 -41.5348 8
      vertex 6.33485 -19.4967 8
    endloop
  endfacet
  facet normal 0 0 1
    outer loop
      vertex 11.1292 -41.5348 8
      vertex 5.30579 -19.8015 8
      vertex 8.9402 -42.0603 8
    endloop
  endfacet
  facet normal -0 0 1
    outer loop
      vertex 4.26219 -20.052 8
      vertex 8.9402 -42.0603 8
      vertex 5.30579 -19.8015 8
    endloop
  endfacet
  facet normal 0 0 1
    outer loop
      vertex 8.9402 -42.0603 8
      vertex 4.26219 -20.052 8
      vertex 6.72668 -42.4706 8
    endloop
  endfacet
  facet normal -0 0 1
    outer loop
      vertex 3.20691 -20.2476 8
      vertex 6.72668 -42.4706 8
      vertex 4.26219 -20.052 8
    endloop
  endfacet
  facet normal 0 0 1
    outer loop
      vertex 6.72668 -42.4706 8
      vertex 3.20691 -20.2476 8
      vertex 4.49472 -42.7644 8
    endloop
  endfacet
  facet normal -0 0 1
    outer loop
      vertex 2.14283 -20.3877 8
      vertex 4.49472 -42.7644 8
      vertex 3.20691 -20.2476 8
    endloop
  endfacet
  facet normal 0 0 1
    outer loop
      vertex 4.49472 -42.7644 8
      vertex 2.14283 -20.3877 8
      vertex 2.25045 -42.9411 8
    endloop
  endfacet
  facet normal -0 0 1
    outer loop
      vertex 1.07289 -20.4719 8
      vertex 2.25045 -42.9411 8
      vertex 2.14283 -20.3877 8
    endloop
  endfacet
  facet normal -0 0 1
    outer loop
      vertex 0 -20.5 8
      vertex 2.25045 -42.9411 8
      vertex 1.07289 -20.4719 8
    endloop
  endfacet
  facet normal 0 0 1
    outer loop
      vertex 0 -20.5 8
      vertex 0 -43 8
      vertex 2.25045 -42.9411 8
    endloop
  endfacet
  facet normal 0 0 1
    outer loop
      vertex -1.07289 -20.4719 8
      vertex 0 -43 8
      vertex 0 -20.5 8
    endloop
  endfacet
  facet normal 0 0 1
    outer loop
      vertex -2.25045 -42.9411 8
      vertex -1.07289 -20.4719 8
      vertex -2.14283 -20.3877 8
    endloop
  endfacet
  facet normal 0 0 1
    outer loop
      vertex -1.07289 -20.4719 8
      vertex -2.25045 -42.9411 8
      vertex 0 -43 8
    endloop
  endfacet
  facet normal 0 0 1
    outer loop
      vertex -4.49472 -42.7644 8
      vertex -2.14283 -20.3877 8
      vertex -3.20691 -20.2476 8
    endloop
  endfacet
  facet normal 0 0 1
    outer loop
      vertex -6.72668 -42.4706 8
      vertex -3.20691 -20.2476 8
      vertex -4.26219 -20.052 8
    endloop
  endfacet
  facet normal 0 0 1
    outer loop
      vertex -2.14283 -20.3877 8
      vertex -4.49472 -42.7644 8
      vertex -2.25045 -42.9411 8
    endloop
  endfacet
  facet normal 0 0 1
    outer loop
      vertex -8.9402 -42.0603 8
      vertex -4.26219 -20.052 8
      vertex -5.30579 -19.8015 8
    endloop
  endfacet
  facet normal 0 0 1
    outer loop
      vertex -11.1292 -41.5348 8
      vertex -5.30579 -19.8015 8
      vertex -6.33485 -19.4967 8
    endloop
  endfacet
  facet normal 0 0 1
    outer loop
      vertex -3.20691 -20.2476 8
      vertex -6.72668 -42.4706 8
      vertex -4.49472 -42.7644 8
    endloop
  endfacet
  facet normal 0 0 1
    outer loop
      vertex -13.2877 -40.8954 8
      vertex -6.33485 -19.4967 8
      vertex -7.34654 -19.1384 8
    endloop
  endfacet
  facet normal 0 0 1
    outer loop
      vertex -15.4098 -40.144 8
      vertex -7.34654 -19.1384 8
      vertex -8.3381 -18.7277 8
    endloop
  endfacet
  facet normal 0 0 1
    outer loop
      vertex -4.26219 -20.052 8
      vertex -8.9402 -42.0603 8
      vertex -6.72668 -42.4706 8
    endloop
  endfacet
  facet normal 0 0 1
    outer loop
      vertex -17.4897 -39.2825 8
      vertex -8.3381 -18.7277 8
      vertex -9.3068 -18.2656 8
    endloop
  endfacet
  facet normal 0 0 1
    outer loop
      vertex -19.5216 -38.3133 8
      vertex -9.3068 -18.2656 8
      vertex -10.25 -17.7535 8
    endloop
  endfacet
  facet normal 0 0 1
    outer loop
      vertex -5.30579 -19.8015 8
      vertex -11.1292 -41.5348 8
      vertex -8.9402 -42.0603 8
    endloop
  endfacet
  facet normal 0 0 1
    outer loop
      vertex -21.5 -37.2391 8
      vertex -10.25 -17.7535 8
      vertex -11.1651 -17.1927 8
    endloop
  endfacet
  facet normal 0 0 1
    outer loop
      vertex -23.4195 -36.0628 8
      vertex -11.1651 -17.1927 8
      vertex -12.0496 -16.5848 8
    endloop
  endfacet
  facet normal 0 0 1
    outer loop
      vertex -25.2748 -34.7877 8
      vertex -12.0496 -16.5848 8
      vertex -12.9011 -15.9315 8
    endloop
  endfacet
  facet normal 0 0 1
    outer loop
      vertex -6.33485 -19.4967 8
      vertex -13.2877 -40.8954 8
      vertex -11.1292 -41.5348 8
    endloop
  endfacet
  facet normal 0 0 1
    outer loop
      vertex -27.0608 -33.4173 8
      vertex -12.9011 -15.9315 8
      vertex -13.7172 -15.2345 8
    endloop
  endfacet
  facet normal 0 0 1
    outer loop
      vertex -28.7726 -31.9552 8
      vertex -13.7172 -15.2345 8
      vertex -14.4957 -14.4957 8
    endloop
  endfacet
  facet normal 0 0 1
    outer loop
      vertex -30.4056 -30.4056 8
      vertex -14.4957 -14.4957 8
      vertex -15.2345 -13.7172 8
    endloop
  endfacet
  facet normal 0 0 1
    outer loop
      vertex -7.34654 -19.1384 8
      vertex -15.4098 -40.144 8
      vertex -13.2877 -40.8954 8
    endloop
  endfacet
  facet normal 0 0 1
    outer loop
      vertex -31.9552 -28.7726 8
      vertex -15.2345 -13.7172 8
      vertex -15.9315 -12.9011 8
    endloop
  endfacet
  facet normal 0 0 1
    outer loop
      vertex -33.4173 -27.0608 8
      vertex -15.9315 -12.9011 8
      vertex -16.5848 -12.0496 8
    endloop
  endfacet
  facet normal 0 0 1
    outer loop
      vertex -34.7877 -25.2748 8
      vertex -16.5848 -12.0496 8
      vertex -17.1927 -11.1651 8
    endloop
  endfacet
  facet normal 0 0 1
    outer loop
      vertex -8.3381 -18.7277 8
      vertex -17.4897 -39.2825 8
      vertex -15.4098 -40.144 8
    endloop
  endfacet
  facet normal 0 0 1
    outer loop
      vertex -36.0628 -23.4195 8
      vertex -17.1927 -11.1651 8
      vertex -17.7535 -10.25 8
    endloop
  endfacet
  facet normal 0 0 1
    outer loop
      vertex -37.2391 -21.5 8
      vertex -17.7535 -10.25 8
      vertex -18.2656 -9.3068 8
    endloop
  endfacet
  facet normal 0 0 1
    outer loop
      vertex -38.3133 -19.5216 8
      vertex -18.2656 -9.3068 8
      vertex -18.7277 -8.3381 8
    endloop
  endfacet
  facet normal 0 0 1
    outer loop
      vertex -39.2825 -17.4897 8
      vertex -18.7277 -8.3381 8
      vertex -19.1384 -7.34654 8
    endloop
  endfacet
  facet normal 0 0 1
    outer loop
      vertex -40.144 -15.4098 8
      vertex -19.1384 -7.34654 8
      vertex -19.4967 -6.33485 8
    endloop
  endfacet
  facet normal 0 0 1
    outer loop
      vertex -9.3068 -18.2656 8
      vertex -19.5216 -38.3133 8
      vertex -17.4897 -39.2825 8
    endloop
  endfacet
  facet normal 0 0 1
    outer loop
      vertex -40.8954 -13.2877 8
      vertex -19.4967 -6.33485 8
      vertex -19.8015 -5.30579 8
    endloop
  endfacet
  facet normal 0 0 1
    outer loop
      vertex -41.5348 -11.1292 8
      vertex -19.8015 -5.30579 8
      vertex -20.052 -4.26219 8
    endloop
  endfacet
  facet normal 0 0 1
    outer loop
      vertex -42.0603 -8.9402 8
      vertex -20.052 -4.26219 8
      vertex -20.2476 -3.20691 8
    endloop
  endfacet
  facet normal 0 0 1
    outer loop
      vertex -42.4706 -6.72668 8
      vertex -20.2476 -3.20691 8
      vertex -20.3877 -2.14283 8
    endloop
  endfacet
  facet normal 0 0 1
    outer loop
      vertex -42.7644 -4.49472 8
      vertex -20.3877 -2.14283 8
      vertex -20.4719 -1.07289 8
    endloop
  endfacet
  facet normal 0 0 1
    outer loop
      vertex -42.9411 -2.25045 8
      vertex -20.4719 -1.07289 8
      vertex -20.5 0 8
    endloop
  endfacet
  facet normal 0 0 1
    outer loop
      vertex -17.7535 10.25 8
      vertex -37.2391 21.5 8
      vertex -18.2656 9.3068 8
    endloop
  endfacet
  facet normal 0 0 1
    outer loop
      vertex -10.25 -17.7535 8
      vertex -21.5 -37.2391 8
      vertex -19.5216 -38.3133 8
    endloop
  endfacet
  facet normal -0 0 1
    outer loop
      vertex -38.3133 19.5216 8
      vertex -18.2656 9.3068 8
      vertex -37.2391 21.5 8
    endloop
  endfacet
  facet normal 0 0 1
    outer loop
      vertex -11.1651 -17.1927 8
      vertex -23.4195 -36.0628 8
      vertex -21.5 -37.2391 8
    endloop
  endfacet
  facet normal 0 0 1
    outer loop
      vertex -18.2656 9.3068 8
      vertex -38.3133 19.5216 8
      vertex -18.7277 8.3381 8
    endloop
  endfacet
  facet normal 0 0 1
    outer loop
      vertex -12.0496 -16.5848 8
      vertex -25.2748 -34.7877 8
      vertex -23.4195 -36.0628 8
    endloop
  endfacet
  facet normal -0 0 1
    outer loop
      vertex -39.2825 17.4897 8
      vertex -18.7277 8.3381 8
      vertex -38.3133 19.5216 8
    endloop
  endfacet
  facet normal 0 0 1
    outer loop
      vertex -12.9011 -15.9315 8
      vertex -27.0608 -33.4173 8
      vertex -25.2748 -34.7877 8
    endloop
  endfacet
  facet normal 0 0 1
    outer loop
      vertex -18.7277 8.3381 8
      vertex -39.2825 17.4897 8
      vertex -19.1384 7.34654 8
    endloop
  endfacet
  facet normal 0 0 1
    outer loop
      vertex -13.7172 -15.2345 8
      vertex -28.7726 -31.9552 8
      vertex -27.0608 -33.4173 8
    endloop
  endfacet
  facet normal -0 0 1
    outer loop
      vertex -40.144 15.4098 8
      vertex -19.1384 7.34654 8
      vertex -39.2825 17.4897 8
    endloop
  endfacet
  facet normal 0 0 1
    outer loop
      vertex -14.4957 -14.4957 8
      vertex -30.4056 -30.4056 8
      vertex -28.7726 -31.9552 8
    endloop
  endfacet
  facet normal 0 0 1
    outer loop
      vertex -19.1384 7.34654 8
      vertex -40.144 15.4098 8
      vertex -19.4967 6.33485 8
    endloop
  endfacet
  facet normal 0 0 1
    outer loop
      vertex -15.2345 -13.7172 8
      vertex -31.9552 -28.7726 8
      vertex -30.4056 -30.4056 8
    endloop
  endfacet
  facet normal -0 0 1
    outer loop
      vertex -40.8954 13.2877 8
      vertex -19.4967 6.33485 8
      vertex -40.144 15.4098 8
    endloop
  endfacet
  facet normal 0 0 1
    outer loop
      vertex -15.9315 -12.9011 8
      vertex -33.4173 -27.0608 8
      vertex -31.9552 -28.7726 8
    endloop
  endfacet
  facet normal 0 0 1
    outer loop
      vertex -19.4967 6.33485 8
      vertex -40.8954 13.2877 8
      vertex -19.8015 5.30579 8
    endloop
  endfacet
  facet normal 0 0 1
    outer loop
      vertex -16.5848 -12.0496 8
      vertex -34.7877 -25.2748 8
      vertex -33.4173 -27.0608 8
    endloop
  endfacet
  facet normal -0 0 1
    outer loop
      vertex -41.5348 11.1292 8
      vertex -19.8015 5.30579 8
      vertex -40.8954 13.2877 8
    endloop
  endfacet
  facet normal 0 0 1
    outer loop
      vertex -17.1927 -11.1651 8
      vertex -36.0628 -23.4195 8
      vertex -34.7877 -25.2748 8
    endloop
  endfacet
  facet normal 0 0 1
    outer loop
      vertex -19.8015 5.30579 8
      vertex -41.5348 11.1292 8
      vertex -20.052 4.26219 8
    endloop
  endfacet
  facet normal 0 0 1
    outer loop
      vertex -17.7535 -10.25 8
      vertex -37.2391 -21.5 8
      vertex -36.0628 -23.4195 8
    endloop
  endfacet
  facet normal -0 0 1
    outer loop
      vertex -42.0603 8.9402 8
      vertex -20.052 4.26219 8
      vertex -41.5348 11.1292 8
    endloop
  endfacet
  facet normal 0 0 1
    outer loop
      vertex -18.2656 -9.3068 8
      vertex -38.3133 -19.5216 8
      vertex -37.2391 -21.5 8
    endloop
  endfacet
  facet normal 0 0 1
    outer loop
      vertex -20.052 4.26219 8
      vertex -42.0603 8.9402 8
      vertex -20.2476 3.20691 8
    endloop
  endfacet
  facet normal 0 0 1
    outer loop
      vertex -18.7277 -8.3381 8
      vertex -39.2825 -17.4897 8
      vertex -38.3133 -19.5216 8
    endloop
  endfacet
  facet normal -0 0 1
    outer loop
      vertex -42.4706 6.72668 8
      vertex -20.2476 3.20691 8
      vertex -42.0603 8.9402 8
    endloop
  endfacet
  facet normal 0 0 1
    outer loop
      vertex -19.1384 -7.34654 8
      vertex -40.144 -15.4098 8
      vertex -39.2825 -17.4897 8
    endloop
  endfacet
  facet normal 0 0 1
    outer loop
      vertex -20.2476 3.20691 8
      vertex -42.4706 6.72668 8
      vertex -20.3877 2.14283 8
    endloop
  endfacet
  facet normal 0 0 1
    outer loop
      vertex -19.4967 -6.33485 8
      vertex -40.8954 -13.2877 8
      vertex -40.144 -15.4098 8
    endloop
  endfacet
  facet normal -0 0 1
    outer loop
      vertex -42.7644 4.49472 8
      vertex -20.3877 2.14283 8
      vertex -42.4706 6.72668 8
    endloop
  endfacet
  facet normal 0 0 1
    outer loop
      vertex -19.8015 -5.30579 8
      vertex -41.5348 -11.1292 8
      vertex -40.8954 -13.2877 8
    endloop
  endfacet
  facet normal 0 0 1
    outer loop
      vertex -20.3877 2.14283 8
      vertex -42.7644 4.49472 8
      vertex -20.4719 1.07289 8
    endloop
  endfacet
  facet normal 0 0 1
    outer loop
      vertex -20.052 -4.26219 8
      vertex -42.0603 -8.9402 8
      vertex -41.5348 -11.1292 8
    endloop
  endfacet
  facet normal -0 0 1
    outer loop
      vertex -42.9411 2.25045 8
      vertex -20.4719 1.07289 8
      vertex -42.7644 4.49472 8
    endloop
  endfacet
  facet normal 0 0 1
    outer loop
      vertex -20.2476 -3.20691 8
      vertex -42.4706 -6.72668 8
      vertex -42.0603 -8.9402 8
    endloop
  endfacet
  facet normal 0 0 1
    outer loop
      vertex -20.4719 1.07289 8
      vertex -42.9411 2.25045 8
      vertex -20.5 0 8
    endloop
  endfacet
  facet normal 0 0 1
    outer loop
      vertex -20.3877 -2.14283 8
      vertex -42.7644 -4.49472 8
      vertex -42.4706 -6.72668 8
    endloop
  endfacet
  facet normal 0 0 1
    outer loop
      vertex -43 0 8
      vertex -20.5 0 8
      vertex -42.9411 2.25045 8
    endloop
  endfacet
  facet normal 0 0 1
    outer loop
      vertex -20.4719 -1.07289 8
      vertex -42.9411 -2.25045 8
      vertex -42.7644 -4.49472 8
    endloop
  endfacet
  facet normal 0 0 1
    outer loop
      vertex -20.5 0 8
      vertex -43 0 8
      vertex -42.9411 -2.25045 8
    endloop
  endfacet
  facet normal 0.477164 0.878814 -0
    outer loop
      vertex -19.5216 -38.3133 8
      vertex -21.5 -37.2391 121.01
      vertex -19.5216 -38.3133 121.01
    endloop
  endfacet
  facet normal 0.477164 0.878814 0
    outer loop
      vertex -21.5 -37.2391 121.01
      vertex -19.5216 -38.3133 8
      vertex -21.5 -37.2391 8
    endloop
  endfacet
  facet normal 0.522508 0.852634 -0
    outer loop
      vertex -21.5 -37.2391 8
      vertex -23.4195 -36.0628 121.01
      vertex -21.5 -37.2391 121.01
    endloop
  endfacet
  facet normal 0.522508 0.852634 0
    outer loop
      vertex -23.4195 -36.0628 121.01
      vertex -21.5 -37.2391 8
      vertex -23.4195 -36.0628 8
    endloop
  endfacet
  facet normal -0.878814 -0.477164 0
    outer loop
      vertex 38.3133 19.5216 8
      vertex 37.2391 21.5 121.01
      vertex 37.2391 21.5 8
    endloop
  endfacet
  facet normal -0.878814 -0.477164 0
    outer loop
      vertex 37.2391 21.5 121.01
      vertex 38.3133 19.5216 8
      vertex 38.3133 19.5216 121.01
    endloop
  endfacet
  facet normal -0.972373 -0.233432 0
    outer loop
      vertex 42.0603 8.9402 8
      vertex 41.5348 11.1292 121.01
      vertex 41.5348 11.1292 8
    endloop
  endfacet
  facet normal -0.972373 -0.233432 0
    outer loop
      vertex 41.5348 11.1292 121.01
      vertex 42.0603 8.9402 8
      vertex 42.0603 8.9402 121.01
    endloop
  endfacet
  facet normal 0.991447 -0.130507 0
    outer loop
      vertex -42.7644 4.49472 121.01
      vertex -42.4706 6.72668 8
      vertex -42.4706 6.72668 121.01
    endloop
  endfacet
  facet normal 0.991447 -0.130507 0
    outer loop
      vertex -42.4706 6.72668 8
      vertex -42.7644 4.49472 121.01
      vertex -42.7644 4.49472 8
    endloop
  endfacet
  facet normal -0.430523 0.90258 0
    outer loop
      vertex 19.5216 -38.3133 8
      vertex 17.4897 -39.2825 121.01
      vertex 19.5216 -38.3133 121.01
    endloop
  endfacet
  facet normal -0.430523 0.90258 0
    outer loop
      vertex 17.4897 -39.2825 121.01
      vertex 19.5216 -38.3133 8
      vertex 17.4897 -39.2825 8
    endloop
  endfacet
  facet normal 0.130507 0.991447 -0
    outer loop
      vertex -4.49472 -42.7644 8
      vertex -6.72668 -42.4706 121.01
      vertex -4.49472 -42.7644 121.01
    endloop
  endfacet
  facet normal 0.130507 0.991447 0
    outer loop
      vertex -6.72668 -42.4706 121.01
      vertex -4.49472 -42.7644 8
      vertex -6.72668 -42.4706 8
    endloop
  endfacet
  facet normal 0.90258 -0.430523 0
    outer loop
      vertex -39.2825 17.4897 121.01
      vertex -38.3133 19.5216 8
      vertex -38.3133 19.5216 121.01
    endloop
  endfacet
  facet normal 0.90258 -0.430523 0
    outer loop
      vertex -38.3133 19.5216 8
      vertex -39.2825 17.4897 121.01
      vertex -39.2825 17.4897 8
    endloop
  endfacet
  facet normal 0.999658 0.0261636 0
    outer loop
      vertex -42.9411 -2.25045 121.01
      vertex -43 0 8
      vertex -43 0 121.01
    endloop
  endfacet
  facet normal 0.999658 0.0261636 0
    outer loop
      vertex -43 0 8
      vertex -42.9411 -2.25045 121.01
      vertex -42.9411 -2.25045 8
    endloop
  endfacet
  facet normal 0.878814 -0.477164 0
    outer loop
      vertex -38.3133 19.5216 121.01
      vertex -37.2391 21.5 8
      vertex -37.2391 21.5 121.01
    endloop
  endfacet
  facet normal 0.878814 -0.477164 0
    outer loop
      vertex -37.2391 21.5 8
      vertex -38.3133 19.5216 121.01
      vertex -38.3133 19.5216 8
    endloop
  endfacet
  facet normal 0.923883 0.382675 0
    outer loop
      vertex -39.2825 -17.4897 121.01
      vertex -40.144 -15.4098 8
      vertex -40.144 -15.4098 121.01
    endloop
  endfacet
  facet normal 0.923883 0.382675 0
    outer loop
      vertex -40.144 -15.4098 8
      vertex -39.2825 -17.4897 121.01
      vertex -39.2825 -17.4897 8
    endloop
  endfacet
  facet normal -0.793382 -0.608724 0
    outer loop
      vertex 34.2312 26 8
      vertex 33.4173 27.0608 121.01
      vertex 33.4173 27.0608 8
    endloop
  endfacet
  facet normal -0.793382 -0.608724 0
    outer loop
      vertex 33.4173 27.0608 121.01
      vertex 34.2312 26 8
      vertex 34.2312 26 121.01
    endloop
  endfacet
  facet normal 0.983251 0.182256 0
    outer loop
      vertex -42.0603 -8.9402 121.01
      vertex -42.4706 -6.72668 8
      vertex -42.4706 -6.72668 121.01
    endloop
  endfacet
  facet normal 0.983251 0.182256 0
    outer loop
      vertex -42.4706 -6.72668 8
      vertex -42.0603 -8.9402 121.01
      vertex -42.0603 -8.9402 8
    endloop
  endfacet
  facet normal -0.566403 -0.824129 0
    outer loop
      vertex 23.4195 36.0628 8
      vertex 25.2748 34.7877 121.01
      vertex 23.4195 36.0628 121.01
    endloop
  endfacet
  facet normal -0.566403 -0.824129 -0
    outer loop
      vertex 25.2748 34.7877 121.01
      vertex 23.4195 36.0628 8
      vertex 25.2748 34.7877 8
    endloop
  endfacet
  facet normal 0.233432 -0.972373 0
    outer loop
      vertex -11.1292 41.5348 8
      vertex -8.9402 42.0603 121.01
      vertex -11.1292 41.5348 121.01
    endloop
  endfacet
  facet normal 0.233432 -0.972373 0
    outer loop
      vertex -8.9402 42.0603 121.01
      vertex -11.1292 41.5348 8
      vertex -8.9402 42.0603 8
    endloop
  endfacet
  facet normal -0.64947 -0.760387 0
    outer loop
      vertex 27.0608 33.4173 8
      vertex 28.7726 31.9552 121.01
      vertex 27.0608 33.4173 121.01
    endloop
  endfacet
  facet normal -0.64947 -0.760387 -0
    outer loop
      vertex 28.7726 31.9552 121.01
      vertex 27.0608 33.4173 8
      vertex 28.7726 31.9552 8
    endloop
  endfacet
  facet normal -0.958817 -0.284025 0
    outer loop
      vertex 41.5348 11.1292 8
      vertex 40.8954 13.2877 121.01
      vertex 40.8954 13.2877 8
    endloop
  endfacet
  facet normal -0.958817 -0.284025 0
    outer loop
      vertex 40.8954 13.2877 121.01
      vertex 41.5348 11.1292 8
      vertex 41.5348 11.1292 121.01
    endloop
  endfacet
  facet normal 0.725387 -0.688341 0
    outer loop
      vertex -31.9552 28.7726 121.01
      vertex -30.4056 30.4056 8
      vertex -30.4056 30.4056 121.01
    endloop
  endfacet
  facet normal 0.725387 -0.688341 0
    outer loop
      vertex -30.4056 30.4056 8
      vertex -31.9552 28.7726 121.01
      vertex -31.9552 28.7726 8
    endloop
  endfacet
  facet normal -0.522508 -0.852634 0
    outer loop
      vertex 21.5 37.2391 8
      vertex 23.4195 36.0628 121.01
      vertex 21.5 37.2391 121.01
    endloop
  endfacet
  facet normal -0.522508 -0.852634 -0
    outer loop
      vertex 23.4195 36.0628 121.01
      vertex 21.5 37.2391 8
      vertex 23.4195 36.0628 8
    endloop
  endfacet
  facet normal 0.566403 -0.824129 0
    outer loop
      vertex -25.2748 34.7877 8
      vertex -23.4195 36.0628 121.01
      vertex -25.2748 34.7877 121.01
    endloop
  endfacet
  facet normal 0.566403 -0.824129 0
    outer loop
      vertex -23.4195 36.0628 121.01
      vertex -25.2748 34.7877 8
      vertex -23.4195 36.0628 8
    endloop
  endfacet
  facet normal 0.522508 -0.852634 0
    outer loop
      vertex -23.4195 36.0628 8
      vertex -21.5 37.2391 121.01
      vertex -23.4195 36.0628 121.01
    endloop
  endfacet
  facet normal 0.522508 -0.852634 0
    outer loop
      vertex -21.5 37.2391 121.01
      vertex -23.4195 36.0628 8
      vertex -21.5 37.2391 8
    endloop
  endfacet
  facet normal -0.477164 0.878814 0
    outer loop
      vertex 21.5 -37.2391 8
      vertex 19.5216 -38.3133 121.01
      vertex 21.5 -37.2391 121.01
    endloop
  endfacet
  facet normal -0.477164 0.878814 0
    outer loop
      vertex 19.5216 -38.3133 121.01
      vertex 21.5 -37.2391 8
      vertex 19.5216 -38.3133 8
    endloop
  endfacet
  facet normal -0.852655 -0.522475 0
    outer loop
      vertex 37.2391 21.5 8
      vertex 37 21.8902 121.01
      vertex 37 21.8902 8
    endloop
  endfacet
  facet normal -0.852655 -0.522475 0
    outer loop
      vertex 37 21.8902 121.01
      vertex 37.2391 21.5 8
      vertex 37.2391 21.5 121.01
    endloop
  endfacet
  facet normal 0.64947 -0.760387 0
    outer loop
      vertex -28.7726 31.9552 8
      vertex -27.0608 33.4173 121.01
      vertex -28.7726 31.9552 121.01
    endloop
  endfacet
  facet normal 0.64947 -0.760387 0
    outer loop
      vertex -27.0608 33.4173 121.01
      vertex -28.7726 31.9552 8
      vertex -27.0608 33.4173 8
    endloop
  endfacet
  facet normal 0.725387 0.688341 0
    outer loop
      vertex -30.4056 -30.4056 121.01
      vertex -31.9552 -28.7726 8
      vertex -31.9552 -28.7726 121.01
    endloop
  endfacet
  facet normal 0.725387 0.688341 0
    outer loop
      vertex -31.9552 -28.7726 8
      vertex -30.4056 -30.4056 121.01
      vertex -30.4056 -30.4056 8
    endloop
  endfacet
  facet normal -0.566403 0.824129 0
    outer loop
      vertex 25.2748 -34.7877 8
      vertex 23.4195 -36.0628 121.01
      vertex 25.2748 -34.7877 121.01
    endloop
  endfacet
  facet normal -0.566403 0.824129 0
    outer loop
      vertex 23.4195 -36.0628 121.01
      vertex 25.2748 -34.7877 8
      vertex 23.4195 -36.0628 8
    endloop
  endfacet
  facet normal -0.996915 0.0784909 0
    outer loop
      vertex 42.7644 -4.49472 8
      vertex 42.9411 -2.25045 121.01
      vertex 42.9411 -2.25045 8
    endloop
  endfacet
  facet normal -0.996915 0.0784909 0
    outer loop
      vertex 42.9411 -2.25045 121.01
      vertex 42.7644 -4.49472 8
      vertex 42.7644 -4.49472 121.01
    endloop
  endfacet
  facet normal -0.130507 -0.991447 0
    outer loop
      vertex 4.49472 42.7644 8
      vertex 6.72668 42.4706 121.01
      vertex 4.49472 42.7644 121.01
    endloop
  endfacet
  facet normal -0.130507 -0.991447 -0
    outer loop
      vertex 6.72668 42.4706 121.01
      vertex 4.49472 42.7644 8
      vertex 6.72668 42.4706 8
    endloop
  endfacet
  facet normal 0.608749 -0.793363 0
    outer loop
      vertex -27.0608 33.4173 8
      vertex -25.2748 34.7877 121.01
      vertex -27.0608 33.4173 121.01
    endloop
  endfacet
  facet normal 0.608749 -0.793363 0
    outer loop
      vertex -25.2748 34.7877 121.01
      vertex -27.0608 33.4173 8
      vertex -25.2748 34.7877 8
    endloop
  endfacet
  facet normal 0.382675 -0.923883 0
    outer loop
      vertex -17.4897 39.2825 8
      vertex -15.4098 40.144 121.01
      vertex -17.4897 39.2825 121.01
    endloop
  endfacet
  facet normal 0.382675 -0.923883 0
    outer loop
      vertex -15.4098 40.144 121.01
      vertex -17.4897 39.2825 8
      vertex -15.4098 40.144 8
    endloop
  endfacet
  facet normal -0.878814 0.477164 0
    outer loop
      vertex 37.2391 -21.5 8
      vertex 38.3133 -19.5216 121.01
      vertex 38.3133 -19.5216 8
    endloop
  endfacet
  facet normal -0.878814 0.477164 0
    outer loop
      vertex 38.3133 -19.5216 121.01
      vertex 37.2391 -21.5 8
      vertex 37.2391 -21.5 121.01
    endloop
  endfacet
  facet normal 0 0 -1
    outer loop
      vertex 42.9411 -2.25045 121.01
      vertex 42.9411 2.25045 121.01
      vertex 43 0 121.01
    endloop
  endfacet
  facet normal 0 0 -1
    outer loop
      vertex 42.7644 -4.49472 121.01
      vertex 42.9411 2.25045 121.01
      vertex 42.9411 -2.25045 121.01
    endloop
  endfacet
  facet normal 0 0 -1
    outer loop
      vertex 42.7644 -4.49472 121.01
      vertex 42.7644 4.49472 121.01
      vertex 42.9411 2.25045 121.01
    endloop
  endfacet
  facet normal 0 0 -1
    outer loop
      vertex 42.4706 -6.72668 121.01
      vertex 42.7644 4.49472 121.01
      vertex 42.7644 -4.49472 121.01
    endloop
  endfacet
  facet normal 0 0 -1
    outer loop
      vertex 42.4706 -6.72668 121.01
      vertex 42.4706 6.72668 121.01
      vertex 42.7644 4.49472 121.01
    endloop
  endfacet
  facet normal 0 0 -1
    outer loop
      vertex 42.0603 -8.9402 121.01
      vertex 42.4706 6.72668 121.01
      vertex 42.4706 -6.72668 121.01
    endloop
  endfacet
  facet normal 0 0 -1
    outer loop
      vertex 42.0603 -8.9402 121.01
      vertex 42.0603 8.9402 121.01
      vertex 42.4706 6.72668 121.01
    endloop
  endfacet
  facet normal 0 0 -1
    outer loop
      vertex 41.5348 -11.1292 121.01
      vertex 42.0603 8.9402 121.01
      vertex 42.0603 -8.9402 121.01
    endloop
  endfacet
  facet normal 0 0 -1
    outer loop
      vertex 41.5348 -11.1292 121.01
      vertex 41.5348 11.1292 121.01
      vertex 42.0603 8.9402 121.01
    endloop
  endfacet
  facet normal 0 0 -1
    outer loop
      vertex 40.8954 -13.2877 121.01
      vertex 41.5348 11.1292 121.01
      vertex 41.5348 -11.1292 121.01
    endloop
  endfacet
  facet normal 0 0 -1
    outer loop
      vertex 40.8954 -13.2877 121.01
      vertex 40.8954 13.2877 121.01
      vertex 41.5348 11.1292 121.01
    endloop
  endfacet
  facet normal 0 0 -1
    outer loop
      vertex 40.144 -15.4098 121.01
      vertex 40.8954 13.2877 121.01
      vertex 40.8954 -13.2877 121.01
    endloop
  endfacet
  facet normal 0 0 -1
    outer loop
      vertex 40.144 -15.4098 121.01
      vertex 40.144 15.4098 121.01
      vertex 40.8954 13.2877 121.01
    endloop
  endfacet
  facet normal 0 0 -1
    outer loop
      vertex 39.2825 -17.4897 121.01
      vertex 40.144 15.4098 121.01
      vertex 40.144 -15.4098 121.01
    endloop
  endfacet
  facet normal 0 0 -1
    outer loop
      vertex 39.2825 -17.4897 121.01
      vertex 39.2825 17.4897 121.01
      vertex 40.144 15.4098 121.01
    endloop
  endfacet
  facet normal 0 0 -1
    outer loop
      vertex 38.3133 -19.5216 121.01
      vertex 39.2825 17.4897 121.01
      vertex 39.2825 -17.4897 121.01
    endloop
  endfacet
  facet normal 0 0 -1
    outer loop
      vertex 38.3133 -19.5216 121.01
      vertex 38.3133 19.5216 121.01
      vertex 39.2825 17.4897 121.01
    endloop
  endfacet
  facet normal 0 0 -1
    outer loop
      vertex 37 -21.8902 121.01
      vertex 38.3133 -19.5216 121.01
      vertex 37.2391 -21.5 121.01
    endloop
  endfacet
  facet normal -0 0 -1
    outer loop
      vertex 38.3133 -19.5216 121.01
      vertex 37 -21.8902 121.01
      vertex 38.3133 19.5216 121.01
    endloop
  endfacet
  facet normal 0 0 -1
    outer loop
      vertex 37 21.8902 121.01
      vertex 38.3133 19.5216 121.01
      vertex 37 -21.8902 121.01
    endloop
  endfacet
  facet normal 0 0 -1
    outer loop
      vertex 38.3133 19.5216 121.01
      vertex 37 21.8902 121.01
      vertex 37.2391 21.5 121.01
    endloop
  endfacet
  facet normal 0 0 -1
    outer loop
      vertex 27 -26 121.01
      vertex 33.4173 -27.0608 121.01
      vertex 31.9552 -28.7726 121.01
    endloop
  endfacet
  facet normal 0 0 -1
    outer loop
      vertex 27 -26 121.01
      vertex 31.9552 -28.7726 121.01
      vertex 30.4056 -30.4056 121.01
    endloop
  endfacet
  facet normal 0 0 -1
    outer loop
      vertex 27 -26 121.01
      vertex 30.4056 -30.4056 121.01
      vertex 28.7726 -31.9552 121.01
    endloop
  endfacet
  facet normal 0 0 -1
    outer loop
      vertex 27 -26 121.01
      vertex 28.7726 -31.9552 121.01
      vertex 27.0608 -33.4173 121.01
    endloop
  endfacet
  facet normal 0 0 -1
    outer loop
      vertex 33.4173 -27.0608 121.01
      vertex 27 -26 121.01
      vertex 34.2312 -26 121.01
    endloop
  endfacet
  facet normal 0 0 -1
    outer loop
      vertex 23.4195 -36.0628 121.01
      vertex 27 -26 121.01
      vertex 25.2748 -34.7877 121.01
    endloop
  endfacet
  facet normal 0 0 -1
    outer loop
      vertex 25.2748 -34.7877 121.01
      vertex 27 -26 121.01
      vertex 27.0608 -33.4173 121.01
    endloop
  endfacet
  facet normal 0 0 -1
    outer loop
      vertex 27 26 121.01
      vertex 33.4173 27.0608 121.01
      vertex 34.2312 26 121.01
    endloop
  endfacet
  facet normal -0 0 -1
    outer loop
      vertex 33.4173 27.0608 121.01
      vertex 27 26 121.01
      vertex 31.9552 28.7726 121.01
    endloop
  endfacet
  facet normal -0 0 -1
    outer loop
      vertex 31.9552 28.7726 121.01
      vertex 27 26 121.01
      vertex 30.4056 30.4056 121.01
    endloop
  endfacet
  facet normal -0 0 -1
    outer loop
      vertex 30.4056 30.4056 121.01
      vertex 27 26 121.01
      vertex 28.7726 31.9552 121.01
    endloop
  endfacet
  facet normal -0 0 -1
    outer loop
      vertex 28.7726 31.9552 121.01
      vertex 27 26 121.01
      vertex 27.0608 33.4173 121.01
    endloop
  endfacet
  facet normal 0 0 -1
    outer loop
      vertex 21.5 -37.2391 121.01
      vertex 27 -26 121.01
      vertex 23.4195 -36.0628 121.01
    endloop
  endfacet
  facet normal 0 0 -1
    outer loop
      vertex 27 26 121.01
      vertex 25.2748 34.7877 121.01
      vertex 27.0608 33.4173 121.01
    endloop
  endfacet
  facet normal 0 0 -1
    outer loop
      vertex 19.5216 -38.3133 121.01
      vertex 27 -26 121.01
      vertex 21.5 -37.2391 121.01
    endloop
  endfacet
  facet normal 0 0 -1
    outer loop
      vertex 27 26 121.01
      vertex 23.4195 36.0628 121.01
      vertex 25.2748 34.7877 121.01
    endloop
  endfacet
  facet normal 0 0 -1
    outer loop
      vertex 17.4897 -39.2825 121.01
      vertex 27 -26 121.01
      vertex 19.5216 -38.3133 121.01
    endloop
  endfacet
  facet normal 0 0 -1
    outer loop
      vertex 27 26 121.01
      vertex 21.5 37.2391 121.01
      vertex 23.4195 36.0628 121.01
    endloop
  endfacet
  facet normal 0 0 -1
    outer loop
      vertex 15.4098 -40.144 121.01
      vertex 27 -26 121.01
      vertex 17.4897 -39.2825 121.01
    endloop
  endfacet
  facet normal 0 0 -1
    outer loop
      vertex 27 26 121.01
      vertex 19.5216 38.3133 121.01
      vertex 21.5 37.2391 121.01
    endloop
  endfacet
  facet normal 0 0 -1
    outer loop
      vertex 13.2877 -40.8954 121.01
      vertex 27 -26 121.01
      vertex 15.4098 -40.144 121.01
    endloop
  endfacet
  facet normal 0 0 -1
    outer loop
      vertex 27 26 121.01
      vertex 17.4897 39.2825 121.01
      vertex 19.5216 38.3133 121.01
    endloop
  endfacet
  facet normal 0 0 -1
    outer loop
      vertex 11.1292 -41.5348 121.01
      vertex 27 -26 121.01
      vertex 13.2877 -40.8954 121.01
    endloop
  endfacet
  facet normal 0 0 -1
    outer loop
      vertex 27 26 121.01
      vertex 15.4098 40.144 121.01
      vertex 17.4897 39.2825 121.01
    endloop
  endfacet
  facet normal 0 0 -1
    outer loop
      vertex 8.9402 -42.0603 121.01
      vertex 27 -26 121.01
      vertex 11.1292 -41.5348 121.01
    endloop
  endfacet
  facet normal 0 0 -1
    outer loop
      vertex 27 26 121.01
      vertex 13.2877 40.8954 121.01
      vertex 15.4098 40.144 121.01
    endloop
  endfacet
  facet normal 0 0 -1
    outer loop
      vertex 6.72668 -42.4706 121.01
      vertex 27 -26 121.01
      vertex 8.9402 -42.0603 121.01
    endloop
  endfacet
  facet normal 0 0 -1
    outer loop
      vertex 27 26 121.01
      vertex 11.1292 41.5348 121.01
      vertex 13.2877 40.8954 121.01
    endloop
  endfacet
  facet normal 0 0 -1
    outer loop
      vertex 4.49472 -42.7644 121.01
      vertex 27 -26 121.01
      vertex 6.72668 -42.4706 121.01
    endloop
  endfacet
  facet normal 0 0 -1
    outer loop
      vertex 27 26 121.01
      vertex 8.9402 42.0603 121.01
      vertex 11.1292 41.5348 121.01
    endloop
  endfacet
  facet normal 0 0 -1
    outer loop
      vertex 2.25045 -42.9411 121.01
      vertex 27 -26 121.01
      vertex 4.49472 -42.7644 121.01
    endloop
  endfacet
  facet normal 0 0 -1
    outer loop
      vertex 27 26 121.01
      vertex 6.72668 42.4706 121.01
      vertex 8.9402 42.0603 121.01
    endloop
  endfacet
  facet normal 0 0 -1
    outer loop
      vertex 0 -43 121.01
      vertex 27 -26 121.01
      vertex 2.25045 -42.9411 121.01
    endloop
  endfacet
  facet normal 0 0 -1
    outer loop
      vertex 27 26 121.01
      vertex 4.49472 42.7644 121.01
      vertex 6.72668 42.4706 121.01
    endloop
  endfacet
  facet normal 0 0 -1
    outer loop
      vertex -2.25045 -42.9411 121.01
      vertex 27 -26 121.01
      vertex 0 -43 121.01
    endloop
  endfacet
  facet normal 0 0 -1
    outer loop
      vertex 27 26 121.01
      vertex 2.25045 42.9411 121.01
      vertex 4.49472 42.7644 121.01
    endloop
  endfacet
  facet normal 0 0 -1
    outer loop
      vertex -4.49472 -42.7644 121.01
      vertex 27 -26 121.01
      vertex -2.25045 -42.9411 121.01
    endloop
  endfacet
  facet normal 0 0 -1
    outer loop
      vertex 27 26 121.01
      vertex 0 43 121.01
      vertex 2.25045 42.9411 121.01
    endloop
  endfacet
  facet normal 0 0 -1
    outer loop
      vertex -6.72668 -42.4706 121.01
      vertex 27 -26 121.01
      vertex -4.49472 -42.7644 121.01
    endloop
  endfacet
  facet normal 0 0 -1
    outer loop
      vertex 27 26 121.01
      vertex -2.25045 42.9411 121.01
      vertex 0 43 121.01
    endloop
  endfacet
  facet normal 0 0 -1
    outer loop
      vertex -8.9402 -42.0603 121.01
      vertex 27 -26 121.01
      vertex -6.72668 -42.4706 121.01
    endloop
  endfacet
  facet normal 0 0 -1
    outer loop
      vertex 27 26 121.01
      vertex -4.49472 42.7644 121.01
      vertex -2.25045 42.9411 121.01
    endloop
  endfacet
  facet normal 0 0 -1
    outer loop
      vertex -11.1292 -41.5348 121.01
      vertex 27 -26 121.01
      vertex -8.9402 -42.0603 121.01
    endloop
  endfacet
  facet normal 0 0 -1
    outer loop
      vertex 27 26 121.01
      vertex -6.72668 42.4706 121.01
      vertex -4.49472 42.7644 121.01
    endloop
  endfacet
  facet normal 0 0 -1
    outer loop
      vertex -13.2877 -40.8954 121.01
      vertex 27 -26 121.01
      vertex -11.1292 -41.5348 121.01
    endloop
  endfacet
  facet normal 0 0 -1
    outer loop
      vertex 27 26 121.01
      vertex -8.9402 42.0603 121.01
      vertex -6.72668 42.4706 121.01
    endloop
  endfacet
  facet normal 0 0 -1
    outer loop
      vertex -15.4098 -40.144 121.01
      vertex 27 -26 121.01
      vertex -13.2877 -40.8954 121.01
    endloop
  endfacet
  facet normal 0 0 -1
    outer loop
      vertex 27 26 121.01
      vertex -11.1292 41.5348 121.01
      vertex -8.9402 42.0603 121.01
    endloop
  endfacet
  facet normal 0 0 -1
    outer loop
      vertex -17.4897 -39.2825 121.01
      vertex 27 -26 121.01
      vertex -15.4098 -40.144 121.01
    endloop
  endfacet
  facet normal 0 0 -1
    outer loop
      vertex 27 26 121.01
      vertex -13.2877 40.8954 121.01
      vertex -11.1292 41.5348 121.01
    endloop
  endfacet
  facet normal 0 0 -1
    outer loop
      vertex -19.5216 -38.3133 121.01
      vertex 27 -26 121.01
      vertex -17.4897 -39.2825 121.01
    endloop
  endfacet
  facet normal 0 0 -1
    outer loop
      vertex 27 26 121.01
      vertex -15.4098 40.144 121.01
      vertex -13.2877 40.8954 121.01
    endloop
  endfacet
  facet normal 0 0 -1
    outer loop
      vertex -21.5 -37.2391 121.01
      vertex 27 -26 121.01
      vertex -19.5216 -38.3133 121.01
    endloop
  endfacet
  facet normal 0 0 -1
    outer loop
      vertex 27 26 121.01
      vertex -17.4897 39.2825 121.01
      vertex -15.4098 40.144 121.01
    endloop
  endfacet
  facet normal 0 0 -1
    outer loop
      vertex -23.4195 -36.0628 121.01
      vertex 27 -26 121.01
      vertex -21.5 -37.2391 121.01
    endloop
  endfacet
  facet normal 0 0 -1
    outer loop
      vertex 27 26 121.01
      vertex -19.5216 38.3133 121.01
      vertex -17.4897 39.2825 121.01
    endloop
  endfacet
  facet normal 0 0 -1
    outer loop
      vertex -25.2748 -34.7877 121.01
      vertex 27 -26 121.01
      vertex -23.4195 -36.0628 121.01
    endloop
  endfacet
  facet normal 0 0 -1
    outer loop
      vertex 27 26 121.01
      vertex -21.5 37.2391 121.01
      vertex -19.5216 38.3133 121.01
    endloop
  endfacet
  facet normal 0 0 -1
    outer loop
      vertex -27.0608 -33.4173 121.01
      vertex 27 -26 121.01
      vertex -25.2748 -34.7877 121.01
    endloop
  endfacet
  facet normal 0 0 -1
    outer loop
      vertex 27 26 121.01
      vertex -23.4195 36.0628 121.01
      vertex -21.5 37.2391 121.01
    endloop
  endfacet
  facet normal 0 0 -1
    outer loop
      vertex -28.7726 -31.9552 121.01
      vertex 27 -26 121.01
      vertex -27.0608 -33.4173 121.01
    endloop
  endfacet
  facet normal 0 0 -1
    outer loop
      vertex 27 26 121.01
      vertex -25.2748 34.7877 121.01
      vertex -23.4195 36.0628 121.01
    endloop
  endfacet
  facet normal 0 0 -1
    outer loop
      vertex -30.4056 -30.4056 121.01
      vertex 27 -26 121.01
      vertex -28.7726 -31.9552 121.01
    endloop
  endfacet
  facet normal 0 0 -1
    outer loop
      vertex 27 26 121.01
      vertex -27.0608 33.4173 121.01
      vertex -25.2748 34.7877 121.01
    endloop
  endfacet
  facet normal 0 0 -1
    outer loop
      vertex -31.9552 -28.7726 121.01
      vertex 27 -26 121.01
      vertex -30.4056 -30.4056 121.01
    endloop
  endfacet
  facet normal 0 0 -1
    outer loop
      vertex 27 26 121.01
      vertex -28.7726 31.9552 121.01
      vertex -27.0608 33.4173 121.01
    endloop
  endfacet
  facet normal 0 0 -1
    outer loop
      vertex -33.4173 -27.0608 121.01
      vertex 27 -26 121.01
      vertex -31.9552 -28.7726 121.01
    endloop
  endfacet
  facet normal 0 0 -1
    outer loop
      vertex 27 26 121.01
      vertex -30.4056 30.4056 121.01
      vertex -28.7726 31.9552 121.01
    endloop
  endfacet
  facet normal 0 0 -1
    outer loop
      vertex -34.7877 -25.2748 121.01
      vertex 27 -26 121.01
      vertex -33.4173 -27.0608 121.01
    endloop
  endfacet
  facet normal 0 0 -1
    outer loop
      vertex 27 26 121.01
      vertex -31.9552 28.7726 121.01
      vertex -30.4056 30.4056 121.01
    endloop
  endfacet
  facet normal 0 0 -1
    outer loop
      vertex -36.0628 -23.4195 121.01
      vertex 27 -26 121.01
      vertex -34.7877 -25.2748 121.01
    endloop
  endfacet
  facet normal 0 0 -1
    outer loop
      vertex 27 26 121.01
      vertex -33.4173 27.0608 121.01
      vertex -31.9552 28.7726 121.01
    endloop
  endfacet
  facet normal 0 0 -1
    outer loop
      vertex -37.2391 -21.5 121.01
      vertex 27 -26 121.01
      vertex -36.0628 -23.4195 121.01
    endloop
  endfacet
  facet normal -0 0 -1
    outer loop
      vertex 27 26 121.01
      vertex -34.7877 25.2748 121.01
      vertex -33.4173 27.0608 121.01
    endloop
  endfacet
  facet normal 0 0 -1
    outer loop
      vertex -38.3133 -19.5216 121.01
      vertex 27 -26 121.01
      vertex -37.2391 -21.5 121.01
    endloop
  endfacet
  facet normal 0 0 -1
    outer loop
      vertex 27 26 121.01
      vertex -36.0628 23.4195 121.01
      vertex -34.7877 25.2748 121.01
    endloop
  endfacet
  facet normal 0 0 -1
    outer loop
      vertex -39.2825 -17.4897 121.01
      vertex 27 -26 121.01
      vertex -38.3133 -19.5216 121.01
    endloop
  endfacet
  facet normal 0 0 -1
    outer loop
      vertex 27 26 121.01
      vertex -37.2391 21.5 121.01
      vertex -36.0628 23.4195 121.01
    endloop
  endfacet
  facet normal 0 0 -1
    outer loop
      vertex -40.144 -15.4098 121.01
      vertex 27 -26 121.01
      vertex -39.2825 -17.4897 121.01
    endloop
  endfacet
  facet normal 0 0 -1
    outer loop
      vertex 27 26 121.01
      vertex -38.3133 19.5216 121.01
      vertex -37.2391 21.5 121.01
    endloop
  endfacet
  facet normal 0 0 -1
    outer loop
      vertex -40.8954 -13.2877 121.01
      vertex 27 -26 121.01
      vertex -40.144 -15.4098 121.01
    endloop
  endfacet
  facet normal 0 0 -1
    outer loop
      vertex 27 26 121.01
      vertex -39.2825 17.4897 121.01
      vertex -38.3133 19.5216 121.01
    endloop
  endfacet
  facet normal 0 0 -1
    outer loop
      vertex -41.5348 -11.1292 121.01
      vertex 27 -26 121.01
      vertex -40.8954 -13.2877 121.01
    endloop
  endfacet
  facet normal 0 0 -1
    outer loop
      vertex 27 26 121.01
      vertex -40.144 15.4098 121.01
      vertex -39.2825 17.4897 121.01
    endloop
  endfacet
  facet normal 0 0 -1
    outer loop
      vertex -42.0603 -8.9402 121.01
      vertex 27 -26 121.01
      vertex -41.5348 -11.1292 121.01
    endloop
  endfacet
  facet normal 0 0 -1
    outer loop
      vertex 27 26 121.01
      vertex -40.8954 13.2877 121.01
      vertex -40.144 15.4098 121.01
    endloop
  endfacet
  facet normal 0 0 -1
    outer loop
      vertex -42.4706 -6.72668 121.01
      vertex 27 -26 121.01
      vertex -42.0603 -8.9402 121.01
    endloop
  endfacet
  facet normal 0 0 -1
    outer loop
      vertex 27 26 121.01
      vertex -41.5348 11.1292 121.01
      vertex -40.8954 13.2877 121.01
    endloop
  endfacet
  facet normal 0 0 -1
    outer loop
      vertex -42.7644 -4.49472 121.01
      vertex 27 -26 121.01
      vertex -42.4706 -6.72668 121.01
    endloop
  endfacet
  facet normal 0 0 -1
    outer loop
      vertex 27 26 121.01
      vertex -42.0603 8.9402 121.01
      vertex -41.5348 11.1292 121.01
    endloop
  endfacet
  facet normal 0 0 -1
    outer loop
      vertex 27 -26 121.01
      vertex -42.7644 -4.49472 121.01
      vertex 27 26 121.01
    endloop
  endfacet
  facet normal 0 0 -1
    outer loop
      vertex 27 26 121.01
      vertex -42.4706 6.72668 121.01
      vertex -42.0603 8.9402 121.01
    endloop
  endfacet
  facet normal 0 0 -1
    outer loop
      vertex -42.7644 4.49472 121.01
      vertex 27 26 121.01
      vertex -42.7644 -4.49472 121.01
    endloop
  endfacet
  facet normal 0 0 -1
    outer loop
      vertex 27 26 121.01
      vertex -42.7644 4.49472 121.01
      vertex -42.4706 6.72668 121.01
    endloop
  endfacet
  facet normal 0 0 -1
    outer loop
      vertex -42.9411 -2.25045 121.01
      vertex -42.7644 4.49472 121.01
      vertex -42.7644 -4.49472 121.01
    endloop
  endfacet
  facet normal 0 0 -1
    outer loop
      vertex -42.9411 -2.25045 121.01
      vertex -42.9411 2.25045 121.01
      vertex -42.7644 4.49472 121.01
    endloop
  endfacet
  facet normal 0 -0 -1
    outer loop
      vertex -42.9411 2.25045 121.01
      vertex -42.9411 -2.25045 121.01
      vertex -43 0 121.01
    endloop
  endfacet
  facet normal -0.760387 0.64947 0
    outer loop
      vertex 31.9552 -28.7726 8
      vertex 33.4173 -27.0608 121.01
      vertex 33.4173 -27.0608 8
    endloop
  endfacet
  facet normal -0.760387 0.64947 0
    outer loop
      vertex 33.4173 -27.0608 121.01
      vertex 31.9552 -28.7726 8
      vertex 31.9552 -28.7726 121.01
    endloop
  endfacet
  facet normal -0.760387 -0.64947 0
    outer loop
      vertex 33.4173 27.0608 8
      vertex 31.9552 28.7726 121.01
      vertex 31.9552 28.7726 8
    endloop
  endfacet
  facet normal -0.760387 -0.64947 0
    outer loop
      vertex 31.9552 28.7726 121.01
      vertex 33.4173 27.0608 8
      vertex 33.4173 27.0608 121.01
    endloop
  endfacet
  facet normal -0.942652 0.333777 0
    outer loop
      vertex 40.144 -15.4098 8
      vertex 40.8954 -13.2877 121.01
      vertex 40.8954 -13.2877 8
    endloop
  endfacet
  facet normal -0.942652 0.333777 0
    outer loop
      vertex 40.8954 -13.2877 121.01
      vertex 40.144 -15.4098 8
      vertex 40.144 -15.4098 121.01
    endloop
  endfacet
  facet normal -0.284025 0.958817 0
    outer loop
      vertex 13.2877 -40.8954 8
      vertex 11.1292 -41.5348 121.01
      vertex 13.2877 -40.8954 121.01
    endloop
  endfacet
  facet normal -0.284025 0.958817 0
    outer loop
      vertex 11.1292 -41.5348 121.01
      vertex 13.2877 -40.8954 8
      vertex 11.1292 -41.5348 8
    endloop
  endfacet
  facet normal -0.725387 0.688341 0
    outer loop
      vertex 30.4056 -30.4056 8
      vertex 31.9552 -28.7726 121.01
      vertex 31.9552 -28.7726 8
    endloop
  endfacet
  facet normal -0.725387 0.688341 0
    outer loop
      vertex 31.9552 -28.7726 121.01
      vertex 30.4056 -30.4056 8
      vertex 30.4056 -30.4056 121.01
    endloop
  endfacet
  facet normal -0.958817 0.284025 0
    outer loop
      vertex 40.8954 -13.2877 8
      vertex 41.5348 -11.1292 121.01
      vertex 41.5348 -11.1292 8
    endloop
  endfacet
  facet normal -0.958817 0.284025 0
    outer loop
      vertex 41.5348 -11.1292 121.01
      vertex 40.8954 -13.2877 8
      vertex 40.8954 -13.2877 121.01
    endloop
  endfacet
  facet normal 0.996915 0.0784909 0
    outer loop
      vertex -42.7644 -4.49472 121.01
      vertex -42.9411 -2.25045 8
      vertex -42.9411 -2.25045 121.01
    endloop
  endfacet
  facet normal 0.996915 0.0784909 0
    outer loop
      vertex -42.9411 -2.25045 8
      vertex -42.7644 -4.49472 121.01
      vertex -42.7644 -4.49472 8
    endloop
  endfacet
  facet normal 0.477164 -0.878814 0
    outer loop
      vertex -21.5 37.2391 8
      vertex -19.5216 38.3133 121.01
      vertex -21.5 37.2391 121.01
    endloop
  endfacet
  facet normal 0.477164 -0.878814 0
    outer loop
      vertex -19.5216 38.3133 121.01
      vertex -21.5 37.2391 8
      vertex -19.5216 38.3133 8
    endloop
  endfacet
  facet normal -0.64947 0.760387 0
    outer loop
      vertex 28.7726 -31.9552 8
      vertex 27.0608 -33.4173 121.01
      vertex 28.7726 -31.9552 121.01
    endloop
  endfacet
  facet normal -0.64947 0.760387 0
    outer loop
      vertex 27.0608 -33.4173 121.01
      vertex 28.7726 -31.9552 8
      vertex 27.0608 -33.4173 8
    endloop
  endfacet
  facet normal 0.991447 0.130507 0
    outer loop
      vertex -42.4706 -6.72668 121.01
      vertex -42.7644 -4.49472 8
      vertex -42.7644 -4.49472 121.01
    endloop
  endfacet
  facet normal 0.991447 0.130507 0
    outer loop
      vertex -42.7644 -4.49472 8
      vertex -42.4706 -6.72668 121.01
      vertex -42.4706 -6.72668 8
    endloop
  endfacet
  facet normal -0.477164 -0.878814 0
    outer loop
      vertex 19.5216 38.3133 8
      vertex 21.5 37.2391 121.01
      vertex 19.5216 38.3133 121.01
    endloop
  endfacet
  facet normal -0.477164 -0.878814 -0
    outer loop
      vertex 21.5 37.2391 121.01
      vertex 19.5216 38.3133 8
      vertex 21.5 37.2391 8
    endloop
  endfacet
  facet normal 0.233432 0.972373 -0
    outer loop
      vertex -8.9402 -42.0603 8
      vertex -11.1292 -41.5348 121.01
      vertex -8.9402 -42.0603 121.01
    endloop
  endfacet
  facet normal 0.233432 0.972373 0
    outer loop
      vertex -11.1292 -41.5348 121.01
      vertex -8.9402 -42.0603 8
      vertex -11.1292 -41.5348 8
    endloop
  endfacet
  facet normal 0.284025 -0.958817 0
    outer loop
      vertex -13.2877 40.8954 8
      vertex -11.1292 41.5348 121.01
      vertex -13.2877 40.8954 121.01
    endloop
  endfacet
  facet normal 0.284025 -0.958817 0
    outer loop
      vertex -11.1292 41.5348 121.01
      vertex -13.2877 40.8954 8
      vertex -11.1292 41.5348 8
    endloop
  endfacet
  facet normal -0.522508 0.852634 0
    outer loop
      vertex 23.4195 -36.0628 8
      vertex 21.5 -37.2391 121.01
      vertex 23.4195 -36.0628 121.01
    endloop
  endfacet
  facet normal -0.522508 0.852634 0
    outer loop
      vertex 21.5 -37.2391 121.01
      vertex 23.4195 -36.0628 8
      vertex 21.5 -37.2391 8
    endloop
  endfacet
  facet normal -0.333777 -0.942652 0
    outer loop
      vertex 13.2877 40.8954 8
      vertex 15.4098 40.144 121.01
      vertex 13.2877 40.8954 121.01
    endloop
  endfacet
  facet normal -0.333777 -0.942652 -0
    outer loop
      vertex 15.4098 40.144 121.01
      vertex 13.2877 40.8954 8
      vertex 15.4098 40.144 8
    endloop
  endfacet
  facet normal 0.182256 -0.983251 0
    outer loop
      vertex -8.9402 42.0603 8
      vertex -6.72668 42.4706 121.01
      vertex -8.9402 42.0603 121.01
    endloop
  endfacet
  facet normal 0.182256 -0.983251 0
    outer loop
      vertex -6.72668 42.4706 121.01
      vertex -8.9402 42.0603 8
      vertex -6.72668 42.4706 8
    endloop
  endfacet
  facet normal 0.760387 -0.64947 0
    outer loop
      vertex -33.4173 27.0608 121.01
      vertex -31.9552 28.7726 8
      vertex -31.9552 28.7726 121.01
    endloop
  endfacet
  facet normal 0.760387 -0.64947 0
    outer loop
      vertex -31.9552 28.7726 8
      vertex -33.4173 27.0608 121.01
      vertex -33.4173 27.0608 8
    endloop
  endfacet
  facet normal -0.0261636 -0.999658 0
    outer loop
      vertex 0 43 8
      vertex 2.25045 42.9411 121.01
      vertex 0 43 121.01
    endloop
  endfacet
  facet normal -0.0261636 -0.999658 -0
    outer loop
      vertex 2.25045 42.9411 121.01
      vertex 0 43 8
      vertex 2.25045 42.9411 8
    endloop
  endfacet
  facet normal 0.824129 -0.566403 0
    outer loop
      vertex -36.0628 23.4195 121.01
      vertex -34.7877 25.2748 8
      vertex -34.7877 25.2748 121.01
    endloop
  endfacet
  facet normal 0.824129 -0.566403 0
    outer loop
      vertex -34.7877 25.2748 8
      vertex -36.0628 23.4195 121.01
      vertex -36.0628 23.4195 8
    endloop
  endfacet
  facet normal -0.972373 0.233432 0
    outer loop
      vertex 41.5348 -11.1292 8
      vertex 42.0603 -8.9402 121.01
      vertex 42.0603 -8.9402 8
    endloop
  endfacet
  facet normal -0.972373 0.233432 0
    outer loop
      vertex 42.0603 -8.9402 121.01
      vertex 41.5348 -11.1292 8
      vertex 41.5348 -11.1292 121.01
    endloop
  endfacet
  facet normal 0.0784909 -0.996915 0
    outer loop
      vertex -4.49472 42.7644 8
      vertex -2.25045 42.9411 121.01
      vertex -4.49472 42.7644 121.01
    endloop
  endfacet
  facet normal 0.0784909 -0.996915 0
    outer loop
      vertex -2.25045 42.9411 121.01
      vertex -4.49472 42.7644 8
      vertex -2.25045 42.9411 8
    endloop
  endfacet
  facet normal 0.688341 0.725387 -0
    outer loop
      vertex -28.7726 -31.9552 8
      vertex -30.4056 -30.4056 121.01
      vertex -28.7726 -31.9552 121.01
    endloop
  endfacet
  facet normal 0.688341 0.725387 0
    outer loop
      vertex -30.4056 -30.4056 121.01
      vertex -28.7726 -31.9552 8
      vertex -30.4056 -30.4056 8
    endloop
  endfacet
  facet normal -0.90258 -0.430523 0
    outer loop
      vertex 39.2825 17.4897 8
      vertex 38.3133 19.5216 121.01
      vertex 38.3133 19.5216 8
    endloop
  endfacet
  facet normal -0.90258 -0.430523 0
    outer loop
      vertex 38.3133 19.5216 121.01
      vertex 39.2825 17.4897 8
      vertex 39.2825 17.4897 121.01
    endloop
  endfacet
  facet normal -0.688341 0.725387 0
    outer loop
      vertex 30.4056 -30.4056 8
      vertex 28.7726 -31.9552 121.01
      vertex 30.4056 -30.4056 121.01
    endloop
  endfacet
  facet normal -0.688341 0.725387 0
    outer loop
      vertex 28.7726 -31.9552 121.01
      vertex 30.4056 -30.4056 8
      vertex 28.7726 -31.9552 8
    endloop
  endfacet
  facet normal 0.0784909 0.996915 -0
    outer loop
      vertex -2.25045 -42.9411 8
      vertex -4.49472 -42.7644 121.01
      vertex -2.25045 -42.9411 121.01
    endloop
  endfacet
  facet normal 0.0784909 0.996915 0
    outer loop
      vertex -4.49472 -42.7644 121.01
      vertex -2.25045 -42.9411 8
      vertex -4.49472 -42.7644 8
    endloop
  endfacet
  facet normal -0.991447 -0.130507 0
    outer loop
      vertex 42.7644 4.49472 8
      vertex 42.4706 6.72668 121.01
      vertex 42.4706 6.72668 8
    endloop
  endfacet
  facet normal -0.991447 -0.130507 0
    outer loop
      vertex 42.4706 6.72668 121.01
      vertex 42.7644 4.49472 8
      vertex 42.7644 4.49472 121.01
    endloop
  endfacet
  facet normal -0.688341 -0.725387 0
    outer loop
      vertex 28.7726 31.9552 8
      vertex 30.4056 30.4056 121.01
      vertex 28.7726 31.9552 121.01
    endloop
  endfacet
  facet normal -0.688341 -0.725387 -0
    outer loop
      vertex 30.4056 30.4056 121.01
      vertex 28.7726 31.9552 8
      vertex 30.4056 30.4056 8
    endloop
  endfacet
  facet normal 0.382675 0.923883 -0
    outer loop
      vertex -15.4098 -40.144 8
      vertex -17.4897 -39.2825 121.01
      vertex -15.4098 -40.144 121.01
    endloop
  endfacet
  facet normal 0.382675 0.923883 0
    outer loop
      vertex -17.4897 -39.2825 121.01
      vertex -15.4098 -40.144 8
      vertex -17.4897 -39.2825 8
    endloop
  endfacet
  facet normal -0.608749 -0.793363 0
    outer loop
      vertex 25.2748 34.7877 8
      vertex 27.0608 33.4173 121.01
      vertex 25.2748 34.7877 121.01
    endloop
  endfacet
  facet normal -0.608749 -0.793363 -0
    outer loop
      vertex 27.0608 33.4173 121.01
      vertex 25.2748 34.7877 8
      vertex 27.0608 33.4173 8
    endloop
  endfacet
  facet normal 0.333777 -0.942652 0
    outer loop
      vertex -15.4098 40.144 8
      vertex -13.2877 40.8954 121.01
      vertex -15.4098 40.144 121.01
    endloop
  endfacet
  facet normal 0.333777 -0.942652 0
    outer loop
      vertex -13.2877 40.8954 121.01
      vertex -15.4098 40.144 8
      vertex -13.2877 40.8954 8
    endloop
  endfacet
  facet normal 0.688341 -0.725387 0
    outer loop
      vertex -30.4056 30.4056 8
      vertex -28.7726 31.9552 121.01
      vertex -30.4056 30.4056 121.01
    endloop
  endfacet
  facet normal 0.688341 -0.725387 0
    outer loop
      vertex -28.7726 31.9552 121.01
      vertex -30.4056 30.4056 8
      vertex -28.7726 31.9552 8
    endloop
  endfacet
  facet normal -0.942652 -0.333777 0
    outer loop
      vertex 40.8954 13.2877 8
      vertex 40.144 15.4098 121.01
      vertex 40.144 15.4098 8
    endloop
  endfacet
  facet normal -0.942652 -0.333777 0
    outer loop
      vertex 40.144 15.4098 121.01
      vertex 40.8954 13.2877 8
      vertex 40.8954 13.2877 121.01
    endloop
  endfacet
  facet normal 0.760387 0.64947 0
    outer loop
      vertex -31.9552 -28.7726 121.01
      vertex -33.4173 -27.0608 8
      vertex -33.4173 -27.0608 121.01
    endloop
  endfacet
  facet normal 0.760387 0.64947 0
    outer loop
      vertex -33.4173 -27.0608 8
      vertex -31.9552 -28.7726 121.01
      vertex -31.9552 -28.7726 8
    endloop
  endfacet
  facet normal 0.999658 -0.0261636 0
    outer loop
      vertex -43 0 121.01
      vertex -42.9411 2.25045 8
      vertex -42.9411 2.25045 121.01
    endloop
  endfacet
  facet normal 0.999658 -0.0261636 0
    outer loop
      vertex -42.9411 2.25045 8
      vertex -43 0 121.01
      vertex -43 0 8
    endloop
  endfacet
  facet normal 0.130507 -0.991447 0
    outer loop
      vertex -6.72668 42.4706 8
      vertex -4.49472 42.7644 121.01
      vertex -6.72668 42.4706 121.01
    endloop
  endfacet
  facet normal 0.130507 -0.991447 0
    outer loop
      vertex -4.49472 42.7644 121.01
      vertex -6.72668 42.4706 8
      vertex -4.49472 42.7644 8
    endloop
  endfacet
  facet normal -0.725387 -0.688341 0
    outer loop
      vertex 31.9552 28.7726 8
      vertex 30.4056 30.4056 121.01
      vertex 30.4056 30.4056 8
    endloop
  endfacet
  facet normal -0.725387 -0.688341 0
    outer loop
      vertex 30.4056 30.4056 121.01
      vertex 31.9552 28.7726 8
      vertex 31.9552 28.7726 121.01
    endloop
  endfacet
  facet normal 0.0261636 -0.999658 0
    outer loop
      vertex -2.25045 42.9411 8
      vertex 0 43 121.01
      vertex -2.25045 42.9411 121.01
    endloop
  endfacet
  facet normal 0.0261636 -0.999658 0
    outer loop
      vertex 0 43 121.01
      vertex -2.25045 42.9411 8
      vertex 0 43 8
    endloop
  endfacet
  facet normal -0.923883 0.382675 0
    outer loop
      vertex 39.2825 -17.4897 8
      vertex 40.144 -15.4098 121.01
      vertex 40.144 -15.4098 8
    endloop
  endfacet
  facet normal -0.923883 0.382675 0
    outer loop
      vertex 40.144 -15.4098 121.01
      vertex 39.2825 -17.4897 8
      vertex 39.2825 -17.4897 121.01
    endloop
  endfacet
  facet normal -0.90258 0.430523 0
    outer loop
      vertex 38.3133 -19.5216 8
      vertex 39.2825 -17.4897 121.01
      vertex 39.2825 -17.4897 8
    endloop
  endfacet
  facet normal -0.90258 0.430523 0
    outer loop
      vertex 39.2825 -17.4897 121.01
      vertex 38.3133 -19.5216 8
      vertex 38.3133 -19.5216 121.01
    endloop
  endfacet
  facet normal -0.233432 0.972373 0
    outer loop
      vertex 11.1292 -41.5348 8
      vertex 8.9402 -42.0603 121.01
      vertex 11.1292 -41.5348 121.01
    endloop
  endfacet
  facet normal -0.233432 0.972373 0
    outer loop
      vertex 8.9402 -42.0603 121.01
      vertex 11.1292 -41.5348 8
      vertex 8.9402 -42.0603 8
    endloop
  endfacet
  facet normal -0.999658 0.0261636 0
    outer loop
      vertex 42.9411 -2.25045 8
      vertex 43 0 121.01
      vertex 43 0 8
    endloop
  endfacet
  facet normal -0.999658 0.0261636 0
    outer loop
      vertex 43 0 121.01
      vertex 42.9411 -2.25045 8
      vertex 42.9411 -2.25045 121.01
    endloop
  endfacet
  facet normal 0.878814 0.477164 0
    outer loop
      vertex -37.2391 -21.5 121.01
      vertex -38.3133 -19.5216 8
      vertex -38.3133 -19.5216 121.01
    endloop
  endfacet
  facet normal 0.878814 0.477164 0
    outer loop
      vertex -38.3133 -19.5216 8
      vertex -37.2391 -21.5 121.01
      vertex -37.2391 -21.5 8
    endloop
  endfacet
  facet normal 0.923883 -0.382675 0
    outer loop
      vertex -40.144 15.4098 121.01
      vertex -39.2825 17.4897 8
      vertex -39.2825 17.4897 121.01
    endloop
  endfacet
  facet normal 0.923883 -0.382675 0
    outer loop
      vertex -39.2825 17.4897 8
      vertex -40.144 15.4098 121.01
      vertex -40.144 15.4098 8
    endloop
  endfacet
  facet normal -0.182256 0.983251 0
    outer loop
      vertex 8.9402 -42.0603 8
      vertex 6.72668 -42.4706 121.01
      vertex 8.9402 -42.0603 121.01
    endloop
  endfacet
  facet normal -0.182256 0.983251 0
    outer loop
      vertex 6.72668 -42.4706 121.01
      vertex 8.9402 -42.0603 8
      vertex 6.72668 -42.4706 8
    endloop
  endfacet
  facet normal -0.852655 0.522475 0
    outer loop
      vertex 37 -21.8902 8
      vertex 37.2391 -21.5 121.01
      vertex 37.2391 -21.5 8
    endloop
  endfacet
  facet normal -0.852655 0.522475 0
    outer loop
      vertex 37.2391 -21.5 121.01
      vertex 37 -21.8902 8
      vertex 37 -21.8902 121.01
    endloop
  endfacet
  facet normal -0.382675 -0.923883 0
    outer loop
      vertex 15.4098 40.144 8
      vertex 17.4897 39.2825 121.01
      vertex 15.4098 40.144 121.01
    endloop
  endfacet
  facet normal -0.382675 -0.923883 -0
    outer loop
      vertex 17.4897 39.2825 121.01
      vertex 15.4098 40.144 8
      vertex 17.4897 39.2825 8
    endloop
  endfacet
  facet normal 0.852634 -0.522508 0
    outer loop
      vertex -37.2391 21.5 121.01
      vertex -36.0628 23.4195 8
      vertex -36.0628 23.4195 121.01
    endloop
  endfacet
  facet normal 0.852634 -0.522508 0
    outer loop
      vertex -36.0628 23.4195 8
      vertex -37.2391 21.5 121.01
      vertex -37.2391 21.5 8
    endloop
  endfacet
  facet normal -0.608749 0.793363 0
    outer loop
      vertex 27.0608 -33.4173 8
      vertex 25.2748 -34.7877 121.01
      vertex 27.0608 -33.4173 121.01
    endloop
  endfacet
  facet normal -0.608749 0.793363 0
    outer loop
      vertex 25.2748 -34.7877 121.01
      vertex 27.0608 -33.4173 8
      vertex 25.2748 -34.7877 8
    endloop
  endfacet
  facet normal -0.0784909 -0.996915 0
    outer loop
      vertex 2.25045 42.9411 8
      vertex 4.49472 42.7644 121.01
      vertex 2.25045 42.9411 121.01
    endloop
  endfacet
  facet normal -0.0784909 -0.996915 -0
    outer loop
      vertex 4.49472 42.7644 121.01
      vertex 2.25045 42.9411 8
      vertex 4.49472 42.7644 8
    endloop
  endfacet
  facet normal -0.382675 0.923883 0
    outer loop
      vertex 17.4897 -39.2825 8
      vertex 15.4098 -40.144 121.01
      vertex 17.4897 -39.2825 121.01
    endloop
  endfacet
  facet normal -0.382675 0.923883 0
    outer loop
      vertex 15.4098 -40.144 121.01
      vertex 17.4897 -39.2825 8
      vertex 15.4098 -40.144 8
    endloop
  endfacet
  facet normal 0.182256 0.983251 -0
    outer loop
      vertex -6.72668 -42.4706 8
      vertex -8.9402 -42.0603 121.01
      vertex -6.72668 -42.4706 121.01
    endloop
  endfacet
  facet normal 0.182256 0.983251 0
    outer loop
      vertex -8.9402 -42.0603 121.01
      vertex -6.72668 -42.4706 8
      vertex -8.9402 -42.0603 8
    endloop
  endfacet
  facet normal 0.996915 -0.0784909 0
    outer loop
      vertex -42.9411 2.25045 121.01
      vertex -42.7644 4.49472 8
      vertex -42.7644 4.49472 121.01
    endloop
  endfacet
  facet normal 0.996915 -0.0784909 0
    outer loop
      vertex -42.7644 4.49472 8
      vertex -42.9411 2.25045 121.01
      vertex -42.9411 2.25045 8
    endloop
  endfacet
  facet normal 0.983251 -0.182256 0
    outer loop
      vertex -42.4706 6.72668 121.01
      vertex -42.0603 8.9402 8
      vertex -42.0603 8.9402 121.01
    endloop
  endfacet
  facet normal 0.983251 -0.182256 0
    outer loop
      vertex -42.0603 8.9402 8
      vertex -42.4706 6.72668 121.01
      vertex -42.4706 6.72668 8
    endloop
  endfacet
  facet normal -0.233432 -0.972373 0
    outer loop
      vertex 8.9402 42.0603 8
      vertex 11.1292 41.5348 121.01
      vertex 8.9402 42.0603 121.01
    endloop
  endfacet
  facet normal -0.233432 -0.972373 -0
    outer loop
      vertex 11.1292 41.5348 121.01
      vertex 8.9402 42.0603 8
      vertex 11.1292 41.5348 8
    endloop
  endfacet
  facet normal 0.793363 0.608749 0
    outer loop
      vertex -33.4173 -27.0608 121.01
      vertex -34.7877 -25.2748 8
      vertex -34.7877 -25.2748 121.01
    endloop
  endfacet
  facet normal 0.793363 0.608749 0
    outer loop
      vertex -34.7877 -25.2748 8
      vertex -33.4173 -27.0608 121.01
      vertex -33.4173 -27.0608 8
    endloop
  endfacet
  facet normal 0.824129 0.566403 0
    outer loop
      vertex -34.7877 -25.2748 121.01
      vertex -36.0628 -23.4195 8
      vertex -36.0628 -23.4195 121.01
    endloop
  endfacet
  facet normal 0.824129 0.566403 0
    outer loop
      vertex -36.0628 -23.4195 8
      vertex -34.7877 -25.2748 121.01
      vertex -34.7877 -25.2748 8
    endloop
  endfacet
  facet normal 0.958817 0.284025 0
    outer loop
      vertex -40.8954 -13.2877 121.01
      vertex -41.5348 -11.1292 8
      vertex -41.5348 -11.1292 121.01
    endloop
  endfacet
  facet normal 0.958817 0.284025 0
    outer loop
      vertex -41.5348 -11.1292 8
      vertex -40.8954 -13.2877 121.01
      vertex -40.8954 -13.2877 8
    endloop
  endfacet
  facet normal 0.972373 0.233432 0
    outer loop
      vertex -41.5348 -11.1292 121.01
      vertex -42.0603 -8.9402 8
      vertex -42.0603 -8.9402 121.01
    endloop
  endfacet
  facet normal 0.972373 0.233432 0
    outer loop
      vertex -42.0603 -8.9402 8
      vertex -41.5348 -11.1292 121.01
      vertex -41.5348 -11.1292 8
    endloop
  endfacet
  facet normal 0.64947 0.760387 -0
    outer loop
      vertex -27.0608 -33.4173 8
      vertex -28.7726 -31.9552 121.01
      vertex -27.0608 -33.4173 121.01
    endloop
  endfacet
  facet normal 0.64947 0.760387 0
    outer loop
      vertex -28.7726 -31.9552 121.01
      vertex -27.0608 -33.4173 8
      vertex -28.7726 -31.9552 8
    endloop
  endfacet
  facet normal 0.430523 0.90258 -0
    outer loop
      vertex -17.4897 -39.2825 8
      vertex -19.5216 -38.3133 121.01
      vertex -17.4897 -39.2825 121.01
    endloop
  endfacet
  facet normal 0.430523 0.90258 0
    outer loop
      vertex -19.5216 -38.3133 121.01
      vertex -17.4897 -39.2825 8
      vertex -19.5216 -38.3133 8
    endloop
  endfacet
  facet normal -0.284025 -0.958817 0
    outer loop
      vertex 11.1292 41.5348 8
      vertex 13.2877 40.8954 121.01
      vertex 11.1292 41.5348 121.01
    endloop
  endfacet
  facet normal -0.284025 -0.958817 -0
    outer loop
      vertex 13.2877 40.8954 121.01
      vertex 11.1292 41.5348 8
      vertex 13.2877 40.8954 8
    endloop
  endfacet
  facet normal 0.566403 0.824129 -0
    outer loop
      vertex -23.4195 -36.0628 8
      vertex -25.2748 -34.7877 121.01
      vertex -23.4195 -36.0628 121.01
    endloop
  endfacet
  facet normal 0.566403 0.824129 0
    outer loop
      vertex -25.2748 -34.7877 121.01
      vertex -23.4195 -36.0628 8
      vertex -25.2748 -34.7877 8
    endloop
  endfacet
  facet normal 0.90258 0.430523 0
    outer loop
      vertex -38.3133 -19.5216 121.01
      vertex -39.2825 -17.4897 8
      vertex -39.2825 -17.4897 121.01
    endloop
  endfacet
  facet normal 0.90258 0.430523 0
    outer loop
      vertex -39.2825 -17.4897 8
      vertex -38.3133 -19.5216 121.01
      vertex -38.3133 -19.5216 8
    endloop
  endfacet
  facet normal -1 0 0
    outer loop
      vertex 37 26 0
      vertex 37 21.8902 8
      vertex 37 26 125
    endloop
  endfacet
  facet normal -1 0 0
    outer loop
      vertex 37 26 0
      vertex 37 -21.8902 8
      vertex 37 21.8902 8
    endloop
  endfacet
  facet normal -1 0 0
    outer loop
      vertex 37 -26 125
      vertex 37 -21.8902 8
      vertex 37 -26 0
    endloop
  endfacet
  facet normal -1 0 0
    outer loop
      vertex 37 -26 0
      vertex 37 -21.8902 8
      vertex 37 26 0
    endloop
  endfacet
  facet normal -1 0 0
    outer loop
      vertex 37 21.8902 121.01
      vertex 37 26 125
      vertex 37 21.8902 8
    endloop
  endfacet
  facet normal -1 0 0
    outer loop
      vertex 37 -21.8902 121.01
      vertex 37 26 125
      vertex 37 21.8902 121.01
    endloop
  endfacet
  facet normal -1 0 0
    outer loop
      vertex 37 -21.8902 121.01
      vertex 37 -26 125
      vertex 37 26 125
    endloop
  endfacet
  facet normal -1 0 0
    outer loop
      vertex 37 -21.8902 8
      vertex 37 -26 125
      vertex 37 -21.8902 121.01
    endloop
  endfacet
  facet normal 1 -0 0
    outer loop
      vertex 27 -26 8
      vertex 27 26 0
      vertex 27 26 8
    endloop
  endfacet
  facet normal 1 0 0
    outer loop
      vertex 27 26 0
      vertex 27 -26 8
      vertex 27 -26 0
    endloop
  endfacet
  facet normal 1 -0 0
    outer loop
      vertex 27 -26 125
      vertex 27 26 121.01
      vertex 27 26 125
    endloop
  endfacet
  facet normal 1 0 0
    outer loop
      vertex 27 26 121.01
      vertex 27 -26 125
      vertex 27 -26 121.01
    endloop
  endfacet
  facet normal 0 -1 0
    outer loop
      vertex 27 26 8
      vertex 27 26 0
      vertex 34.2312 26 8
    endloop
  endfacet
  facet normal 0 -1 0
    outer loop
      vertex 34.2312 26 121.01
      vertex 27 26 125
      vertex 27 26 121.01
    endloop
  endfacet
  facet normal 0 -1 0
    outer loop
      vertex 27 26 125
      vertex 34.2312 26 121.01
      vertex 37 26 125
    endloop
  endfacet
  facet normal 0 -1 0
    outer loop
      vertex 34.2312 26 8
      vertex 37 26 125
      vertex 34.2312 26 121.01
    endloop
  endfacet
  facet normal 0 -1 0
    outer loop
      vertex 34.2312 26 8
      vertex 37 26 0
      vertex 37 26 125
    endloop
  endfacet
  facet normal 0 -1 0
    outer loop
      vertex 37 26 0
      vertex 34.2312 26 8
      vertex 27 26 0
    endloop
  endfacet
  facet normal 0 1 0
    outer loop
      vertex 37 -26 125
      vertex 34.2312 -26 121.01
      vertex 27 -26 125
    endloop
  endfacet
  facet normal 0 1 0
    outer loop
      vertex 37 -26 125
      vertex 34.2312 -26 8
      vertex 34.2312 -26 121.01
    endloop
  endfacet
  facet normal 0 1 -0
    outer loop
      vertex 37 -26 0
      vertex 34.2312 -26 8
      vertex 37 -26 125
    endloop
  endfacet
  facet normal 0 1 0
    outer loop
      vertex 27 -26 0
      vertex 34.2312 -26 8
      vertex 37 -26 0
    endloop
  endfacet
  facet normal 0 1 0
    outer loop
      vertex 34.2312 -26 8
      vertex 27 -26 0
      vertex 27 -26 8
    endloop
  endfacet
  facet normal 0 1 0
    outer loop
      vertex 27 -26 125
      vertex 34.2312 -26 121.01
      vertex 27 -26 121.01
    endloop
  endfacet
  facet normal -0.983257 0.182224 0
    outer loop
      vertex 1.46722 -0.311867 124.99
      vertex 1.48153 -0.234652 125
      vertex 1.48153 -0.234652 124.99
    endloop
  endfacet
  facet normal -0.983257 0.182224 0
    outer loop
      vertex 1.48153 -0.234652 125
      vertex 1.46722 -0.311867 124.99
      vertex 1.46722 -0.311867 125
    endloop
  endfacet
  facet normal -0.996919 -0.07844 0
    outer loop
      vertex 1.49794 0.0785036 124.99
      vertex 1.49178 0.156793 125
      vertex 1.49178 0.156793 124.99
    endloop
  endfacet
  facet normal -0.996919 -0.07844 0
    outer loop
      vertex 1.49178 0.156793 125
      vertex 1.49794 0.0785036 124.99
      vertex 1.49794 0.0785036 125
    endloop
  endfacet
  facet normal -0.999656 -0.0262318 0
    outer loop
      vertex 1.5 0 124.99
      vertex 1.49794 0.0785036 125
      vertex 1.49794 0.0785036 124.99
    endloop
  endfacet
  facet normal -0.999656 -0.0262318 0
    outer loop
      vertex 1.49794 0.0785036 125
      vertex 1.5 0 124.99
      vertex 1.5 0 125
    endloop
  endfacet
  facet normal -0.991445 -0.130522 0
    outer loop
      vertex 1.49178 0.156793 124.99
      vertex 1.48153 0.234652 125
      vertex 1.48153 0.234652 124.99
    endloop
  endfacet
  facet normal -0.991445 -0.130522 0
    outer loop
      vertex 1.48153 0.234652 125
      vertex 1.49178 0.156793 124.99
      vertex 1.49178 0.156793 125
    endloop
  endfacet
  facet normal -0.760442 -0.649406 0
    outer loop
      vertex 1.16572 0.94398 124.99
      vertex 1.11472 1.0037 125
      vertex 1.11472 1.0037 124.99
    endloop
  endfacet
  facet normal -0.760442 -0.649406 0
    outer loop
      vertex 1.11472 1.0037 125
      vertex 1.16572 0.94398 124.99
      vertex 1.16572 0.94398 125
    endloop
  endfacet
  facet normal 0.72533 -0.688401 0
    outer loop
      vertex -1.11472 1.0037 125
      vertex -1.06066 1.06066 124.99
      vertex -1.06066 1.06066 125
    endloop
  endfacet
  facet normal 0.72533 -0.688401 0
    outer loop
      vertex -1.06066 1.06066 124.99
      vertex -1.11472 1.0037 125
      vertex -1.11472 1.0037 124.99
    endloop
  endfacet
  facet normal 0.130522 -0.991445 0
    outer loop
      vertex -0.234652 1.48153 124.99
      vertex -0.156793 1.49178 125
      vertex -0.234652 1.48153 125
    endloop
  endfacet
  facet normal 0.130522 -0.991445 0
    outer loop
      vertex -0.156793 1.49178 125
      vertex -0.234652 1.48153 124.99
      vertex -0.156793 1.49178 124.99
    endloop
  endfacet
  facet normal -0.902576 -0.430532 0
    outer loop
      vertex 1.37032 0.610105 124.99
      vertex 1.33651 0.680985 125
      vertex 1.33651 0.680985 124.99
    endloop
  endfacet
  facet normal -0.902576 -0.430532 0
    outer loop
      vertex 1.33651 0.680985 125
      vertex 1.37032 0.610105 124.99
      vertex 1.37032 0.610105 125
    endloop
  endfacet
  facet normal -0.902576 0.430532 0
    outer loop
      vertex 1.33651 -0.680985 124.99
      vertex 1.37032 -0.610105 125
      vertex 1.37032 -0.610105 124.99
    endloop
  endfacet
  facet normal -0.902576 0.430532 0
    outer loop
      vertex 1.37032 -0.610105 125
      vertex 1.33651 -0.680985 124.99
      vertex 1.33651 -0.680985 125
    endloop
  endfacet
  facet normal -0.760442 0.649406 0
    outer loop
      vertex 1.11472 -1.0037 124.99
      vertex 1.16572 -0.94398 125
      vertex 1.16572 -0.94398 124.99
    endloop
  endfacet
  facet normal -0.760442 0.649406 0
    outer loop
      vertex 1.16572 -0.94398 125
      vertex 1.11472 -1.0037 124.99
      vertex 1.11472 -1.0037 125
    endloop
  endfacet
  facet normal -0.824072 0.566486 0
    outer loop
      vertex 1.21352 -0.881678 124.99
      vertex 1.25801 -0.816958 125
      vertex 1.25801 -0.816958 124.99
    endloop
  endfacet
  facet normal -0.824072 0.566486 0
    outer loop
      vertex 1.25801 -0.816958 125
      vertex 1.21352 -0.881678 124.99
      vertex 1.21352 -0.881678 125
    endloop
  endfacet
  facet normal -0.942659 -0.333758 0
    outer loop
      vertex 1.42658 0.463525 124.99
      vertex 1.40037 0.537552 125
      vertex 1.40037 0.537552 124.99
    endloop
  endfacet
  facet normal -0.942659 -0.333758 0
    outer loop
      vertex 1.40037 0.537552 125
      vertex 1.42658 0.463525 124.99
      vertex 1.42658 0.463525 125
    endloop
  endfacet
  facet normal 0.824072 -0.566486 0
    outer loop
      vertex -1.25801 0.816958 125
      vertex -1.21352 0.881678 124.99
      vertex -1.21352 0.881678 125
    endloop
  endfacet
  facet normal 0.824072 -0.566486 0
    outer loop
      vertex -1.21352 0.881678 124.99
      vertex -1.25801 0.816958 125
      vertex -1.25801 0.816958 124.99
    endloop
  endfacet
  facet normal 0.566486 -0.824072 0
    outer loop
      vertex -0.881678 1.21352 124.99
      vertex -0.816958 1.25801 125
      vertex -0.881678 1.21352 125
    endloop
  endfacet
  facet normal 0.566486 -0.824072 0
    outer loop
      vertex -0.816958 1.25801 125
      vertex -0.881678 1.21352 124.99
      vertex -0.816958 1.25801 124.99
    endloop
  endfacet
  facet normal -0.07844 0.996919 0
    outer loop
      vertex 0.156793 -1.49178 124.99
      vertex 0.0785036 -1.49794 125
      vertex 0.156793 -1.49178 125
    endloop
  endfacet
  facet normal -0.07844 0.996919 0
    outer loop
      vertex 0.0785036 -1.49794 125
      vertex 0.156793 -1.49178 124.99
      vertex 0.0785036 -1.49794 124.99
    endloop
  endfacet
  facet normal 0.130522 0.991445 -0
    outer loop
      vertex -0.156793 -1.49178 124.99
      vertex -0.234652 -1.48153 125
      vertex -0.156793 -1.49178 125
    endloop
  endfacet
  facet normal 0.130522 0.991445 0
    outer loop
      vertex -0.234652 -1.48153 125
      vertex -0.156793 -1.49178 124.99
      vertex -0.234652 -1.48153 124.99
    endloop
  endfacet
  facet normal -0.522481 -0.852651 0
    outer loop
      vertex 0.75 1.29904 124.99
      vertex 0.816958 1.25801 125
      vertex 0.75 1.29904 125
    endloop
  endfacet
  facet normal -0.522481 -0.852651 -0
    outer loop
      vertex 0.816958 1.25801 125
      vertex 0.75 1.29904 124.99
      vertex 0.816958 1.25801 124.99
    endloop
  endfacet
  facet normal 0.999656 0.0262318 0
    outer loop
      vertex -1.49794 -0.0785036 125
      vertex -1.5 0 124.99
      vertex -1.5 0 125
    endloop
  endfacet
  facet normal 0.999656 0.0262318 0
    outer loop
      vertex -1.5 0 124.99
      vertex -1.49794 -0.0785036 125
      vertex -1.49794 -0.0785036 124.99
    endloop
  endfacet
  facet normal -0.477138 -0.878828 0
    outer loop
      vertex 0.680985 1.33651 124.99
      vertex 0.75 1.29904 125
      vertex 0.680985 1.33651 125
    endloop
  endfacet
  facet normal -0.477138 -0.878828 -0
    outer loop
      vertex 0.75 1.29904 125
      vertex 0.680985 1.33651 124.99
      vertex 0.75 1.29904 124.99
    endloop
  endfacet
  facet normal 0.233413 0.972378 -0
    outer loop
      vertex -0.311867 -1.46722 124.99
      vertex -0.388228 -1.44889 125
      vertex -0.311867 -1.46722 125
    endloop
  endfacet
  facet normal 0.233413 0.972378 0
    outer loop
      vertex -0.388228 -1.44889 125
      vertex -0.311867 -1.46722 124.99
      vertex -0.388228 -1.44889 124.99
    endloop
  endfacet
  facet normal -0.284086 0.958799 0
    outer loop
      vertex 0.463525 -1.42658 124.99
      vertex 0.388228 -1.44889 125
      vertex 0.463525 -1.42658 125
    endloop
  endfacet
  facet normal -0.284086 0.958799 0
    outer loop
      vertex 0.388228 -1.44889 125
      vertex 0.463525 -1.42658 124.99
      vertex 0.388228 -1.44889 124.99
    endloop
  endfacet
  facet normal -0.284086 -0.958799 0
    outer loop
      vertex 0.388228 1.44889 124.99
      vertex 0.463525 1.42658 125
      vertex 0.388228 1.44889 125
    endloop
  endfacet
  facet normal -0.284086 -0.958799 -0
    outer loop
      vertex 0.463525 1.42658 125
      vertex 0.388228 1.44889 124.99
      vertex 0.463525 1.42658 124.99
    endloop
  endfacet
  facet normal -0.852651 -0.522481 0
    outer loop
      vertex 1.29904 0.75 124.99
      vertex 1.25801 0.816958 125
      vertex 1.25801 0.816958 124.99
    endloop
  endfacet
  facet normal -0.852651 -0.522481 0
    outer loop
      vertex 1.25801 0.816958 125
      vertex 1.29904 0.75 124.99
      vertex 1.29904 0.75 125
    endloop
  endfacet
  facet normal -0.996919 0.07844 0
    outer loop
      vertex 1.49178 -0.156793 124.99
      vertex 1.49794 -0.0785036 125
      vertex 1.49794 -0.0785036 124.99
    endloop
  endfacet
  facet normal -0.996919 0.07844 0
    outer loop
      vertex 1.49794 -0.0785036 125
      vertex 1.49178 -0.156793 124.99
      vertex 1.49178 -0.156793 125
    endloop
  endfacet
  facet normal 0.477138 -0.878828 0
    outer loop
      vertex -0.75 1.29904 124.99
      vertex -0.680985 1.33651 125
      vertex -0.75 1.29904 125
    endloop
  endfacet
  facet normal 0.477138 -0.878828 0
    outer loop
      vertex -0.680985 1.33651 125
      vertex -0.75 1.29904 124.99
      vertex -0.680985 1.33651 124.99
    endloop
  endfacet
  facet normal 0.688401 -0.72533 0
    outer loop
      vertex -1.06066 1.06066 124.99
      vertex -1.0037 1.11472 125
      vertex -1.06066 1.06066 125
    endloop
  endfacet
  facet normal 0.688401 -0.72533 0
    outer loop
      vertex -1.0037 1.11472 125
      vertex -1.06066 1.06066 124.99
      vertex -1.0037 1.11472 124.99
    endloop
  endfacet
  facet normal 0.991445 0.130522 0
    outer loop
      vertex -1.48153 -0.234652 125
      vertex -1.49178 -0.156793 124.99
      vertex -1.49178 -0.156793 125
    endloop
  endfacet
  facet normal 0.991445 0.130522 0
    outer loop
      vertex -1.49178 -0.156793 124.99
      vertex -1.48153 -0.234652 125
      vertex -1.48153 -0.234652 124.99
    endloop
  endfacet
  facet normal -0.79339 0.608713 0
    outer loop
      vertex 1.16572 -0.94398 124.99
      vertex 1.21352 -0.881678 125
      vertex 1.21352 -0.881678 124.99
    endloop
  endfacet
  facet normal -0.79339 0.608713 0
    outer loop
      vertex 1.21352 -0.881678 125
      vertex 1.16572 -0.94398 124.99
      vertex 1.16572 -0.94398 125
    endloop
  endfacet
  facet normal 0.0262318 0.999656 -0
    outer loop
      vertex 0 -1.5 124.99
      vertex -0.0785036 -1.49794 125
      vertex 0 -1.5 125
    endloop
  endfacet
  facet normal 0.0262318 0.999656 0
    outer loop
      vertex -0.0785036 -1.49794 125
      vertex 0 -1.5 124.99
      vertex -0.0785036 -1.49794 124.99
    endloop
  endfacet
  facet normal 0.824072 0.566486 0
    outer loop
      vertex -1.21352 -0.881678 125
      vertex -1.25801 -0.816958 124.99
      vertex -1.25801 -0.816958 125
    endloop
  endfacet
  facet normal 0.824072 0.566486 0
    outer loop
      vertex -1.25801 -0.816958 124.99
      vertex -1.21352 -0.881678 125
      vertex -1.21352 -0.881678 124.99
    endloop
  endfacet
  facet normal -0.972378 0.233413 0
    outer loop
      vertex 1.44889 -0.388228 124.99
      vertex 1.46722 -0.311867 125
      vertex 1.46722 -0.311867 124.99
    endloop
  endfacet
  facet normal -0.972378 0.233413 0
    outer loop
      vertex 1.46722 -0.311867 125
      vertex 1.44889 -0.388228 124.99
      vertex 1.44889 -0.388228 125
    endloop
  endfacet
  facet normal -0.878828 -0.477138 0
    outer loop
      vertex 1.33651 0.680985 124.99
      vertex 1.29904 0.75 125
      vertex 1.29904 0.75 124.99
    endloop
  endfacet
  facet normal -0.878828 -0.477138 0
    outer loop
      vertex 1.29904 0.75 125
      vertex 1.33651 0.680985 124.99
      vertex 1.33651 0.680985 125
    endloop
  endfacet
  facet normal 0.991445 -0.130522 0
    outer loop
      vertex -1.49178 0.156793 125
      vertex -1.48153 0.234652 124.99
      vertex -1.48153 0.234652 125
    endloop
  endfacet
  facet normal 0.991445 -0.130522 0
    outer loop
      vertex -1.48153 0.234652 124.99
      vertex -1.49178 0.156793 125
      vertex -1.49178 0.156793 124.99
    endloop
  endfacet
  facet normal -0.649406 0.760442 0
    outer loop
      vertex 1.0037 -1.11472 124.99
      vertex 0.94398 -1.16572 125
      vertex 1.0037 -1.11472 125
    endloop
  endfacet
  facet normal -0.649406 0.760442 0
    outer loop
      vertex 0.94398 -1.16572 125
      vertex 1.0037 -1.11472 124.99
      vertex 0.94398 -1.16572 124.99
    endloop
  endfacet
  facet normal -0.942659 0.333758 0
    outer loop
      vertex 1.40037 -0.537552 124.99
      vertex 1.42658 -0.463525 125
      vertex 1.42658 -0.463525 124.99
    endloop
  endfacet
  facet normal -0.942659 0.333758 0
    outer loop
      vertex 1.42658 -0.463525 125
      vertex 1.40037 -0.537552 124.99
      vertex 1.40037 -0.537552 125
    endloop
  endfacet
  facet normal -0.182224 0.983257 0
    outer loop
      vertex 0.311867 -1.46722 124.99
      vertex 0.234652 -1.48153 125
      vertex 0.311867 -1.46722 125
    endloop
  endfacet
  facet normal -0.182224 0.983257 0
    outer loop
      vertex 0.234652 -1.48153 125
      vertex 0.311867 -1.46722 124.99
      vertex 0.234652 -1.48153 124.99
    endloop
  endfacet
  facet normal -0.958799 -0.284086 0
    outer loop
      vertex 1.44889 0.388228 124.99
      vertex 1.42658 0.463525 125
      vertex 1.42658 0.463525 124.99
    endloop
  endfacet
  facet normal -0.958799 -0.284086 0
    outer loop
      vertex 1.42658 0.463525 125
      vertex 1.44889 0.388228 124.99
      vertex 1.44889 0.388228 125
    endloop
  endfacet
  facet normal -0.991445 0.130522 0
    outer loop
      vertex 1.48153 -0.234652 124.99
      vertex 1.49178 -0.156793 125
      vertex 1.49178 -0.156793 124.99
    endloop
  endfacet
  facet normal -0.991445 0.130522 0
    outer loop
      vertex 1.49178 -0.156793 125
      vertex 1.48153 -0.234652 124.99
      vertex 1.48153 -0.234652 125
    endloop
  endfacet
  facet normal 0.333758 -0.942659 0
    outer loop
      vertex -0.537552 1.40037 124.99
      vertex -0.463525 1.42658 125
      vertex -0.537552 1.40037 125
    endloop
  endfacet
  facet normal 0.333758 -0.942659 0
    outer loop
      vertex -0.463525 1.42658 125
      vertex -0.537552 1.40037 124.99
      vertex -0.463525 1.42658 124.99
    endloop
  endfacet
  facet normal 0.72533 0.688401 0
    outer loop
      vertex -1.06066 -1.06066 125
      vertex -1.11472 -1.0037 124.99
      vertex -1.11472 -1.0037 125
    endloop
  endfacet
  facet normal 0.72533 0.688401 0
    outer loop
      vertex -1.11472 -1.0037 124.99
      vertex -1.06066 -1.06066 125
      vertex -1.06066 -1.06066 124.99
    endloop
  endfacet
  facet normal 0.852651 -0.522481 0
    outer loop
      vertex -1.29904 0.75 125
      vertex -1.25801 0.816958 124.99
      vertex -1.25801 0.816958 125
    endloop
  endfacet
  facet normal 0.852651 -0.522481 0
    outer loop
      vertex -1.25801 0.816958 124.99
      vertex -1.29904 0.75 125
      vertex -1.29904 0.75 124.99
    endloop
  endfacet
  facet normal 0.996919 -0.07844 0
    outer loop
      vertex -1.49794 0.0785036 125
      vertex -1.49178 0.156793 124.99
      vertex -1.49178 0.156793 125
    endloop
  endfacet
  facet normal 0.996919 -0.07844 0
    outer loop
      vertex -1.49178 0.156793 124.99
      vertex -1.49794 0.0785036 125
      vertex -1.49794 0.0785036 124.99
    endloop
  endfacet
  facet normal -0.923891 -0.382657 0
    outer loop
      vertex 1.40037 0.537552 124.99
      vertex 1.37032 0.610105 125
      vertex 1.37032 0.610105 124.99
    endloop
  endfacet
  facet normal -0.923891 -0.382657 0
    outer loop
      vertex 1.37032 0.610105 125
      vertex 1.40037 0.537552 124.99
      vertex 1.40037 0.537552 125
    endloop
  endfacet
  facet normal -0.430532 -0.902576 0
    outer loop
      vertex 0.610105 1.37032 124.99
      vertex 0.680985 1.33651 125
      vertex 0.610105 1.37032 125
    endloop
  endfacet
  facet normal -0.430532 -0.902576 -0
    outer loop
      vertex 0.680985 1.33651 125
      vertex 0.610105 1.37032 124.99
      vertex 0.680985 1.33651 124.99
    endloop
  endfacet
  facet normal -0.878828 0.477138 0
    outer loop
      vertex 1.29904 -0.75 124.99
      vertex 1.33651 -0.680985 125
      vertex 1.33651 -0.680985 124.99
    endloop
  endfacet
  facet normal -0.878828 0.477138 0
    outer loop
      vertex 1.33651 -0.680985 125
      vertex 1.29904 -0.75 124.99
      vertex 1.29904 -0.75 125
    endloop
  endfacet
  facet normal -0.382657 -0.923891 0
    outer loop
      vertex 0.537552 1.40037 124.99
      vertex 0.610105 1.37032 125
      vertex 0.537552 1.40037 125
    endloop
  endfacet
  facet normal -0.382657 -0.923891 -0
    outer loop
      vertex 0.610105 1.37032 125
      vertex 0.537552 1.40037 124.99
      vertex 0.610105 1.37032 124.99
    endloop
  endfacet
  facet normal -0.477138 0.878828 0
    outer loop
      vertex 0.75 -1.29904 124.99
      vertex 0.680985 -1.33651 125
      vertex 0.75 -1.29904 125
    endloop
  endfacet
  facet normal -0.477138 0.878828 0
    outer loop
      vertex 0.680985 -1.33651 125
      vertex 0.75 -1.29904 124.99
      vertex 0.680985 -1.33651 124.99
    endloop
  endfacet
  facet normal 0.942659 -0.333758 0
    outer loop
      vertex -1.42658 0.463525 125
      vertex -1.40037 0.537552 124.99
      vertex -1.40037 0.537552 125
    endloop
  endfacet
  facet normal 0.942659 -0.333758 0
    outer loop
      vertex -1.40037 0.537552 124.99
      vertex -1.42658 0.463525 125
      vertex -1.42658 0.463525 124.99
    endloop
  endfacet
  facet normal -0.233413 0.972378 0
    outer loop
      vertex 0.388228 -1.44889 124.99
      vertex 0.311867 -1.46722 125
      vertex 0.388228 -1.44889 125
    endloop
  endfacet
  facet normal -0.233413 0.972378 0
    outer loop
      vertex 0.311867 -1.46722 125
      vertex 0.388228 -1.44889 124.99
      vertex 0.311867 -1.46722 124.99
    endloop
  endfacet
  facet normal 0.923891 -0.382657 0
    outer loop
      vertex -1.40037 0.537552 125
      vertex -1.37032 0.610105 124.99
      vertex -1.37032 0.610105 125
    endloop
  endfacet
  facet normal 0.923891 -0.382657 0
    outer loop
      vertex -1.37032 0.610105 124.99
      vertex -1.40037 0.537552 125
      vertex -1.40037 0.537552 124.99
    endloop
  endfacet
  facet normal -0.649406 -0.760442 0
    outer loop
      vertex 0.94398 1.16572 124.99
      vertex 1.0037 1.11472 125
      vertex 0.94398 1.16572 125
    endloop
  endfacet
  facet normal -0.649406 -0.760442 -0
    outer loop
      vertex 1.0037 1.11472 125
      vertex 0.94398 1.16572 124.99
      vertex 1.0037 1.11472 124.99
    endloop
  endfacet
  facet normal -0.79339 -0.608713 0
    outer loop
      vertex 1.21352 0.881678 124.99
      vertex 1.16572 0.94398 125
      vertex 1.16572 0.94398 124.99
    endloop
  endfacet
  facet normal -0.79339 -0.608713 0
    outer loop
      vertex 1.16572 0.94398 125
      vertex 1.21352 0.881678 124.99
      vertex 1.21352 0.881678 125
    endloop
  endfacet
  facet normal -0.522481 0.852651 0
    outer loop
      vertex 0.816958 -1.25801 124.99
      vertex 0.75 -1.29904 125
      vertex 0.816958 -1.25801 125
    endloop
  endfacet
  facet normal -0.522481 0.852651 0
    outer loop
      vertex 0.75 -1.29904 125
      vertex 0.816958 -1.25801 124.99
      vertex 0.75 -1.29904 124.99
    endloop
  endfacet
  facet normal 0.760442 -0.649406 0
    outer loop
      vertex -1.16572 0.94398 125
      vertex -1.11472 1.0037 124.99
      vertex -1.11472 1.0037 125
    endloop
  endfacet
  facet normal 0.760442 -0.649406 0
    outer loop
      vertex -1.11472 1.0037 124.99
      vertex -1.16572 0.94398 125
      vertex -1.16572 0.94398 124.99
    endloop
  endfacet
  facet normal -0.688401 -0.72533 0
    outer loop
      vertex 1.0037 1.11472 124.99
      vertex 1.06066 1.06066 125
      vertex 1.0037 1.11472 125
    endloop
  endfacet
  facet normal -0.688401 -0.72533 -0
    outer loop
      vertex 1.06066 1.06066 125
      vertex 1.0037 1.11472 124.99
      vertex 1.06066 1.06066 124.99
    endloop
  endfacet
  facet normal 0.430532 -0.902576 0
    outer loop
      vertex -0.680985 1.33651 124.99
      vertex -0.610105 1.37032 125
      vertex -0.680985 1.33651 125
    endloop
  endfacet
  facet normal 0.430532 -0.902576 0
    outer loop
      vertex -0.610105 1.37032 125
      vertex -0.680985 1.33651 124.99
      vertex -0.610105 1.37032 124.99
    endloop
  endfacet
  facet normal 0.878828 -0.477138 0
    outer loop
      vertex -1.33651 0.680985 125
      vertex -1.29904 0.75 124.99
      vertex -1.29904 0.75 125
    endloop
  endfacet
  facet normal 0.878828 -0.477138 0
    outer loop
      vertex -1.29904 0.75 124.99
      vertex -1.33651 0.680985 125
      vertex -1.33651 0.680985 124.99
    endloop
  endfacet
  facet normal -0.999656 0.0262318 0
    outer loop
      vertex 1.49794 -0.0785036 124.99
      vertex 1.5 0 125
      vertex 1.5 0 124.99
    endloop
  endfacet
  facet normal -0.999656 0.0262318 0
    outer loop
      vertex 1.5 0 125
      vertex 1.49794 -0.0785036 124.99
      vertex 1.49794 -0.0785036 125
    endloop
  endfacet
  facet normal -0.0262318 0.999656 0
    outer loop
      vertex 0.0785036 -1.49794 124.99
      vertex 0 -1.5 125
      vertex 0.0785036 -1.49794 125
    endloop
  endfacet
  facet normal -0.0262318 0.999656 0
    outer loop
      vertex 0 -1.5 125
      vertex 0.0785036 -1.49794 124.99
      vertex 0 -1.5 124.99
    endloop
  endfacet
  facet normal 0.333758 0.942659 -0
    outer loop
      vertex -0.463525 -1.42658 124.99
      vertex -0.537552 -1.40037 125
      vertex -0.463525 -1.42658 125
    endloop
  endfacet
  facet normal 0.333758 0.942659 0
    outer loop
      vertex -0.537552 -1.40037 125
      vertex -0.463525 -1.42658 124.99
      vertex -0.537552 -1.40037 124.99
    endloop
  endfacet
  facet normal -0.852651 0.522481 0
    outer loop
      vertex 1.25801 -0.816958 124.99
      vertex 1.29904 -0.75 125
      vertex 1.29904 -0.75 124.99
    endloop
  endfacet
  facet normal -0.852651 0.522481 0
    outer loop
      vertex 1.29904 -0.75 125
      vertex 1.25801 -0.816958 124.99
      vertex 1.25801 -0.816958 125
    endloop
  endfacet
  facet normal -0.566486 0.824072 0
    outer loop
      vertex 0.881678 -1.21352 124.99
      vertex 0.816958 -1.25801 125
      vertex 0.881678 -1.21352 125
    endloop
  endfacet
  facet normal -0.566486 0.824072 0
    outer loop
      vertex 0.816958 -1.25801 125
      vertex 0.881678 -1.21352 124.99
      vertex 0.816958 -1.25801 124.99
    endloop
  endfacet
  facet normal -0.824072 -0.566486 0
    outer loop
      vertex 1.25801 0.816958 124.99
      vertex 1.21352 0.881678 125
      vertex 1.21352 0.881678 124.99
    endloop
  endfacet
  facet normal -0.824072 -0.566486 0
    outer loop
      vertex 1.21352 0.881678 125
      vertex 1.25801 0.816958 124.99
      vertex 1.25801 0.816958 125
    endloop
  endfacet
  facet normal 0.942659 0.333758 0
    outer loop
      vertex -1.40037 -0.537552 125
      vertex -1.42658 -0.463525 124.99
      vertex -1.42658 -0.463525 125
    endloop
  endfacet
  facet normal 0.942659 0.333758 0
    outer loop
      vertex -1.42658 -0.463525 124.99
      vertex -1.40037 -0.537552 125
      vertex -1.40037 -0.537552 124.99
    endloop
  endfacet
  facet normal 0.983257 0.182224 0
    outer loop
      vertex -1.46722 -0.311867 125
      vertex -1.48153 -0.234652 124.99
      vertex -1.48153 -0.234652 125
    endloop
  endfacet
  facet normal 0.983257 0.182224 0
    outer loop
      vertex -1.48153 -0.234652 124.99
      vertex -1.46722 -0.311867 125
      vertex -1.46722 -0.311867 124.99
    endloop
  endfacet
  facet normal -0.958799 0.284086 0
    outer loop
      vertex 1.42658 -0.463525 124.99
      vertex 1.44889 -0.388228 125
      vertex 1.44889 -0.388228 124.99
    endloop
  endfacet
  facet normal -0.958799 0.284086 0
    outer loop
      vertex 1.44889 -0.388228 125
      vertex 1.42658 -0.463525 124.99
      vertex 1.42658 -0.463525 125
    endloop
  endfacet
  facet normal 0.852651 0.522481 0
    outer loop
      vertex -1.25801 -0.816958 125
      vertex -1.29904 -0.75 124.99
      vertex -1.29904 -0.75 125
    endloop
  endfacet
  facet normal 0.852651 0.522481 0
    outer loop
      vertex -1.29904 -0.75 124.99
      vertex -1.25801 -0.816958 125
      vertex -1.25801 -0.816958 124.99
    endloop
  endfacet
  facet normal 0.182224 0.983257 -0
    outer loop
      vertex -0.234652 -1.48153 124.99
      vertex -0.311867 -1.46722 125
      vertex -0.234652 -1.48153 125
    endloop
  endfacet
  facet normal 0.182224 0.983257 0
    outer loop
      vertex -0.311867 -1.46722 125
      vertex -0.234652 -1.48153 124.99
      vertex -0.311867 -1.46722 124.99
    endloop
  endfacet
  facet normal 0.996919 0.07844 0
    outer loop
      vertex -1.49178 -0.156793 125
      vertex -1.49794 -0.0785036 124.99
      vertex -1.49794 -0.0785036 125
    endloop
  endfacet
  facet normal 0.996919 0.07844 0
    outer loop
      vertex -1.49794 -0.0785036 124.99
      vertex -1.49178 -0.156793 125
      vertex -1.49178 -0.156793 124.99
    endloop
  endfacet
  facet normal -0.983257 -0.182224 0
    outer loop
      vertex 1.48153 0.234652 124.99
      vertex 1.46722 0.311867 125
      vertex 1.46722 0.311867 124.99
    endloop
  endfacet
  facet normal -0.983257 -0.182224 0
    outer loop
      vertex 1.46722 0.311867 125
      vertex 1.48153 0.234652 124.99
      vertex 1.48153 0.234652 125
    endloop
  endfacet
  facet normal -0.608713 -0.79339 0
    outer loop
      vertex 0.881678 1.21352 124.99
      vertex 0.94398 1.16572 125
      vertex 0.881678 1.21352 125
    endloop
  endfacet
  facet normal -0.608713 -0.79339 -0
    outer loop
      vertex 0.94398 1.16572 125
      vertex 0.881678 1.21352 124.99
      vertex 0.94398 1.16572 124.99
    endloop
  endfacet
  facet normal -0.130522 -0.991445 0
    outer loop
      vertex 0.156793 1.49178 124.99
      vertex 0.234652 1.48153 125
      vertex 0.156793 1.49178 125
    endloop
  endfacet
  facet normal -0.130522 -0.991445 -0
    outer loop
      vertex 0.234652 1.48153 125
      vertex 0.156793 1.49178 124.99
      vertex 0.234652 1.48153 124.99
    endloop
  endfacet
  facet normal -0.566486 -0.824072 0
    outer loop
      vertex 0.816958 1.25801 124.99
      vertex 0.881678 1.21352 125
      vertex 0.816958 1.25801 125
    endloop
  endfacet
  facet normal -0.566486 -0.824072 -0
    outer loop
      vertex 0.881678 1.21352 125
      vertex 0.816958 1.25801 124.99
      vertex 0.881678 1.21352 124.99
    endloop
  endfacet
  facet normal -0.972378 -0.233413 0
    outer loop
      vertex 1.46722 0.311867 124.99
      vertex 1.44889 0.388228 125
      vertex 1.44889 0.388228 124.99
    endloop
  endfacet
  facet normal -0.972378 -0.233413 0
    outer loop
      vertex 1.44889 0.388228 125
      vertex 1.46722 0.311867 124.99
      vertex 1.46722 0.311867 125
    endloop
  endfacet
  facet normal 0.522481 -0.852651 0
    outer loop
      vertex -0.816958 1.25801 124.99
      vertex -0.75 1.29904 125
      vertex -0.816958 1.25801 125
    endloop
  endfacet
  facet normal 0.522481 -0.852651 0
    outer loop
      vertex -0.75 1.29904 125
      vertex -0.816958 1.25801 124.99
      vertex -0.75 1.29904 124.99
    endloop
  endfacet
  facet normal -0.182224 -0.983257 0
    outer loop
      vertex 0.234652 1.48153 124.99
      vertex 0.311867 1.46722 125
      vertex 0.234652 1.48153 125
    endloop
  endfacet
  facet normal -0.182224 -0.983257 -0
    outer loop
      vertex 0.311867 1.46722 125
      vertex 0.234652 1.48153 124.99
      vertex 0.311867 1.46722 124.99
    endloop
  endfacet
  facet normal 0.07844 0.996919 -0
    outer loop
      vertex -0.0785036 -1.49794 124.99
      vertex -0.156793 -1.49178 125
      vertex -0.0785036 -1.49794 125
    endloop
  endfacet
  facet normal 0.07844 0.996919 0
    outer loop
      vertex -0.156793 -1.49178 125
      vertex -0.0785036 -1.49794 124.99
      vertex -0.156793 -1.49178 124.99
    endloop
  endfacet
  facet normal 0.649406 -0.760442 0
    outer loop
      vertex -1.0037 1.11472 124.99
      vertex -0.94398 1.16572 125
      vertex -1.0037 1.11472 125
    endloop
  endfacet
  facet normal 0.649406 -0.760442 0
    outer loop
      vertex -0.94398 1.16572 125
      vertex -1.0037 1.11472 124.99
      vertex -0.94398 1.16572 124.99
    endloop
  endfacet
  facet normal 0.958799 -0.284086 0
    outer loop
      vertex -1.44889 0.388228 125
      vertex -1.42658 0.463525 124.99
      vertex -1.42658 0.463525 125
    endloop
  endfacet
  facet normal 0.958799 -0.284086 0
    outer loop
      vertex -1.42658 0.463525 124.99
      vertex -1.44889 0.388228 125
      vertex -1.44889 0.388228 124.99
    endloop
  endfacet
  facet normal 0.07844 -0.996919 0
    outer loop
      vertex -0.156793 1.49178 124.99
      vertex -0.0785036 1.49794 125
      vertex -0.156793 1.49178 125
    endloop
  endfacet
  facet normal 0.07844 -0.996919 0
    outer loop
      vertex -0.0785036 1.49794 125
      vertex -0.156793 1.49178 124.99
      vertex -0.0785036 1.49794 124.99
    endloop
  endfacet
  facet normal -0.923891 0.382657 0
    outer loop
      vertex 1.37032 -0.610105 124.99
      vertex 1.40037 -0.537552 125
      vertex 1.40037 -0.537552 124.99
    endloop
  endfacet
  facet normal -0.923891 0.382657 0
    outer loop
      vertex 1.40037 -0.537552 125
      vertex 1.37032 -0.610105 124.99
      vertex 1.37032 -0.610105 125
    endloop
  endfacet
  facet normal 0.477138 0.878828 -0
    outer loop
      vertex -0.680985 -1.33651 124.99
      vertex -0.75 -1.29904 125
      vertex -0.680985 -1.33651 125
    endloop
  endfacet
  facet normal 0.477138 0.878828 0
    outer loop
      vertex -0.75 -1.29904 125
      vertex -0.680985 -1.33651 124.99
      vertex -0.75 -1.29904 124.99
    endloop
  endfacet
  facet normal 0.430532 0.902576 -0
    outer loop
      vertex -0.610105 -1.37032 124.99
      vertex -0.680985 -1.33651 125
      vertex -0.610105 -1.37032 125
    endloop
  endfacet
  facet normal 0.430532 0.902576 0
    outer loop
      vertex -0.680985 -1.33651 125
      vertex -0.610105 -1.37032 124.99
      vertex -0.680985 -1.33651 124.99
    endloop
  endfacet
  facet normal 0.0262318 -0.999656 0
    outer loop
      vertex -0.0785036 1.49794 124.99
      vertex 0 1.5 125
      vertex -0.0785036 1.49794 125
    endloop
  endfacet
  facet normal 0.0262318 -0.999656 0
    outer loop
      vertex 0 1.5 125
      vertex -0.0785036 1.49794 124.99
      vertex 0 1.5 124.99
    endloop
  endfacet
  facet normal -0.72533 -0.688401 0
    outer loop
      vertex 1.11472 1.0037 124.99
      vertex 1.06066 1.06066 125
      vertex 1.06066 1.06066 124.99
    endloop
  endfacet
  facet normal -0.72533 -0.688401 0
    outer loop
      vertex 1.06066 1.06066 125
      vertex 1.11472 1.0037 124.99
      vertex 1.11472 1.0037 125
    endloop
  endfacet
  facet normal 0.608713 0.79339 -0
    outer loop
      vertex -0.881678 -1.21352 124.99
      vertex -0.94398 -1.16572 125
      vertex -0.881678 -1.21352 125
    endloop
  endfacet
  facet normal 0.608713 0.79339 0
    outer loop
      vertex -0.94398 -1.16572 125
      vertex -0.881678 -1.21352 124.99
      vertex -0.94398 -1.16572 124.99
    endloop
  endfacet
  facet normal 0.182224 -0.983257 0
    outer loop
      vertex -0.311867 1.46722 124.99
      vertex -0.234652 1.48153 125
      vertex -0.311867 1.46722 125
    endloop
  endfacet
  facet normal 0.182224 -0.983257 0
    outer loop
      vertex -0.234652 1.48153 125
      vertex -0.311867 1.46722 124.99
      vertex -0.234652 1.48153 124.99
    endloop
  endfacet
  facet normal 0.79339 -0.608713 0
    outer loop
      vertex -1.21352 0.881678 125
      vertex -1.16572 0.94398 124.99
      vertex -1.16572 0.94398 125
    endloop
  endfacet
  facet normal 0.79339 -0.608713 0
    outer loop
      vertex -1.16572 0.94398 124.99
      vertex -1.21352 0.881678 125
      vertex -1.21352 0.881678 124.99
    endloop
  endfacet
  facet normal 0.760442 0.649406 0
    outer loop
      vertex -1.11472 -1.0037 125
      vertex -1.16572 -0.94398 124.99
      vertex -1.16572 -0.94398 125
    endloop
  endfacet
  facet normal 0.760442 0.649406 0
    outer loop
      vertex -1.16572 -0.94398 124.99
      vertex -1.11472 -1.0037 125
      vertex -1.11472 -1.0037 124.99
    endloop
  endfacet
  facet normal -0.430532 0.902576 0
    outer loop
      vertex 0.680985 -1.33651 124.99
      vertex 0.610105 -1.37032 125
      vertex 0.680985 -1.33651 125
    endloop
  endfacet
  facet normal -0.430532 0.902576 0
    outer loop
      vertex 0.610105 -1.37032 125
      vertex 0.680985 -1.33651 124.99
      vertex 0.610105 -1.37032 124.99
    endloop
  endfacet
  facet normal 0.79339 0.608713 0
    outer loop
      vertex -1.16572 -0.94398 125
      vertex -1.21352 -0.881678 124.99
      vertex -1.21352 -0.881678 125
    endloop
  endfacet
  facet normal 0.79339 0.608713 0
    outer loop
      vertex -1.21352 -0.881678 124.99
      vertex -1.16572 -0.94398 125
      vertex -1.16572 -0.94398 124.99
    endloop
  endfacet
  facet normal -0.130522 0.991445 0
    outer loop
      vertex 0.234652 -1.48153 124.99
      vertex 0.156793 -1.49178 125
      vertex 0.234652 -1.48153 125
    endloop
  endfacet
  facet normal -0.130522 0.991445 0
    outer loop
      vertex 0.156793 -1.49178 125
      vertex 0.234652 -1.48153 124.99
      vertex 0.156793 -1.49178 124.99
    endloop
  endfacet
  facet normal -0.0262318 -0.999656 0
    outer loop
      vertex 0 1.5 124.99
      vertex 0.0785036 1.49794 125
      vertex 0 1.5 125
    endloop
  endfacet
  facet normal -0.0262318 -0.999656 -0
    outer loop
      vertex 0.0785036 1.49794 125
      vertex 0 1.5 124.99
      vertex 0.0785036 1.49794 124.99
    endloop
  endfacet
  facet normal -0.07844 -0.996919 0
    outer loop
      vertex 0.0785036 1.49794 124.99
      vertex 0.156793 1.49178 125
      vertex 0.0785036 1.49794 125
    endloop
  endfacet
  facet normal -0.07844 -0.996919 -0
    outer loop
      vertex 0.156793 1.49178 125
      vertex 0.0785036 1.49794 124.99
      vertex 0.156793 1.49178 124.99
    endloop
  endfacet
  facet normal 0.382657 -0.923891 0
    outer loop
      vertex -0.610105 1.37032 124.99
      vertex -0.537552 1.40037 125
      vertex -0.610105 1.37032 125
    endloop
  endfacet
  facet normal 0.382657 -0.923891 0
    outer loop
      vertex -0.537552 1.40037 125
      vertex -0.610105 1.37032 124.99
      vertex -0.537552 1.40037 124.99
    endloop
  endfacet
  facet normal 0.382657 0.923891 -0
    outer loop
      vertex -0.537552 -1.40037 124.99
      vertex -0.610105 -1.37032 125
      vertex -0.537552 -1.40037 125
    endloop
  endfacet
  facet normal 0.382657 0.923891 0
    outer loop
      vertex -0.610105 -1.37032 125
      vertex -0.537552 -1.40037 124.99
      vertex -0.610105 -1.37032 124.99
    endloop
  endfacet
  facet normal -0.688401 0.72533 0
    outer loop
      vertex 1.06066 -1.06066 124.99
      vertex 1.0037 -1.11472 125
      vertex 1.06066 -1.06066 125
    endloop
  endfacet
  facet normal -0.688401 0.72533 0
    outer loop
      vertex 1.0037 -1.11472 125
      vertex 1.06066 -1.06066 124.99
      vertex 1.0037 -1.11472 124.99
    endloop
  endfacet
  facet normal 0.284086 0.958799 -0
    outer loop
      vertex -0.388228 -1.44889 124.99
      vertex -0.463525 -1.42658 125
      vertex -0.388228 -1.44889 125
    endloop
  endfacet
  facet normal 0.284086 0.958799 0
    outer loop
      vertex -0.463525 -1.42658 125
      vertex -0.388228 -1.44889 124.99
      vertex -0.463525 -1.42658 124.99
    endloop
  endfacet
  facet normal -0.608713 0.79339 0
    outer loop
      vertex 0.94398 -1.16572 124.99
      vertex 0.881678 -1.21352 125
      vertex 0.94398 -1.16572 125
    endloop
  endfacet
  facet normal -0.608713 0.79339 0
    outer loop
      vertex 0.881678 -1.21352 125
      vertex 0.94398 -1.16572 124.99
      vertex 0.881678 -1.21352 124.99
    endloop
  endfacet
  facet normal -0.333758 -0.942659 0
    outer loop
      vertex 0.463525 1.42658 124.99
      vertex 0.537552 1.40037 125
      vertex 0.463525 1.42658 125
    endloop
  endfacet
  facet normal -0.333758 -0.942659 -0
    outer loop
      vertex 0.537552 1.40037 125
      vertex 0.463525 1.42658 124.99
      vertex 0.537552 1.40037 124.99
    endloop
  endfacet
  facet normal 0.688401 0.72533 -0
    outer loop
      vertex -1.0037 -1.11472 124.99
      vertex -1.06066 -1.06066 125
      vertex -1.0037 -1.11472 125
    endloop
  endfacet
  facet normal 0.688401 0.72533 0
    outer loop
      vertex -1.06066 -1.06066 125
      vertex -1.0037 -1.11472 124.99
      vertex -1.06066 -1.06066 124.99
    endloop
  endfacet
  facet normal 0.999656 -0.0262318 0
    outer loop
      vertex -1.5 0 125
      vertex -1.49794 0.0785036 124.99
      vertex -1.49794 0.0785036 125
    endloop
  endfacet
  facet normal 0.999656 -0.0262318 0
    outer loop
      vertex -1.49794 0.0785036 124.99
      vertex -1.5 0 125
      vertex -1.5 0 124.99
    endloop
  endfacet
  facet normal -0.333758 0.942659 0
    outer loop
      vertex 0.537552 -1.40037 124.99
      vertex 0.463525 -1.42658 125
      vertex 0.537552 -1.40037 125
    endloop
  endfacet
  facet normal -0.333758 0.942659 0
    outer loop
      vertex 0.463525 -1.42658 125
      vertex 0.537552 -1.40037 124.99
      vertex 0.463525 -1.42658 124.99
    endloop
  endfacet
  facet normal -0.382657 0.923891 0
    outer loop
      vertex 0.610105 -1.37032 124.99
      vertex 0.537552 -1.40037 125
      vertex 0.610105 -1.37032 125
    endloop
  endfacet
  facet normal -0.382657 0.923891 0
    outer loop
      vertex 0.537552 -1.40037 125
      vertex 0.610105 -1.37032 124.99
      vertex 0.537552 -1.40037 124.99
    endloop
  endfacet
  facet normal 0.608713 -0.79339 0
    outer loop
      vertex -0.94398 1.16572 124.99
      vertex -0.881678 1.21352 125
      vertex -0.94398 1.16572 125
    endloop
  endfacet
  facet normal 0.608713 -0.79339 0
    outer loop
      vertex -0.881678 1.21352 125
      vertex -0.94398 1.16572 124.99
      vertex -0.881678 1.21352 124.99
    endloop
  endfacet
  facet normal 0.983257 -0.182224 0
    outer loop
      vertex -1.48153 0.234652 125
      vertex -1.46722 0.311867 124.99
      vertex -1.46722 0.311867 125
    endloop
  endfacet
  facet normal 0.983257 -0.182224 0
    outer loop
      vertex -1.46722 0.311867 124.99
      vertex -1.48153 0.234652 125
      vertex -1.48153 0.234652 124.99
    endloop
  endfacet
  facet normal 0.902576 -0.430532 0
    outer loop
      vertex -1.37032 0.610105 125
      vertex -1.33651 0.680985 124.99
      vertex -1.33651 0.680985 125
    endloop
  endfacet
  facet normal 0.902576 -0.430532 0
    outer loop
      vertex -1.33651 0.680985 124.99
      vertex -1.37032 0.610105 125
      vertex -1.37032 0.610105 124.99
    endloop
  endfacet
  facet normal -0.233413 -0.972378 0
    outer loop
      vertex 0.311867 1.46722 124.99
      vertex 0.388228 1.44889 125
      vertex 0.311867 1.46722 125
    endloop
  endfacet
  facet normal -0.233413 -0.972378 -0
    outer loop
      vertex 0.388228 1.44889 125
      vertex 0.311867 1.46722 124.99
      vertex 0.388228 1.44889 124.99
    endloop
  endfacet
  facet normal 0.233413 -0.972378 0
    outer loop
      vertex -0.388228 1.44889 124.99
      vertex -0.311867 1.46722 125
      vertex -0.388228 1.44889 125
    endloop
  endfacet
  facet normal 0.233413 -0.972378 0
    outer loop
      vertex -0.311867 1.46722 125
      vertex -0.388228 1.44889 124.99
      vertex -0.311867 1.46722 124.99
    endloop
  endfacet
  facet normal 0.284086 -0.958799 0
    outer loop
      vertex -0.463525 1.42658 124.99
      vertex -0.388228 1.44889 125
      vertex -0.463525 1.42658 125
    endloop
  endfacet
  facet normal 0.284086 -0.958799 0
    outer loop
      vertex -0.388228 1.44889 125
      vertex -0.463525 1.42658 124.99
      vertex -0.388228 1.44889 124.99
    endloop
  endfacet
  facet normal -0.72533 0.688401 0
    outer loop
      vertex 1.06066 -1.06066 124.99
      vertex 1.11472 -1.0037 125
      vertex 1.11472 -1.0037 124.99
    endloop
  endfacet
  facet normal -0.72533 0.688401 0
    outer loop
      vertex 1.11472 -1.0037 125
      vertex 1.06066 -1.06066 124.99
      vertex 1.06066 -1.06066 125
    endloop
  endfacet
  facet normal 0.972378 -0.233413 0
    outer loop
      vertex -1.46722 0.311867 125
      vertex -1.44889 0.388228 124.99
      vertex -1.44889 0.388228 125
    endloop
  endfacet
  facet normal 0.972378 -0.233413 0
    outer loop
      vertex -1.44889 0.388228 124.99
      vertex -1.46722 0.311867 125
      vertex -1.46722 0.311867 124.99
    endloop
  endfacet
  facet normal 0.878828 0.477138 0
    outer loop
      vertex -1.29904 -0.75 125
      vertex -1.33651 -0.680985 124.99
      vertex -1.33651 -0.680985 125
    endloop
  endfacet
  facet normal 0.878828 0.477138 0
    outer loop
      vertex -1.33651 -0.680985 124.99
      vertex -1.29904 -0.75 125
      vertex -1.29904 -0.75 124.99
    endloop
  endfacet
  facet normal 0.972378 0.233413 0
    outer loop
      vertex -1.44889 -0.388228 125
      vertex -1.46722 -0.311867 124.99
      vertex -1.46722 -0.311867 125
    endloop
  endfacet
  facet normal 0.972378 0.233413 0
    outer loop
      vertex -1.46722 -0.311867 124.99
      vertex -1.44889 -0.388228 125
      vertex -1.44889 -0.388228 124.99
    endloop
  endfacet
  facet normal 0.958799 0.284086 0
    outer loop
      vertex -1.42658 -0.463525 125
      vertex -1.44889 -0.388228 124.99
      vertex -1.44889 -0.388228 125
    endloop
  endfacet
  facet normal 0.958799 0.284086 0
    outer loop
      vertex -1.44889 -0.388228 124.99
      vertex -1.42658 -0.463525 125
      vertex -1.42658 -0.463525 124.99
    endloop
  endfacet
  facet normal 0.649406 0.760442 -0
    outer loop
      vertex -0.94398 -1.16572 124.99
      vertex -1.0037 -1.11472 125
      vertex -0.94398 -1.16572 125
    endloop
  endfacet
  facet normal 0.649406 0.760442 0
    outer loop
      vertex -1.0037 -1.11472 125
      vertex -0.94398 -1.16572 124.99
      vertex -1.0037 -1.11472 124.99
    endloop
  endfacet
  facet normal 0 0 1
    outer loop
      vertex 1.49794 0.0785036 124.99
      vertex 1.49794 -0.0785036 124.99
      vertex 1.5 0 124.99
    endloop
  endfacet
  facet normal 0 0 1
    outer loop
      vertex 1.49178 0.156793 124.99
      vertex 1.49794 -0.0785036 124.99
      vertex 1.49794 0.0785036 124.99
    endloop
  endfacet
  facet normal 0 0 1
    outer loop
      vertex 1.49178 0.156793 124.99
      vertex 1.49178 -0.156793 124.99
      vertex 1.49794 -0.0785036 124.99
    endloop
  endfacet
  facet normal 0 0 1
    outer loop
      vertex 1.48153 0.234652 124.99
      vertex 1.49178 -0.156793 124.99
      vertex 1.49178 0.156793 124.99
    endloop
  endfacet
  facet normal 0 0 1
    outer loop
      vertex 1.48153 0.234652 124.99
      vertex 1.48153 -0.234652 124.99
      vertex 1.49178 -0.156793 124.99
    endloop
  endfacet
  facet normal 0 0 1
    outer loop
      vertex 1.46722 0.311867 124.99
      vertex 1.48153 -0.234652 124.99
      vertex 1.48153 0.234652 124.99
    endloop
  endfacet
  facet normal 0 0 1
    outer loop
      vertex 1.46722 0.311867 124.99
      vertex 1.46722 -0.311867 124.99
      vertex 1.48153 -0.234652 124.99
    endloop
  endfacet
  facet normal 0 0 1
    outer loop
      vertex 1.44889 0.388228 124.99
      vertex 1.46722 -0.311867 124.99
      vertex 1.46722 0.311867 124.99
    endloop
  endfacet
  facet normal 0 0 1
    outer loop
      vertex 1.44889 0.388228 124.99
      vertex 1.44889 -0.388228 124.99
      vertex 1.46722 -0.311867 124.99
    endloop
  endfacet
  facet normal 0 0 1
    outer loop
      vertex 1.42658 0.463525 124.99
      vertex 1.44889 -0.388228 124.99
      vertex 1.44889 0.388228 124.99
    endloop
  endfacet
  facet normal 0 0 1
    outer loop
      vertex 1.42658 0.463525 124.99
      vertex 1.42658 -0.463525 124.99
      vertex 1.44889 -0.388228 124.99
    endloop
  endfacet
  facet normal 0 0 1
    outer loop
      vertex 1.40037 0.537552 124.99
      vertex 1.42658 -0.463525 124.99
      vertex 1.42658 0.463525 124.99
    endloop
  endfacet
  facet normal 0 0 1
    outer loop
      vertex 1.40037 0.537552 124.99
      vertex 1.40037 -0.537552 124.99
      vertex 1.42658 -0.463525 124.99
    endloop
  endfacet
  facet normal 0 0 1
    outer loop
      vertex 1.37032 0.610105 124.99
      vertex 1.40037 -0.537552 124.99
      vertex 1.40037 0.537552 124.99
    endloop
  endfacet
  facet normal 0 0 1
    outer loop
      vertex 1.37032 0.610105 124.99
      vertex 1.37032 -0.610105 124.99
      vertex 1.40037 -0.537552 124.99
    endloop
  endfacet
  facet normal 0 0 1
    outer loop
      vertex 1.33651 0.680985 124.99
      vertex 1.37032 -0.610105 124.99
      vertex 1.37032 0.610105 124.99
    endloop
  endfacet
  facet normal 0 0 1
    outer loop
      vertex 1.33651 0.680985 124.99
      vertex 1.33651 -0.680985 124.99
      vertex 1.37032 -0.610105 124.99
    endloop
  endfacet
  facet normal 0 0 1
    outer loop
      vertex 1.29904 0.75 124.99
      vertex 1.33651 -0.680985 124.99
      vertex 1.33651 0.680985 124.99
    endloop
  endfacet
  facet normal 0 0 1
    outer loop
      vertex 1.29904 0.75 124.99
      vertex 1.29904 -0.75 124.99
      vertex 1.33651 -0.680985 124.99
    endloop
  endfacet
  facet normal 0 0 1
    outer loop
      vertex 1.25801 0.816958 124.99
      vertex 1.29904 -0.75 124.99
      vertex 1.29904 0.75 124.99
    endloop
  endfacet
  facet normal 0 0 1
    outer loop
      vertex 1.25801 0.816958 124.99
      vertex 1.25801 -0.816958 124.99
      vertex 1.29904 -0.75 124.99
    endloop
  endfacet
  facet normal 0 0 1
    outer loop
      vertex 1.21352 0.881678 124.99
      vertex 1.25801 -0.816958 124.99
      vertex 1.25801 0.816958 124.99
    endloop
  endfacet
  facet normal 0 0 1
    outer loop
      vertex 1.21352 0.881678 124.99
      vertex 1.21352 -0.881678 124.99
      vertex 1.25801 -0.816958 124.99
    endloop
  endfacet
  facet normal 0 0 1
    outer loop
      vertex 1.16572 0.94398 124.99
      vertex 1.21352 -0.881678 124.99
      vertex 1.21352 0.881678 124.99
    endloop
  endfacet
  facet normal 0 0 1
    outer loop
      vertex 1.16572 0.94398 124.99
      vertex 1.16572 -0.94398 124.99
      vertex 1.21352 -0.881678 124.99
    endloop
  endfacet
  facet normal 0 0 1
    outer loop
      vertex 1.11472 1.0037 124.99
      vertex 1.16572 -0.94398 124.99
      vertex 1.16572 0.94398 124.99
    endloop
  endfacet
  facet normal 0 0 1
    outer loop
      vertex 1.11472 1.0037 124.99
      vertex 1.11472 -1.0037 124.99
      vertex 1.16572 -0.94398 124.99
    endloop
  endfacet
  facet normal 0 0 1
    outer loop
      vertex 1.06066 1.06066 124.99
      vertex 1.11472 -1.0037 124.99
      vertex 1.11472 1.0037 124.99
    endloop
  endfacet
  facet normal 0 0 1
    outer loop
      vertex 1.06066 1.06066 124.99
      vertex 1.06066 -1.06066 124.99
      vertex 1.11472 -1.0037 124.99
    endloop
  endfacet
  facet normal 0 0 1
    outer loop
      vertex 1.0037 1.11472 124.99
      vertex 1.06066 -1.06066 124.99
      vertex 1.06066 1.06066 124.99
    endloop
  endfacet
  facet normal 0 0 1
    outer loop
      vertex 1.0037 1.11472 124.99
      vertex 1.0037 -1.11472 124.99
      vertex 1.06066 -1.06066 124.99
    endloop
  endfacet
  facet normal 0 0 1
    outer loop
      vertex 0.94398 1.16572 124.99
      vertex 1.0037 -1.11472 124.99
      vertex 1.0037 1.11472 124.99
    endloop
  endfacet
  facet normal 0 0 1
    outer loop
      vertex 0.94398 1.16572 124.99
      vertex 0.94398 -1.16572 124.99
      vertex 1.0037 -1.11472 124.99
    endloop
  endfacet
  facet normal 0 0 1
    outer loop
      vertex 0.881678 1.21352 124.99
      vertex 0.94398 -1.16572 124.99
      vertex 0.94398 1.16572 124.99
    endloop
  endfacet
  facet normal 0 0 1
    outer loop
      vertex 0.881678 1.21352 124.99
      vertex 0.881678 -1.21352 124.99
      vertex 0.94398 -1.16572 124.99
    endloop
  endfacet
  facet normal 0 0 1
    outer loop
      vertex 0.816958 1.25801 124.99
      vertex 0.881678 -1.21352 124.99
      vertex 0.881678 1.21352 124.99
    endloop
  endfacet
  facet normal 0 0 1
    outer loop
      vertex 0.816958 1.25801 124.99
      vertex 0.816958 -1.25801 124.99
      vertex 0.881678 -1.21352 124.99
    endloop
  endfacet
  facet normal 0 0 1
    outer loop
      vertex 0.75 1.29904 124.99
      vertex 0.816958 -1.25801 124.99
      vertex 0.816958 1.25801 124.99
    endloop
  endfacet
  facet normal 0 0 1
    outer loop
      vertex 0.75 1.29904 124.99
      vertex 0.75 -1.29904 124.99
      vertex 0.816958 -1.25801 124.99
    endloop
  endfacet
  facet normal 0 0 1
    outer loop
      vertex 0.680985 1.33651 124.99
      vertex 0.75 -1.29904 124.99
      vertex 0.75 1.29904 124.99
    endloop
  endfacet
  facet normal 0 0 1
    outer loop
      vertex 0.680985 1.33651 124.99
      vertex 0.680985 -1.33651 124.99
      vertex 0.75 -1.29904 124.99
    endloop
  endfacet
  facet normal 0 0 1
    outer loop
      vertex 0.610105 1.37032 124.99
      vertex 0.680985 -1.33651 124.99
      vertex 0.680985 1.33651 124.99
    endloop
  endfacet
  facet normal 0 0 1
    outer loop
      vertex 0.610105 1.37032 124.99
      vertex 0.610105 -1.37032 124.99
      vertex 0.680985 -1.33651 124.99
    endloop
  endfacet
  facet normal 0 0 1
    outer loop
      vertex 0.537552 1.40037 124.99
      vertex 0.610105 -1.37032 124.99
      vertex 0.610105 1.37032 124.99
    endloop
  endfacet
  facet normal 0 0 1
    outer loop
      vertex 0.537552 1.40037 124.99
      vertex 0.537552 -1.40037 124.99
      vertex 0.610105 -1.37032 124.99
    endloop
  endfacet
  facet normal 0 0 1
    outer loop
      vertex 0.463525 1.42658 124.99
      vertex 0.537552 -1.40037 124.99
      vertex 0.537552 1.40037 124.99
    endloop
  endfacet
  facet normal 0 0 1
    outer loop
      vertex 0.463525 1.42658 124.99
      vertex 0.463525 -1.42658 124.99
      vertex 0.537552 -1.40037 124.99
    endloop
  endfacet
  facet normal 0 0 1
    outer loop
      vertex 0.388228 1.44889 124.99
      vertex 0.463525 -1.42658 124.99
      vertex 0.463525 1.42658 124.99
    endloop
  endfacet
  facet normal 0 0 1
    outer loop
      vertex 0.388228 1.44889 124.99
      vertex 0.388228 -1.44889 124.99
      vertex 0.463525 -1.42658 124.99
    endloop
  endfacet
  facet normal 0 0 1
    outer loop
      vertex 0.311867 1.46722 124.99
      vertex 0.388228 -1.44889 124.99
      vertex 0.388228 1.44889 124.99
    endloop
  endfacet
  facet normal 0 0 1
    outer loop
      vertex 0.311867 1.46722 124.99
      vertex 0.311867 -1.46722 124.99
      vertex 0.388228 -1.44889 124.99
    endloop
  endfacet
  facet normal 0 0 1
    outer loop
      vertex 0.234652 1.48153 124.99
      vertex 0.311867 -1.46722 124.99
      vertex 0.311867 1.46722 124.99
    endloop
  endfacet
  facet normal 0 0 1
    outer loop
      vertex 0.234652 1.48153 124.99
      vertex 0.234652 -1.48153 124.99
      vertex 0.311867 -1.46722 124.99
    endloop
  endfacet
  facet normal 0 0 1
    outer loop
      vertex 0.156793 1.49178 124.99
      vertex 0.234652 -1.48153 124.99
      vertex 0.234652 1.48153 124.99
    endloop
  endfacet
  facet normal 0 0 1
    outer loop
      vertex 0.156793 1.49178 124.99
      vertex 0.156793 -1.49178 124.99
      vertex 0.234652 -1.48153 124.99
    endloop
  endfacet
  facet normal 0 0 1
    outer loop
      vertex 0.0785036 1.49794 124.99
      vertex 0.156793 -1.49178 124.99
      vertex 0.156793 1.49178 124.99
    endloop
  endfacet
  facet normal 0 0 1
    outer loop
      vertex 0.0785036 1.49794 124.99
      vertex 0.0785036 -1.49794 124.99
      vertex 0.156793 -1.49178 124.99
    endloop
  endfacet
  facet normal 0 0 1
    outer loop
      vertex 0 1.5 124.99
      vertex 0.0785036 -1.49794 124.99
      vertex 0.0785036 1.49794 124.99
    endloop
  endfacet
  facet normal 0 0 1
    outer loop
      vertex 0 1.5 124.99
      vertex 0 -1.5 124.99
      vertex 0.0785036 -1.49794 124.99
    endloop
  endfacet
  facet normal -0 0 1
    outer loop
      vertex -0.0785036 1.49794 124.99
      vertex 0 -1.5 124.99
      vertex 0 1.5 124.99
    endloop
  endfacet
  facet normal 0 0 1
    outer loop
      vertex -0.0785036 1.49794 124.99
      vertex -0.0785036 -1.49794 124.99
      vertex 0 -1.5 124.99
    endloop
  endfacet
  facet normal -0 0 1
    outer loop
      vertex -0.156793 1.49178 124.99
      vertex -0.0785036 -1.49794 124.99
      vertex -0.0785036 1.49794 124.99
    endloop
  endfacet
  facet normal 0 0 1
    outer loop
      vertex -0.156793 1.49178 124.99
      vertex -0.156793 -1.49178 124.99
      vertex -0.0785036 -1.49794 124.99
    endloop
  endfacet
  facet normal -0 0 1
    outer loop
      vertex -0.234652 1.48153 124.99
      vertex -0.156793 -1.49178 124.99
      vertex -0.156793 1.49178 124.99
    endloop
  endfacet
  facet normal 0 0 1
    outer loop
      vertex -0.234652 1.48153 124.99
      vertex -0.234652 -1.48153 124.99
      vertex -0.156793 -1.49178 124.99
    endloop
  endfacet
  facet normal -0 0 1
    outer loop
      vertex -0.311867 1.46722 124.99
      vertex -0.234652 -1.48153 124.99
      vertex -0.234652 1.48153 124.99
    endloop
  endfacet
  facet normal 0 0 1
    outer loop
      vertex -0.311867 1.46722 124.99
      vertex -0.311867 -1.46722 124.99
      vertex -0.234652 -1.48153 124.99
    endloop
  endfacet
  facet normal -0 0 1
    outer loop
      vertex -0.388228 1.44889 124.99
      vertex -0.311867 -1.46722 124.99
      vertex -0.311867 1.46722 124.99
    endloop
  endfacet
  facet normal 0 0 1
    outer loop
      vertex -0.388228 1.44889 124.99
      vertex -0.388228 -1.44889 124.99
      vertex -0.311867 -1.46722 124.99
    endloop
  endfacet
  facet normal -0 0 1
    outer loop
      vertex -0.463525 1.42658 124.99
      vertex -0.388228 -1.44889 124.99
      vertex -0.388228 1.44889 124.99
    endloop
  endfacet
  facet normal 0 0 1
    outer loop
      vertex -0.463525 1.42658 124.99
      vertex -0.463525 -1.42658 124.99
      vertex -0.388228 -1.44889 124.99
    endloop
  endfacet
  facet normal -0 0 1
    outer loop
      vertex -0.537552 1.40037 124.99
      vertex -0.463525 -1.42658 124.99
      vertex -0.463525 1.42658 124.99
    endloop
  endfacet
  facet normal 0 0 1
    outer loop
      vertex -0.537552 1.40037 124.99
      vertex -0.537552 -1.40037 124.99
      vertex -0.463525 -1.42658 124.99
    endloop
  endfacet
  facet normal -0 0 1
    outer loop
      vertex -0.610105 1.37032 124.99
      vertex -0.537552 -1.40037 124.99
      vertex -0.537552 1.40037 124.99
    endloop
  endfacet
  facet normal 0 0 1
    outer loop
      vertex -0.610105 1.37032 124.99
      vertex -0.610105 -1.37032 124.99
      vertex -0.537552 -1.40037 124.99
    endloop
  endfacet
  facet normal -0 0 1
    outer loop
      vertex -0.680985 1.33651 124.99
      vertex -0.610105 -1.37032 124.99
      vertex -0.610105 1.37032 124.99
    endloop
  endfacet
  facet normal 0 0 1
    outer loop
      vertex -0.680985 1.33651 124.99
      vertex -0.680985 -1.33651 124.99
      vertex -0.610105 -1.37032 124.99
    endloop
  endfacet
  facet normal -0 0 1
    outer loop
      vertex -0.75 1.29904 124.99
      vertex -0.680985 -1.33651 124.99
      vertex -0.680985 1.33651 124.99
    endloop
  endfacet
  facet normal 0 0 1
    outer loop
      vertex -0.75 1.29904 124.99
      vertex -0.75 -1.29904 124.99
      vertex -0.680985 -1.33651 124.99
    endloop
  endfacet
  facet normal -0 0 1
    outer loop
      vertex -0.816958 1.25801 124.99
      vertex -0.75 -1.29904 124.99
      vertex -0.75 1.29904 124.99
    endloop
  endfacet
  facet normal 0 0 1
    outer loop
      vertex -0.816958 1.25801 124.99
      vertex -0.816958 -1.25801 124.99
      vertex -0.75 -1.29904 124.99
    endloop
  endfacet
  facet normal -0 0 1
    outer loop
      vertex -0.881678 1.21352 124.99
      vertex -0.816958 -1.25801 124.99
      vertex -0.816958 1.25801 124.99
    endloop
  endfacet
  facet normal 0 0 1
    outer loop
      vertex -0.881678 1.21352 124.99
      vertex -0.881678 -1.21352 124.99
      vertex -0.816958 -1.25801 124.99
    endloop
  endfacet
  facet normal -0 0 1
    outer loop
      vertex -0.94398 1.16572 124.99
      vertex -0.881678 -1.21352 124.99
      vertex -0.881678 1.21352 124.99
    endloop
  endfacet
  facet normal 0 0 1
    outer loop
      vertex -0.94398 1.16572 124.99
      vertex -0.94398 -1.16572 124.99
      vertex -0.881678 -1.21352 124.99
    endloop
  endfacet
  facet normal -0 0 1
    outer loop
      vertex -1.0037 1.11472 124.99
      vertex -0.94398 -1.16572 124.99
      vertex -0.94398 1.16572 124.99
    endloop
  endfacet
  facet normal 0 0 1
    outer loop
      vertex -1.0037 1.11472 124.99
      vertex -1.0037 -1.11472 124.99
      vertex -0.94398 -1.16572 124.99
    endloop
  endfacet
  facet normal -0 0 1
    outer loop
      vertex -1.06066 1.06066 124.99
      vertex -1.0037 -1.11472 124.99
      vertex -1.0037 1.11472 124.99
    endloop
  endfacet
  facet normal 0 0 1
    outer loop
      vertex -1.06066 1.06066 124.99
      vertex -1.06066 -1.06066 124.99
      vertex -1.0037 -1.11472 124.99
    endloop
  endfacet
  facet normal -0 0 1
    outer loop
      vertex -1.11472 1.0037 124.99
      vertex -1.06066 -1.06066 124.99
      vertex -1.06066 1.06066 124.99
    endloop
  endfacet
  facet normal 0 0 1
    outer loop
      vertex -1.11472 1.0037 124.99
      vertex -1.11472 -1.0037 124.99
      vertex -1.06066 -1.06066 124.99
    endloop
  endfacet
  facet normal -0 0 1
    outer loop
      vertex -1.16572 0.94398 124.99
      vertex -1.11472 -1.0037 124.99
      vertex -1.11472 1.0037 124.99
    endloop
  endfacet
  facet normal 0 0 1
    outer loop
      vertex -1.16572 0.94398 124.99
      vertex -1.16572 -0.94398 124.99
      vertex -1.11472 -1.0037 124.99
    endloop
  endfacet
  facet normal -0 0 1
    outer loop
      vertex -1.21352 0.881678 124.99
      vertex -1.16572 -0.94398 124.99
      vertex -1.16572 0.94398 124.99
    endloop
  endfacet
  facet normal 0 0 1
    outer loop
      vertex -1.21352 0.881678 124.99
      vertex -1.21352 -0.881678 124.99
      vertex -1.16572 -0.94398 124.99
    endloop
  endfacet
  facet normal -0 0 1
    outer loop
      vertex -1.25801 0.816958 124.99
      vertex -1.21352 -0.881678 124.99
      vertex -1.21352 0.881678 124.99
    endloop
  endfacet
  facet normal 0 0 1
    outer loop
      vertex -1.25801 0.816958 124.99
      vertex -1.25801 -0.816958 124.99
      vertex -1.21352 -0.881678 124.99
    endloop
  endfacet
  facet normal -0 0 1
    outer loop
      vertex -1.29904 0.75 124.99
      vertex -1.25801 -0.816958 124.99
      vertex -1.25801 0.816958 124.99
    endloop
  endfacet
  facet normal 0 0 1
    outer loop
      vertex -1.29904 0.75 124.99
      vertex -1.29904 -0.75 124.99
      vertex -1.25801 -0.816958 124.99
    endloop
  endfacet
  facet normal -0 0 1
    outer loop
      vertex -1.33651 0.680985 124.99
      vertex -1.29904 -0.75 124.99
      vertex -1.29904 0.75 124.99
    endloop
  endfacet
  facet normal 0 0 1
    outer loop
      vertex -1.33651 0.680985 124.99
      vertex -1.33651 -0.680985 124.99
      vertex -1.29904 -0.75 124.99
    endloop
  endfacet
  facet normal -0 0 1
    outer loop
      vertex -1.37032 0.610105 124.99
      vertex -1.33651 -0.680985 124.99
      vertex -1.33651 0.680985 124.99
    endloop
  endfacet
  facet normal 0 0 1
    outer loop
      vertex -1.37032 0.610105 124.99
      vertex -1.37032 -0.610105 124.99
      vertex -1.33651 -0.680985 124.99
    endloop
  endfacet
  facet normal -0 0 1
    outer loop
      vertex -1.40037 0.537552 124.99
      vertex -1.37032 -0.610105 124.99
      vertex -1.37032 0.610105 124.99
    endloop
  endfacet
  facet normal 0 0 1
    outer loop
      vertex -1.40037 0.537552 124.99
      vertex -1.40037 -0.537552 124.99
      vertex -1.37032 -0.610105 124.99
    endloop
  endfacet
  facet normal -0 0 1
    outer loop
      vertex -1.42658 0.463525 124.99
      vertex -1.40037 -0.537552 124.99
      vertex -1.40037 0.537552 124.99
    endloop
  endfacet
  facet normal 0 0 1
    outer loop
      vertex -1.42658 0.463525 124.99
      vertex -1.42658 -0.463525 124.99
      vertex -1.40037 -0.537552 124.99
    endloop
  endfacet
  facet normal -0 0 1
    outer loop
      vertex -1.44889 0.388228 124.99
      vertex -1.42658 -0.463525 124.99
      vertex -1.42658 0.463525 124.99
    endloop
  endfacet
  facet normal 0 0 1
    outer loop
      vertex -1.44889 0.388228 124.99
      vertex -1.44889 -0.388228 124.99
      vertex -1.42658 -0.463525 124.99
    endloop
  endfacet
  facet normal -0 0 1
    outer loop
      vertex -1.46722 0.311867 124.99
      vertex -1.44889 -0.388228 124.99
      vertex -1.44889 0.388228 124.99
    endloop
  endfacet
  facet normal 0 0 1
    outer loop
      vertex -1.46722 0.311867 124.99
      vertex -1.46722 -0.311867 124.99
      vertex -1.44889 -0.388228 124.99
    endloop
  endfacet
  facet normal -0 0 1
    outer loop
      vertex -1.48153 0.234652 124.99
      vertex -1.46722 -0.311867 124.99
      vertex -1.46722 0.311867 124.99
    endloop
  endfacet
  facet normal 0 0 1
    outer loop
      vertex -1.48153 0.234652 124.99
      vertex -1.48153 -0.234652 124.99
      vertex -1.46722 -0.311867 124.99
    endloop
  endfacet
  facet normal -0 0 1
    outer loop
      vertex -1.49178 0.156793 124.99
      vertex -1.48153 -0.234652 124.99
      vertex -1.48153 0.234652 124.99
    endloop
  endfacet
  facet normal 0 0 1
    outer loop
      vertex -1.49178 0.156793 124.99
      vertex -1.49178 -0.156793 124.99
      vertex -1.48153 -0.234652 124.99
    endloop
  endfacet
  facet normal -0 0 1
    outer loop
      vertex -1.49794 0.0785036 124.99
      vertex -1.49178 -0.156793 124.99
      vertex -1.49178 0.156793 124.99
    endloop
  endfacet
  facet normal 0 0 1
    outer loop
      vertex -1.49794 0.0785036 124.99
      vertex -1.49794 -0.0785036 124.99
      vertex -1.49178 -0.156793 124.99
    endloop
  endfacet
  facet normal 0 -0 1
    outer loop
      vertex -1.49794 -0.0785036 124.99
      vertex -1.49794 0.0785036 124.99
      vertex -1.5 0 124.99
    endloop
  endfacet
  facet normal 0.923891 0.382657 0
    outer loop
      vertex -1.37032 -0.610105 125
      vertex -1.40037 -0.537552 124.99
      vertex -1.40037 -0.537552 125
    endloop
  endfacet
  facet normal 0.923891 0.382657 0
    outer loop
      vertex -1.40037 -0.537552 124.99
      vertex -1.37032 -0.610105 125
      vertex -1.37032 -0.610105 124.99
    endloop
  endfacet
  facet normal 0.566486 0.824072 -0
    outer loop
      vertex -0.816958 -1.25801 124.99
      vertex -0.881678 -1.21352 125
      vertex -0.816958 -1.25801 125
    endloop
  endfacet
  facet normal 0.566486 0.824072 0
    outer loop
      vertex -0.881678 -1.21352 125
      vertex -0.816958 -1.25801 124.99
      vertex -0.881678 -1.21352 124.99
    endloop
  endfacet
  facet normal 0.522481 0.852651 -0
    outer loop
      vertex -0.75 -1.29904 124.99
      vertex -0.816958 -1.25801 125
      vertex -0.75 -1.29904 125
    endloop
  endfacet
  facet normal 0.522481 0.852651 0
    outer loop
      vertex -0.816958 -1.25801 125
      vertex -0.75 -1.29904 124.99
      vertex -0.816958 -1.25801 124.99
    endloop
  endfacet
  facet normal 0.902576 0.430532 0
    outer loop
      vertex -1.33651 -0.680985 125
      vertex -1.37032 -0.610105 124.99
      vertex -1.37032 -0.610105 125
    endloop
  endfacet
  facet normal 0.902576 0.430532 0
    outer loop
      vertex -1.37032 -0.610105 124.99
      vertex -1.33651 -0.680985 125
      vertex -1.33651 -0.680985 124.99
    endloop
  endfacet
  facet normal -0.996918 -0.0784534 0
    outer loop
      vertex 20.4719 1.07289 0
      vertex 20.3877 2.14283 8
      vertex 20.3877 2.14283 0
    endloop
  endfacet
  facet normal -0.996918 -0.0784534 0
    outer loop
      vertex 20.3877 2.14283 8
      vertex 20.4719 1.07289 0
      vertex 20.4719 1.07289 8
    endloop
  endfacet
  facet normal -0.999657 -0.026182 0
    outer loop
      vertex 20.5 0 0
      vertex 20.4719 1.07289 8
      vertex 20.4719 1.07289 0
    endloop
  endfacet
  facet normal -0.999657 -0.026182 0
    outer loop
      vertex 20.4719 1.07289 8
      vertex 20.5 0 0
      vertex 20.5 0 8
    endloop
  endfacet
  facet normal -0.991444 -0.130536 0
    outer loop
      vertex 20.3877 2.14283 0
      vertex 20.2476 3.20691 8
      vertex 20.2476 3.20691 0
    endloop
  endfacet
  facet normal -0.991444 -0.130536 0
    outer loop
      vertex 20.2476 3.20691 8
      vertex 20.3877 2.14283 0
      vertex 20.3877 2.14283 8
    endloop
  endfacet
  facet normal 0.64944 0.760413 -0
    outer loop
      vertex -12.9011 -15.9315 0
      vertex -13.7172 -15.2345 8
      vertex -12.9011 -15.9315 8
    endloop
  endfacet
  facet normal 0.64944 0.760413 0
    outer loop
      vertex -13.7172 -15.2345 8
      vertex -12.9011 -15.9315 0
      vertex -13.7172 -15.2345 0
    endloop
  endfacet
  facet normal -0.430552 -0.902566 0
    outer loop
      vertex 8.3381 18.7277 0
      vertex 9.3068 18.2656 8
      vertex 8.3381 18.7277 8
    endloop
  endfacet
  facet normal -0.430552 -0.902566 -0
    outer loop
      vertex 9.3068 18.2656 8
      vertex 8.3381 18.7277 0
      vertex 9.3068 18.2656 0
    endloop
  endfacet
  facet normal 0.958825 -0.283997 0
    outer loop
      vertex -19.8015 5.30579 8
      vertex -19.4967 6.33485 0
      vertex -19.4967 6.33485 8
    endloop
  endfacet
  facet normal 0.958825 -0.283997 0
    outer loop
      vertex -19.4967 6.33485 0
      vertex -19.8015 5.30579 8
      vertex -19.8015 5.30579 0
    endloop
  endfacet
  facet normal -0.608715 -0.793389 0
    outer loop
      vertex 12.0496 16.5848 0
      vertex 12.9011 15.9315 8
      vertex 12.0496 16.5848 8
    endloop
  endfacet
  facet normal -0.608715 -0.793389 -0
    outer loop
      vertex 12.9011 15.9315 8
      vertex 12.0496 16.5848 0
      vertex 12.9011 15.9315 0
    endloop
  endfacet
  facet normal -0.878823 -0.477147 0
    outer loop
      vertex 18.2656 9.3068 0
      vertex 17.7535 10.25 8
      vertex 17.7535 10.25 0
    endloop
  endfacet
  facet normal -0.878823 -0.477147 0
    outer loop
      vertex 17.7535 10.25 8
      vertex 18.2656 9.3068 0
      vertex 18.2656 9.3068 8
    endloop
  endfacet
  facet normal -0.382669 -0.923885 0
    outer loop
      vertex 7.34654 19.1384 0
      vertex 8.3381 18.7277 8
      vertex 7.34654 19.1384 8
    endloop
  endfacet
  facet normal -0.382669 -0.923885 -0
    outer loop
      vertex 8.3381 18.7277 8
      vertex 7.34654 19.1384 0
      vertex 8.3381 18.7277 0
    endloop
  endfacet
  facet normal -0.793389 -0.608715 0
    outer loop
      vertex 16.5848 12.0496 0
      vertex 15.9315 12.9011 8
      vertex 15.9315 12.9011 0
    endloop
  endfacet
  facet normal -0.793389 -0.608715 0
    outer loop
      vertex 15.9315 12.9011 8
      vertex 16.5848 12.0496 0
      vertex 16.5848 12.0496 8
    endloop
  endfacet
  facet normal -0.182249 -0.983252 0
    outer loop
      vertex 3.20691 20.2476 0
      vertex 4.26219 20.052 8
      vertex 3.20691 20.2476 8
    endloop
  endfacet
  facet normal -0.182249 -0.983252 -0
    outer loop
      vertex 4.26219 20.052 8
      vertex 3.20691 20.2476 0
      vertex 4.26219 20.052 0
    endloop
  endfacet
  facet normal -0.760413 0.64944 0
    outer loop
      vertex 15.2345 -13.7172 0
      vertex 15.9315 -12.9011 8
      vertex 15.9315 -12.9011 0
    endloop
  endfacet
  facet normal -0.760413 0.64944 0
    outer loop
      vertex 15.9315 -12.9011 8
      vertex 15.2345 -13.7172 0
      vertex 15.2345 -13.7172 8
    endloop
  endfacet
  facet normal -0.824126 0.566406 0
    outer loop
      vertex 16.5848 -12.0496 0
      vertex 17.1927 -11.1651 8
      vertex 17.1927 -11.1651 0
    endloop
  endfacet
  facet normal -0.824126 0.566406 0
    outer loop
      vertex 17.1927 -11.1651 8
      vertex 16.5848 -12.0496 0
      vertex 16.5848 -12.0496 8
    endloop
  endfacet
  facet normal 0.942629 -0.333841 0
    outer loop
      vertex -19.4967 6.33485 8
      vertex -19.1384 7.34654 0
      vertex -19.1384 7.34654 8
    endloop
  endfacet
  facet normal 0.942629 -0.333841 0
    outer loop
      vertex -19.1384 7.34654 0
      vertex -19.4967 6.33485 8
      vertex -19.4967 6.33485 0
    endloop
  endfacet
  facet normal -0.333841 0.942629 0
    outer loop
      vertex 7.34654 -19.1384 0
      vertex 6.33485 -19.4967 8
      vertex 7.34654 -19.1384 8
    endloop
  endfacet
  facet normal -0.333841 0.942629 0
    outer loop
      vertex 6.33485 -19.4967 8
      vertex 7.34654 -19.1384 0
      vertex 6.33485 -19.4967 0
    endloop
  endfacet
  facet normal 0.026182 -0.999657 0
    outer loop
      vertex -1.07289 20.4719 0
      vertex 0 20.5 8
      vertex -1.07289 20.4719 8
    endloop
  endfacet
  facet normal 0.026182 -0.999657 0
    outer loop
      vertex 0 20.5 8
      vertex -1.07289 20.4719 0
      vertex 0 20.5 0
    endloop
  endfacet
  facet normal 0.760413 0.64944 0
    outer loop
      vertex -15.2345 -13.7172 8
      vertex -15.9315 -12.9011 0
      vertex -15.9315 -12.9011 8
    endloop
  endfacet
  facet normal 0.760413 0.64944 0
    outer loop
      vertex -15.9315 -12.9011 0
      vertex -15.2345 -13.7172 8
      vertex -15.2345 -13.7172 0
    endloop
  endfacet
  facet normal -0.430552 0.902566 0
    outer loop
      vertex 9.3068 -18.2656 0
      vertex 8.3381 -18.7277 8
      vertex 9.3068 -18.2656 8
    endloop
  endfacet
  facet normal -0.430552 0.902566 0
    outer loop
      vertex 8.3381 -18.7277 8
      vertex 9.3068 -18.2656 0
      vertex 8.3381 -18.7277 0
    endloop
  endfacet
  facet normal -0.130536 0.991444 0
    outer loop
      vertex 3.20691 -20.2476 0
      vertex 2.14283 -20.3877 8
      vertex 3.20691 -20.2476 8
    endloop
  endfacet
  facet normal -0.130536 0.991444 0
    outer loop
      vertex 2.14283 -20.3877 8
      vertex 3.20691 -20.2476 0
      vertex 2.14283 -20.3877 0
    endloop
  endfacet
  facet normal 0.182249 0.983252 -0
    outer loop
      vertex -3.20691 -20.2476 0
      vertex -4.26219 -20.052 8
      vertex -3.20691 -20.2476 8
    endloop
  endfacet
  facet normal 0.182249 0.983252 0
    outer loop
      vertex -4.26219 -20.052 8
      vertex -3.20691 -20.2476 0
      vertex -4.26219 -20.052 0
    endloop
  endfacet
  facet normal -0.333841 -0.942629 0
    outer loop
      vertex 6.33485 19.4967 0
      vertex 7.34654 19.1384 8
      vertex 6.33485 19.4967 8
    endloop
  endfacet
  facet normal -0.333841 -0.942629 -0
    outer loop
      vertex 7.34654 19.1384 8
      vertex 6.33485 19.4967 0
      vertex 7.34654 19.1384 0
    endloop
  endfacet
  facet normal 0.983252 0.182249 0
    outer loop
      vertex -20.052 -4.26219 8
      vertex -20.2476 -3.20691 0
      vertex -20.2476 -3.20691 8
    endloop
  endfacet
  facet normal 0.983252 0.182249 0
    outer loop
      vertex -20.2476 -3.20691 0
      vertex -20.052 -4.26219 8
      vertex -20.052 -4.26219 0
    endloop
  endfacet
  facet normal 0.130536 0.991444 -0
    outer loop
      vertex -2.14283 -20.3877 0
      vertex -3.20691 -20.2476 8
      vertex -2.14283 -20.3877 8
    endloop
  endfacet
  facet normal 0.130536 0.991444 0
    outer loop
      vertex -3.20691 -20.2476 8
      vertex -2.14283 -20.3877 0
      vertex -3.20691 -20.2476 0
    endloop
  endfacet
  facet normal 0.566406 -0.824126 0
    outer loop
      vertex -12.0496 16.5848 0
      vertex -11.1651 17.1927 8
      vertex -12.0496 16.5848 8
    endloop
  endfacet
  facet normal 0.566406 -0.824126 0
    outer loop
      vertex -11.1651 17.1927 8
      vertex -12.0496 16.5848 0
      vertex -11.1651 17.1927 0
    endloop
  endfacet
  facet normal 0.923885 -0.382669 0
    outer loop
      vertex -19.1384 7.34654 8
      vertex -18.7277 8.3381 0
      vertex -18.7277 8.3381 8
    endloop
  endfacet
  facet normal 0.923885 -0.382669 0
    outer loop
      vertex -18.7277 8.3381 0
      vertex -19.1384 7.34654 8
      vertex -19.1384 7.34654 0
    endloop
  endfacet
  facet normal -0.0784534 0.996918 0
    outer loop
      vertex 2.14283 -20.3877 0
      vertex 1.07289 -20.4719 8
      vertex 2.14283 -20.3877 8
    endloop
  endfacet
  facet normal -0.0784534 0.996918 0
    outer loop
      vertex 1.07289 -20.4719 8
      vertex 2.14283 -20.3877 0
      vertex 1.07289 -20.4719 0
    endloop
  endfacet
  facet normal 0.64944 -0.760413 0
    outer loop
      vertex -13.7172 15.2345 0
      vertex -12.9011 15.9315 8
      vertex -13.7172 15.2345 8
    endloop
  endfacet
  facet normal 0.64944 -0.760413 0
    outer loop
      vertex -12.9011 15.9315 8
      vertex -13.7172 15.2345 0
      vertex -12.9011 15.9315 0
    endloop
  endfacet
  facet normal -0.233405 -0.97238 0
    outer loop
      vertex 4.26219 20.052 0
      vertex 5.30579 19.8015 8
      vertex 4.26219 20.052 8
    endloop
  endfacet
  facet normal -0.233405 -0.97238 -0
    outer loop
      vertex 5.30579 19.8015 8
      vertex 4.26219 20.052 0
      vertex 5.30579 19.8015 0
    endloop
  endfacet
  facet normal 0.68837 -0.72536 0
    outer loop
      vertex -14.4957 14.4957 0
      vertex -13.7172 15.2345 8
      vertex -14.4957 14.4957 8
    endloop
  endfacet
  facet normal 0.68837 -0.72536 0
    outer loop
      vertex -13.7172 15.2345 8
      vertex -14.4957 14.4957 0
      vertex -13.7172 15.2345 0
    endloop
  endfacet
  facet normal 0.477147 0.878823 -0
    outer loop
      vertex -9.3068 -18.2656 0
      vertex -10.25 -17.7535 8
      vertex -9.3068 -18.2656 8
    endloop
  endfacet
  facet normal 0.477147 0.878823 0
    outer loop
      vertex -10.25 -17.7535 8
      vertex -9.3068 -18.2656 0
      vertex -10.25 -17.7535 0
    endloop
  endfacet
  facet normal -0.942629 -0.333841 0
    outer loop
      vertex 19.4967 6.33485 0
      vertex 19.1384 7.34654 8
      vertex 19.1384 7.34654 0
    endloop
  endfacet
  facet normal -0.942629 -0.333841 0
    outer loop
      vertex 19.1384 7.34654 8
      vertex 19.4967 6.33485 0
      vertex 19.4967 6.33485 8
    endloop
  endfacet
  facet normal 0.991444 -0.130536 0
    outer loop
      vertex -20.3877 2.14283 8
      vertex -20.2476 3.20691 0
      vertex -20.2476 3.20691 8
    endloop
  endfacet
  facet normal 0.991444 -0.130536 0
    outer loop
      vertex -20.2476 3.20691 0
      vertex -20.3877 2.14283 8
      vertex -20.3877 2.14283 0
    endloop
  endfacet
  facet normal 0.68837 0.72536 -0
    outer loop
      vertex -13.7172 -15.2345 0
      vertex -14.4957 -14.4957 8
      vertex -13.7172 -15.2345 8
    endloop
  endfacet
  facet normal 0.68837 0.72536 0
    outer loop
      vertex -14.4957 -14.4957 8
      vertex -13.7172 -15.2345 0
      vertex -14.4957 -14.4957 0
    endloop
  endfacet
  facet normal -0.824126 -0.566406 0
    outer loop
      vertex 17.1927 11.1651 0
      vertex 16.5848 12.0496 8
      vertex 16.5848 12.0496 0
    endloop
  endfacet
  facet normal -0.824126 -0.566406 0
    outer loop
      vertex 16.5848 12.0496 8
      vertex 17.1927 11.1651 0
      vertex 17.1927 11.1651 8
    endloop
  endfacet
  facet normal -0.991444 0.130536 0
    outer loop
      vertex 20.2476 -3.20691 0
      vertex 20.3877 -2.14283 8
      vertex 20.3877 -2.14283 0
    endloop
  endfacet
  facet normal -0.991444 0.130536 0
    outer loop
      vertex 20.3877 -2.14283 8
      vertex 20.2476 -3.20691 0
      vertex 20.2476 -3.20691 8
    endloop
  endfacet
  facet normal -0.283997 -0.958825 0
    outer loop
      vertex 5.30579 19.8015 0
      vertex 6.33485 19.4967 8
      vertex 5.30579 19.8015 8
    endloop
  endfacet
  facet normal -0.283997 -0.958825 -0
    outer loop
      vertex 6.33485 19.4967 8
      vertex 5.30579 19.8015 0
      vertex 6.33485 19.4967 0
    endloop
  endfacet
  facet normal -0.902566 0.430552 0
    outer loop
      vertex 18.2656 -9.3068 0
      vertex 18.7277 -8.3381 8
      vertex 18.7277 -8.3381 0
    endloop
  endfacet
  facet normal -0.902566 0.430552 0
    outer loop
      vertex 18.7277 -8.3381 8
      vertex 18.2656 -9.3068 0
      vertex 18.2656 -9.3068 8
    endloop
  endfacet
  facet normal -0.283997 0.958825 0
    outer loop
      vertex 6.33485 -19.4967 0
      vertex 5.30579 -19.8015 8
      vertex 6.33485 -19.4967 8
    endloop
  endfacet
  facet normal -0.283997 0.958825 0
    outer loop
      vertex 5.30579 -19.8015 8
      vertex 6.33485 -19.4967 0
      vertex 5.30579 -19.8015 0
    endloop
  endfacet
  facet normal 0.333841 -0.942629 0
    outer loop
      vertex -7.34654 19.1384 0
      vertex -6.33485 19.4967 8
      vertex -7.34654 19.1384 8
    endloop
  endfacet
  facet normal 0.333841 -0.942629 0
    outer loop
      vertex -6.33485 19.4967 8
      vertex -7.34654 19.1384 0
      vertex -6.33485 19.4967 0
    endloop
  endfacet
  facet normal 0.233405 -0.97238 0
    outer loop
      vertex -5.30579 19.8015 0
      vertex -4.26219 20.052 8
      vertex -5.30579 19.8015 8
    endloop
  endfacet
  facet normal 0.233405 -0.97238 0
    outer loop
      vertex -4.26219 20.052 8
      vertex -5.30579 19.8015 0
      vertex -4.26219 20.052 0
    endloop
  endfacet
  facet normal -0.64944 -0.760413 0
    outer loop
      vertex 12.9011 15.9315 0
      vertex 13.7172 15.2345 8
      vertex 12.9011 15.9315 8
    endloop
  endfacet
  facet normal -0.64944 -0.760413 -0
    outer loop
      vertex 13.7172 15.2345 8
      vertex 12.9011 15.9315 0
      vertex 13.7172 15.2345 0
    endloop
  endfacet
  facet normal -0.793389 0.608715 0
    outer loop
      vertex 15.9315 -12.9011 0
      vertex 16.5848 -12.0496 8
      vertex 16.5848 -12.0496 0
    endloop
  endfacet
  facet normal -0.793389 0.608715 0
    outer loop
      vertex 16.5848 -12.0496 8
      vertex 15.9315 -12.9011 0
      vertex 15.9315 -12.9011 8
    endloop
  endfacet
  facet normal 0.996918 0.0784534 0
    outer loop
      vertex -20.3877 -2.14283 8
      vertex -20.4719 -1.07289 0
      vertex -20.4719 -1.07289 8
    endloop
  endfacet
  facet normal 0.996918 0.0784534 0
    outer loop
      vertex -20.4719 -1.07289 0
      vertex -20.3877 -2.14283 8
      vertex -20.3877 -2.14283 0
    endloop
  endfacet
  facet normal -0.983252 -0.182249 0
    outer loop
      vertex 20.2476 3.20691 0
      vertex 20.052 4.26219 8
      vertex 20.052 4.26219 0
    endloop
  endfacet
  facet normal -0.983252 -0.182249 0
    outer loop
      vertex 20.052 4.26219 8
      vertex 20.2476 3.20691 0
      vertex 20.2476 3.20691 8
    endloop
  endfacet
  facet normal 0.942629 0.333841 0
    outer loop
      vertex -19.1384 -7.34654 8
      vertex -19.4967 -6.33485 0
      vertex -19.4967 -6.33485 8
    endloop
  endfacet
  facet normal 0.942629 0.333841 0
    outer loop
      vertex -19.4967 -6.33485 0
      vertex -19.1384 -7.34654 8
      vertex -19.1384 -7.34654 0
    endloop
  endfacet
  facet normal -0.97238 0.233405 0
    outer loop
      vertex 19.8015 -5.30579 0
      vertex 20.052 -4.26219 8
      vertex 20.052 -4.26219 0
    endloop
  endfacet
  facet normal -0.97238 0.233405 0
    outer loop
      vertex 20.052 -4.26219 8
      vertex 19.8015 -5.30579 0
      vertex 19.8015 -5.30579 8
    endloop
  endfacet
  facet normal -0.852629 0.522516 0
    outer loop
      vertex 17.1927 -11.1651 0
      vertex 17.7535 -10.25 8
      vertex 17.7535 -10.25 0
    endloop
  endfacet
  facet normal -0.852629 0.522516 0
    outer loop
      vertex 17.7535 -10.25 8
      vertex 17.1927 -11.1651 0
      vertex 17.1927 -11.1651 8
    endloop
  endfacet
  facet normal -0.522516 -0.852629 0
    outer loop
      vertex 10.25 17.7535 0
      vertex 11.1651 17.1927 8
      vertex 10.25 17.7535 8
    endloop
  endfacet
  facet normal -0.522516 -0.852629 -0
    outer loop
      vertex 11.1651 17.1927 8
      vertex 10.25 17.7535 0
      vertex 11.1651 17.1927 0
    endloop
  endfacet
  facet normal -0.999657 0.026182 0
    outer loop
      vertex 20.4719 -1.07289 0
      vertex 20.5 0 8
      vertex 20.5 0 0
    endloop
  endfacet
  facet normal -0.999657 0.026182 0
    outer loop
      vertex 20.5 0 8
      vertex 20.4719 -1.07289 0
      vertex 20.4719 -1.07289 8
    endloop
  endfacet
  facet normal 0.333841 0.942629 -0
    outer loop
      vertex -6.33485 -19.4967 0
      vertex -7.34654 -19.1384 8
      vertex -6.33485 -19.4967 8
    endloop
  endfacet
  facet normal 0.333841 0.942629 0
    outer loop
      vertex -7.34654 -19.1384 8
      vertex -6.33485 -19.4967 0
      vertex -7.34654 -19.1384 0
    endloop
  endfacet
  facet normal -0.026182 0.999657 0
    outer loop
      vertex 1.07289 -20.4719 0
      vertex 0 -20.5 8
      vertex 1.07289 -20.4719 8
    endloop
  endfacet
  facet normal -0.026182 0.999657 0
    outer loop
      vertex 0 -20.5 8
      vertex 1.07289 -20.4719 0
      vertex 0 -20.5 0
    endloop
  endfacet
  facet normal -0.68837 -0.72536 0
    outer loop
      vertex 13.7172 15.2345 0
      vertex 14.4957 14.4957 8
      vertex 13.7172 15.2345 8
    endloop
  endfacet
  facet normal -0.68837 -0.72536 -0
    outer loop
      vertex 14.4957 14.4957 8
      vertex 13.7172 15.2345 0
      vertex 14.4957 14.4957 0
    endloop
  endfacet
  facet normal 0.283997 -0.958825 0
    outer loop
      vertex -6.33485 19.4967 0
      vertex -5.30579 19.8015 8
      vertex -6.33485 19.4967 8
    endloop
  endfacet
  facet normal 0.283997 -0.958825 0
    outer loop
      vertex -5.30579 19.8015 8
      vertex -6.33485 19.4967 0
      vertex -5.30579 19.8015 0
    endloop
  endfacet
  facet normal 0.72536 0.68837 0
    outer loop
      vertex -14.4957 -14.4957 8
      vertex -15.2345 -13.7172 0
      vertex -15.2345 -13.7172 8
    endloop
  endfacet
  facet normal 0.72536 0.68837 0
    outer loop
      vertex -15.2345 -13.7172 0
      vertex -14.4957 -14.4957 8
      vertex -14.4957 -14.4957 0
    endloop
  endfacet
  facet normal 0.0784534 0.996918 -0
    outer loop
      vertex -1.07289 -20.4719 0
      vertex -2.14283 -20.3877 8
      vertex -1.07289 -20.4719 8
    endloop
  endfacet
  facet normal 0.0784534 0.996918 0
    outer loop
      vertex -2.14283 -20.3877 8
      vertex -1.07289 -20.4719 0
      vertex -2.14283 -20.3877 0
    endloop
  endfacet
  facet normal -0.233405 0.97238 0
    outer loop
      vertex 5.30579 -19.8015 0
      vertex 4.26219 -20.052 8
      vertex 5.30579 -19.8015 8
    endloop
  endfacet
  facet normal -0.233405 0.97238 0
    outer loop
      vertex 4.26219 -20.052 8
      vertex 5.30579 -19.8015 0
      vertex 4.26219 -20.052 0
    endloop
  endfacet
  facet normal -0.958825 0.283997 0
    outer loop
      vertex 19.4967 -6.33485 0
      vertex 19.8015 -5.30579 8
      vertex 19.8015 -5.30579 0
    endloop
  endfacet
  facet normal -0.958825 0.283997 0
    outer loop
      vertex 19.8015 -5.30579 8
      vertex 19.4967 -6.33485 0
      vertex 19.4967 -6.33485 8
    endloop
  endfacet
  facet normal 0.72536 -0.68837 0
    outer loop
      vertex -15.2345 13.7172 8
      vertex -14.4957 14.4957 0
      vertex -14.4957 14.4957 8
    endloop
  endfacet
  facet normal 0.72536 -0.68837 0
    outer loop
      vertex -14.4957 14.4957 0
      vertex -15.2345 13.7172 8
      vertex -15.2345 13.7172 0
    endloop
  endfacet
  facet normal 0.824126 -0.566406 0
    outer loop
      vertex -17.1927 11.1651 8
      vertex -16.5848 12.0496 0
      vertex -16.5848 12.0496 8
    endloop
  endfacet
  facet normal 0.824126 -0.566406 0
    outer loop
      vertex -16.5848 12.0496 0
      vertex -17.1927 11.1651 8
      vertex -17.1927 11.1651 0
    endloop
  endfacet
  facet normal 0.97238 0.233405 0
    outer loop
      vertex -19.8015 -5.30579 8
      vertex -20.052 -4.26219 0
      vertex -20.052 -4.26219 8
    endloop
  endfacet
  facet normal 0.97238 0.233405 0
    outer loop
      vertex -20.052 -4.26219 0
      vertex -19.8015 -5.30579 8
      vertex -19.8015 -5.30579 0
    endloop
  endfacet
  facet normal 0.793389 -0.608715 0
    outer loop
      vertex -16.5848 12.0496 8
      vertex -15.9315 12.9011 0
      vertex -15.9315 12.9011 8
    endloop
  endfacet
  facet normal 0.793389 -0.608715 0
    outer loop
      vertex -15.9315 12.9011 0
      vertex -16.5848 12.0496 8
      vertex -16.5848 12.0496 0
    endloop
  endfacet
  facet normal -0.566406 0.824126 0
    outer loop
      vertex 12.0496 -16.5848 0
      vertex 11.1651 -17.1927 8
      vertex 12.0496 -16.5848 8
    endloop
  endfacet
  facet normal -0.566406 0.824126 0
    outer loop
      vertex 11.1651 -17.1927 8
      vertex 12.0496 -16.5848 0
      vertex 11.1651 -17.1927 0
    endloop
  endfacet
  facet normal 0.852629 -0.522516 0
    outer loop
      vertex -17.7535 10.25 8
      vertex -17.1927 11.1651 0
      vertex -17.1927 11.1651 8
    endloop
  endfacet
  facet normal 0.852629 -0.522516 0
    outer loop
      vertex -17.1927 11.1651 0
      vertex -17.7535 10.25 8
      vertex -17.7535 10.25 0
    endloop
  endfacet
  facet normal 0.430552 0.902566 -0
    outer loop
      vertex -8.3381 -18.7277 0
      vertex -9.3068 -18.2656 8
      vertex -8.3381 -18.7277 8
    endloop
  endfacet
  facet normal 0.430552 0.902566 0
    outer loop
      vertex -9.3068 -18.2656 8
      vertex -8.3381 -18.7277 0
      vertex -9.3068 -18.2656 0
    endloop
  endfacet
  facet normal 0.793389 0.608715 0
    outer loop
      vertex -15.9315 -12.9011 8
      vertex -16.5848 -12.0496 0
      vertex -16.5848 -12.0496 8
    endloop
  endfacet
  facet normal 0.793389 0.608715 0
    outer loop
      vertex -16.5848 -12.0496 0
      vertex -15.9315 -12.9011 8
      vertex -15.9315 -12.9011 0
    endloop
  endfacet
  facet normal -0.852629 -0.522516 0
    outer loop
      vertex 17.7535 10.25 0
      vertex 17.1927 11.1651 8
      vertex 17.1927 11.1651 0
    endloop
  endfacet
  facet normal -0.852629 -0.522516 0
    outer loop
      vertex 17.1927 11.1651 8
      vertex 17.7535 10.25 0
      vertex 17.7535 10.25 8
    endloop
  endfacet
  facet normal 0.026182 0.999657 -0
    outer loop
      vertex 0 -20.5 0
      vertex -1.07289 -20.4719 8
      vertex 0 -20.5 8
    endloop
  endfacet
  facet normal 0.026182 0.999657 0
    outer loop
      vertex -1.07289 -20.4719 8
      vertex 0 -20.5 0
      vertex -1.07289 -20.4719 0
    endloop
  endfacet
  facet normal -0.983252 0.182249 0
    outer loop
      vertex 20.052 -4.26219 0
      vertex 20.2476 -3.20691 8
      vertex 20.2476 -3.20691 0
    endloop
  endfacet
  facet normal -0.983252 0.182249 0
    outer loop
      vertex 20.2476 -3.20691 8
      vertex 20.052 -4.26219 0
      vertex 20.052 -4.26219 8
    endloop
  endfacet
  facet normal 0.97238 -0.233405 0
    outer loop
      vertex -20.052 4.26219 8
      vertex -19.8015 5.30579 0
      vertex -19.8015 5.30579 8
    endloop
  endfacet
  facet normal 0.97238 -0.233405 0
    outer loop
      vertex -19.8015 5.30579 0
      vertex -20.052 4.26219 8
      vertex -20.052 4.26219 0
    endloop
  endfacet
  facet normal 0.996918 -0.0784534 0
    outer loop
      vertex -20.4719 1.07289 8
      vertex -20.3877 2.14283 0
      vertex -20.3877 2.14283 8
    endloop
  endfacet
  facet normal 0.996918 -0.0784534 0
    outer loop
      vertex -20.3877 2.14283 0
      vertex -20.4719 1.07289 8
      vertex -20.4719 1.07289 0
    endloop
  endfacet
  facet normal -0.477147 -0.878823 0
    outer loop
      vertex 9.3068 18.2656 0
      vertex 10.25 17.7535 8
      vertex 9.3068 18.2656 8
    endloop
  endfacet
  facet normal -0.477147 -0.878823 -0
    outer loop
      vertex 10.25 17.7535 8
      vertex 9.3068 18.2656 0
      vertex 10.25 17.7535 0
    endloop
  endfacet
  facet normal -0.760413 -0.64944 0
    outer loop
      vertex 15.9315 12.9011 0
      vertex 15.2345 13.7172 8
      vertex 15.2345 13.7172 0
    endloop
  endfacet
  facet normal -0.760413 -0.64944 0
    outer loop
      vertex 15.2345 13.7172 8
      vertex 15.9315 12.9011 0
      vertex 15.9315 12.9011 8
    endloop
  endfacet
  facet normal -0.996918 0.0784534 0
    outer loop
      vertex 20.3877 -2.14283 0
      vertex 20.4719 -1.07289 8
      vertex 20.4719 -1.07289 0
    endloop
  endfacet
  facet normal -0.996918 0.0784534 0
    outer loop
      vertex 20.4719 -1.07289 8
      vertex 20.3877 -2.14283 0
      vertex 20.3877 -2.14283 8
    endloop
  endfacet
  facet normal -0.97238 -0.233405 0
    outer loop
      vertex 20.052 4.26219 0
      vertex 19.8015 5.30579 8
      vertex 19.8015 5.30579 0
    endloop
  endfacet
  facet normal -0.97238 -0.233405 0
    outer loop
      vertex 19.8015 5.30579 8
      vertex 20.052 4.26219 0
      vertex 20.052 4.26219 8
    endloop
  endfacet
  facet normal 0.233405 0.97238 -0
    outer loop
      vertex -4.26219 -20.052 0
      vertex -5.30579 -19.8015 8
      vertex -4.26219 -20.052 8
    endloop
  endfacet
  facet normal 0.233405 0.97238 0
    outer loop
      vertex -5.30579 -19.8015 8
      vertex -4.26219 -20.052 0
      vertex -5.30579 -19.8015 0
    endloop
  endfacet
  facet normal -0.958825 -0.283997 0
    outer loop
      vertex 19.8015 5.30579 0
      vertex 19.4967 6.33485 8
      vertex 19.4967 6.33485 0
    endloop
  endfacet
  facet normal -0.958825 -0.283997 0
    outer loop
      vertex 19.4967 6.33485 8
      vertex 19.8015 5.30579 0
      vertex 19.8015 5.30579 8
    endloop
  endfacet
  facet normal -0.566406 -0.824126 0
    outer loop
      vertex 11.1651 17.1927 0
      vertex 12.0496 16.5848 8
      vertex 11.1651 17.1927 8
    endloop
  endfacet
  facet normal -0.566406 -0.824126 -0
    outer loop
      vertex 12.0496 16.5848 8
      vertex 11.1651 17.1927 0
      vertex 12.0496 16.5848 0
    endloop
  endfacet
  facet normal 0.0784534 -0.996918 0
    outer loop
      vertex -2.14283 20.3877 0
      vertex -1.07289 20.4719 8
      vertex -2.14283 20.3877 8
    endloop
  endfacet
  facet normal 0.0784534 -0.996918 0
    outer loop
      vertex -1.07289 20.4719 8
      vertex -2.14283 20.3877 0
      vertex -1.07289 20.4719 0
    endloop
  endfacet
  facet normal -0.522516 0.852629 0
    outer loop
      vertex 11.1651 -17.1927 0
      vertex 10.25 -17.7535 8
      vertex 11.1651 -17.1927 8
    endloop
  endfacet
  facet normal -0.522516 0.852629 0
    outer loop
      vertex 10.25 -17.7535 8
      vertex 11.1651 -17.1927 0
      vertex 10.25 -17.7535 0
    endloop
  endfacet
  facet normal 0.182249 -0.983252 0
    outer loop
      vertex -4.26219 20.052 0
      vertex -3.20691 20.2476 8
      vertex -4.26219 20.052 8
    endloop
  endfacet
  facet normal 0.182249 -0.983252 0
    outer loop
      vertex -3.20691 20.2476 8
      vertex -4.26219 20.052 0
      vertex -3.20691 20.2476 0
    endloop
  endfacet
  facet normal 0.878823 0.477147 0
    outer loop
      vertex -17.7535 -10.25 8
      vertex -18.2656 -9.3068 0
      vertex -18.2656 -9.3068 8
    endloop
  endfacet
  facet normal 0.878823 0.477147 0
    outer loop
      vertex -18.2656 -9.3068 0
      vertex -17.7535 -10.25 8
      vertex -17.7535 -10.25 0
    endloop
  endfacet
  facet normal 0.999657 0.026182 0
    outer loop
      vertex -20.4719 -1.07289 8
      vertex -20.5 0 0
      vertex -20.5 0 8
    endloop
  endfacet
  facet normal 0.999657 0.026182 0
    outer loop
      vertex -20.5 0 0
      vertex -20.4719 -1.07289 8
      vertex -20.4719 -1.07289 0
    endloop
  endfacet
  facet normal 0.999657 -0.026182 0
    outer loop
      vertex -20.5 0 8
      vertex -20.4719 1.07289 0
      vertex -20.4719 1.07289 8
    endloop
  endfacet
  facet normal 0.999657 -0.026182 0
    outer loop
      vertex -20.4719 1.07289 0
      vertex -20.5 0 8
      vertex -20.5 0 0
    endloop
  endfacet
  facet normal -0.130536 -0.991444 0
    outer loop
      vertex 2.14283 20.3877 0
      vertex 3.20691 20.2476 8
      vertex 2.14283 20.3877 8
    endloop
  endfacet
  facet normal -0.130536 -0.991444 -0
    outer loop
      vertex 3.20691 20.2476 8
      vertex 2.14283 20.3877 0
      vertex 3.20691 20.2476 0
    endloop
  endfacet
  facet normal 0.902566 -0.430552 0
    outer loop
      vertex -18.7277 8.3381 8
      vertex -18.2656 9.3068 0
      vertex -18.2656 9.3068 8
    endloop
  endfacet
  facet normal 0.902566 -0.430552 0
    outer loop
      vertex -18.2656 9.3068 0
      vertex -18.7277 8.3381 8
      vertex -18.7277 8.3381 0
    endloop
  endfacet
  facet normal 0.958825 0.283997 0
    outer loop
      vertex -19.4967 -6.33485 8
      vertex -19.8015 -5.30579 0
      vertex -19.8015 -5.30579 8
    endloop
  endfacet
  facet normal 0.958825 0.283997 0
    outer loop
      vertex -19.8015 -5.30579 0
      vertex -19.4967 -6.33485 8
      vertex -19.4967 -6.33485 0
    endloop
  endfacet
  facet normal -0.477147 0.878823 0
    outer loop
      vertex 10.25 -17.7535 0
      vertex 9.3068 -18.2656 8
      vertex 10.25 -17.7535 8
    endloop
  endfacet
  facet normal -0.477147 0.878823 0
    outer loop
      vertex 9.3068 -18.2656 8
      vertex 10.25 -17.7535 0
      vertex 9.3068 -18.2656 0
    endloop
  endfacet
  facet normal -0.902566 -0.430552 0
    outer loop
      vertex 18.7277 8.3381 0
      vertex 18.2656 9.3068 8
      vertex 18.2656 9.3068 0
    endloop
  endfacet
  facet normal -0.902566 -0.430552 0
    outer loop
      vertex 18.2656 9.3068 8
      vertex 18.7277 8.3381 0
      vertex 18.7277 8.3381 8
    endloop
  endfacet
  facet normal 0.130536 -0.991444 0
    outer loop
      vertex -3.20691 20.2476 0
      vertex -2.14283 20.3877 8
      vertex -3.20691 20.2476 8
    endloop
  endfacet
  facet normal 0.130536 -0.991444 0
    outer loop
      vertex -2.14283 20.3877 8
      vertex -3.20691 20.2476 0
      vertex -2.14283 20.3877 0
    endloop
  endfacet
  facet normal -0.182249 0.983252 0
    outer loop
      vertex 4.26219 -20.052 0
      vertex 3.20691 -20.2476 8
      vertex 4.26219 -20.052 8
    endloop
  endfacet
  facet normal -0.182249 0.983252 0
    outer loop
      vertex 3.20691 -20.2476 8
      vertex 4.26219 -20.052 0
      vertex 3.20691 -20.2476 0
    endloop
  endfacet
  facet normal 0.522516 0.852629 -0
    outer loop
      vertex -10.25 -17.7535 0
      vertex -11.1651 -17.1927 8
      vertex -10.25 -17.7535 8
    endloop
  endfacet
  facet normal 0.522516 0.852629 0
    outer loop
      vertex -11.1651 -17.1927 8
      vertex -10.25 -17.7535 0
      vertex -11.1651 -17.1927 0
    endloop
  endfacet
  facet normal 0.852629 0.522516 0
    outer loop
      vertex -17.1927 -11.1651 8
      vertex -17.7535 -10.25 0
      vertex -17.7535 -10.25 8
    endloop
  endfacet
  facet normal 0.852629 0.522516 0
    outer loop
      vertex -17.7535 -10.25 0
      vertex -17.1927 -11.1651 8
      vertex -17.1927 -11.1651 0
    endloop
  endfacet
  facet normal -0.923885 0.382669 0
    outer loop
      vertex 18.7277 -8.3381 0
      vertex 19.1384 -7.34654 8
      vertex 19.1384 -7.34654 0
    endloop
  endfacet
  facet normal -0.923885 0.382669 0
    outer loop
      vertex 19.1384 -7.34654 8
      vertex 18.7277 -8.3381 0
      vertex 18.7277 -8.3381 8
    endloop
  endfacet
  facet normal -0.0784534 -0.996918 0
    outer loop
      vertex 1.07289 20.4719 0
      vertex 2.14283 20.3877 8
      vertex 1.07289 20.4719 8
    endloop
  endfacet
  facet normal -0.0784534 -0.996918 -0
    outer loop
      vertex 2.14283 20.3877 8
      vertex 1.07289 20.4719 0
      vertex 2.14283 20.3877 0
    endloop
  endfacet
  facet normal 0.991444 0.130536 0
    outer loop
      vertex -20.2476 -3.20691 8
      vertex -20.3877 -2.14283 0
      vertex -20.3877 -2.14283 8
    endloop
  endfacet
  facet normal 0.991444 0.130536 0
    outer loop
      vertex -20.3877 -2.14283 0
      vertex -20.2476 -3.20691 8
      vertex -20.2476 -3.20691 0
    endloop
  endfacet
  facet normal -0.878823 0.477147 0
    outer loop
      vertex 17.7535 -10.25 0
      vertex 18.2656 -9.3068 8
      vertex 18.2656 -9.3068 0
    endloop
  endfacet
  facet normal -0.878823 0.477147 0
    outer loop
      vertex 18.2656 -9.3068 8
      vertex 17.7535 -10.25 0
      vertex 17.7535 -10.25 8
    endloop
  endfacet
  facet normal 0.283997 0.958825 -0
    outer loop
      vertex -5.30579 -19.8015 0
      vertex -6.33485 -19.4967 8
      vertex -5.30579 -19.8015 8
    endloop
  endfacet
  facet normal 0.283997 0.958825 0
    outer loop
      vertex -6.33485 -19.4967 8
      vertex -5.30579 -19.8015 0
      vertex -6.33485 -19.4967 0
    endloop
  endfacet
  facet normal 0.608715 0.793389 -0
    outer loop
      vertex -12.0496 -16.5848 0
      vertex -12.9011 -15.9315 8
      vertex -12.0496 -16.5848 8
    endloop
  endfacet
  facet normal 0.608715 0.793389 0
    outer loop
      vertex -12.9011 -15.9315 8
      vertex -12.0496 -16.5848 0
      vertex -12.9011 -15.9315 0
    endloop
  endfacet
  facet normal -0.64944 0.760413 0
    outer loop
      vertex 13.7172 -15.2345 0
      vertex 12.9011 -15.9315 8
      vertex 13.7172 -15.2345 8
    endloop
  endfacet
  facet normal -0.64944 0.760413 0
    outer loop
      vertex 12.9011 -15.9315 8
      vertex 13.7172 -15.2345 0
      vertex 12.9011 -15.9315 0
    endloop
  endfacet
  facet normal 0.878823 -0.477147 0
    outer loop
      vertex -18.2656 9.3068 8
      vertex -17.7535 10.25 0
      vertex -17.7535 10.25 8
    endloop
  endfacet
  facet normal 0.878823 -0.477147 0
    outer loop
      vertex -17.7535 10.25 0
      vertex -18.2656 9.3068 8
      vertex -18.2656 9.3068 0
    endloop
  endfacet
  facet normal 0.923885 0.382669 0
    outer loop
      vertex -18.7277 -8.3381 8
      vertex -19.1384 -7.34654 0
      vertex -19.1384 -7.34654 8
    endloop
  endfacet
  facet normal 0.923885 0.382669 0
    outer loop
      vertex -19.1384 -7.34654 0
      vertex -18.7277 -8.3381 8
      vertex -18.7277 -8.3381 0
    endloop
  endfacet
  facet normal -0.72536 -0.68837 0
    outer loop
      vertex 15.2345 13.7172 0
      vertex 14.4957 14.4957 8
      vertex 14.4957 14.4957 0
    endloop
  endfacet
  facet normal -0.72536 -0.68837 0
    outer loop
      vertex 14.4957 14.4957 8
      vertex 15.2345 13.7172 0
      vertex 15.2345 13.7172 8
    endloop
  endfacet
  facet normal -0.608715 0.793389 0
    outer loop
      vertex 12.9011 -15.9315 0
      vertex 12.0496 -16.5848 8
      vertex 12.9011 -15.9315 8
    endloop
  endfacet
  facet normal -0.608715 0.793389 0
    outer loop
      vertex 12.0496 -16.5848 8
      vertex 12.9011 -15.9315 0
      vertex 12.0496 -16.5848 0
    endloop
  endfacet
  facet normal 0.824126 0.566406 0
    outer loop
      vertex -16.5848 -12.0496 8
      vertex -17.1927 -11.1651 0
      vertex -17.1927 -11.1651 8
    endloop
  endfacet
  facet normal 0.824126 0.566406 0
    outer loop
      vertex -17.1927 -11.1651 0
      vertex -16.5848 -12.0496 8
      vertex -16.5848 -12.0496 0
    endloop
  endfacet
  facet normal -0.923885 -0.382669 0
    outer loop
      vertex 19.1384 7.34654 0
      vertex 18.7277 8.3381 8
      vertex 18.7277 8.3381 0
    endloop
  endfacet
  facet normal -0.923885 -0.382669 0
    outer loop
      vertex 18.7277 8.3381 8
      vertex 19.1384 7.34654 0
      vertex 19.1384 7.34654 8
    endloop
  endfacet
  facet normal -0.026182 -0.999657 0
    outer loop
      vertex 0 20.5 0
      vertex 1.07289 20.4719 8
      vertex 0 20.5 8
    endloop
  endfacet
  facet normal -0.026182 -0.999657 -0
    outer loop
      vertex 1.07289 20.4719 8
      vertex 0 20.5 0
      vertex 1.07289 20.4719 0
    endloop
  endfacet
  facet normal -0.72536 0.68837 0
    outer loop
      vertex 14.4957 -14.4957 0
      vertex 15.2345 -13.7172 8
      vertex 15.2345 -13.7172 0
    endloop
  endfacet
  facet normal -0.72536 0.68837 0
    outer loop
      vertex 15.2345 -13.7172 8
      vertex 14.4957 -14.4957 0
      vertex 14.4957 -14.4957 8
    endloop
  endfacet
  facet normal -0.68837 0.72536 0
    outer loop
      vertex 14.4957 -14.4957 0
      vertex 13.7172 -15.2345 8
      vertex 14.4957 -14.4957 8
    endloop
  endfacet
  facet normal -0.68837 0.72536 0
    outer loop
      vertex 13.7172 -15.2345 8
      vertex 14.4957 -14.4957 0
      vertex 13.7172 -15.2345 0
    endloop
  endfacet
  facet normal 0.477147 -0.878823 0
    outer loop
      vertex -10.25 17.7535 0
      vertex -9.3068 18.2656 8
      vertex -10.25 17.7535 8
    endloop
  endfacet
  facet normal 0.477147 -0.878823 0
    outer loop
      vertex -9.3068 18.2656 8
      vertex -10.25 17.7535 0
      vertex -9.3068 18.2656 0
    endloop
  endfacet
  facet normal 0.522516 -0.852629 0
    outer loop
      vertex -11.1651 17.1927 0
      vertex -10.25 17.7535 8
      vertex -11.1651 17.1927 8
    endloop
  endfacet
  facet normal 0.522516 -0.852629 0
    outer loop
      vertex -10.25 17.7535 8
      vertex -11.1651 17.1927 0
      vertex -10.25 17.7535 0
    endloop
  endfacet
  facet normal 0.608715 -0.793389 0
    outer loop
      vertex -12.9011 15.9315 0
      vertex -12.0496 16.5848 8
      vertex -12.9011 15.9315 8
    endloop
  endfacet
  facet normal 0.608715 -0.793389 0
    outer loop
      vertex -12.0496 16.5848 8
      vertex -12.9011 15.9315 0
      vertex -12.0496 16.5848 0
    endloop
  endfacet
  facet normal 0.760413 -0.64944 0
    outer loop
      vertex -15.9315 12.9011 8
      vertex -15.2345 13.7172 0
      vertex -15.2345 13.7172 8
    endloop
  endfacet
  facet normal 0.760413 -0.64944 0
    outer loop
      vertex -15.2345 13.7172 0
      vertex -15.9315 12.9011 8
      vertex -15.9315 12.9011 0
    endloop
  endfacet
  facet normal 0.983252 -0.182249 0
    outer loop
      vertex -20.2476 3.20691 8
      vertex -20.052 4.26219 0
      vertex -20.052 4.26219 8
    endloop
  endfacet
  facet normal 0.983252 -0.182249 0
    outer loop
      vertex -20.052 4.26219 0
      vertex -20.2476 3.20691 8
      vertex -20.2476 3.20691 0
    endloop
  endfacet
  facet normal 0.430552 -0.902566 0
    outer loop
      vertex -9.3068 18.2656 0
      vertex -8.3381 18.7277 8
      vertex -9.3068 18.2656 8
    endloop
  endfacet
  facet normal 0.430552 -0.902566 0
    outer loop
      vertex -8.3381 18.7277 8
      vertex -9.3068 18.2656 0
      vertex -8.3381 18.7277 0
    endloop
  endfacet
  facet normal 0.382669 -0.923885 0
    outer loop
      vertex -8.3381 18.7277 0
      vertex -7.34654 19.1384 8
      vertex -8.3381 18.7277 8
    endloop
  endfacet
  facet normal 0.382669 -0.923885 0
    outer loop
      vertex -7.34654 19.1384 8
      vertex -8.3381 18.7277 0
      vertex -7.34654 19.1384 0
    endloop
  endfacet
  facet normal -0.942629 0.333841 0
    outer loop
      vertex 19.1384 -7.34654 0
      vertex 19.4967 -6.33485 8
      vertex 19.4967 -6.33485 0
    endloop
  endfacet
  facet normal -0.942629 0.333841 0
    outer loop
      vertex 19.4967 -6.33485 8
      vertex 19.1384 -7.34654 0
      vertex 19.1384 -7.34654 8
    endloop
  endfacet
  facet normal -0.382669 0.923885 0
    outer loop
      vertex 8.3381 -18.7277 0
      vertex 7.34654 -19.1384 8
      vertex 8.3381 -18.7277 8
    endloop
  endfacet
  facet normal -0.382669 0.923885 0
    outer loop
      vertex 7.34654 -19.1384 8
      vertex 8.3381 -18.7277 0
      vertex 7.34654 -19.1384 0
    endloop
  endfacet
  facet normal 0.382669 0.923885 -0
    outer loop
      vertex -7.34654 -19.1384 0
      vertex -8.3381 -18.7277 8
      vertex -7.34654 -19.1384 8
    endloop
  endfacet
  facet normal 0.382669 0.923885 0
    outer loop
      vertex -8.3381 -18.7277 8
      vertex -7.34654 -19.1384 0
      vertex -8.3381 -18.7277 0
    endloop
  endfacet
  facet normal 0.902566 0.430552 0
    outer loop
      vertex -18.2656 -9.3068 8
      vertex -18.7277 -8.3381 0
      vertex -18.7277 -8.3381 8
    endloop
  endfacet
  facet normal 0.902566 0.430552 0
    outer loop
      vertex -18.7277 -8.3381 0
      vertex -18.2656 -9.3068 8
      vertex -18.2656 -9.3068 0
    endloop
  endfacet
  facet normal 0.566406 0.824126 -0
    outer loop
      vertex -11.1651 -17.1927 0
      vertex -12.0496 -16.5848 8
      vertex -11.1651 -17.1927 8
    endloop
  endfacet
  facet normal 0.566406 0.824126 0
    outer loop
      vertex -12.0496 -16.5848 8
      vertex -11.1651 -17.1927 0
      vertex -12.0496 -16.5848 0
    endloop
  endfacet
endsolid OpenSCAD_Model
